tree
version=v4
num_class=4
num_tree_per_iteration=4
label_index=0
max_feature_idx=5
objective=multiclass num_class:4
feature_names=MachineCycleTime MinMainMem MaxMainMem CachMem MinChan MaxChan
monotone_constraints=0 0 0 0 0 0
feature_infos=[17:1500] [256:16000] [1000:64000] [0:256] [0:52] [0:176]
tree_sizes=457 454 454 242 566 677 677 224 671 786 788 225 878 893 894 225 873 897 894 225 875 891 894 225 877 898 895 225 873 896 896 225 879 894 897 225 878 897 893 225 877 901 895 225 880 901 895 225 878 900 895 225 882 900 902 225 883 900 900 225 886 897 898 225 884 904 902 225 885 904 907 225 888 906 906 225 890 907 909 225 884 907 908 225 889 909 905 225 885 907 906 225 895 901 907 225 895 902 910 225 892 914 912 226 896 904 916 226 897 905 913 226 902 903 917 226 899 1018 914 226 895 907 917 226 903 910 917 226 895 908 919 226 903 914 920 226 900 909 922 226 909 911 922 226 901 912 919 226 899 921 925 226 906 915 924 226 899 917 921 226 900 913 924 226 903 918 917 226 904 916 923 226 901 915 923 226

Tree=0
num_leaves=3
num_cat=0
split_feature=1 0
split_gain=17.5 4.44089e-16
threshold=4500.0000000000009 310.00000000000006
decision_type=2 2
left_child=1 -1
right_child=-2 -3
leaf_value=0.048218345627725645 -0.46648753579469809 0.04821834562772559
leaf_weight=3.4786394685506821 0.77714285999536503 0.92517007142305363
leaf_count=94 21 25
internal_value=-0.0289875 0.0482183
internal_weight=5.18095 4.40381
internal_count=140 119
is_linear=0
shrinkage=1


Tree=1
num_leaves=3
num_cat=0
split_feature=1 0
split_gain=8.62319 2.22045e-16
threshold=4500.0000000000009 325.00000000000006
decision_type=2 2
left_child=1 -1
right_child=-2 -3
leaf_value=-4.3245822011590835 -3.8173358245734259 -4.3245822011590835
leaf_weight=1.8399999476969249 0.39428570307791222 0.39428570307791222
leaf_count=98 21 21
internal_value=-4.2485 -4.32458
internal_weight=2.62857 2.23429
internal_count=140 119
is_linear=0
shrinkage=1


Tree=2
num_leaves=3
num_cat=0
split_feature=1 0
split_gain=8.62319 2.22045e-16
threshold=4500.0000000000009 325.00000000000006
decision_type=2 2
left_child=1 -1
right_child=-2 -3
leaf_value=-4.3245822011590835 -3.8173358245734259 -4.3245822011590835
leaf_weight=1.8399999476969249 0.39428570307791222 0.39428570307791222
leaf_count=98 21 21
internal_value=-4.2485 -4.32458
internal_weight=2.62857 2.23429
internal_count=140 119
is_linear=0
shrinkage=1


Tree=3
num_leaves=1
num_cat=0
split_feature=
split_gain=
threshold=
decision_type=
left_child=
right_child=
leaf_value=-34.538776391283193
leaf_weight=
leaf_count=140
internal_value=
internal_weight=
internal_count=
is_linear=0
shrinkage=1


Tree=4
num_leaves=4
num_cat=0
split_feature=4 1 0
split_gain=13.3495 0.000816355 4.44089e-16
threshold=10.000000000000002 4500.0000000000009 111.00000000000001
decision_type=2 2 2
left_child=1 2 -1
right_child=-2 -3 -4
leaf_value=0.076892383328415748 -0.32998332306477768 0.08025819635847202 0.076892383328415803
leaf_weight=1.3762900047004225 0.97634838894009579 0.89794613420963276 2.2724788449704647
leaf_count=43 15 11 71
internal_value=0.0055135 0.0775571 0.0768924
internal_weight=5.52306 4.54671 3.64877
internal_count=140 125 114
is_linear=0
shrinkage=0.1


Tree=5
num_leaves=5
num_cat=0
split_feature=4 1 0 0
split_gain=6.49026 9.57289e-05 2.22045e-16 1.11022e-16
threshold=10.000000000000002 4500.0000000000009 325.00000000000006 141.50000000000003
decision_type=2 2 2 2
left_child=1 2 3 -1
right_child=-2 -3 -4 -5
leaf_value=-0.075934398971602396 0.3199445127672515 -0.07754005965541777 -0.075934398971602327 -0.075934398971602396
leaf_weight=0.93990565091371603 0.50349147990345944 0.46471164375543583 0.34031066671013821 0.5671844445168972
leaf_count=58 15 11 21 35
internal_value=-0.00540761 -0.0762571 -0.0759344 -0.0759344
internal_weight=2.8156 2.31211 1.8474 1.50709
internal_count=140 125 114 93
is_linear=0
shrinkage=0.1


Tree=6
num_leaves=5
num_cat=0
split_feature=4 1 0 0
split_gain=6.49026 9.57289e-05 2.22045e-16 1.11022e-16
threshold=10.000000000000002 4500.0000000000009 325.00000000000006 141.50000000000003
decision_type=2 2 2 2
left_child=1 2 3 -1
right_child=-2 -3 -4 -5
leaf_value=-0.075934398971602396 0.3199445127672515 -0.07754005965541777 -0.075934398971602327 -0.075934398971602396
leaf_weight=0.93990565091371603 0.50349147990345944 0.46471164375543583 0.34031066671013821 0.5671844445168972
leaf_count=58 15 11 21 35
internal_value=-0.00540761 -0.0762571 -0.0759344 -0.0759344
internal_weight=2.8156 2.31211 1.8474 1.50709
internal_count=140 125 114 93
is_linear=0
shrinkage=0.1


Tree=7
num_leaves=1
num_cat=0
split_feature=
split_gain=
threshold=
decision_type=
left_child=
right_child=
leaf_value=0
leaf_weight=
leaf_count=140
internal_value=
internal_weight=
internal_count=
is_linear=0
shrinkage=1


Tree=8
num_leaves=5
num_cat=0
split_feature=2 1 4 0
split_gain=7.73038 0.00202283 3.03895e-05 4.44089e-16
threshold=28000.000000000004 4500.0000000000009 5.5000000000000009 83.500000000000014
decision_type=2 2 2 2
left_child=1 2 3 -1
right_child=-2 -3 -4 -5
leaf_value=0.076624189424480127 -0.18891284672710129 0.082251602986439021 0.077413851977832668 0.076624189424480335
leaf_weight=0.60859333351254541 1.4711136352270839 0.84390042722225178 0.59415987692773331 2.1024133339524269
leaf_count=22 16 9 17 76
internal_value=0.00804686 0.0778819 0.0767661 0.0766242
internal_weight=5.62018 4.14907 3.30517 2.71101
internal_count=140 124 115 98
is_linear=0
shrinkage=0.1


Tree=9
num_leaves=6
num_cat=0
split_feature=2 1 4 0 0
split_gain=3.70921 0.000233893 3.65543e-06 1.11022e-16 1.11022e-16
threshold=28000.000000000004 4500.0000000000009 5.5000000000000009 275.00000000000006 141.50000000000003
decision_type=2 2 2 2 2
left_child=1 2 3 4 -1
right_child=-2 -3 -4 -5 -6
leaf_value=-0.075803398125995347 0.17935897592280081 -0.07845860090049897 -0.076187813158899415 -0.075803398125995361 -0.075803398125995333
leaf_weight=0.64314598776400156 0.77473750989884127 0.44234897196292866 0.30186064448207606 0.39148016646504402 0.33555442839860916
leaf_count=46 16 9 17 28 24
internal_value=-0.00782672 -0.0764138 -0.0758728 -0.0758034 -0.0758034
internal_weight=2.88913 2.11439 1.67204 1.37018 0.9787
internal_count=140 124 115 98 70
is_linear=0
shrinkage=0.1


Tree=10
num_leaves=6
num_cat=0
split_feature=0 1 4 0 0
split_gain=3.97984 0.000308958 3.65543e-06 1.11022e-16 1.11022e-16
threshold=36.500000000000007 4500.0000000000009 5.5000000000000009 111.00000000000001 232.50000000000003
decision_type=2 2 2 2 2
left_child=-1 2 3 -2 -5
right_child=1 -3 -4 4 -6
leaf_value=0.1927209352298693 -0.075803398125995347 -0.078751049763504763 -0.076187813158899415 -0.075803398125995403 -0.075803398125995389
leaf_weight=0.73708115052431855 0.4474059045314791 0.48000533133745182 0.30186064448207606 0.47536877356469631 0.44740590453147888
leaf_count=16 32 9 17 34 32
internal_value=-0.00782672 -0.0765148 -0.0758728 -0.0758034 -0.0758034
internal_weight=2.88913 2.15205 1.67204 1.37018 0.922775
internal_count=140 124 115 98 66
is_linear=0
shrinkage=0.1


Tree=11
num_leaves=1
num_cat=0
split_feature=
split_gain=
threshold=
decision_type=
left_child=
right_child=
leaf_value=0
leaf_weight=
leaf_count=140
internal_value=
internal_weight=
internal_count=
is_linear=0
shrinkage=1


Tree=12
num_leaves=7
num_cat=0
split_feature=3 0 1 3 4 0
split_gain=8.30442 0.670983 0.00190638 8.58423e-06 9.5961e-12 1.11022e-16
threshold=64.500000000000014 27.500000000000004 4500.0000000000009 20.000000000000004 2.5000000000000004 182.50000000000003
decision_type=2 2 2 2 2 2
left_child=1 -1 3 4 5 -3
right_child=-2 2 -4 -5 -6 -7
leaf_value=-0.015046121535133886 -0.28971541087500552 0.07639456203880253 0.081567853057060269 0.07683129258970936 0.076394129149394932 0.076394562038802738
leaf_weight=0.97982959635555733 0.79932790063321579 0.54959247820079438 1.0060392655432222 0.56541850604116906 0.81219791248440731 0.83633637987077236
leaf_count=9 8 23 11 20 34 35
internal_value=0.00848961 0.0586776 0.0778406 0.0764838 0.0763944 0.0763946
internal_weight=5.54874 4.74941 3.76958 2.76355 2.19813 1.38593
internal_count=140 132 123 112 92 58
is_linear=0
shrinkage=0.1


Tree=13
num_leaves=7
num_cat=0
split_feature=4 4 1 3 4 0
split_gain=6.58714 0.000693241 0.000117905 2.41333e-07 1.384e-12 1.51545e-13
threshold=14.000000000000002 10.000000000000002 4500.0000000000009 20.000000000000004 2.5000000000000004 146.50000000000003
decision_type=2 2 2 2 2 2
left_child=1 2 3 4 5 -1
right_child=-2 -3 -4 -5 -6 -7
leaf_value=-0.075690763456042823 0.32407280256240978 -0.080221859364580428 -0.077581131722101321 -0.07579676263935313 -0.075690599320861349 -0.075690860979485908
leaf_weight=0.24114131182432241 0.49402058124542225 0.54490997828543175 0.44412387907505024 0.26488684862852085 0.4218985429033637 0.47029087878763676
leaf_count=20 7 8 11 20 35 39
internal_value=-0.00830567 -0.0770885 -0.0761617 -0.0757108 -0.0756907 -0.0756908
internal_weight=2.88127 2.38725 1.84234 1.39822 1.13333 0.711432
internal_count=140 133 125 114 94 59
is_linear=0
shrinkage=0.1


Tree=14
num_leaves=7
num_cat=0
split_feature=3 4 1 2 5 0
split_gain=8.10444 0.000901921 0.000123311 7.50648e-08 9.52571e-13 2.4647e-14
threshold=64.500000000000014 10.000000000000002 6620.0000000000009 9240.0000000000018 14.500000000000002 115.50000000000001
decision_type=2 2 2 2 2 2
left_child=1 2 3 4 5 -1
right_child=-2 -3 -4 -5 -6 -7
leaf_value=-0.075690822858688139 0.39926753514129715 -0.08050693671426834 -0.077656331556363714 -0.075743374798364738 -0.075690620749254825 -0.075690860979485908
leaf_weight=0.25321978610009022 0.41748305223882187 0.64933405071496952 0.4227309301495551 0.37095037661492813 0.24109222553670406 0.51852584071457386
leaf_count=21 8 9 10 29 20 43
internal_value=-0.00806579 -0.0773105 -0.0761615 -0.0757049 -0.0756908 -0.0756908
internal_weight=2.87334 2.45585 1.80652 1.38379 1.01284 0.771746
internal_count=140 132 123 113 84 64
is_linear=0
shrinkage=0.1


Tree=15
num_leaves=1
num_cat=0
split_feature=
split_gain=
threshold=
decision_type=
left_child=
right_child=
leaf_value=0
leaf_weight=
leaf_count=140
internal_value=
internal_weight=
internal_count=
is_linear=0
shrinkage=1


Tree=16
num_leaves=7
num_cat=0
split_feature=3 4 1 3 0 5
split_gain=4.45497 1.07423 0.0024215 2.54851e-06 4.97116e-08 7.22999e-12
threshold=64.500000000000014 14.000000000000002 4500.0000000000009 20.000000000000004 99.000000000000014 14.500000000000002
decision_type=2 2 2 2 2 2
left_child=1 2 3 4 -1 -6
right_child=-2 -3 -4 -5 5 -7
leaf_value=0.076236411321559297 -0.16307612608013211 -0.060656057373260998 0.081732945678067409 0.076465470039853739 0.076197803801592148 0.076197313697818569
leaf_weight=0.42303445376455862 1.1740302704274652 0.65942240506410588 1.2117229811847208 0.4701026715338229 1.114027142524719 0.41243754699826229
leaf_count=20 8 4 14 20 54 20
internal_value=0.00953263 0.0567617 0.0780839 0.0762565 0.0762061 0.0761977
internal_weight=5.46478 4.29075 3.63132 2.4196 1.9495 1.52646
internal_count=140 132 128 114 94 74
is_linear=0
shrinkage=0.1


Tree=17
num_leaves=7
num_cat=0
split_feature=1 4 1 3 0 5
split_gain=5.62139 0.000758155 8.58636e-05 2.13673e-07 5.75256e-10 8.50209e-13
threshold=12000.000000000002 10.000000000000002 4500.0000000000009 20.000000000000004 99.000000000000014 14.500000000000002
decision_type=2 2 2 2 2 2
left_child=1 2 3 4 -1 -6
right_child=-2 -3 -4 -5 5 -7
leaf_value=-0.075600000729766512 0.27860426614209388 -0.079998094412038284 -0.077303231466889791 -0.07570177947816098 -0.075594157417360211 -0.07559392068940643
leaf_weight=0.20980588253587551 0.55002175271511067 0.68885854072868813 0.40137287229299534 0.23370072245597839 0.56146290246397257 0.20786590967327356
leaf_count=20 4 11 11 20 54 20
internal_value=-0.00862433 -0.0772207 -0.0760354 -0.0756159 -0.0755954 -0.0755941
internal_weight=2.85309 2.30307 1.61421 1.21284 0.979135 0.769329
internal_count=140 136 125 114 94 74
is_linear=0
shrinkage=0.1


Tree=18
num_leaves=7
num_cat=0
split_feature=2 4 1 0 5 0
split_gain=7.59972 0.000955013 0.000115299 2.5995e-07 7.95931e-09 2.18769e-13
threshold=48000.000000000007 10.000000000000002 4500.0000000000009 62.000000000000007 22.000000000000004 129.00000000000003
decision_type=2 2 2 2 2 2
left_child=1 2 3 -1 5 -5
right_child=-2 -3 -4 4 -6 -7
leaf_value=-0.07570902123238793 0.37805924276483011 -0.08032817923852352 -0.077523830754183426 -0.075594018058450729 -0.075616046668737336 -0.075594139429653137
leaf_weight=0.27878007572144337 0.43041595071554173 0.80122010596096505 0.43282560072839249 0.20789913646876812 0.21391391847282648 0.51985759194940329
leaf_count=24 3 12 11 20 20 50
internal_value=-0.0095281 -0.0774947 -0.0761215 -0.0756242 -0.0755991 -0.0755941
internal_weight=2.88491 2.4545 1.65328 1.22045 0.941671 0.727757
internal_count=140 137 125 114 90 70
is_linear=0
shrinkage=0.1


Tree=19
num_leaves=1
num_cat=0
split_feature=
split_gain=
threshold=
decision_type=
left_child=
right_child=
leaf_value=0
leaf_weight=
leaf_count=140
internal_value=
internal_weight=
internal_count=
is_linear=0
shrinkage=1


Tree=20
num_leaves=7
num_cat=0
split_feature=2 3 0 1 3 4
split_gain=6.8936 0.910343 0.010373 0.000743158 7.60748e-06 4.29323e-12
threshold=48000.000000000007 64.500000000000014 27.500000000000004 4500.0000000000009 20.000000000000004 2.5000000000000004
decision_type=2 2 2 2 2 2
left_child=1 2 -1 4 5 -4
right_child=-2 -3 3 -5 -6 -7
leaf_value=0.089889254020477705 -0.2550151595406388 -0.040661608164681673 0.076029100818271786 0.079776935085019693 0.076498757944173351 0.076028765364284948
leaf_weight=0.81828055344522033 0.82872036099433888 0.75471693277358998 1.0325877666473395 0.76353708654642094 0.43660419434308995 0.60511688888072956
leaf_count=8 3 6 58 11 20 34
internal_value=0.00961067 0.0593292 0.0799699 0.0771097 0.0761279 0.076029
internal_weight=5.23956 4.41084 3.65613 2.83785 2.07431 1.6377
internal_count=140 137 131 123 112 92
is_linear=0
shrinkage=0.1


Tree=21
num_leaves=7
num_cat=0
split_feature=1 4 1 3 0 5
split_gain=3.83034 0.000668126 5.96364e-05 1.9495e-07 3.67958e-10 5.68268e-13
threshold=12000.000000000002 10.000000000000002 4500.0000000000009 20.000000000000004 99.000000000000014 14.500000000000002
decision_type=2 2 2 2 2 2
left_child=1 2 3 4 -1 -6
right_child=-2 -3 -4 -5 5 -7
leaf_value=-0.075516087065105042 0.19212289999684684 -0.079775366952359109 -0.07703282294439176 -0.07562085046346094 -0.075511054864717236 -0.075510846420100974
leaf_weight=0.18086237832903929 0.7103399485349654 0.6574548166245221 0.35500046238303173 0.2047929335385561 0.48399278242141008 0.17918468359857798
leaf_count=20 4 11 11 20 54 20
internal_value=-0.00813408 -0.0771446 -0.0759125 -0.0755333 -0.0755121 -0.075511
internal_weight=2.77163 2.06129 1.40383 1.04883 0.84404 0.663177
internal_count=140 136 125 114 94 74
is_linear=0
shrinkage=0.1


Tree=22
num_leaves=7
num_cat=0
split_feature=5 1 4 3 2 4
split_gain=6.42525 0.00134624 0.000287709 1.7962e-06 2.10239e-08 2.04115e-13
threshold=152.00000000000003 12000.000000000002 6.5000000000000009 31.000000000000004 9240.0000000000018 2.5000000000000004
decision_type=2 2 2 2 2 2
left_child=1 2 3 4 5 -1
right_child=-2 -3 -4 -5 -6 -7
leaf_value=-0.075511044207395808 0.32686435592207413 -0.082824890379010654 -0.078065344704996473 -0.075842196768614714 -0.075548112929753691 -0.075510925681779015
leaf_weight=0.44813415780663557 0.47147816419601429 0.43534052371978749 0.82542455568909634 0.21575236786156893 0.19835233129560947 0.21505538839846849
leaf_count=50 2 4 21 18 21 24
internal_value=-0.00989881 -0.0778083 -0.0766605 -0.0755842 -0.0755195 -0.075511
internal_weight=2.80954 2.33806 1.90272 1.07729 0.861542 0.66319
internal_count=140 138 134 113 95 74
is_linear=0
shrinkage=0.1


Tree=23
num_leaves=1
num_cat=0
split_feature=
split_gain=
threshold=
decision_type=
left_child=
right_child=
leaf_value=0
leaf_weight=
leaf_count=140
internal_value=
internal_weight=
internal_count=
is_linear=0
shrinkage=1


Tree=24
num_leaves=7
num_cat=0
split_feature=2 3 0 4 1 3
split_gain=4.78356 1.17966 0.013655 0.00133913 0.000265385 1.79008e-06
threshold=48000.000000000007 120.00000000000001 24.000000000000004 10.000000000000002 6620.0000000000009 20.000000000000004
decision_type=2 2 2 2 2 2
left_child=1 2 -1 4 5 -4
right_child=-2 -3 3 -5 -6 -7
leaf_value=0.095777185595088937 -0.19277805450874314 -0.073621032214492163 0.075889983120088947 0.081847951122286822 0.078473596826570957 0.076145655062152012
leaf_weight=0.48178768157959062 0.94364058971405018 0.58442336320877064 1.4508079448714859 0.59279824420809735 0.53677499666810025 0.33756105601787556
leaf_count=3 3 4 94 7 10 19
internal_value=0.00967021 0.0576198 0.0801804 0.0776052 0.0765235 0.0759382
internal_weight=4.92779 3.98415 3.39973 2.91794 2.32514 1.78837
internal_count=140 137 133 130 123 113
is_linear=0
shrinkage=0.1


Tree=25
num_leaves=7
num_cat=0
split_feature=1 5 4 3 2 4
split_gain=2.92925 0.000639937 0.000114237 8.25001e-07 8.79771e-09 1.73639e-13
threshold=12000.000000000002 84.000000000000014 6.5000000000000009 31.000000000000004 9240.0000000000018 2.5000000000000004
decision_type=2 2 2 2 2 2
left_child=1 2 3 4 5 -1
right_child=-2 -3 -4 -5 -6 -7
leaf_value=-0.07543961225134467 0.15025108334914106 -0.080959937120389222 -0.077300803267015272 -0.075682927013999909 -0.075465576277009061 -0.075439494516969949
leaf_weight=0.38622291292995237 0.82127697765827168 0.34472419507801522 0.56226007919758558 0.18241545697674155 0.16847703186795115 0.18533945130184293
leaf_count=50 4 5 18 18 21 24
internal_value=-0.00664448 -0.0770785 -0.0761773 -0.0754924 -0.0754455 -0.0754396
internal_weight=2.65072 1.82944 1.48471 0.922455 0.740039 0.571562
internal_count=140 136 131 113 95 74
is_linear=0
shrinkage=0.1


Tree=26
num_leaves=7
num_cat=0
split_feature=5 1 4 3 2 0
split_gain=4.09849 0.00120789 0.000215431 1.40398e-06 1.22671e-08 1.47937e-13
threshold=152.00000000000003 12000.000000000002 6.5000000000000009 31.000000000000004 9240.0000000000018 111.00000000000001
decision_type=2 2 2 2 2 2
left_child=1 2 3 4 5 -1
right_child=-2 -3 -4 -5 -6 -7
leaf_value=-0.075439488279866684 0.2188554928207822 -0.082592278737536023 -0.077794640599033585 -0.075752228602953373 -0.075470120833216789 -0.075439601130736278
leaf_weight=0.16216904018074341 0.60067772865295399 0.40765883028507222 0.73986734170466661 0.18846213584765792 0.17066500009968877 0.40938902413472533
leaf_count=21 2 4 21 18 21 53
internal_value=-0.0112137 -0.0777119 -0.076521 -0.0755085 -0.0754466 -0.0754396
internal_weight=2.67889 2.07821 1.67055 0.930685 0.742223 0.571558
internal_count=140 138 134 113 95 74
is_linear=0
shrinkage=0.1


Tree=27
num_leaves=1
num_cat=0
split_feature=
split_gain=
threshold=
decision_type=
left_child=
right_child=
leaf_value=0
leaf_weight=
leaf_count=140
internal_value=
internal_weight=
internal_count=
is_linear=0
shrinkage=1


Tree=28
num_leaves=7
num_cat=0
split_feature=2 3 1 4 1 3
split_gain=3.63869 1.06709 0.0145863 0.00085332 0.000168117 1.16241e-06
threshold=48000.000000000007 120.00000000000001 12000.000000000002 10.000000000000002 6620.0000000000009 20.000000000000004
decision_type=2 2 2 2 2 2
left_child=1 2 3 4 5 -1
right_child=-2 -3 -4 -5 -6 -7
leaf_value=0.075764932095499171 -0.16144556421481726 -0.066139435259488857 0.096543891695476253 0.080854914334045916 0.077973864359251396 0.075981988474309883
leaf_weight=1.2510683713480846 0.97951459884643544 0.59733459353446949 0.46227937936782826 0.51785046234726895 0.46527086570858944 0.30733647663146246
leaf_count=94 3 4 2 7 10 20
internal_value=0.009447 0.05593 0.0802046 0.0772327 0.0763058 0.0758077
internal_weight=4.58065 3.60114 3.00381 2.54153 2.02368 1.5584
internal_count=140 137 133 131 124 114
is_linear=0
shrinkage=0.1


Tree=29
num_leaves=7
num_cat=0
split_feature=1 5 4 3 2 4
split_gain=2.31901 0.000525519 7.78067e-05 5.24278e-07 5.61861e-09 1.16962e-13
threshold=12000.000000000002 84.000000000000014 6.5000000000000009 31.000000000000004 9240.0000000000018 2.5000000000000004
decision_type=2 2 2 2 2 2
left_child=1 2 3 4 5 -1
right_child=-2 -3 -4 -5 -6 -7
leaf_value=-0.0753781861915888 0.12291756788996422 -0.080548796022028482 -0.077019652202116581 -0.07558718905489252 -0.075400537320334041 -0.075378082071328262
leaf_weight=0.33279867656528972 0.90691030025482167 0.32268214132636774 0.49604330956935883 0.15711048059165478 0.14518393343314528 0.15970063675194979
leaf_count=50 4 5 18 18 21 24
internal_value=-0.00502601 -0.0769392 -0.0760369 -0.0754236 -0.0753832 -0.0753782
internal_weight=2.52043 1.61352 1.29084 0.794794 0.637683 0.492499
internal_count=140 136 131 113 95 74
is_linear=0
shrinkage=0.1


Tree=30
num_leaves=7
num_cat=0
split_feature=5 1 4 3 2 0
split_gain=3.01166 0.00107857 0.000165369 8.9235e-07 7.83034e-09 1.02585e-13
threshold=152.00000000000003 12000.000000000002 6.5000000000000009 31.000000000000004 9240.0000000000018 111.00000000000001
decision_type=2 2 2 2 2 2
left_child=1 2 3 4 5 -1
right_child=-2 -3 -4 -5 -6 -7
leaf_value=-0.075378074404329906 0.17182653926838809 -0.082382358874796183 -0.077570987638201638 -0.075646741994076699 -0.075404441693802685 -0.075378175656581656
leaf_weight=0.13973527913913153 0.65590947866439808 0.37998341768980015 0.66408014670014381 0.16230663983151317 0.14707027049735188 0.35276033077389002
leaf_count=21 2 4 21 18 21 53
internal_value=-0.0122333 -0.0776345 -0.0764039 -0.0754373 -0.0753842 -0.0753781
internal_weight=2.50185 1.84594 1.46595 0.801873 0.639566 0.492496
internal_count=140 138 134 113 95 74
is_linear=0
shrinkage=0.1


Tree=31
num_leaves=1
num_cat=0
split_feature=
split_gain=
threshold=
decision_type=
left_child=
right_child=
leaf_value=0
leaf_weight=
leaf_count=140
internal_value=
internal_weight=
internal_count=
is_linear=0
shrinkage=1


Tree=32
num_leaves=7
num_cat=0
split_feature=2 3 1 4 1 3
split_gain=2.88602 0.972439 0.0141117 0.000542167 0.000106448 7.42512e-07
threshold=48000.000000000007 120.00000000000001 12000.000000000002 10.000000000000002 6620.0000000000009 20.000000000000004
decision_type=2 2 2 2 2 2
left_child=1 2 3 4 5 -1
right_child=-2 -3 -4 -5 -6 -7
leaf_value=0.075657581450685255 -0.14219398425009805 -0.060296792913008893 0.096211009804319209 0.080009805893608898 0.077547708439639582 0.075844385314598806
leaf_weight=1.0785385034978401 0.97110763192176808 0.60430119931697834 0.45829153060913075 0.45138197951018799 0.40285157226026047 0.26507647987455119
leaf_count=94 3 4 2 7 10 20
internal_value=0.0091288 0.0541996 0.0802488 0.0769204 0.0761219 0.0756944
internal_weight=4.23155 3.26044 2.65614 2.19785 1.74647 1.34361
internal_count=140 137 133 131 124 114
is_linear=0
shrinkage=0.1


Tree=33
num_leaves=7
num_cat=0
split_feature=1 5 4 3 2 4
split_gain=1.8848 0.000401729 5.38999e-05 3.34072e-07 3.58732e-09 8.36831e-14
threshold=12000.000000000002 84.000000000000014 6.5000000000000009 31.000000000000004 9240.0000000000018 2.5000000000000004
decision_type=2 2 2 2 2 2
left_child=1 2 3 4 5 -1
right_child=-2 -3 -4 -5 -6 -7
leaf_value=-0.075325366978636482 0.10411315745310366 -0.08005143478052551 -0.076784902259690799 -0.075505088369124854 -0.075344605967663666 -0.07532527209649241
leaf_weight=0.28671942790970228 0.96890068054199208 0.29750772565603245 0.43794536171481013 0.13540480844676495 0.12509035365656018 0.137587227858603
leaf_count=50 4 5 18 18 21 24
internal_value=-0.00342292 -0.0767842 -0.0759185 -0.0753644 -0.0753297 -0.0753253
internal_weight=2.38916 1.42025 1.12275 0.684802 0.549397 0.424307
internal_count=140 136 131 113 95 74
is_linear=0
shrinkage=0.1


Tree=34
num_leaves=7
num_cat=0
split_feature=5 1 4 3 2 4
split_gain=2.35107 0.000930464 0.000130132 5.69561e-07 4.99682e-09 7.10265e-14
threshold=152.00000000000003 12000.000000000002 6.5000000000000009 31.000000000000004 9240.0000000000018 2.5000000000000004
decision_type=2 2 2 2 2 2
left_child=1 2 3 4 5 -1
right_child=-2 -3 -4 -5 -6 -7
leaf_value=-0.075325359875630188 0.14524679150281664 -0.082111662585783979 -0.077392197015157441 -0.075556473455328357 -0.075347961070655375 -0.075325272457736098
leaf_weight=0.28671642020344756 0.66595268249511708 0.35208856314420689 0.59681608248502016 0.13990190904587507 0.12671626266092062 0.13758703926578164
leaf_count=50 2 4 21 18 21 24
internal_value=-0.0132064 -0.0775561 -0.0763106 -0.0753763 -0.0753305 -0.0753253
internal_weight=2.30578 1.63983 1.28774 0.690922 0.55102 0.424303
internal_count=140 138 134 113 95 74
is_linear=0
shrinkage=0.1


Tree=35
num_leaves=1
num_cat=0
split_feature=
split_gain=
threshold=
decision_type=
left_child=
right_child=
leaf_value=0
leaf_weight=
leaf_count=140
internal_value=
internal_weight=
internal_count=
is_linear=0
shrinkage=1


Tree=36
num_leaves=7
num_cat=0
split_feature=2 3 1 4 1 3
split_gain=2.34422 0.890853 0.0132426 0.000344494 6.74418e-05 4.74209e-07
threshold=48000.000000000007 120.00000000000001 12000.000000000002 10.000000000000002 6620.0000000000009 20.000000000000004
decision_type=2 2 2 2 2 2
left_child=1 2 3 4 5 -1
right_child=-2 -3 -4 -5 -6 -7
leaf_value=0.07556538888946146 -0.12911349763098209 -0.055608419680212788 0.095696457558089018 0.079289620259929708 0.077183828933342358 0.075726164603143353
leaf_weight=0.92958773486316315 0.93634444475173939 0.60660789906978596 0.45199570059776295 0.392700059339404 0.34847743622958649 0.22856128495186567
leaf_count=94 3 4 2 7 10 20
internal_value=0.00878566 0.0524382 0.0803127 0.0766517 0.0759641 0.0755971
internal_weight=3.89427 2.95793 2.35132 1.89933 1.50663 1.15815
internal_count=140 137 133 131 124 114
is_linear=0
shrinkage=0.1


Tree=37
num_leaves=7
num_cat=0
split_feature=1 5 4 3 2 4
split_gain=1.55761 0.000294051 3.80621e-05 2.12911e-07 2.29036e-09 5.22915e-14
threshold=12000.000000000002 84.000000000000014 6.5000000000000009 31.000000000000004 9240.0000000000018 2.5000000000000004
decision_type=2 2 2 2 2 2
left_child=1 2 3 4 5 -1
right_child=-2 -3 -4 -5 -6 -7
leaf_value=-0.075279937889813672 0.090323737209860588 -0.07953841357496691 -0.076589684907053271 -0.075434509165588193 -0.075296500846227257 -0.07527985706853503
leaf_weight=0.24698702665045857 1.0115174353122711 0.27167371520772576 0.3870369023643434 0.11667647631838918 0.10776219516992569 0.11851999256759882
leaf_count=50 4 5 18 18 21 24
internal_value=-0.00191064 -0.0766283 -0.0758191 -0.0753135 -0.0752837 -0.0752799
internal_weight=2.26017 1.24866 0.976983 0.589946 0.473269 0.365507
internal_count=140 136 131 113 95 74
is_linear=0
shrinkage=0.1


Tree=38
num_leaves=7
num_cat=0
split_feature=5 1 3 4 1 3
split_gain=1.89705 0.000779914 0.000117918 3.72365e-05 8.36128e-06 1.01761e-07
threshold=152.00000000000003 12000.000000000002 120.00000000000001 10.000000000000002 6620.0000000000009 20.000000000000004
decision_type=2 2 2 2 2 2
left_child=1 2 3 4 5 -1
right_child=-2 -3 -4 -5 -6 -7
leaf_value=-0.075283249448699685 0.12823211588855407 -0.081794935045670314 -0.078631936351937104 -0.07703399737675215 -0.076085508124647039 -0.075387930813562876
leaf_weight=0.4681620146147909 0.64745575189590443 0.32502152770757664 0.17408457398414612 0.19552946928888559 0.1788273099809885 0.11584006948396564
leaf_count=94 2 4 3 7 10 20
internal_value=-0.0142026 -0.077477 -0.0762377 -0.0758028 -0.0754872 -0.075304
internal_weight=2.10492 1.45746 1.13244 0.958359 0.762829 0.584002
internal_count=140 138 134 131 124 114
is_linear=0
shrinkage=0.1


Tree=39
num_leaves=1
num_cat=0
split_feature=
split_gain=
threshold=
decision_type=
left_child=
right_child=
leaf_value=0
leaf_weight=
leaf_count=140
internal_value=
internal_weight=
internal_count=
is_linear=0
shrinkage=1


Tree=40
num_leaves=7
num_cat=0
split_feature=2 3 1 4 1 3
split_gain=1.9333 0.819625 0.0121409 0.000218935 4.2826e-05 3.02845e-07
threshold=48000.000000000007 120.00000000000001 12000.000000000002 10.000000000000002 6620.0000000000009 20.000000000000004
decision_type=2 2 2 2 2 2
left_child=1 2 3 4 5 -1
right_child=-2 -3 -4 -5 -6 -7
leaf_value=0.075486206913549431 -0.11965434401513478 -0.051817617265393592 0.095060919103388097 0.078675524876771707 0.076873788665500264 0.075624593296453629
leaf_weight=0.80107418820262066 0.88619613647460926 0.60501287877559651 0.44399362802505482 0.34112232364714135 0.3013276681303978 0.19703271705657244
leaf_count=94 3 4 2 7 10 20
internal_value=0.00844342 0.0506509 0.080391 0.0764208 0.075829 0.0755135
internal_weight=3.57576 2.68956 2.08455 1.64056 1.29943 0.998107
internal_count=140 137 133 131 124 114
is_linear=0
shrinkage=0.1


Tree=41
num_leaves=7
num_cat=0
split_feature=1 5 4 3 2 4
split_gain=1.30221 0.000209335 2.7452e-05 1.35697e-07 1.46129e-09 3.70537e-14
threshold=12000.000000000002 84.000000000000014 6.5000000000000009 31.000000000000004 9240.0000000000018 2.5000000000000004
decision_type=2 2 2 2 2 2
left_child=1 2 3 4 5 -1
right_child=-2 -3 -4 -5 -6 -7
leaf_value=-0.075240870699717632 0.079774884437866095 -0.079045831726534344 -0.076428125191053076 -0.075373820735656766 -0.075255124332976639 -0.075240797372195911
leaf_weight=0.21273590112105012 1.0379493534564972 0.24647228559479117 0.34246870363131166 0.10052272910252213 0.092822895850986242 0.10208342783153057
leaf_count=50 4 5 18 18 21 24
internal_value=-0.000517088 -0.0764797 -0.0757361 -0.0752698 -0.0752441 -0.0752408
internal_weight=2.13506 1.09711 0.850634 0.508165 0.407642 0.314819
internal_count=140 136 131 113 95 74
is_linear=0
shrinkage=0.1


Tree=42
num_leaves=7
num_cat=0
split_feature=5 1 3 4 1 3
split_gain=1.56225 0.000638045 0.000115644 2.38442e-05 5.33079e-06 6.51529e-08
threshold=152.00000000000003 12000.000000000002 120.00000000000001 10.000000000000002 6620.0000000000009 20.000000000000004
decision_type=2 2 2 2 2 2
left_child=1 2 3 4 5 -1
right_child=-2 -3 -4 -5 -6 -7
leaf_value=-0.075243714502511383 0.11650224704755181 -0.08144622729145054 -0.07855161422874915 -0.076750549411107691 -0.075933450611870498 -0.075333958179480409
leaf_weight=0.40324340714141704 0.61155140399932872 0.2992221787571907 0.17058396339416504 0.16918232664465904 0.15434195939451456 0.099802246317267418
leaf_count=94 2 4 3 7 10 20
internal_value=-0.0152457 -0.0773963 -0.076181 -0.0756918 -0.0754194 -0.0752616
internal_weight=1.90793 1.29638 0.997154 0.82657 0.657388 0.503046
internal_count=140 138 134 131 124 114
is_linear=0
shrinkage=0.1


Tree=43
num_leaves=1
num_cat=0
split_feature=
split_gain=
threshold=
decision_type=
left_child=
right_child=
leaf_value=0
leaf_weight=
leaf_count=140
internal_value=
internal_weight=
internal_count=
is_linear=0
shrinkage=1


Tree=44
num_leaves=7
num_cat=0
split_feature=2 3 1 4 1 3
split_gain=1.61121 0.75624 0.0109265 0.000139186 2.72081e-05 1.93361e-07
threshold=48000.000000000007 120.00000000000001 12000.000000000002 10.000000000000002 6620.0000000000009 20.000000000000004
decision_type=2 2 2 2 2 2
left_child=1 2 3 4 5 -1
right_child=-2 -3 -4 -5 -6 -7
leaf_value=0.075418164536167176 -0.11251397133579621 -0.048671449133299349 0.09434698817978554 0.078151212469127734 0.076608431814774822 0.075537277734822508
leaf_weight=0.69020947907120056 0.82777795195579518 0.60046464204788197 0.43469756841659535 0.29592543188482512 0.26038097962737083 0.16981627978384495
leaf_count=94 3 4 2 7 10 20
internal_value=0.00811352 0.0488449 0.0804787 0.0762223 0.0757128 0.0754417
internal_weight=3.27927 2.45149 1.85103 1.41633 1.12041 0.860026
internal_count=140 137 133 131 124 114
is_linear=0
shrinkage=0.1


Tree=45
num_leaves=7
num_cat=0
split_feature=1 5 4 3 2 4
split_gain=1.09803 0.000146381 2.02513e-05 8.64921e-08 9.33025e-10 2.13163e-14
threshold=12000.000000000002 84.000000000000014 6.5000000000000009 31.000000000000004 9240.0000000000018 2.5000000000000004
decision_type=2 2 2 2 2 2
left_child=1 2 3 4 5 -1
right_child=-2 -3 -4 -5 -6 -7
leaf_value=-0.075207258172511865 0.071446705214875145 -0.078591601353354412 -0.076295138737466656 -0.075321626032161096 -0.075219531796477751 -0.075207198315660209
leaf_weight=0.18321630847640347 1.0509047508239746 0.22259993455372751 0.30347325769253075 0.086593628162518144 0.079946121666580439 0.087917627533897758
leaf_count=50 4 5 18 18 21 24
internal_value=0.000748787 -0.0763428 -0.0756674 -0.0752321 -0.07521 -0.0752072
internal_weight=2.01465 0.963747 0.741147 0.437674 0.35108 0.271134
internal_count=140 136 131 113 95 74
is_linear=0
shrinkage=0.1


Tree=46
num_leaves=7
num_cat=0
split_feature=5 1 3 4 1 3
split_gain=1.30415 0.00051095 0.000110793 1.52594e-05 3.3987e-06 4.1686e-08
threshold=152.00000000000003 12000.000000000002 120.00000000000001 10.000000000000002 6620.0000000000009 20.000000000000004
decision_type=2 2 2 2 2 2
left_child=1 2 3 4 5 -1
right_child=-2 -3 -4 -5 -6 -7
leaf_value=-0.075209711182541675 0.10800831243463101 -0.081078219087664716 -0.078460522846553943 -0.07650661658221293 -0.075802796151948543 -0.075287486740890197
leaf_weight=0.34729168703779556 0.56589901447296154 0.27489619702100754 0.16659556701779366 0.14627951942384243 0.13315810170024633 0.085973137058317661
leaf_count=94 2 4 3 7 10 20
internal_value=-0.016345 -0.0773152 -0.0761388 -0.0755961 -0.0753609 -0.0752251
internal_weight=1.72009 1.15419 0.879298 0.712702 0.566423 0.433265
internal_count=140 138 134 131 124 114
is_linear=0
shrinkage=0.1


Tree=47
num_leaves=1
num_cat=0
split_feature=
split_gain=
threshold=
decision_type=
left_child=
right_child=
leaf_value=0
leaf_weight=
leaf_count=140
internal_value=
internal_weight=
internal_count=
is_linear=0
shrinkage=1


Tree=48
num_leaves=7
num_cat=0
split_feature=2 3 1 4 1 3
split_gain=1.35309 0.699267 0.00968469 8.85117e-05 1.72927e-05 1.2344e-07
threshold=48000.000000000007 120.00000000000001 12000.000000000002 10.000000000000002 6620.0000000000009 20.000000000000004
decision_type=2 2 2 2 2 2
left_child=1 2 3 4 5 -1
right_child=-2 -3 -4 -5 -6 -7
leaf_value=0.075359681150441421 -0.10695123489396444 -0.046029643749409342 0.09358524855046442 0.077703071287837835 0.076381133857258518 0.075462207560831995
leaf_weight=0.59460061788559027 0.76578876376152027 0.59355419874191273 0.42440801858901966 0.25642417371273041 0.22486721538007259 0.14633181691169739
leaf_count=94 3 4 2 7 10 20
internal_value=0.00780019 0.047027 0.0805707 0.0760515 0.075613 0.0753799
internal_weight=3.00597 2.24019 1.64663 1.22222 0.9658 0.740932
internal_count=140 137 133 131 124 114
is_linear=0
shrinkage=0.1


Tree=49
num_leaves=7
num_cat=0
split_feature=1 3 1 3 2 5
split_gain=0.932029 0.000104878 7.55768e-06 7.12313e-08 6.12339e-10 8.72358e-13
threshold=12000.000000000002 64.500000000000014 4500.0000000000009 27.000000000000004 9240.0000000000018 12.500000000000002
decision_type=2 2 2 2 2 2
left_child=1 2 3 4 5 -1
right_child=-2 -3 -4 -5 -6 -7
leaf_value=-0.075178337240510582 0.064709787888219142 -0.077851538921378804 -0.075964312812969642 -0.075292484538351231 -0.075188909565793646 -0.07517790471744322
leaf_weight=0.17985642608255137 1.052734911441803 0.26884122053161263 0.19661213364452124 0.069589932216331363 0.068849335657432675 0.062953498680144548
leaf_count=57 4 7 14 17 21 20
internal_value=0.00188831 -0.0762198 -0.0754607 -0.075201 -0.0751806 -0.0751782
internal_weight=1.89944 0.846703 0.577861 0.381249 0.311659 0.24281
internal_count=140 136 129 115 98 77
is_linear=0
shrinkage=0.1


Tree=50
num_leaves=7
num_cat=0
split_feature=5 1 3 4 1 3
split_gain=1.09914 0.000401524 0.00010412 9.76047e-06 2.16691e-06 2.66617e-08
threshold=152.00000000000003 12000.000000000002 120.00000000000001 10.000000000000002 6620.0000000000009 20.000000000000004
decision_type=2 2 2 2 2 2
left_child=1 2 3 4 5 -1
right_child=-2 -3 -4 -5 -6 -7
leaf_value=-0.075180456610621296 0.10163992912312732 -0.080701564713915624 -0.078361700408055568 -0.076296679433017586 -0.07569050382386816 -0.07524747811605309
leaf_weight=0.2990774563513694 0.51574420928955089 0.25212446227669716 0.16224697232246399 0.12639806186780334 0.1148438798263669 0.074051584117114544
leaf_count=94 2 4 3 7 10 20
internal_value=-0.0175035 -0.0772342 -0.0761086 -0.0755135 -0.0753107 -0.0751938
internal_weight=1.54449 1.02874 0.776618 0.614371 0.487973 0.373129
internal_count=140 138 134 131 124 114
is_linear=0
shrinkage=0.1


Tree=51
num_leaves=1
num_cat=0
split_feature=
split_gain=
threshold=
decision_type=
left_child=
right_child=
leaf_value=0
leaf_weight=
leaf_count=140
internal_value=
internal_weight=
internal_count=
is_linear=0
shrinkage=1


Tree=52
num_leaves=7
num_cat=0
split_feature=2 3 1 4 1 3
split_gain=1.14295 0.647784 0.00847413 5.63257e-05 1.09981e-05 7.85232e-08
threshold=48000.000000000007 120.00000000000001 12000.000000000002 10.000000000000002 6620.0000000000009 20.000000000000004
decision_type=2 2 2 2 2 2
left_child=1 2 3 4 5 -1
right_child=-2 -3 -4 -5 -6 -7
leaf_value=0.075309413122229676 -0.10251110679652119 -0.043807527805267754 0.09279795453360723 0.077319965093647414 0.076186415392653584 0.075397516070411036
leaf_weight=0.5121842464432127 0.70332032442092884 0.58468340337276448 0.41335502266883839 0.22201464511454105 0.19410754926502705 0.12606022087857127
leaf_count=94 3 4 2 7 10 20
internal_value=0.00750375 0.0452038 0.0806624 0.0759048 0.0755273 0.0753268
internal_weight=2.75573 2.05241 1.46772 1.05437 0.832352 0.638244
internal_count=140 137 133 131 124 114
is_linear=0
shrinkage=0.1


Tree=53
num_leaves=7
num_cat=0
split_feature=1 3 1 3 2 5
split_gain=0.795408 7.68625e-05 4.82836e-06 4.51543e-08 3.90926e-10 5.42066e-13
threshold=12000.000000000002 64.500000000000014 4500.0000000000009 27.000000000000004 9240.0000000000018 12.500000000000002
decision_type=2 2 2 2 2 2
left_child=1 2 3 4 5 -1
right_child=-2 -3 -4 -5 -6 -7
leaf_value=-0.075153461500934535 0.059153185925212785 -0.077556659454020224 -0.075829955978800462 -0.075251417033484327 -0.0751625659029386 -0.075153094078028448
leaf_weight=0.15487421746365715 1.04549440741539 0.24623992759734392 0.16964577184990048 0.059910123469308019 0.059288128977641463 0.054209207184612751
leaf_count=57 4 7 14 17 21 20
internal_value=0.00290818 -0.0761115 -0.0753968 -0.0751729 -0.0751554 -0.0751534
internal_weight=1.78966 0.744167 0.497927 0.328282 0.268372 0.209083
internal_count=140 136 129 115 98 77
is_linear=0
shrinkage=0.1


Tree=54
num_leaves=7
num_cat=0
split_feature=5 1 3 4 1 3
split_gain=0.932886 0.000310218 9.6283e-05 6.24031e-06 1.38155e-06 1.70448e-08
threshold=152.00000000000003 12000.000000000002 120.00000000000001 10.000000000000002 6620.0000000000009 20.000000000000004
decision_type=2 2 2 2 2 2
left_child=1 2 3 4 5 -1
right_child=-2 -3 -4 -5 -6 -7
leaf_value=-0.075155289657835536 0.096742181058146318 -0.080324818872841292 -0.078257662618018892 -0.076115999061794212 -0.075593973490474184 -0.075213033924255143
leaf_weight=0.25753743760287762 0.46462371945381165 0.2309194840490818 0.15764347091317177 0.10915930708870292 0.099020334426313639 0.063776803202927113
leaf_count=94 2 4 3 7 10 20
internal_value=-0.0187194 -0.0771539 -0.0760882 -0.0754423 -0.0752674 -0.0751668
internal_weight=1.38268 0.918057 0.687137 0.529494 0.420335 0.321314
internal_count=140 138 134 131 124 114
is_linear=0
shrinkage=0.1


Tree=55
num_leaves=1
num_cat=0
split_feature=
split_gain=
threshold=
decision_type=
left_child=
right_child=
leaf_value=0
leaf_weight=
leaf_count=140
internal_value=
internal_weight=
internal_count=
is_linear=0
shrinkage=1


Tree=56
num_leaves=7
num_cat=0
split_feature=2 3 1 4 1 3
split_gain=0.969962 0.600855 0.00733286 3.58513e-05 6.99714e-06 4.99531e-08
threshold=48000.000000000007 120.00000000000001 12000.000000000002 10.000000000000002 6620.0000000000009 20.000000000000004
decision_type=2 2 2 2 2 2
left_child=1 2 3 4 5 -1
right_child=-2 -3 -4 -5 -6 -7
leaf_value=0.075266193069991549 -0.098898244840160451 -0.041908487032922909 0.092001348117820458 0.076991908915237633 0.07601942735139039 0.075341908409199618
leaf_weight=0.44114250643178843 0.64238277077674855 0.57433166354894627 0.40172141790390015 0.19206131249666214 0.16748718824237585 0.10858299722895026
leaf_count=94 3 4 2 7 10 20
internal_value=0.00722489 0.043384 0.0807496 0.0757785 0.0754536 0.0752811
internal_weight=2.52771 1.88533 1.311 0.909274 0.717213 0.549726
internal_count=140 137 133 131 124 114
is_linear=0
shrinkage=0.1


Tree=57
num_leaves=7
num_cat=0
split_feature=1 3 1 3 2 5
split_gain=0.681929 5.68327e-05 3.08387e-06 2.86476e-08 2.49426e-10 3.48777e-13
threshold=12000.000000000002 64.500000000000014 4500.0000000000009 27.000000000000004 9240.0000000000018 12.500000000000002
decision_type=2 2 2 2 2 2
left_child=1 2 3 4 5 -1
right_child=-2 -3 -4 -5 -6 -7
leaf_value=-0.075132062339871769 0.054496723283363468 -0.077302604106419398 -0.075714326029700171 -0.075216156798538603 -0.075139899123858489 -0.075131744724661317
leaf_weight=0.13335360982455302 1.0309703052043915 0.22549169789999723 0.1463277330622077 0.051575104938820004 0.051051225978881121 0.046676548896357417
leaf_count=57 4 7 14 17 21 20
internal_value=0.0038168 -0.0760173 -0.0753417 -0.0751488 -0.0751337 -0.075132
internal_weight=1.68545 0.654476 0.428984 0.282656 0.231081 0.18003
internal_count=140 136 129 115 98 77
is_linear=0
shrinkage=0.1


Tree=58
num_leaves=7
num_cat=0
split_feature=5 1 3 4 1 3
split_gain=0.795959 0.000235972 8.78089e-05 3.98821e-06 8.80855e-07 1.08923e-08
threshold=152.00000000000003 12000.000000000002 120.00000000000001 10.000000000000002 6620.0000000000009 20.000000000000004
decision_type=2 2 2 2 2 2
left_child=1 2 3 4 5 -1
right_child=-2 -3 -4 -5 -6 -7
leaf_value=-0.075133636846273111 0.092899353442283228 -0.079954609432168824 -0.07815024210586087 -0.075960501733369767 -0.075510982093130743 -0.07518338006624635
leaf_weight=0.22175277047790587 0.41480299830436707 0.21125390008091927 0.1528639942407608 0.094227761030197144 0.085356130730360746 0.054922866402193904
leaf_count=94 2 4 3 7 10 20
internal_value=-0.0199934 -0.0770747 -0.0760759 -0.075381 -0.0752301 -0.0751435
internal_weight=1.23518 0.820377 0.609124 0.45626 0.362032 0.276676
internal_count=140 138 134 131 124 114
is_linear=0
shrinkage=0.1


Tree=59
num_leaves=1
num_cat=0
split_feature=
split_gain=
threshold=
decision_type=
left_child=
right_child=
leaf_value=0
leaf_weight=
leaf_count=140
internal_value=
internal_weight=
internal_count=
is_linear=0
shrinkage=1


Tree=60
num_leaves=7
num_cat=0
split_feature=2 3 1 4 1 3
split_gain=0.826326 0.557893 0.00628355 2.28237e-05 4.45311e-06 3.1786e-08
threshold=48000.000000000007 120.00000000000001 12000.000000000002 10.000000000000002 6620.0000000000009 20.000000000000004
decision_type=2 2 2 2 2 2
left_child=1 2 3 4 5 -1
right_child=-2 -3 -4 -5 -6 -7
leaf_value=0.075229023335446732 -0.095911956743750582 -0.040275739119521974 0.091207335751947075 0.076710798000460115 0.075876152541939565 0.075294104437146514
leaf_weight=0.37991827400401257 0.58422577381134022 0.56281596422195423 0.38965660333633423 0.16602934710681438 0.1444670157507062 0.093518567737191916
leaf_count=94 3 4 2 7 10 20
internal_value=0.00696259 0.0415754 0.0808286 0.0756699 0.0753902 0.0752419
internal_weight=2.32063 1.73641 1.17359 0.783933 0.617904 0.473437
internal_count=140 137 133 131 124 114
is_linear=0
shrinkage=0.1


Tree=61
num_leaves=7
num_cat=0
split_feature=1 3 1 3 2 5
split_gain=0.587007 4.2528e-05 1.96921e-06 1.8186e-08 1.59031e-10 2.24501e-13
threshold=12000.000000000002 64.500000000000014 4500.0000000000009 27.000000000000004 9240.0000000000018 12.500000000000002
decision_type=2 2 2 2 2 2
left_child=1 2 3 4 5 -1
right_child=-2 -3 -4 -5 -6 -7
leaf_value=-0.075113651840653578 0.050543400329407823 -0.07708577491967307 -0.07561480976179874 -0.075185868516330523 -0.07512039526962741 -0.075113377214759497
leaf_weight=0.11481714341789473 1.0107034146785736 0.20656452747061849 0.12617743574082851 0.044398484984412789 0.043956101173534989 0.040188402403146029
leaf_count=57 4 7 14 17 21 20
internal_value=0.00462385 -0.0759366 -0.0752942 -0.075128 -0.0751151 -0.0751136
internal_weight=1.58681 0.576102 0.369538 0.24336 0.198962 0.155006
internal_count=140 136 129 115 98 77
is_linear=0
shrinkage=0.1


Tree=62
num_leaves=7
num_cat=0
split_feature=5 1 3 4 1 3
split_gain=0.681896 0.000176893 7.91185e-05 2.5481e-06 5.61624e-07 6.95869e-09
threshold=152.00000000000003 12000.000000000002 120.00000000000001 10.000000000000002 6620.0000000000009 20.000000000000004
decision_type=2 2 2 2 2 2
left_child=1 2 3 4 5 -1
right_child=-2 -3 -4 -5 -6 -7
leaf_value=-0.07511500354075995 0.08983763761370267 -0.079595823138915348 -0.078040948985275041 -0.075826677977490861 -0.07543961488471479 -0.07515784996559334
leaf_weight=0.19092977582477033 0.36768689751625061 0.19307509809732437 0.14797365292906761 0.081305967643857002 0.073562035337090492 0.047294536838307977
leaf_count=94 2 4 3 7 10 20
internal_value=-0.0213234 -0.0769973 -0.07607 -0.0753281 -0.0751981 -0.0751235
internal_weight=1.10183 0.734141 0.541066 0.393092 0.311786 0.238224
internal_count=140 138 134 131 124 114
is_linear=0
shrinkage=0.1


Tree=63
num_leaves=1
num_cat=0
split_feature=
split_gain=
threshold=
decision_type=
left_child=
right_child=
leaf_value=0
leaf_weight=
leaf_count=140
internal_value=
internal_weight=
internal_count=
is_linear=0
shrinkage=1


Tree=64
num_leaves=7
num_cat=0
split_feature=2 3 1 4 1 3
split_gain=0.706276 0.518439 0.00533763 1.45323e-05 2.83477e-06 2.0228e-08
threshold=48000.000000000007 120.00000000000001 12000.000000000002 10.000000000000002 6620.0000000000009 20.000000000000004
decision_type=2 2 2 2 2 2
left_child=1 2 3 4 5 -1
right_child=-2 -3 -4 -5 -6 -7
leaf_value=0.075197056542833693 -0.093411167900049011 -0.038865026758752128 0.090424561664596059 0.076469768600045285 0.075753166605222522 0.075253002332427932
leaf_weight=0.32716422248631738 0.52957823872566212 0.55039832741022099 0.3772854208946228 0.14343670476227999 0.12457337975502014 0.080536504508927464
leaf_count=94 3 4 2 7 10 20
internal_value=0.00671546 0.0397859 0.0808965 0.0755764 0.0753357 0.0752081
internal_weight=2.13297 1.60339 1.053 0.675711 0.532274 0.407701
internal_count=140 137 133 131 124 114
is_linear=0
shrinkage=0.1


Tree=65
num_leaves=7
num_cat=0
split_feature=1 3 1 3 2 5
split_gain=0.507163 3.22704e-05 1.2572e-06 1.15533e-08 1.01433e-10 1.42344e-13
threshold=12000.000000000002 64.500000000000014 4500.0000000000009 27.000000000000004 9240.0000000000018 12.500000000000002
decision_type=2 2 2 2 2 2
left_child=1 2 3 4 5 -1
right_child=-2 -3 -4 -5 -6 -7
leaf_value=-0.075097807790649215 0.047150530279614904 -0.076901940636682778 -0.075529161174191617 -0.075159848230672732 -0.075103612064819372 -0.075097572125582226
leaf_weight=0.098852659575641155 0.98600977659225464 0.18937578587792814 0.10877420846372843 0.038219587760977447 0.037845152313821018 0.034600500017404556
leaf_count=57 4 7 14 17 21 20
internal_value=0.00533915 -0.0758683 -0.0752533 -0.0751101 -0.075099 -0.0750977
internal_weight=1.49368 0.507668 0.318292 0.209518 0.171298 0.133453
internal_count=140 136 129 115 98 77
is_linear=0
shrinkage=0.1


Tree=66
num_leaves=7
num_cat=0
split_feature=5 1 3 4 1 3
split_gain=0.58605 0.000130757 7.05312e-05 1.62754e-06 3.58087e-07 4.44516e-09
threshold=152.00000000000003 12000.000000000002 120.00000000000001 10.000000000000002 6620.0000000000009 20.000000000000004
decision_type=2 2 2 2 2 2
left_child=1 2 3 4 5 -1
right_child=-2 -3 -4 -5 -6 -7
leaf_value=-0.075098970176777219 0.087368326184677825 -0.079251899317163629 -0.077930988389641992 -0.075711502819433757 -0.075378237768033166 -0.075135875088810658
leaf_weight=0.16438323992770165 0.3240656852722168 0.17631567269563675 0.14302524551749229 0.070131870685145259 0.063386122230440378 0.040723081096075475
leaf_count=94 2 4 3 7 10 20
internal_value=-0.0227069 -0.0769219 -0.076069 -0.0752825 -0.0751705 -0.0751063
internal_weight=0.982031 0.657965 0.48165 0.338624 0.268492 0.205106
internal_count=140 138 134 131 124 114
is_linear=0
shrinkage=0.1


Tree=67
num_leaves=1
num_cat=0
split_feature=
split_gain=
threshold=
decision_type=
left_child=
right_child=
leaf_value=0
leaf_weight=
leaf_count=140
internal_value=
internal_weight=
internal_count=
is_linear=0
shrinkage=1


Tree=68
num_leaves=7
num_cat=0
split_feature=2 3 1 4 1 3
split_gain=0.605409 0.482121 0.00449855 9.25428e-06 1.80502e-06 1.2877e-08
threshold=48000.000000000007 120.00000000000001 12000.000000000002 10.000000000000002 6620.0000000000009 20.000000000000004
decision_type=2 2 2 2 2 2
left_child=1 2 3 4 5 -1
right_child=-2 -3 -4 -5 -6 -7
leaf_value=0.075169556744333232 -0.091293747546678364 -0.037641237119863641 0.089659279260492108 0.076263000618556454 0.075647561190706661 0.075217659564323025
leaf_weight=0.28171552065759875 0.47881095111370098 0.53729585558176041 0.36471378803253174 0.12385221850126982 0.10739142680540681 0.06935093249194324
leaf_count=94 3 4 2 7 10 20
internal_value=0.00648206 0.0380225 0.0809505 0.075496 0.0752888 0.0751791
internal_weight=1.96313 1.48432 0.947024 0.58231 0.458458 0.351066
internal_count=140 137 133 131 124 114
is_linear=0
shrinkage=0.1


Tree=69
num_leaves=7
num_cat=0
split_feature=1 3 1 3 2 5
split_gain=0.439695 2.48545e-05 8.0249e-07 7.34344e-09 6.47296e-11 8.85403e-14
threshold=12000.000000000002 64.500000000000014 4500.0000000000009 27.000000000000004 9240.0000000000018 12.500000000000002
decision_type=2 2 2 2 2 2
left_child=1 2 3 4 5 -1
right_child=-2 -3 -4 -5 -6 -7
leaf_value=-0.075084172493434576 0.044212270114157612 -0.076746721394866768 -0.075455443903988006 -0.075137485592735309 -0.075089170344501188 -0.075083972175766941
leaf_weight=0.085104485624469817 0.95800143480300903 0.17381402431055903 0.093750734580680728 0.032899940735660493 0.03258235810790211 0.029788352083414793
leaf_count=57 4 7 14 17 21 20
internal_value=0.00597218 -0.0758113 -0.0752181 -0.0750948 -0.0750852 -0.0750841
internal_weight=1.40594 0.44794 0.274126 0.180375 0.147475 0.114893
internal_count=140 136 129 115 98 77
is_linear=0
shrinkage=0.1


Tree=70
num_leaves=7
num_cat=0
split_feature=5 3 1 3 0 5
split_gain=0.504964 9.89484e-05 3.04005e-07 2.05295e-09 5.43204e-11 4.89747e-14
threshold=152.00000000000003 40.000000000000007 4500.0000000000009 20.000000000000004 99.000000000000014 14.500000000000002
decision_type=2 2 2 2 2 2
left_child=1 2 3 4 -1 -6
right_child=-2 -3 -4 -5 5 -7
leaf_value=-0.075088869224936128 0.085357081909294807 -0.077835279020038728 -0.075383268823920324 -0.075113627226590859 -0.075084177481331907 -0.075084027470645534
leaf_weight=0.031083895592018962 0.28430736064910889 0.37364216637797654 0.044566547498106956 0.030899888603016734 0.080629150150343776 0.029808823601342738
leaf_count=20 2 20 7 17 54 20
internal_value=-0.0241408 -0.0768489 -0.0751505 -0.0750903 -0.0750852 -0.0750841
internal_weight=0.874938 0.59063 0.216988 0.172422 0.141522 0.110438
internal_count=140 138 118 111 94 74
is_linear=0
shrinkage=0.1


Tree=71
num_leaves=1
num_cat=0
split_feature=
split_gain=
threshold=
decision_type=
left_child=
right_child=
leaf_value=0
leaf_weight=
leaf_count=140
internal_value=
internal_weight=
internal_count=
is_linear=0
shrinkage=1


Tree=72
num_leaves=7
num_cat=0
split_feature=2 3 1 4 1 3
split_gain=0.520243 0.448593 0.00376456 5.87851e-06 1.14701e-06 8.1405e-09
threshold=48000.000000000007 120.00000000000001 12000.000000000002 10.000000000000002 6620.0000000000009 20.000000000000004
decision_type=2 2 2 2 2 2
left_child=1 2 3 4 5 -1
right_child=-2 -3 -4 -5 -6 -7
leaf_value=0.075145903070323816 -0.089482827743805476 -0.036573875135502573 0.088916681953886842 0.076084511755846754 0.075556471780360471 0.075187126909949012
leaf_weight=0.24256568751297869 0.43204045295715343 0.52368176728487015 0.35204586386680603 0.10683078365400434 0.092500648926943541 0.059689640067517757
leaf_count=94 3 4 2 7 10 20
internal_value=0.00625769 0.0362899 0.0809899 0.0754264 0.0752483 0.075154
internal_weight=1.80935 1.37731 0.853633 0.501587 0.394756 0.302255
internal_count=140 137 133 131 124 114
is_linear=0
shrinkage=0.1


Tree=73
num_leaves=7
num_cat=0
split_feature=1 3 1 3 2 5
split_gain=0.382514 1.94315e-05 5.12185e-07 4.66954e-09 4.13052e-11 5.76553e-14
threshold=12000.000000000002 64.500000000000014 4500.0000000000009 27.000000000000004 9240.0000000000018 12.500000000000002
decision_type=2 2 2 2 2 2
left_child=1 2 3 4 5 -1
right_child=-2 -3 -4 -5 -6 -7
leaf_value=-0.075072440651046263 0.041655218464026145 -0.076615890917738058 -0.07539200303759401 -0.075118262930048113 -0.075076743049113936 -0.075072266424484391
leaf_weight=0.073265824117697775 0.92763987183570862 0.1597538567148149 0.080787523882463574 0.028320234268903732 0.028050366323441267 0.025644574430771172
leaf_count=57 4 7 14 17 21 20
internal_value=0.00653731 -0.0757642 -0.0751878 -0.0750815 -0.0750734 -0.0750724
internal_weight=1.32346 0.395822 0.236069 0.155281 0.126961 0.0989104
internal_count=140 136 129 115 98 77
is_linear=0
shrinkage=0.1


Tree=74
num_leaves=7
num_cat=0
split_feature=5 2 3 4 1 3
split_gain=0.436005 8.20531e-05 7.22533e-05 9.44211e-07 1.44976e-07 1.78943e-09
threshold=152.00000000000003 48000.000000000007 120.00000000000001 10.000000000000002 6620.0000000000009 20.000000000000004
decision_type=2 2 2 2 2 2
left_child=1 2 3 4 5 -1
right_child=-2 -3 -4 -5 -6 -7
leaf_value=-0.075073304022202622 0.083705652524421637 -0.079827583019060969 -0.077807641002743927 -0.075546639157059295 -0.075279688531078137 -0.075100509468948251
leaf_weight=0.12183560733683407 0.24849730730056763 0.075757250189781189 0.18332536518573761 0.072995835216715932 0.046982750995084643 0.030162568902596831
leaf_count=94 2 1 4 9 10 20
internal_value=-0.0256226 -0.0767803 -0.0762733 -0.075239 -0.0751262 -0.0750787
internal_weight=0.779557 0.531059 0.455302 0.271977 0.198981 0.151998
internal_count=140 138 137 133 124 114
is_linear=0
shrinkage=0.1


Tree=75
num_leaves=1
num_cat=0
split_feature=
split_gain=
threshold=
decision_type=
left_child=
right_child=
leaf_value=0
leaf_weight=
leaf_count=140
internal_value=
internal_weight=
internal_count=
is_linear=0
shrinkage=1


Tree=76
num_leaves=7
num_cat=0
split_feature=2 3 1 4 1 3
split_gain=0.448207 0.417691 0.00313044 3.74418e-06 7.30604e-07 5.18294e-09
threshold=48000.000000000007 120.00000000000001 12000.000000000002 10.000000000000002 6620.0000000000009 20.000000000000004
decision_type=2 2 2 2 2 2
left_child=1 2 3 4 5 -1
right_child=-2 -3 -4 -5 -6 -7
leaf_value=0.075125551557227069 -0.087924484402387482 -0.035645201761739236 0.088200070991753851 0.075932289016993851 0.075478576567474032 0.075161001082963974
leaf_weight=0.20884556975215651 0.38926501572132122 0.50970527529716492 0.33936613798141479 0.092164385132491589 0.079709406476467848 0.051392716588452458
leaf_count=94 3 4 2 7 10 20
internal_value=0.00604904 0.0346012 0.0810121 0.075367 0.0752137 0.0751326
internal_weight=1.67045 1.28118 0.771478 0.432112 0.339948 0.260238
internal_count=140 137 133 131 124 114
is_linear=0
shrinkage=0.1


Tree=77
num_leaves=7
num_cat=0
split_feature=1 3 1 3 2 5
split_gain=0.333788 1.54105e-05 3.26846e-07 2.97036e-09 2.63391e-11 3.58741e-14
threshold=12000.000000000002 64.500000000000014 4500.0000000000009 27.000000000000004 9240.0000000000018 12.500000000000002
decision_type=2 2 2 2 2 2
left_child=1 2 3 4 5 -1
right_child=-2 -3 -4 -5 -6 -7
leaf_value=-0.075062345484376902 0.039402014249925545 -0.076505537407927732 -0.075337396855106431 -0.075101737516183209 -0.075066048832911347 -0.075062197363048311
leaf_weight=0.063072125078178942 0.8956010639667511 0.14706435543484986 0.069604883203282952 0.024377670604735613 0.024147969554178417 0.022076565655879676
leaf_count=57 4 7 14 17 21 20
internal_value=0.00702956 -0.0757258 -0.0751617 -0.0750702 -0.0750631 -0.0750623
internal_weight=1.24594 0.350344 0.203279 0.133674 0.109297 0.0851487
internal_count=140 136 129 115 98 77
is_linear=0
shrinkage=0.1


Tree=78
num_leaves=7
num_cat=0
split_feature=5 3 1 3 0 5
split_gain=0.377083 6.20307e-05 1.23437e-07 8.28506e-10 2.20914e-11 1.96509e-14
threshold=152.00000000000003 40.000000000000007 4500.0000000000009 20.000000000000004 99.000000000000014 14.500000000000002
decision_type=2 2 2 2 2 2
left_child=1 2 3 4 -1 -6
right_child=-2 -3 -4 -5 5 -7
leaf_value=-0.075065824168646336 0.082340630923709163 -0.077521893505381745 -0.075283624514497743 -0.075084085967743519 -0.075062348466491541 -0.075062238099048925
leaf_weight=0.023037437349557877 0.21653839945793152 0.31748120370320976 0.033065968891605735 0.022893515299074352 0.059755437890999019 0.022091716527938843
leaf_count=20 2 20 7 17 54 20
internal_value=-0.0271464 -0.0767113 -0.0751114 -0.0750669 -0.0750631 -0.0750623
internal_weight=0.694864 0.478325 0.160844 0.127778 0.104885 0.0818472
internal_count=140 138 118 111 94 74
is_linear=0
shrinkage=0.1


Tree=79
num_leaves=1
num_cat=0
split_feature=
split_gain=
threshold=
decision_type=
left_child=
right_child=
leaf_value=0
leaf_weight=
leaf_count=140
internal_value=
internal_weight=
internal_count=
is_linear=0
shrinkage=1


Tree=80
num_leaves=7
num_cat=0
split_feature=2 3 1 4 1 3
split_gain=0.386943 0.389085 0.00258638 2.37915e-06 4.64514e-07 3.2795e-09
threshold=48000.000000000007 120.00000000000001 12000.000000000002 10.000000000000002 6620.0000000000009 20.000000000000004
decision_type=2 2 2 2 2 2
left_child=1 2 3 4 5 -1
right_child=-2 -3 -4 -5 -6 -7
leaf_value=0.07510804243934377 -0.086570438158553475 -0.03482849773424955 0.087508707355849896 0.075800846061593485 0.075411383575620106 0.075138437411826686
leaf_weight=0.17980494874063857 0.350304275751114 0.49551983922719955 0.32669293880462646 0.07944109570235014 0.068636590149253607 0.044230113970115781
leaf_count=94 3 4 2 7 10 20
internal_value=0.00584615 0.0329526 0.0810159 0.0753155 0.0751838 0.075114
internal_weight=1.54463 1.19433 0.698806 0.372113 0.292672 0.224035
internal_count=140 137 133 131 124 114
is_linear=0
shrinkage=0.1


Tree=81
num_leaves=7
num_cat=0
split_feature=1 3 1 3 2 5
split_gain=0.292233 1.23822e-05 2.08559e-07 1.89018e-09 1.68031e-11 2.26971e-14
threshold=12000.000000000002 64.500000000000014 4500.0000000000009 27.000000000000004 9240.0000000000018 12.500000000000002
decision_type=2 2 2 2 2 2
left_child=1 2 3 4 5 -1
right_child=-2 -3 -4 -5 -6 -7
leaf_value=-0.075053655697756377 0.037419373639550634 -0.076412151444369247 -0.075290400259312731 -0.075087526047628805 -0.075056843875990792 -0.075053528728802332
leaf_weight=0.054295308887958527 0.86263330280780792 0.13561689562629908 0.059962015133351088 0.020983702037483454 0.020787903224118054 0.019004496862180531
leaf_count=57 4 7 14 17 21 20
internal_value=0.0074701 -0.0756949 -0.0751392 -0.0750604 -0.0750543 -0.0750536
internal_weight=1.17328 0.31065 0.175033 0.115071 0.0940877 0.0732998
internal_count=140 136 129 115 98 77
is_linear=0
shrinkage=0.1


Tree=82
num_leaves=7
num_cat=0
split_feature=5 3 1 3 0 5
split_gain=0.326577 4.909e-05 7.86712e-08 5.26971e-10 1.40944e-11 1.30937e-14
threshold=152.00000000000003 40.000000000000007 4500.0000000000009 20.000000000000004 99.000000000000014 14.500000000000002
decision_type=2 2 2 2 2 2
left_child=1 2 3 4 -1 -6
right_child=-2 -3 -4 -5 5 -7
leaf_value=-0.075056651989998988 0.081206059128732022 -0.077380593382279816 -0.075244017910580191 -0.075072346331214859 -0.075053660358903387 -0.075053563256239367
leaf_weight=0.019831881276331842 0.18822135031223297 0.29310433601494879 0.028477940009906888 0.019706203253008425 0.051440188137348741 0.019017539510969073
leaf_count=20 2 20 7 17 54 20
internal_value=-0.0287104 -0.0766475 -0.0750959 -0.0750575 -0.0750543 -0.0750536
internal_weight=0.619799 0.431578 0.138474 0.109996 0.0902896 0.0704577
internal_count=140 138 118 111 94 74
is_linear=0
shrinkage=0.1


Tree=83
num_leaves=1
num_cat=0
split_feature=
split_gain=
threshold=
decision_type=
left_child=
right_child=
leaf_value=0
leaf_weight=
leaf_count=140
internal_value=
internal_weight=
internal_count=
is_linear=0
shrinkage=1


Tree=84
num_leaves=7
num_cat=0
split_feature=2 3 1 4 1 3
split_gain=0.334762 0.362636 0.00212483 1.51202e-06 2.95408e-07 2.07597e-09
threshold=48000.000000000007 120.00000000000001 12000.000000000002 10.000000000000002 6620.0000000000009 20.000000000000004
decision_type=2 2 2 2 2 2
left_child=1 2 3 4 5 -1
right_child=-2 -3 -4 -5 -6 -7
leaf_value=0.075092976622406937 -0.085388163162847946 -0.03411185522654861 0.086845430967544809 0.075688049277054498 0.07535367088209087 0.075119043615526973
leaf_weight=0.15479652711655922 0.31497487425804149 0.48121214658021927 0.31411385536193848 0.068455089814960957 0.059095235075801611 0.038064815569669008
leaf_count=94 3 4 2 7 10 20
internal_value=0.00565242 0.0313534 0.0810009 0.0752713 0.0751581 0.0750981
internal_weight=1.43071 1.11574 0.634526 0.320412 0.251957 0.192861
internal_count=140 137 133 131 124 114
is_linear=0
shrinkage=0.1


Tree=85
num_leaves=7
num_cat=0
split_feature=1 3 1 3 2 4
split_gain=0.256658 1.00632e-05 1.33065e-07 1.20322e-09 1.07099e-11 1.15394e-14
threshold=12000.000000000002 64.500000000000014 4500.0000000000009 27.000000000000004 9240.0000000000018 2.5000000000000004
decision_type=2 2 2 2 2 2
left_child=1 2 3 4 5 -1
right_child=-2 -3 -4 -5 -6 -7
leaf_value=-0.075046182186656679 0.035661378702160962 -0.076332647073377169 -0.075249949501780114 -0.075075306423417087 -0.075048922471849674 -0.075046092531942055
leaf_weight=0.041002097364980727 0.82918417453765869 0.12528826761990786 0.051648730412125587 0.018062062736134976 0.017894947144668549 0.022096259344834834
leaf_count=50 4 7 14 17 21 27
internal_value=0.00785884 -0.0756704 -0.0751198 -0.075052 -0.0750468 -0.0750462
internal_weight=1.10518 0.275992 0.150704 0.0990554 0.0809933 0.0630984
internal_count=140 136 129 115 98 77
is_linear=0
shrinkage=0.1


Tree=86
num_leaves=7
num_cat=0
split_feature=5 3 1 3 0 5
split_gain=0.283151 3.88136e-05 5.01441e-08 3.35357e-10 8.98833e-12 8.65974e-15
threshold=152.00000000000003 40.000000000000007 4500.0000000000009 20.000000000000004 99.000000000000014 14.500000000000002
decision_type=2 2 2 2 2 2
left_child=1 2 3 4 -1 -6
right_child=-2 -3 -4 -5 5 -7
leaf_value=-0.075048759431597542 0.080258637195882179 -0.07724785499082025 -0.075209957270871222 -0.075062251907732941 -0.075046184925006698 -0.075046099796613697
leaf_weight=0.017071959213353693 0.16327503323554993 0.27089409250766039 0.0245243851095438 0.016962454887107015 0.04428105999249965 0.016370787459891289
leaf_count=20 2 20 7 17 54 20
internal_value=-0.030309 -0.0765862 -0.0750825 -0.0750495 -0.0750467 -0.0750462
internal_weight=0.55338 0.390105 0.119211 0.0946863 0.0777238 0.0606518
internal_count=140 138 118 111 94 74
is_linear=0
shrinkage=0.1


Tree=87
num_leaves=1
num_cat=0
split_feature=
split_gain=
threshold=
decision_type=
left_child=
right_child=
leaf_value=0
leaf_weight=
leaf_count=140
internal_value=
internal_weight=
internal_count=
is_linear=0
shrinkage=1


Tree=88
num_leaves=7
num_cat=0
split_feature=2 3 1 4 1 3
split_gain=0.290205 0.33817 0.00173652 9.61056e-07 1.87893e-07 1.3145e-09
threshold=48000.000000000007 120.00000000000001 12000.000000000002 10.000000000000002 6620.0000000000009 20.000000000000004
decision_type=2 2 2 2 2 2
left_child=1 2 3 4 5 -1
right_child=-2 -3 -4 -5 -6 -7
leaf_value=0.075080017540658767 -0.084350144775422714 -0.033481873162768183 0.086210910746234493 0.075591223145884887 0.075304086728455705 0.075102376283470038
leaf_weight=0.13326199550647266 0.28303632140159618 0.46686730533838272 0.30167993903160095 0.058974358718842268 0.050875428831204772 0.032758263871073723
leaf_count=94 3 4 2 7 10 20
internal_value=0.00546683 0.0298072 0.0809674 0.0752333 0.075136 0.0750844
internal_weight=1.32745 1.04442 0.57755 0.27587 0.216896 0.16602
internal_count=140 137 133 131 124 114
is_linear=0
shrinkage=0.1


Tree=89
num_leaves=7
num_cat=0
split_feature=1 3 3 1 3 2
split_gain=0.226124 8.46303e-06 7.50623e-07 8.48906e-08 7.66083e-10 6.83455e-12
threshold=12000.000000000002 120.00000000000001 64.500000000000014 4500.0000000000009 27.000000000000004 9240.0000000000018
decision_type=2 2 2 2 2 2
left_child=1 2 3 4 5 -1
right_child=-2 -3 -4 -5 -6 -7
leaf_value=-0.075039718895716048 0.034097241349564961 -0.076412566229891621 -0.075707853412061474 -0.075215132076399516 -0.075064794713956273 -0.075042105334271567
leaf_weight=0.054315654386300594 0.79565916955471039 0.091578209772706032 0.024385076831094921 0.044483340810984373 0.01554707030300051 0.015404274920001626
leaf_count=77 4 4 3 14 17 21
internal_value=0.00820192 -0.0756512 -0.0751988 -0.0751031 -0.0750447 -0.0750402
internal_weight=1.04137 0.245714 0.154135 0.12975 0.085267 0.0697199
internal_count=140 136 132 129 115 98
is_linear=0
shrinkage=0.1


Tree=90
num_leaves=7
num_cat=0
split_feature=5 3 1 3 0 5
split_gain=0.24572 3.06712e-05 3.1965e-08 2.13533e-10 5.73535e-12 4.76355e-15
threshold=152.00000000000003 40.000000000000007 4500.0000000000009 20.000000000000004 99.000000000000014 14.500000000000002
decision_type=2 2 2 2 2 2
left_child=1 2 3 4 -1 -6
right_child=-2 -3 -4 -5 5 -7
leaf_value=-0.075041964001866218 0.079464387710582285 -0.077123431698388978 -0.075180660906248031 -0.075053566727647292 -0.075039746023459766 -0.07503967798284028
leaf_weight=0.014695824705995619 0.14139920473098755 0.2506413115770556 0.021118117379955947 0.014600589114706963 0.038117567251902074 0.014092126570176333
leaf_count=20 2 20 7 17 54 20
internal_value=-0.0319372 -0.0765272 -0.075071 -0.0750426 -0.0750402 -0.0750397
internal_weight=0.494665 0.353266 0.102624 0.0815061 0.0669055 0.0522097
internal_count=140 138 118 111 94 74
is_linear=0
shrinkage=0.1


Tree=91
num_leaves=1
num_cat=0
split_feature=
split_gain=
threshold=
decision_type=
left_child=
right_child=
leaf_value=0
leaf_weight=
leaf_count=140
internal_value=
internal_weight=
internal_count=
is_linear=0
shrinkage=1


Tree=92
num_leaves=7
num_cat=0
split_feature=2 3 1 3 2 5
split_gain=0.260198 0.000113906 1.49423e-07 3.56752e-09 8.22435e-12 3.45557e-14
threshold=28000.000000000004 120.00000000000001 4500.0000000000009 27.000000000000004 9240.0000000000018 12.500000000000002
decision_type=2 2 2 2 2 2
left_child=1 2 3 4 5 -1
right_child=-2 -3 -4 -5 -6 -7
leaf_value=0.075068446555742921 -0.024167920524615839 0.078682180200090074 0.075300087381944783 0.075110207501694115 0.075070456609899805 0.07506830781794524
leaf_weight=0.069232163485139608 0.874112808261998 0.17836850509047508 0.037584604695439339 0.025305510498583317 0.024873860646039248 0.024242590763606131
leaf_count=57 16 3 8 16 20 20
internal_value=0.00528811 0.0768882 0.0751226 0.0750761 0.0750688 0.0750684
internal_weight=1.23372 0.359607 0.181239 0.143654 0.118349 0.0934748
internal_count=140 124 121 113 97 77
is_linear=0
shrinkage=0.1


Tree=93
num_leaves=7
num_cat=0
split_feature=3 2 1 4 1 1
split_gain=0.203041 0.35857 0.000863704 8.44018e-08 1.49983e-08 2.32634e-11
threshold=120.00000000000001 48000.000000000007 12000.000000000002 10.000000000000002 6620.0000000000009 1155.0000000000002
decision_type=2 2 2 2 2 2
left_child=1 2 3 4 5 -1
right_child=-2 -3 -4 -5 -6 -7
leaf_value=-0.07503417800137431 0.066475064626987462 0.079996284966816891 -0.085254075471881158 -0.075260780282591977 -0.075130776045908676 -0.075037809346286066
leaf_weight=0.038850265555083752 0.37399575393646955 0.20622782222926617 0.28216058015823364 0.026356515474617481 0.021712096175178885 0.032316009572241455
leaf_count=64 5 2 2 7 10 50
internal_value=0.00850496 -0.027176 -0.0822386 -0.0751028 -0.075058 -0.0750358
internal_weight=0.981619 0.607623 0.401395 0.119235 0.0928784 0.0711663
internal_count=140 135 133 131 124 114
is_linear=0
shrinkage=0.1


Tree=94
num_leaves=7
num_cat=0
split_feature=5 3 1 3 0 5
split_gain=0.213396 2.42303e-05 2.03765e-08 1.35922e-10 3.65775e-12 3.12944e-15
threshold=152.00000000000003 40.000000000000007 4500.0000000000009 20.000000000000004 99.000000000000014 14.500000000000002
decision_type=2 2 2 2 2 2
left_child=1 2 3 4 -1 -6
right_child=-2 -3 -4 -5 5 -7
leaf_value=-0.07503611697687862 0.07879648612975633 -0.077007001716623724 -0.075155457319827826 -0.075046093280559056 -0.075034208103297473 -0.075034148629794295
leaf_weight=0.012650186195969582 0.12229199334979057 0.23215705103939399 0.018183786189183593 0.012567489524371922 0.03281143243657425 0.012130434857681394
leaf_count=20 2 20 7 17 54 20
internal_value=-0.0335884 -0.0764706 -0.0750611 -0.0750367 -0.0750346 -0.0750342
internal_weight=0.442792 0.3205 0.0883433 0.0701595 0.0575921 0.0449419
internal_count=140 138 118 111 94 74
is_linear=0
shrinkage=0.1


Tree=95
num_leaves=1
num_cat=0
split_feature=
split_gain=
threshold=
decision_type=
left_child=
right_child=
leaf_value=0
leaf_weight=
leaf_count=140
internal_value=
internal_weight=
internal_count=
is_linear=0
shrinkage=1


Tree=96
num_leaves=7
num_cat=0
split_feature=2 3 1 3 2 5
split_gain=0.229541 8.37382e-05 9.5147e-08 2.26934e-09 5.25419e-12 2.08791e-14
threshold=28000.000000000004 120.00000000000001 4500.0000000000009 27.000000000000004 9240.0000000000018 12.500000000000002
decision_type=2 2 2 2 2 2
left_child=1 2 3 4 5 -1
right_child=-2 -3 -4 -5 -6 -7
leaf_value=0.07505890396506637 -0.02302260105666399 0.078344534156503207 0.075258114627272818 0.075094807911272765 0.075060636426647426 0.075058787744922847
leaf_weight=0.059597668005153537 0.82834310771431774 0.16341181844472885 0.032359573291614652 0.021778255118988454 0.021412446862086654 0.020868925144895911
leaf_count=57 16 3 8 16 20 20
internal_value=0.00474792 0.0767625 0.0751055 0.0750655 0.0750592 0.0750589
internal_weight=1.14777 0.319429 0.156017 0.123657 0.101879 0.0804666
internal_count=140 124 121 113 97 77
is_linear=0
shrinkage=0.1


Tree=97
num_leaves=7
num_cat=0
split_feature=3 2 1 4 1 2
split_gain=0.183377 0.32284 0.000690532 6.72739e-08 1.26347e-08 2.73224e-11
threshold=120.00000000000001 48000.000000000007 12000.000000000002 10.000000000000002 6620.0000000000009 14000.000000000002
decision_type=2 2 2 2 2 2
left_child=1 2 3 4 5 -1
right_child=-2 -3 -4 -5 -6 -7
leaf_value=-0.075030105488430893 0.06313004043014922 0.077511483515158047 -0.084648480286517502 -0.075244599765826231 -0.075122800176891102 -0.075035370065678841
leaf_weight=0.049204590090084821 0.36285626236349344 0.19200864061713219 0.26930886507034302 0.023827469209209085 0.019914243603125215 0.012327963078860193
leaf_count=93 5 2 2 7 10 21
internal_value=0.00762566 -0.0279204 -0.081964 -0.0750968 -0.0750536 -0.0750312
internal_weight=0.929448 0.566592 0.374583 0.105274 0.0814468 0.0615326
internal_count=140 135 133 131 124 114
is_linear=0
shrinkage=0.1


Tree=98
num_leaves=7
num_cat=0
split_feature=5 3 1 3 0 5
split_gain=0.193805 1.55258e-05 1.44319e-08 1.02689e-10 2.33355e-12 2.01922e-15
threshold=152.00000000000003 40.000000000000007 4500.0000000000009 20.000000000000004 99.000000000000014 14.500000000000002
decision_type=2 2 2 2 2 2
left_child=1 2 3 4 -1 -6
right_child=-2 -3 -4 -5 5 -7
leaf_value=-0.075031084793122982 0.078499604226507314 -0.076722044880198514 -0.075138134471724571 -0.075040459857537462 -0.075029441521651641 -0.075029390016238026
leaf_weight=0.010889127617701888 0.11358284205198288 0.20454551943112165 0.016143201268278062 0.011030325840692967 0.028243540727999061 0.01044167421059683
leaf_count=20 2 20 7 17 54 20
internal_value=-0.0317497 -0.076267 -0.0750541 -0.0750317 -0.0750298 -0.0750294
internal_weight=0.394876 0.281293 0.0767479 0.0606047 0.0495743 0.0386852
internal_count=140 138 118 111 94 74
is_linear=0
shrinkage=0.1


Tree=99
num_leaves=1
num_cat=0
split_feature=
split_gain=
threshold=
decision_type=
left_child=
right_child=
leaf_value=0
leaf_weight=
leaf_count=140
internal_value=
internal_weight=
internal_count=
is_linear=0
shrinkage=1


Tree=100
num_leaves=7
num_cat=0
split_feature=2 3 1 3 2 5
split_gain=0.203265 6.20981e-05 6.05918e-08 1.4439e-09 3.3506e-12 1.34129e-14
threshold=28000.000000000004 120.00000000000001 4500.0000000000009 27.000000000000004 9240.0000000000018 12.500000000000002
decision_type=2 2 2 2 2 2
left_child=1 2 3 4 5 -1
right_child=-2 -3 -4 -5 -6 -7
leaf_value=0.075050695433204417 -0.022021043435819041 0.078050413631997301 0.075222027366557587 0.075081566208972023 0.075052186462324366 0.07505059502480875
leaf_weight=0.051302848965860903 0.78464499255642295 0.15014343336224556 0.02785947173833847 0.018742906569968909 0.0184322998393327 0.017964380152989179
leaf_count=57 16 3 8 16 20 20
internal_value=0.00423246 0.076653 0.0750907 0.0750564 0.075051 0.0750507
internal_weight=1.06909 0.284445 0.134302 0.106442 0.0876995 0.0692672
internal_count=140 124 121 113 97 77
is_linear=0
shrinkage=0.1


Tree=101
num_leaves=7
num_cat=0
split_feature=1 3 3 1 3 0
split_gain=0.166718 6.17423e-06 4.84573e-07 3.42708e-08 2.58222e-10 3.77545e-14
threshold=12000.000000000002 120.00000000000001 64.500000000000014 4500.0000000000009 20.000000000000004 99.000000000000014
decision_type=2 2 2 2 2 2
left_child=1 2 3 4 5 -1
right_child=-2 -3 -4 -5 -6 -7
leaf_value=-0.075025554611717185 0.029792702391614013 -0.076322913871295098 -0.075620533436161486 -0.075159808291389837 -0.075041725960932934 -0.075025324505983426
leaf_weight=0.0090746564092114568 0.68833664059638977 0.084825461730360985 0.020229911140631884 0.031617540400475264 0.012508063955465332 0.033292587177129462
leaf_count=20 4 4 3 14 21 74
internal_value=0.00683029 -0.0756861 -0.0751799 -0.0750769 -0.0750291 -0.0750254
internal_weight=0.879885 0.191548 0.106723 0.0864928 0.0548753 0.0423672
internal_count=140 136 132 129 115 94
is_linear=0
shrinkage=0.1


Tree=102
num_leaves=7
num_cat=0
split_feature=5 3 1 3 0 5
split_gain=0.176239 9.97278e-06 1.03841e-08 7.95689e-11 1.49189e-12 1.2941e-15
threshold=152.00000000000003 40.000000000000007 4500.0000000000009 20.000000000000004 99.000000000000014 14.500000000000002
decision_type=2 2 2 2 2 2
left_child=1 2 3 4 -1 -6
right_child=-2 -3 -4 -5 5 -7
leaf_value=-0.075026754767474488 0.0782328386786309 -0.076479125753587701 -0.075123499736223495 -0.075035676563771983 -0.075025338574860156 -0.075025294168640844
leaf_weight=0.0093731084780301899 0.10564064234495163 0.18033596072928049 0.014355995808728039 0.0096940467192325741 0.024311277724336833 0.0089879080187529325
leaf_count=20 2 20 7 17 54 20
internal_value=-0.029869 -0.0760927 -0.0750482 -0.0750275 -0.0750256 -0.0750253
internal_weight=0.352699 0.247058 0.0667223 0.0523663 0.0426723 0.0332992
internal_count=140 138 118 111 94 74
is_linear=0
shrinkage=0.1


Tree=103
num_leaves=1
num_cat=0
split_feature=
split_gain=
threshold=
decision_type=
left_child=
right_child=
leaf_value=0
leaf_weight=
leaf_count=140
internal_value=
internal_weight=
internal_count=
is_linear=0
shrinkage=1


Tree=104
num_leaves=7
num_cat=0
split_feature=2 3 1 2 1 0
split_gain=0.188451 0.291116 0.000961223 3.24442e-07 1.01422e-08 2.28861e-10
threshold=48000.000000000007 120.00000000000001 12000.000000000002 18485.000000000004 3550.0000000000005 83.500000000000014
decision_type=2 2 2 2 2 2
left_child=1 2 3 4 5 -1
right_child=-2 -3 -4 -5 -6 -7
leaf_value=0.075055975104217576 -0.081742770143680615 -0.038588649051119639 0.084854626428380986 0.075355087496624687 0.075123752926749818 0.075043587743152576
leaf_weight=0.019496410444844514 0.20415395870804787 0.37798683345317841 0.27372792363166809 0.059405902866274118 0.021371266280766577 0.063466394902206957
leaf_count=22 3 4 2 13 14 82
internal_value=0.00417912 0.0256902 0.0812292 0.0751685 0.0750623 0.0750465
internal_weight=1.01961 0.815455 0.437468 0.16374 0.104334 0.0829628
internal_count=140 137 133 131 118 104
is_linear=0
shrinkage=0.1


Tree=105
num_leaves=7
num_cat=0
split_feature=3 2 1 2 1 0
split_gain=0.177889 0.284984 0.000565262 4.45277e-08 4.63052e-09 8.8649e-11
threshold=120.00000000000001 48000.000000000007 12000.000000000002 28000.000000000004 4500.0000000000009 62.000000000000007
decision_type=2 2 2 2 2 2
left_child=1 2 3 4 5 -1
right_child=-2 -3 -4 -5 -6 -7
leaf_value=-0.075031915774511376 0.062870492440344469 0.075649009109458487 -0.084558082415393129 -0.075198462736312088 -0.075094819462689782 -0.075021786858190498
leaf_weight=0.011577257449971512 0.3330840403214097 0.16954001598060131 0.26735645532608032 0.025093656789977103 0.01172112615313381 0.034065308835124597
leaf_count=25 5 2 2 10 8 88
internal_value=0.00582804 -0.0307558 -0.0823257 -0.0750874 -0.0750388 -0.0750244
internal_weight=0.852438 0.519354 0.349814 0.0824573 0.0573637 0.0456426
internal_count=140 135 133 131 121 113
is_linear=0
shrinkage=0.1


Tree=106
num_leaves=7
num_cat=0
split_feature=5 3 1 3 0 5
split_gain=0.157047 6.76703e-06 7.59157e-09 6.32045e-11 9.44241e-13 9.54098e-16
threshold=152.00000000000003 40.000000000000007 4500.0000000000009 20.000000000000004 99.000000000000014 14.500000000000002
decision_type=2 2 2 2 2 2
left_child=1 2 3 4 -1 -6
right_child=-2 -3 -4 -5 5 -7
leaf_value=-0.075023026580702257 0.077886604953931113 -0.07630245856126612 -0.075111125578335547 -0.075031625531429988 -0.075021813021612732 -0.075021771920399619
leaf_weight=0.0080680644023232162 0.095167059451341629 0.16100368363549933 0.012789092841558158 0.0085315812611952424 0.020926271128701046 0.0077364645840134463
leaf_count=20 2 20 7 17 54 20
internal_value=-0.0293713 -0.0759687 -0.0750431 -0.0750239 -0.0750221 -0.0750218
internal_weight=0.314222 0.219055 0.0580515 0.0452624 0.0367308 0.0286627
internal_count=140 138 118 111 94 74
is_linear=0
shrinkage=0.1


Tree=107
num_leaves=1
num_cat=0
split_feature=
split_gain=
threshold=
decision_type=
left_child=
right_child=
leaf_value=0
leaf_weight=
leaf_count=140
internal_value=
internal_weight=
internal_count=
is_linear=0
shrinkage=1


Tree=108
num_leaves=7
num_cat=0
split_feature=2 3 1 3 2 5
split_gain=0.164642 3.93549e-05 2.45847e-08 5.85141e-10 1.36178e-12 5.1556e-15
threshold=28000.000000000004 120.00000000000001 4500.0000000000009 27.000000000000004 9240.0000000000018 12.500000000000002
decision_type=2 2 2 2 2 2
left_child=1 2 3 4 5 -1
right_child=-2 -3 -4 -5 -6 -7
leaf_value=0.075037548854438363 -0.020512009223558138 0.077693424831912786 0.075164322011095103 0.075060383242019982 0.075038653677479333 0.075037476572463069
leaf_weight=0.03801386256236583 0.6954800704261288 0.13375099003314972 0.020646977354772389 0.013882933708373457 0.013657659001182765 0.013311094720847905
leaf_count=57 16 3 8 16 20 20
internal_value=0.0038719 0.076573 0.0750672 0.0750417 0.0750378 0.0750375
internal_weight=0.928744 0.233264 0.0995125 0.0788655 0.0649826 0.051325
internal_count=140 124 121 113 97 77
is_linear=0
shrinkage=0.1


Tree=109
num_leaves=7
num_cat=0
split_feature=3 2 1 2 1 4
split_gain=0.142612 0.240719 0.000348346 2.84132e-08 2.95212e-09 4.84117e-11
threshold=120.00000000000001 48000.000000000007 12000.000000000002 28000.000000000004 4500.0000000000009 4.5000000000000009
decision_type=2 2 2 2 2 2
left_child=1 2 3 4 5 -1
right_child=-2 -3 -4 -5 -6 -7
leaf_value=-0.075019204481436119 0.056590653557848293 0.072752491209374159 -0.083072758398469823 -0.075170842636230806 -0.075081602893689217 -0.075027966806817198
leaf_weight=0.031397296290379018 0.32647653389722109 0.1522492840886116 0.23395624756813049 0.021609712101053447 0.010090557218063623 0.0078898649371694773
leaf_count=93 5 2 2 10 8 20
internal_value=0.00610876 -0.0299398 -0.081211 -0.0750752 -0.0750334 -0.075021
internal_weight=0.783669 0.457193 0.304944 0.0709874 0.0493777 0.0392872
internal_count=140 135 133 131 121 113
is_linear=0
shrinkage=0.1


Tree=110
num_leaves=7
num_cat=0
split_feature=5 3 1 3 0 5
split_gain=0.139875 5.08115e-06 4.8397e-09 4.02902e-11 6.03573e-13 6.41848e-16
threshold=152.00000000000003 40.000000000000007 4500.0000000000009 20.000000000000004 99.000000000000014 14.500000000000002
decision_type=2 2 2 2 2 2
left_child=1 2 3 4 -1 -6
right_child=-2 -3 -4 -5 5 -7
leaf_value=-0.07501981849847178 0.077555717768446733 -0.076204064145075245 -0.075095631903003807 -0.075027217495967802 -0.075018772950471505 -0.075018736613696346
leaf_weight=0.0069445135595742604 0.084977228194475174 0.14729113003704697 0.011009735928382725 0.0073432982317171982 0.018012393149547279 0.0066592092625796786
leaf_count=20 2 20 7 17 54 20
internal_value=-0.0297028 -0.0759085 -0.0750371 -0.0750205 -0.075019 -0.0750188
internal_weight=0.282238 0.19726 0.0499692 0.0389594 0.0316161 0.0246716
internal_count=140 138 118 111 94 74
is_linear=0
shrinkage=0.1


Tree=111
num_leaves=1
num_cat=0
split_feature=
split_gain=
threshold=
decision_type=
left_child=
right_child=
leaf_value=0
leaf_weight=
leaf_count=140
internal_value=
internal_weight=
internal_count=
is_linear=0
shrinkage=1


Tree=112
num_leaves=7
num_cat=0
split_feature=1 3 4 3 0 5
split_gain=0.147811 2.89207e-05 9.46194e-08 2.74454e-10 8.86752e-13 4.29171e-15
threshold=6620.0000000000009 120.00000000000001 10.000000000000002 20.000000000000004 99.000000000000014 14.500000000000002
decision_type=2 2 2 2 2 2
left_child=1 2 3 4 -1 -6
right_child=-2 -3 -4 -5 5 -7
leaf_value=0.075033285077659717 -0.019908118186542034 0.077474845641843093 0.075296182787398913 0.075047993916395314 0.075032323201551704 0.075032251569224356
leaf_weight=0.01176199468318373 0.65761413262225688 0.12353565916419029 0.017508297925814986 0.014527077903039753 0.031001873547211289 0.011456876061856747
leaf_count=20 18 3 5 20 54 20
internal_value=0.00340775 0.0764938 0.0750886 0.0750358 0.0750325 0.0750323
internal_weight=0.867406 0.209792 0.0862561 0.0687478 0.0542207 0.0424587
internal_count=140 122 119 114 94 74
is_linear=0
shrinkage=0.1


Tree=113
num_leaves=7
num_cat=0
split_feature=3 2 1 2 1 4
split_gain=0.130921 0.21797 0.00027697 2.44675e-08 1.88281e-09 3.09001e-11
threshold=120.00000000000001 48000.000000000007 12000.000000000002 28000.000000000004 4500.0000000000009 4.5000000000000009
decision_type=2 2 2 2 2 2
left_child=1 2 3 4 5 -1
right_child=-2 -3 -4 -5 -6 -7
leaf_value=-0.075016525992496128 0.054383781162707805 0.070907212227344071 -0.082584413408273757 -0.075161790965231443 -0.075070235143675612 -0.075024071378855722
leaf_weight=0.027025224117096514 0.31482953391969204 0.14139447081834078 0.22241084277629852 0.02046752127353102 0.0086868758080527186 0.0067913712700828901
leaf_count=93 5 2 2 10 8 20
internal_value=0.00546447 -0.0306229 -0.0809268 -0.075072 -0.0750287 -0.075018
internal_weight=0.741606 0.426776 0.285382 0.062971 0.0425035 0.0338166
internal_count=140 135 133 131 121 113
is_linear=0
shrinkage=0.1


Tree=114
num_leaves=7
num_cat=0
split_feature=5 3 1 3 0 5
split_gain=0.12756 3.27306e-06 3.59095e-09 3.26746e-11 3.84163e-13 3.83374e-16
threshold=152.00000000000003 40.000000000000007 4500.0000000000009 20.000000000000004 99.000000000000014 14.500000000000002
decision_type=2 2 2 2 2 2
left_child=1 2 3 4 -1 -6
right_child=-2 -3 -4 -5 5 -7
leaf_value=-0.075017057684476279 0.077371777029694555 -0.076035545317415701 -0.075086582536317836 -0.075024255196320833 -0.075016158337674513 -0.075016128078082445
leaf_weight=0.0059775029658339909 0.079233944416046143 0.12986447630100884 0.0098231458105146885 0.0064710952283348879 0.015504157170653343 0.0057319092156831166
leaf_count=20 2 20 7 17 54 20
internal_value=-0.0277443 -0.0757841 -0.0750334 -0.0750179 -0.0750163 -0.0750162
internal_weight=0.252606 0.173372 0.0435078 0.0336847 0.0272136 0.0212361
internal_count=140 138 118 111 94 74
is_linear=0
shrinkage=0.1


Tree=115
num_leaves=1
num_cat=0
split_feature=
split_gain=
threshold=
decision_type=
left_child=
right_child=
leaf_value=0
leaf_weight=
leaf_count=140
internal_value=
internal_weight=
internal_count=
is_linear=0
shrinkage=1


Tree=116
num_leaves=7
num_cat=0
split_feature=2 3 1 3 2 5
split_gain=0.133001 2.24791e-05 1.17558e-08 2.37176e-10 5.53561e-13 2.28637e-15
threshold=28000.000000000004 120.00000000000001 4500.0000000000009 27.000000000000004 9240.0000000000018 12.500000000000002
decision_type=2 2 2 2 2 2
left_child=1 2 3 4 5 -1
right_child=-2 -3 -4 -5 -6 -7
leaf_value=0.075027815261546421 -0.019367564132483483 0.077282106885890378 0.075127039981243163 0.07504470618338327 0.0750286329622811 0.075027759279846229
leaf_weight=0.028165682510007173 0.62185574788600206 0.11441712826490402 0.016266166232526302 0.010282940173055977 0.010119421174749732 0.0098625857499428093
leaf_count=57 16 3 8 16 20 20
internal_value=0.00296521 0.0764012 0.0750519 0.0750309 0.075028 0.0750278
internal_weight=0.81097 0.189114 0.0746968 0.0584306 0.0481477 0.0380283
internal_count=140 124 121 113 97 77
is_linear=0
shrinkage=0.1


Tree=117
num_leaves=8
num_cat=0
split_feature=3 2 1 4 1 0 0
split_gain=0.120544 0.197618 0.000220093 1.66259e-08 2.24007e-11 8.5995e-12 6.93889e-18
threshold=120.00000000000001 48000.000000000007 12000.000000000002 6.5000000000000009 1155.0000000000002 62.000000000000007 182.50000000000003
decision_type=2 2 2 2 2 2 2
left_child=1 2 3 4 6 -6 -1
right_child=-2 -3 -4 -5 5 -7 -8
leaf_value=-0.075013900131974523 0.052393963372409515 0.069150866134033082 -0.082124738433504332 -0.075126109584944256 -0.07502182701866468 -0.075017059662672761 -0.075013904679343699
leaf_weight=0.0054348270059563228 0.30331411212682724 0.13137325830757618 0.21127636730670929 0.025635736252297647 0.0072743179916869858 0.0078851444413885474 0.0096364575729239732
leaf_count=22 5 2 2 18 23 29 39
internal_value=0.00488959 -0.0312664 -0.0806488 -0.0750669 -0.0750166 -0.0750193 -0.0750139
internal_weight=0.70183 0.398516 0.267143 0.0558665 0.0302307 0.0151595 0.0150713
internal_count=140 135 133 131 113 52 61
is_linear=0
shrinkage=0.1


Tree=118
num_leaves=7
num_cat=0
split_feature=5 3 1 3 0 5
split_gain=0.116425 2.11448e-06 2.81821e-09 2.08195e-11 2.44586e-13 2.61943e-16
threshold=152.00000000000003 40.000000000000007 4500.0000000000009 20.000000000000004 99.000000000000014 14.500000000000002
decision_type=2 2 2 2 2 2
left_child=1 2 3 4 -1 -6
right_child=-2 -3 -4 -5 5 -7
leaf_value=-0.075014681430340791 0.077204419032934943 -0.075891270600061164 -0.075079381999862804 -0.075020874360913356 -0.075013908227432133 -0.075013881187589893
leaf_weight=0.0051451074541546396 0.073958642780780792 0.1145599187730113 0.00902007200056687 0.0055698420037515453 0.013345105922780931 0.004933704563882201
leaf_count=20 2 20 7 17 54 20
internal_value=-0.0257639 -0.0756768 -0.0750306 -0.0750154 -0.0750141 -0.0750139
internal_weight=0.226532 0.152574 0.0380138 0.0289938 0.0234239 0.0182788
internal_count=140 138 118 111 94 74
is_linear=0
shrinkage=0.1


Tree=119
num_leaves=1
num_cat=0
split_feature=
split_gain=
threshold=
decision_type=
left_child=
right_child=
leaf_value=0
leaf_weight=
leaf_count=140
internal_value=
internal_weight=
internal_count=
is_linear=0
shrinkage=1


Tree=120
num_leaves=7
num_cat=0
split_feature=3 2 1 2 1 0
split_gain=0.120478 0.183599 0.0002905 7.94097e-08 7.60169e-09 6.43071e-11
threshold=64.500000000000014 48000.000000000007 12000.000000000002 28000.000000000004 4500.0000000000009 59.500000000000007
decision_type=2 2 2 2 2 2
left_child=1 2 3 4 5 -1
right_child=-2 -3 -4 -5 -6 -7
leaf_value=0.075032719199009473 -0.038372801679448669 -0.08113087681828822 0.081898394633352051 0.075247717814143855 0.075109307717534129 0.075023905067881799
leaf_weight=0.010533674154430628 0.36939692462328821 0.093143060803413391 0.20569673180580139 0.027563163777813315 0.014001921284943819 0.038646410772344097
leaf_count=21 8 1 2 9 8 91
internal_value=0.00254311 0.0413388 0.0798192 0.0751061 0.0750443 0.0750258
internal_weight=0.758982 0.389585 0.296442 0.0907452 0.063182 0.0491801
internal_count=140 132 131 129 120 112
is_linear=0
shrinkage=0.1


Tree=121
num_leaves=7
num_cat=0
split_feature=3 2 1 4 1 4
split_gain=0.111338 0.17941 0.000174954 1.36769e-08 1.78515e-11 3.20791e-12
threshold=120.00000000000001 48000.000000000007 12000.000000000002 6.5000000000000009 1155.0000000000002 2.5000000000000004
decision_type=2 2 2 2 2 2
left_child=1 2 3 4 -1 -6
right_child=-2 -3 -4 -5 5 -7
leaf_value=-0.075011967381250252 0.050594085142300599 0.067468985672177934 -0.081692335033858546 -0.075119677679809413 -0.075018835008130003 -0.075015713203120504
leaf_weight=0.01297243004955817 0.29199354629963636 0.12213900405913591 0.20056021213531494 0.023515675464295782 0.0062483780056936666 0.0069560598785756156
leaf_count=61 5 2 2 18 23 29
internal_value=0.00436399 -0.0318852 -0.0803762 -0.0750643 -0.0750146 -0.0750172
internal_weight=0.664385 0.372392 0.250253 0.0496925 0.0261769 0.0132044
internal_count=140 135 133 131 113 52
is_linear=0
shrinkage=0.1


Tree=122
num_leaves=7
num_cat=0
split_feature=5 3 1 3 0 5
split_gain=0.106315 1.36931e-06 2.14346e-09 1.72068e-11 1.56328e-13 1.35308e-16
threshold=152.00000000000003 40.000000000000007 4500.0000000000009 20.000000000000004 99.000000000000014 14.500000000000002
decision_type=2 2 2 2 2 2
left_child=1 2 3 4 -1 -6
right_child=-2 -3 -4 -5 5 -7
leaf_value=-0.075012635656738033 0.077051805246629745 -0.075768378152714644 -0.075072655492546603 -0.075018709426152463 -0.075011968704532833 -0.075011947865988013
leaf_weight=0.0044286023039603597 0.069105837494134903 0.10119386985024903 0.0080703647690825164 0.0049151942803291595 0.011486649207654409 0.0042466297163628033
leaf_count=20 2 20 7 17 54 20
internal_value=-0.0237386 -0.0755857 -0.0750278 -0.0750134 -0.0750121 -0.075012
internal_weight=0.203447 0.134341 0.0331474 0.0250771 0.0201619 0.0157333
internal_count=140 138 118 111 94 74
is_linear=0
shrinkage=0.1


Tree=123
num_leaves=1
num_cat=0
split_feature=
split_gain=
threshold=
decision_type=
left_child=
right_child=
leaf_value=0
leaf_weight=
leaf_count=140
internal_value=
internal_weight=
internal_count=
is_linear=0
shrinkage=1


Tree=124
num_leaves=7
num_cat=0
split_feature=1 3 4 3 0 5
split_gain=0.120777 1.69666e-05 4.27817e-08 1.16551e-10 2.27436e-13 1.22645e-15
threshold=6620.0000000000009 120.00000000000001 10.000000000000002 20.000000000000004 99.000000000000014 14.500000000000002
decision_type=2 2 2 2 2 2
left_child=1 2 3 4 -1 -6
right_child=-2 -3 -4 -5 5 -7
leaf_value=0.07502121794087499 -0.021073060241823056 0.077199505000096535 0.0752338377335319 0.075033177783722607 0.075020608637743277 0.075020560662656111
leaf_weight=0.0075011361041106275 0.52968390902969986 0.11034989356994629 0.012369222939014435 0.0096144233248196542 0.019771329854847863 0.0073064396856352678
leaf_count=20 18 3 5 20 54 20
internal_value=0.00230121 0.0764777 0.0750694 0.0750234 0.0750207 0.0750206
internal_weight=0.696596 0.166912 0.0565626 0.0441933 0.0345789 0.0270778
internal_count=140 122 119 114 94 74
is_linear=0
shrinkage=0.1


Tree=125
num_leaves=7
num_cat=0
split_feature=1 3 2 2 1 3
split_gain=0.111462 3.98468e-06 3.30593e-07 1.15023e-08 5.69637e-10 1.58389e-11
threshold=12000.000000000002 120.00000000000001 48000.000000000007 28000.000000000004 4500.0000000000009 27.000000000000004
decision_type=2 2 2 2 2 2
left_child=1 2 3 4 5 -1
right_child=-2 -3 -4 -5 -6 -7
leaf_value=-0.075010313663349065 0.0270171063091754 -0.076291271960499729 -0.075660590377182785 -0.075126372266671515 -0.075046661677857951 -0.075017402004927625
leaf_weight=0.017776695618522353 0.47789344936609268 0.08040839247405529 0.011539665050804615 0.015697362367063761 0.0058861097786575547 0.003831876427284441
leaf_count=97 4 4 1 10 8 16
internal_value=0.00434206 -0.0758433 -0.0751851 -0.0750581 -0.0750191 -0.0750116
internal_weight=0.613034 0.13514 0.0547317 0.043192 0.0274947 0.0216086
internal_count=140 136 132 131 121 113
is_linear=0
shrinkage=0.1


Tree=126
num_leaves=7
num_cat=0
split_feature=5 3 1 3 0 5
split_gain=0.0972324 1.03146e-06 1.36643e-09 1.09591e-11 9.91898e-14 1.06685e-16
threshold=152.00000000000003 40.000000000000007 4500.0000000000009 20.000000000000004 99.000000000000014 14.500000000000002
decision_type=2 2 2 2 2 2
left_child=1 2 3 4 -1 -6
right_child=-2 -3 -4 -5 5 -7
leaf_value=-0.075010876716116948 0.076887743911393081 -0.07571137549563256 -0.075062527893299966 -0.075016102329856948 -0.075010304648360906 -0.075010284658023008
leaf_weight=0.0038118329975986845 0.063844162970781326 0.092893611392355524 0.0069473365438170722 0.0042305605020374051 0.0098869551729876548 0.0036552202363964179
leaf_count=20 2 20 7 17 54 20
internal_value=-0.0230197 -0.0755498 -0.075024 -0.0750115 -0.0750104 -0.0750103
internal_weight=0.18527 0.121426 0.0285319 0.0215846 0.017354 0.0135422
internal_count=140 138 118 111 94 74
is_linear=0
shrinkage=0.1


Tree=127
num_leaves=1
num_cat=0
split_feature=
split_gain=
threshold=
decision_type=
left_child=
right_child=
leaf_value=0
leaf_weight=
leaf_count=140
internal_value=
internal_weight=
internal_count=
is_linear=0
shrinkage=1


Tree=128
num_leaves=7
num_cat=0
split_feature=3 2 1 2 1 0
split_gain=0.105129 0.153474 0.000185271 4.30515e-08 3.70062e-09 2.61443e-11
threshold=64.500000000000014 48000.000000000007 12000.000000000002 28000.000000000004 4500.0000000000009 59.500000000000007
decision_type=2 2 2 2 2 2
left_child=1 2 3 4 5 -1
right_child=-2 -3 -4 -5 -6 -7
leaf_value=0.075024235993024796 -0.03752767565724132 -0.08005482787483742 0.081130363398003058 0.075203027941680767 0.075085145984234616 0.075017706720462152
leaf_weight=0.0078042143140919498 0.33149529894581065 0.078873492777347565 0.18627291917800903 0.022257115866523236 0.011060729157179594 0.028631737630348653
leaf_count=21 8 1 2 9 8 91
internal_value=0.00239442 0.0419106 0.0794842 0.0750883 0.0750345 0.0750191
internal_weight=0.666396 0.3349 0.256027 0.0697538 0.0474967 0.036436
internal_count=140 132 131 129 120 112
is_linear=0
shrinkage=0.1


Tree=129
num_leaves=7
num_cat=0
split_feature=3 2 1 1 1 1
split_gain=0.0981038 0.149632 0.000110897 3.12014e-09 9.78833e-10 5.89806e-17
threshold=120.00000000000001 48000.000000000007 12000.000000000002 6620.0000000000009 1155.0000000000002 518.00000000000011
decision_type=2 2 2 2 2 2
left_child=1 2 3 4 5 -1
right_child=-2 -3 -4 -5 -6 -7
leaf_value=-0.075008847449869104 0.048349728161491266 0.06601441850613092 -0.080965201715780533 -0.075092219936196608 -0.075049391419601708 -0.075008863024863787
leaf_weight=0.0039315887406701222 0.26841467525810003 0.10310111474245787 0.18199454247951508 0.013792044017463923 0.014574720742530189 0.0061444439925253391
leaf_count=25 5 2 2 12 55 39
internal_value=0.00365472 -0.0334253 -0.0799344 -0.0750541 -0.0750328 -0.0750089
internal_weight=0.591953 0.323538 0.220437 0.0384428 0.0246508 0.010076
internal_count=140 135 133 131 119 64
is_linear=0
shrinkage=0.1


Tree=130
num_leaves=7
num_cat=0
split_feature=5 3 1 3 0 5
split_gain=0.0864956 6.97384e-07 1.09839e-09 6.98794e-12 6.38274e-14 5.0307e-17
threshold=152.00000000000003 40.000000000000007 4500.0000000000009 20.000000000000004 99.000000000000014 14.500000000000002
decision_type=2 2 2 2 2 2
left_child=1 2 3 4 -1 -6
right_child=-2 -3 -4 -5 5 -7
leaf_value=-0.075009361378772912 0.076680700177612637 -0.075624988047271344 -0.075057954991850195 -0.075013857340245932 -0.075008866102221267 -0.075008851192805565
leaf_weight=0.0032809658005135143 0.057150185108184814 0.082871441132738255 0.0064036973053589455 0.0036413023772183797 0.0085100066644372419 0.0031461604230571547
leaf_count=20 2 20 7 17 54 20
internal_value=-0.0227816 -0.0754854 -0.0750222 -0.0750099 -0.075009 -0.0750089
internal_weight=0.165004 0.107854 0.0249821 0.0185784 0.0149371 0.0116562
internal_count=140 138 118 111 94 74
is_linear=0
shrinkage=0.1


Tree=131
num_leaves=1
num_cat=0
split_feature=
split_gain=
threshold=
decision_type=
left_child=
right_child=
leaf_value=0
leaf_weight=
leaf_count=140
internal_value=
internal_weight=
internal_count=
is_linear=0
shrinkage=1


Tree=132
num_leaves=7
num_cat=0
split_feature=1 3 2 1 0 5
split_gain=0.101704 1.0872e-05 2.54044e-08 7.47075e-10 1.9919e-11 3.76435e-16
threshold=6620.0000000000009 120.00000000000001 28000.000000000004 3550.0000000000005 83.500000000000014 17.500000000000004
decision_type=2 2 2 2 2 2
left_child=1 2 3 4 -1 -6
right_child=-2 -3 -4 -5 5 -7
leaf_value=0.075021363874457625 -0.020211220800737353 0.07696867654228684 0.075228843311591242 0.075055202299927501 0.075015254427351824 0.075015224077854339
leaf_weight=0.0070012942305766037 0.47028999798931181 0.099276233464479446 0.007251898350659757 0.0060947445745114228 0.016807210631668568 0.0054107728064991525
leaf_count=22 18 3 4 11 62 20
internal_value=0.00217429 0.0763954 0.0750584 0.0750234 0.0750167 0.0750152
internal_weight=0.612132 0.141842 0.0425659 0.035314 0.0292193 0.022218
internal_count=140 122 119 115 104 82
is_linear=0
shrinkage=0.1


Tree=133
num_leaves=7
num_cat=0
split_feature=1 3 2 2 1 3
split_gain=0.0947664 2.99048e-06 2.0106e-07 6.3249e-09 2.75633e-10 7.26449e-12
threshold=12000.000000000002 120.00000000000001 48000.000000000007 28000.000000000004 4500.0000000000009 27.000000000000004
decision_type=2 2 2 2 2 2
left_child=1 2 3 4 5 -1
right_child=-2 -3 -4 -5 -6 -7
leaf_value=-0.075007640100074366 0.025472341433117125 -0.076211249237448181 -0.075562875267490601 -0.075104400783016556 -0.075036293834709444 -0.075013188327868977
leaf_weight=0.013169739322620444 0.42850290983915329 0.074430616572499275 0.0098581574857234955 0.012743172701448202 0.0046460570883937171 0.0028751124336849889
leaf_count=97 4 4 1 10 8 16
internal_value=0.00364029 -0.0758269 -0.075166 -0.075049 -0.0750148 -0.0750086
internal_weight=0.546226 0.117723 0.0432922 0.0334341 0.0206909 0.0160449
internal_count=140 136 132 131 121 113
is_linear=0
shrinkage=0.1


Tree=134
num_leaves=7
num_cat=0
split_feature=5 3 1 3 0 5
split_gain=0.0791827 5.2662e-07 7.00345e-10 4.45587e-12 4.02803e-14 4.85723e-17
threshold=152.00000000000003 40.000000000000007 4500.0000000000009 20.000000000000004 99.000000000000014 14.500000000000002
decision_type=2 2 2 2 2 2
left_child=1 2 3 4 -1 -6
right_child=-2 -3 -4 -5 5 -7
leaf_value=-0.075008055703304974 0.076548306333879643 -0.07557961244856215 -0.075049879721509144 -0.075011927218055829 -0.075007632367418101 -0.075007616819674938
leaf_weight=0.0028240082756383353 0.052822008728981018 0.076074088588939048 0.0055124001228250554 0.0031340887362603089 0.0073247977707069367 0.0027079869614681229
leaf_count=20 2 20 7 17 54 20
internal_value=-0.0220704 -0.0754561 -0.0750191 -0.0750085 -0.0750077 -0.0750076
internal_weight=0.150399 0.0975774 0.0215033 0.0159909 0.0128568 0.0100328
internal_count=140 138 118 111 94 74
is_linear=0
shrinkage=0.1


Tree=135
num_leaves=1
num_cat=0
split_feature=
split_gain=
threshold=
decision_type=
left_child=
right_child=
leaf_value=0
leaf_weight=
leaf_count=140
internal_value=
internal_weight=
internal_count=
is_linear=0
shrinkage=1


Tree=136
num_leaves=7
num_cat=0
split_feature=3 2 1 2 1 0
split_gain=0.0922655 0.128631 0.000117443 2.31857e-08 1.82747e-09 1.0627e-11
threshold=64.500000000000014 48000.000000000007 12000.000000000002 28000.000000000004 4500.0000000000009 59.500000000000007
decision_type=2 2 2 2 2 2
left_child=1 2 3 4 5 -1
right_child=-2 -3 -4 -5 -6 -7
leaf_value=0.075017953073987731 -0.036794085659088559 -0.079184777130082359 0.080444259569008136 0.075166265416858752 0.075066741776686069 0.075013116792396778
leaf_weight=0.0057819368812488383 0.29773588449461386 0.066740505397319794 0.16825924813747406 0.017972237605135888 0.0087496675550937653 0.021211718558333814
leaf_count=21 8 1 2 9 8 91
internal_value=0.00226508 0.0425446 0.0791446 0.0750736 0.075027 0.0750142
internal_weight=0.586451 0.288715 0.221975 0.0537156 0.0357433 0.0269937
internal_count=140 132 131 129 120 112
is_linear=0
shrinkage=0.1


Tree=137
num_leaves=7
num_cat=0
split_feature=0 1 3 2 1 3
split_gain=0.0891164 0.127726 1.96155e-06 2.42189e-09 2.11133e-10 4.11316e-12
threshold=36.500000000000007 12000.000000000002 136.50000000000003 28000.000000000004 4500.0000000000009 20.000000000000004
decision_type=2 2 2 2 2 2
left_child=-1 2 3 4 5 -2
right_child=1 -3 -4 -5 -6 -7
leaf_value=-0.035201292242901534 -0.07500656529619576 0.089620513686970188 -0.076209931704435366 -0.075095376835887087 -0.075035269252108308 -0.075010931415293899
leaf_weight=0.2828704351268243 0.010734434727055486 0.18203200399875641 0.041368681937456131 0.0045402932446449986 0.0034210722660645834 0.0027004751318600037
leaf_count=16 92 1 2 5 6 18
internal_value=0.00302903 0.0472053 -0.0758079 -0.0750306 -0.0750131 -0.0750074
internal_weight=0.527667 0.244797 0.062765 0.0213963 0.016856 0.0134349
internal_count=140 124 123 121 116 110
is_linear=0
shrinkage=0.1


Tree=138
num_leaves=7
num_cat=0
split_feature=5 3 1 3 0 5
split_gain=0.0704603 3.55613e-07 5.67022e-10 2.83994e-12 2.57416e-14 2.77556e-17
threshold=152.00000000000003 40.000000000000007 4500.0000000000009 20.000000000000004 99.000000000000014 14.500000000000002
decision_type=2 2 2 2 2 2
left_child=1 2 3 4 -1 -6
right_child=-2 -3 -4 -5 5 -7
leaf_value=-0.075006934347486787 0.076379094563566161 -0.075508887122006402 -0.075046427197733565 -0.075010265506573123 -0.075006569402778792 -0.075006556638883129
leaf_weight=0.0024306713166879499 0.047259252518415451 0.06783493507100502 0.0050873187428805968 0.0026974644861184069 0.0063046310970094055 0.0023308316303882748
leaf_count=20 2 20 7 17 54 20
internal_value=-0.0218498 -0.0754021 -0.0750179 -0.0750074 -0.0750066 -0.0750066
internal_weight=0.133945 0.0866859 0.0188509 0.0137636 0.0110661 0.00863546
internal_count=140 138 118 111 94 74
is_linear=0
shrinkage=0.1


Tree=139
num_leaves=1
num_cat=0
split_feature=
split_gain=
threshold=
decision_type=
left_child=
right_child=
leaf_value=0
leaf_weight=
leaf_count=140
internal_value=
internal_weight=
internal_count=
is_linear=0
shrinkage=1


Tree=140
num_leaves=7
num_cat=0
split_feature=1 3 2 1 0 5
split_gain=0.0802224 5.82033e-06 1.47689e-08 2.98771e-10 1.19666e-11 1.49186e-16
threshold=6620.0000000000009 120.00000000000001 28000.000000000004 3550.0000000000005 83.500000000000014 17.500000000000004
decision_type=2 2 2 2 2 2
left_child=1 2 3 4 -1 -6
right_child=-2 -3 -4 -5 5 -7
leaf_value=0.07501676793195633 -0.017859419687776466 0.076634655914261718 0.075193338126337786 0.075040878451946777 0.075011299429456224 0.075011277366762844
leaf_weight=0.0052731380274053654 0.42428685468621552 0.083249533548951149 0.0058379494294058523 0.0045203420449979595 0.012451756032533012 0.0040086467633955172
leaf_count=22 18 3 4 11 62 20
internal_value=0.00224369 0.0761936 0.0750495 0.0750175 0.0750126 0.0750113
internal_weight=0.539628 0.115341 0.0320918 0.0262539 0.0217335 0.0164604
internal_count=140 122 119 115 104 82
is_linear=0
shrinkage=0.1


Tree=141
num_leaves=7
num_cat=0
split_feature=0 1 3 2 1 3
split_gain=0.0744221 0.116013 1.63666e-06 2.13566e-09 1.34009e-10 3.60289e-12
threshold=36.500000000000007 12000.000000000002 136.50000000000003 28000.000000000004 4500.0000000000009 27.000000000000004
decision_type=2 2 2 2 2 2
left_child=-1 2 3 4 5 -2
right_child=1 -3 -4 -5 -6 -7
leaf_value=-0.03311071171268145 -0.075005649657299403 0.087860903879711155 -0.076163491858908194 -0.075092562596578455 -0.075030356060972067 -0.075010266643663046
leaf_weight=0.26163093523064163 0.0095395844036829658 0.16660198569297791 0.039829187095165253 0.0041601573175285003 0.0029448202403727928 0.0020541279081953698
leaf_count=16 95 1 2 5 6 15
internal_value=0.00316076 0.045313 -0.0758012 -0.0750294 -0.0750113 -0.0750065
internal_weight=0.486761 0.22513 0.0585279 0.0186987 0.0145385 0.0115937
internal_count=140 124 123 121 116 110
is_linear=0
shrinkage=0.1


Tree=142
num_leaves=7
num_cat=0
split_feature=5 3 1 3 0 5
split_gain=0.0635108 2.86484e-07 3.6154e-10 1.8075e-12 1.64157e-14 2.42861e-17
threshold=152.00000000000003 40.000000000000007 4500.0000000000009 20.000000000000004 99.000000000000014 14.500000000000002
decision_type=2 2 2 2 2 2
left_child=1 2 3 4 -1 -6
right_child=-2 -3 -4 -5 5 -7
leaf_value=-0.075005968217482621 0.076232188398619852 -0.075486534589545726 -0.075039957933627222 -0.075008832509992643 -0.075005654598837249 -0.075005641752669633
leaf_weight=0.0020921273098792881 0.042387707158923149 0.063102985564910341 0.0043790565105155102 0.0023217136331368246 0.0054265380895230919 0.0020061991817783564
leaf_count=20 2 20 7 17 54 20
internal_value=-0.0225877 -0.0753902 -0.0750154 -0.0750063 -0.0750057 -0.0750057
internal_weight=0.121716 0.0793286 0.0162256 0.0118466 0.00952486 0.00743274
internal_count=140 138 118 111 94 74
is_linear=0
shrinkage=0.1


Tree=143
num_leaves=1
num_cat=0
split_feature=
split_gain=
threshold=
decision_type=
left_child=
right_child=
leaf_value=0
leaf_weight=
leaf_count=140
internal_value=
internal_weight=
internal_count=
is_linear=0
shrinkage=1


Tree=144
num_leaves=7
num_cat=0
split_feature=2 3 1 4 0 1
split_gain=0.0714831 0.128807 7.79834e-05 1.64489e-08 3.40234e-11 1.51237e-12
threshold=48000.000000000007 120.00000000000001 12000.000000000002 6.5000000000000009 62.000000000000007 1155.0000000000002
decision_type=2 2 2 2 2 2
left_child=1 2 3 4 -1 -6
right_child=-2 -3 -4 -5 5 -7
leaf_value=0.07501917188368637 -0.078123084978755253 -0.032679624386207216 0.079767680364390914 0.075132264659985529 0.075009729231044472 0.075011793458542697
leaf_weight=0.0063024399278219781 0.090973157435655594 0.22082305327057838 0.14985914528369904 0.024574701470555738 0.010030060875578783 0.0054931251506786802
leaf_count=26 3 4 2 18 58 29
internal_value=0.00219259 0.0197109 0.0786585 0.0750762 0.075013 0.0750105
internal_weight=0.508056 0.417083 0.196259 0.0464003 0.0218256 0.0155232
internal_count=140 137 133 131 113 87
is_linear=0
shrinkage=0.1


Tree=145
num_leaves=7
num_cat=0
split_feature=0 1 3 2 1 3
split_gain=0.0699915 0.100388 1.04941e-06 1.38461e-09 1.03113e-10 2.29707e-12
threshold=36.500000000000007 12000.000000000002 136.50000000000003 28000.000000000004 4500.0000000000009 27.000000000000004
decision_type=2 2 2 2 2 2
left_child=-1 2 3 4 5 -2
right_child=1 -3 -4 -5 -6 -7
leaf_value=-0.031987158060446205 -0.075004862329130992 0.086540767649870814 -0.07599961681088882 -0.075080066245979238 -0.075027638887637527 -0.075008835956177716
leaf_weight=0.25692246590915602 0.0082108980641351081 0.15409664809703827 0.034366585314273834 0.0036616630823118603 0.0026861842197831729 0.0017680475211818711
leaf_count=16 95 1 2 5 6 15
internal_value=0.00277368 0.0463834 -0.075686 -0.0750259 -0.0750102 -0.0750056
internal_weight=0.461712 0.20479 0.0506934 0.0163268 0.0126651 0.00997895
internal_count=140 124 123 121 116 110
is_linear=0
shrinkage=0.1


Tree=146
num_leaves=7
num_cat=0
split_feature=5 3 1 3 0 5
split_gain=0.0571814 2.00283e-07 2.93058e-10 1.15433e-12 1.05523e-14 9.1073e-18
threshold=152.00000000000003 40.000000000000007 4500.0000000000009 20.000000000000004 99.000000000000014 14.500000000000002
decision_type=2 2 2 2 2 2
left_child=1 2 3 4 -1 -6
right_child=-2 -3 -4 -5 5 -7
leaf_value=-0.075005138200024218 0.076115850150670517 -0.0754341958747477 -0.07503727123106492 -0.075007604788796714 -0.075004866457714967 -0.075004857972319955
leaf_weight=0.0018007223116001114 0.038503341376781464 0.056437149934936315 0.0040410587098449477 0.0019982649755547763 0.0046707299115951173 0.0017267766888835467
leaf_count=20 2 20 7 17 54 20
internal_value=-0.021933 -0.0753496 -0.0750145 -0.0750054 -0.0750049 -0.0750049
internal_weight=0.109178 0.0706747 0.0142376 0.0101965 0.00819823 0.00639751
internal_count=140 138 118 111 94 74
is_linear=0
shrinkage=0.1


Tree=147
num_leaves=1
num_cat=0
split_feature=
split_gain=
threshold=
decision_type=
left_child=
right_child=
leaf_value=0
leaf_weight=
leaf_count=140
internal_value=
internal_weight=
internal_count=
is_linear=0
shrinkage=1


Tree=148
num_leaves=7
num_cat=0
split_feature=2 3 1 4 0 1
split_gain=0.0666086 0.110909 5.45361e-05 1.09257e-08 2.17557e-11 9.60103e-13
threshold=48000.000000000007 120.00000000000001 12000.000000000002 6.5000000000000009 62.000000000000007 1155.0000000000002
decision_type=2 2 2 2 2 2
left_child=1 2 3 4 -1 -6
right_child=-2 -3 -4 -5 5 -7
leaf_value=0.075016507053251039 -0.078033767705306789 -0.029858710086171615 0.079259764819585993 0.075115636041362246 0.075008375982455133 0.075010148771669741
leaf_weight=0.0054357491462724275 0.084724947810173035 0.2057338897138834 0.13561566174030304 0.021423121317639016 0.0086331381025956944 0.0047280091384891429
leaf_count=26 3 4 2 18 58 29
internal_value=0.00217394 0.0199835 0.0783007 0.0750668 0.0750112 0.075009
internal_weight=0.466295 0.38157 0.175836 0.04022 0.0187969 0.0133611
internal_count=140 137 133 131 113 87
is_linear=0
shrinkage=0.1


Tree=149
num_leaves=7
num_cat=0
split_feature=1 3 2 2 1 3
split_gain=0.060049 9.68116e-07 4.64966e-08 2.06177e-09 7.13945e-11 1.39432e-12
threshold=12000.000000000002 120.00000000000001 48000.000000000007 28000.000000000004 4500.0000000000009 27.000000000000004
decision_type=2 2 2 2 2 2
left_child=1 2 3 4 5 -1
right_child=-2 -3 -4 -5 -6 -7
leaf_value=-0.075004207731330055 0.020965794880595287 -0.075847220931866327 -0.075349608162826515 -0.075073107507588069 -0.075022686738466501 -0.075007460469763254
leaf_weight=0.0072494468477088958 0.34671990573406219 0.052242187317460775 0.0061577805317938319 0.0088491439819335938 0.0029823527729604402 0.0016106307521113195
leaf_count=97 4 4 1 10 8 16
internal_value=0.00303003 -0.0755964 -0.0751084 -0.0750366 -0.0750093 -0.0750048
internal_weight=0.425811 0.0790915 0.0268494 0.0206916 0.0118424 0.00886008
internal_count=140 136 132 131 121 113
is_linear=0
shrinkage=0.1


Tree=150
num_leaves=7
num_cat=0
split_feature=5 3 1 3 0 4
split_gain=0.0506241 1.62554e-07 1.86823e-10 7.35032e-13 6.75328e-15 5.63785e-18
threshold=152.00000000000003 40.000000000000007 4500.0000000000009 20.000000000000004 99.000000000000014 2.5000000000000004
decision_type=2 2 2 2 2 2
left_child=1 2 3 4 -1 -6
right_child=-2 -3 -4 -5 5 -7
leaf_value=-0.075004422059812739 0.075971340672246146 -0.075417133017991994 -0.07503207544332223 -0.075006543157429273 -0.075004187952219276 -0.075004181200397424
leaf_weight=0.0015499044311582111 0.033643566071987152 0.052251080931455363 0.0034782566362991938 0.0017199224821524695 0.0037223688559606671 0.0017840555010479875
leaf_count=20 2 20 7 17 50 24
internal_value=-0.0234737 -0.0753403 -0.0750125 -0.0750047 -0.0750042 -0.0750042
internal_weight=0.0981492 0.0645056 0.0122545 0.00877625 0.00705633 0.00550642
internal_count=140 138 118 111 94 74
is_linear=0
shrinkage=0.1


Tree=151
num_leaves=1
num_cat=0
split_feature=
split_gain=
threshold=
decision_type=
left_child=
right_child=
leaf_value=0
leaf_weight=
leaf_count=140
internal_value=
internal_weight=
internal_count=
is_linear=0
shrinkage=1


Tree=152
num_leaves=7
num_cat=0
split_feature=2 3 1 3 2 5
split_gain=0.0597169 2.59983e-06 3.71411e-10 8.08371e-12 1.78191e-14 4.0766e-17
threshold=28000.000000000004 120.00000000000001 4500.0000000000009 27.000000000000004 9240.0000000000018 12.500000000000002
decision_type=2 2 2 2 2 2
left_child=1 2 3 4 5 -1
right_child=-2 -3 -4 -5 -6 -7
leaf_value=0.075007209700099151 -0.01635317102915233 0.076302848071525403 0.075039298183941602 0.075013205311415448 0.075007498294920039 0.075007195026850035
leaf_weight=0.007303962527657859 0.34937004451057874 0.067052429541945457 0.0051958662807010106 0.0028077756869606682 0.0026425009564263755 0.0025574465689714998
leaf_count=57 16 3 8 16 20 20
internal_value=0.00215454 0.0760015 0.0750162 0.0750084 0.0750073 0.0750072
internal_weight=0.43693 0.08756 0.0205076 0.0153117 0.0125039 0.00986141
internal_count=140 124 121 113 97 77
is_linear=0
shrinkage=0.1


Tree=153
num_leaves=7
num_cat=0
split_feature=0 1 3 2 1 3
split_gain=0.0579719 0.0848066 7.00957e-07 5.63208e-10 4.19109e-11 9.32646e-13
threshold=36.500000000000007 12000.000000000002 136.50000000000003 28000.000000000004 4500.0000000000009 27.000000000000004
decision_type=2 2 2 2 2 2
left_child=-1 2 3 4 5 -2
right_child=1 -3 -4 -5 -6 -7
leaf_value=-0.030916810793101296 -0.075003603255611187 0.084700178689546185 -0.07591467446256267 -0.075059318547189224 -0.075020473598695972 -0.075006544996046573
leaf_weight=0.22200954944128171 0.0060828586720163003 0.13521072268486023 0.031516608782112598 0.0027137766446685427 0.0019900528568541631 0.0013097843184368685
leaf_count=16 95 1 2 5 6 15
internal_value=0.00321456 0.0455886 -0.0756663 -0.0750192 -0.0750076 -0.0750041
internal_weight=0.400833 0.178824 0.0436131 0.0120965 0.0093827 0.00739264
internal_count=140 124 123 121 116 110
is_linear=0
shrinkage=0.1


Tree=154
num_leaves=7
num_cat=0
split_feature=5 3 1 3 0 1
split_gain=0.0443383 1.27024e-07 1.1912e-10 4.70036e-13 4.38408e-15 3.03577e-18
threshold=152.00000000000003 40.000000000000007 4500.0000000000009 20.000000000000004 99.000000000000014 518.00000000000011
decision_type=2 2 2 2 2 2
left_child=1 2 3 4 -1 -6
right_child=-2 -3 -4 -5 5 -7
leaf_value=-0.075003806997930383 0.075833400895443451 -0.075393832124499058 -0.075027606983692804 -0.075005634091188114 -0.075003598386704728 -0.075003603414220188
leaf_weight=0.0013340218283701688 0.028970817103981972 0.048222139208519366 0.0029938657971797511 0.0014803505764575675 0.0015358647870016284 0.0032035873955464922
leaf_count=20 2 20 7 17 24 50
internal_value=-0.0254145 -0.0753251 -0.0750107 -0.075004 -0.0750036 -0.0750036
internal_weight=0.0877406 0.0587698 0.0105477 0.00755382 0.00607347 0.00473945
internal_count=140 138 118 111 94 74
is_linear=0
shrinkage=0.1


Tree=155
num_leaves=1
num_cat=0
split_feature=
split_gain=
threshold=
decision_type=
left_child=
right_child=
leaf_value=0
leaf_weight=
leaf_count=140
internal_value=
internal_weight=
internal_count=
is_linear=0
shrinkage=1


Tree=156
num_leaves=7
num_cat=0
split_feature=2 3 1 4 0 1
split_gain=0.0590373 0.1006 3.79487e-05 5.9445e-09 8.91399e-12 6.25012e-13
threshold=48000.000000000007 120.00000000000001 12000.000000000002 6.5000000000000009 62.000000000000007 1155.0000000000002
decision_type=2 2 2 2 2 2
left_child=1 2 3 4 -1 -6
right_child=-2 -3 -4 -5 5 -7
leaf_value=0.075012354119258412 -0.077863630720666321 -0.031328848521209214 0.078949993956873576 0.075096162307997538 0.075006203695175674 0.075007857820882887
leaf_weight=0.0040610158612253153 0.075416342355310917 0.17890808917582035 0.12674230337142944 0.017189565049193334 0.006395803575287573 0.0035534066482796334
leaf_count=26 3 4 2 18 58 29
internal_value=0.00211243 0.020018 0.0781809 0.0750568 0.0750084 0.0750068
internal_weight=0.412267 0.33685 0.157942 0.0311998 0.0140102 0.00994921
internal_count=140 137 133 131 113 87
is_linear=0
shrinkage=0.1


Tree=157
num_leaves=7
num_cat=0
split_feature=0 1 3 2 1 3
split_gain=0.0545385 0.0736514 4.50532e-07 4.74388e-10 2.67145e-11 5.94766e-13
threshold=36.500000000000007 12000.000000000002 136.50000000000003 28000.000000000004 4500.0000000000009 27.000000000000004
decision_type=2 2 2 2 2 2
left_child=-1 2 3 4 5 -2
right_child=1 -3 -4 -5 -6 -7
leaf_value=-0.029830763586160644 -0.075003100970260653 0.083747687360741424 -0.075786136572554952 -0.075055939650783873 -0.075017618731705538 -0.075005633109511693
leaf_weight=0.21825732119759778 0.0052356131891428959 0.12472326308488846 0.027179202996194363 0.0025593737373128542 0.0017129464831668884 0.0011273607706243638
leaf_count=16 95 1 2 5 6 15
internal_value=0.00282791 0.0466823 -0.0755702 -0.0750184 -0.0750065 -0.0750035
internal_weight=0.380795 0.162538 0.0378145 0.0106353 0.00807592 0.00636297
internal_count=140 124 123 121 116 110
is_linear=0
shrinkage=0.1


Tree=158
num_leaves=7
num_cat=0
split_feature=5 2 3 2 1 3
split_gain=0.0399891 1.01998e-07 1.10981e-07 1.00953e-09 3.00624e-11 8.96892e-13
threshold=152.00000000000003 48000.000000000007 120.00000000000001 28000.000000000004 4500.0000000000009 27.000000000000004
decision_type=2 2 2 2 2 2
left_child=1 2 3 4 5 -1
right_child=-2 -3 -4 -5 -6 -7
leaf_value=-0.075003137671787137 0.07575624139494512 -0.075578255593357652 -0.075360114575928214 -0.07505535864939844 -0.075017043112948545 -0.075006136598049666
leaf_weight=0.0053922328916087281 0.026342443190515041 0.010123454965651035 0.024903562385588884 0.0084666822222061455 0.0022636731737293303 0.0012235483445692807
leaf_count=97 2 1 4 12 8 16
internal_value=-0.024744 -0.0752932 -0.0752249 -0.0750307 -0.0750071 -0.0750037
internal_weight=0.0787156 0.0523732 0.0422497 0.0173461 0.00887945 0.00661578
internal_count=140 138 137 133 121 113
is_linear=0
shrinkage=0.1


Tree=159
num_leaves=1
num_cat=0
split_feature=
split_gain=
threshold=
decision_type=
left_child=
right_child=
leaf_value=0
leaf_weight=
leaf_count=140
internal_value=
internal_weight=
internal_count=
is_linear=0
shrinkage=1


Tree=160
num_leaves=7
num_cat=0
split_feature=2 0 1 3 2 1
split_gain=0.055275 0.0882941 0.0923508 1.36835e-06 1.86631e-09 1.32266e-10
threshold=48000.000000000007 36.500000000000007 12000.000000000002 136.50000000000003 28000.000000000004 4500.0000000000009
decision_type=2 2 2 2 2 2
left_child=1 -1 3 4 5 -3
right_child=-2 2 -4 -5 -6 -7
leaf_value=0.077995178081716576 -0.077774970746456729 0.075006162622101302 -0.08247314732240113 0.07609091468448588 0.075088871553810804 0.075030087051475514
leaf_weight=0.14276236917066853 0.070498153567314148 0.010970893599733245 0.10986984521150589 0.037658937275409698 0.0039795525663066647 0.0029274270927999177
leaf_count=13 3 110 1 2 5 6
internal_value=0.00210561 0.0203795 -0.0293486 0.0757489 0.0750285 0.0750112
internal_weight=0.378667 0.308169 0.165407 0.0555368 0.0178779 0.0138983
internal_count=140 137 124 123 121 116
is_linear=0
shrinkage=0.1


Tree=161
num_leaves=7
num_cat=0
split_feature=0 1 3 2 1 3
split_gain=0.046149 0.0673477 3.67096e-07 3.02528e-10 1.70401e-11 3.19557e-13
threshold=36.500000000000007 12000.000000000002 136.50000000000003 28000.000000000004 4500.0000000000009 20.000000000000004
decision_type=2 2 2 2 2 2
left_child=-1 2 3 4 5 -2
right_child=1 -3 -4 -5 -6 -7
leaf_value=-0.028030820871424146 -0.075002669095771857 0.082784062199672229 -0.075752106929990917 -0.075048148254623165 -0.075015166290238591 -0.07500456791769855
leaf_weight=0.20233695906063076 0.0043645319456118159 0.11358290165662766 0.026025960221886635 0.0022032216947991401 0.0014743534848093987 0.0011121401075797621
leaf_count=16 92 1 2 5 6 18
internal_value=0.00305596 0.045338 -0.0755605 -0.0750159 -0.0750056 -0.0750031
internal_weight=0.3511 0.148763 0.0351802 0.00915425 0.00695103 0.00547667
internal_count=140 124 123 121 116 110
is_linear=0
shrinkage=0.1


Tree=162
num_leaves=7
num_cat=0
split_feature=5 2 3 2 1 3
split_gain=0.0354519 8.71669e-08 8.98395e-08 6.44479e-10 1.91721e-11 5.71803e-13
threshold=152.00000000000003 48000.000000000007 120.00000000000001 28000.000000000004 4500.0000000000009 27.000000000000004
decision_type=2 2 2 2 2 2
left_child=1 2 3 4 5 -1
right_child=-2 -3 -4 -5 -6 -7
leaf_value=-0.075002700546223044 0.075659381933745301 -0.075553589227244727 -0.075340455914848059 -0.075047667707379973 -0.075014670100111647 -0.075005281564783657
leaf_weight=0.0046411556868406478 0.023026606999337673 0.0096979467198252678 0.023351902607828379 0.0072907166904769838 0.0019483512587612495 0.0010531170119065791
leaf_count=97 2 1 4 12 8 16
internal_value=-0.0263382 -0.0752858 -0.075218 -0.0750264 -0.0750061 -0.0750032
internal_weight=0.0710098 0.0479832 0.0382852 0.0149333 0.00764262 0.00569427
internal_count=140 138 137 133 121 113
is_linear=0
shrinkage=0.1


Tree=163
num_leaves=1
num_cat=0
split_feature=
split_gain=
threshold=
decision_type=
left_child=
right_child=
leaf_value=0
leaf_weight=
leaf_count=140
internal_value=
internal_weight=
internal_count=
is_linear=0
shrinkage=1


Tree=164
num_leaves=7
num_cat=0
split_feature=2 0 1 3 2 1
split_gain=0.0521581 0.0773851 0.0786709 8.70116e-07 1.18999e-09 8.43356e-11
threshold=48000.000000000007 36.500000000000007 12000.000000000002 136.50000000000003 28000.000000000004 4500.0000000000009
decision_type=2 2 2 2 2 2
left_child=1 -1 3 4 5 -3
right_child=-2 2 -4 -5 -6 -7
leaf_value=0.077699488662446664 -0.07768248421234622 0.075005305137769318 -0.081338285163678248 0.075937348876765953 0.075076487627337707 0.075025896381480661
leaf_weight=0.12886785484442953 0.065934641286730766 0.0094428642332786694 0.095803625881671906 0.032488824799656868 0.0034258942177984872 0.0025198279472533622
leaf_count=13 3 110 1 2 5 6
internal_value=0.00212753 0.0214351 -0.0290286 0.075644 0.0750245 0.0750096
internal_weight=0.338484 0.272549 0.143681 0.0478774 0.0153886 0.0119627
internal_count=140 137 124 123 121 116
is_linear=0
shrinkage=0.1


Tree=165
num_leaves=7
num_cat=0
split_feature=1 3 2 2 1 3
split_gain=0.0390653 3.08851e-07 1.11742e-08 5.7561e-10 1.28106e-11 1.96504e-13
threshold=12000.000000000002 120.00000000000001 48000.000000000007 28000.000000000004 4500.0000000000009 20.000000000000004
decision_type=2 2 2 2 2 2
left_child=1 2 3 4 5 -1
right_child=-2 -3 -4 -5 -6 -7
leaf_value=-0.075002324589220015 0.018730253870515943 -0.075595466977447359 -0.075219877315517353 -0.075048441691125442 -0.075012751691567181 -0.075003889048319353
leaf_weight=0.00387086743285181 0.2631513774394989 0.036644042935222387 0.0038861262146383515 0.005812981522467453 0.0016893388237804174 0.0010129666443390306
leaf_count=94 4 4 1 10 8 19
internal_value=0.00296511 -0.0754345 -0.0750719 -0.0750255 -0.0750052 -0.0750026
internal_weight=0.316068 0.0529163 0.0162723 0.0123862 0.00657317 0.00488383
internal_count=140 136 132 131 121 113
is_linear=0
shrinkage=0.1


Tree=166
num_leaves=7
num_cat=0
split_feature=5 2 3 2 1 3
split_gain=0.0310397 8.43441e-08 5.72657e-08 4.10121e-10 1.2198e-11 3.10018e-13
threshold=152.00000000000003 48000.000000000007 120.00000000000001 28000.000000000004 4500.0000000000009 20.000000000000004
decision_type=2 2 2 2 2 2
left_child=1 2 3 4 5 -1
right_child=-2 -3 -4 -5 -6 -7
leaf_value=-0.075002324710291488 0.075575695147819519 -0.0755290239731191 -0.075292926262196247 -0.075040998631312361 -0.075012617950723268 -0.075004278040224026
leaf_weight=0.0038723481229681056 0.020147927105426788 0.009273589588701725 0.02013236191123724 0.0062697733155800961 0.0016757602570578456 0.0010282848379574716
leaf_count=94 2 1 4 12 8 19
internal_value=-0.0265594 -0.0752626 -0.0751877 -0.0750227 -0.0750053 -0.0750027
internal_weight=0.0624 0.0422521 0.0329785 0.0128462 0.00657639 0.00490063
internal_count=140 138 137 133 121 113
is_linear=0
shrinkage=0.1


Tree=167
num_leaves=1
num_cat=0
split_feature=
split_gain=
threshold=
decision_type=
left_child=
right_child=
leaf_value=0
leaf_weight=
leaf_count=140
internal_value=
internal_weight=
internal_count=
is_linear=0
shrinkage=1


Tree=168
num_leaves=7
num_cat=0
split_feature=2 0 1 3 2 1
split_gain=0.0469281 0.0730669 0.0686215 5.53557e-07 7.58848e-10 5.37662e-11
threshold=48000.000000000007 36.500000000000007 12000.000000000002 136.50000000000003 28000.000000000004 4500.0000000000009
decision_type=2 2 2 2 2 2
left_child=1 -1 3 4 5 -3
right_child=-2 2 -4 -5 -6 -7
leaf_value=0.077565132608595114 -0.077459690891190106 0.075004565621821381 -0.080736380436471258 0.075805625449179931 0.075065831828226265 0.07502228683710449
leaf_weight=0.11977455377200386 0.059645066969096661 0.0081276437267661095 0.088003367185592651 0.028020323254168034 0.0029491733002942064 0.0021689609566237786
leaf_count=13 3 110 1 2 5 6
internal_value=0.00221251 0.0212937 -0.0308446 0.0755538 0.0750211 0.0750083
internal_weight=0.308689 0.249044 0.129269 0.0412661 0.0132458 0.0102966
internal_count=140 137 124 123 121 116
is_linear=0
shrinkage=0.1


Tree=169
num_leaves=7
num_cat=0
split_feature=0 1 3 2 1 0
split_gain=0.036997 0.049647 1.48706e-07 1.23024e-10 6.92788e-12 8.47304e-14
threshold=36.500000000000007 12000.000000000002 136.50000000000003 28000.000000000004 4500.0000000000009 83.500000000000014
decision_type=2 2 2 2 2 2
left_child=-1 2 3 4 5 -2
right_child=1 -3 -4 -5 -6 -7
leaf_value=-0.026648064780295362 -0.07500299344684383 0.080972910231403572 -0.075555954910331749 -0.075035669883472961 -0.075011235262832751 -0.075001977167601971
leaf_weight=0.17291893738365616 0.0011415750959713469 0.091097533702850342 0.019338027574121952 0.0016325266478816047 0.0010923071240540594 0.0029157022836443502
leaf_count=16 27 1 2 5 6 83
internal_value=0.00275262 0.0461244 -0.0754147 -0.0750117 -0.0750042 -0.0750023
internal_weight=0.290137 0.117218 0.0261201 0.00678211 0.00514958 0.00405728
internal_count=140 124 123 121 116 110
is_linear=0
shrinkage=0.1


Tree=170
num_leaves=7
num_cat=0
split_feature=5 2 3 2 1 0
split_gain=0.0268417 6.69954e-08 3.72132e-08 2.60565e-10 7.76484e-12 1.65526e-13
threshold=152.00000000000003 48000.000000000007 120.00000000000001 28000.000000000004 4500.0000000000009 62.000000000000007
decision_type=2 2 2 2 2 2
left_child=1 2 3 4 5 -1
right_child=-2 -3 -4 -5 -6 -7
leaf_value=-0.075003390875364048 0.075494302587204895 -0.075483289077711763 -0.075253761060821919 -0.0750352419625087 -0.075010855550163055 -0.075001975357420592
leaf_weight=0.0011275359138380736 0.017336677759885788 0.0084822028875350952 0.017557876650243998 0.0053897308971500024 0.0014414111064979807 0.0030901109603291843
leaf_count=25 2 1 4 12 8 88
internal_value=-0.0272228 -0.0752365 -0.0751633 -0.0750195 -0.0750045 -0.0750024
internal_weight=0.0544255 0.0370889 0.0286067 0.0110488 0.00565906 0.00421765
internal_count=140 138 137 133 121 113
is_linear=0
shrinkage=0.1


Tree=171
num_leaves=1
num_cat=0
split_feature=
split_gain=
threshold=
decision_type=
left_child=
right_child=
leaf_value=0
leaf_weight=
leaf_count=140
internal_value=
internal_weight=
internal_count=
is_linear=0
shrinkage=1


Tree=172
num_leaves=7
num_cat=0
split_feature=2 0 1 3 2 1
split_gain=0.0443842 0.064099 0.0585939 3.52251e-07 4.83838e-10 3.42729e-11
threshold=48000.000000000007 36.500000000000007 12000.000000000002 136.50000000000003 28000.000000000004 4500.0000000000009
decision_type=2 2 2 2 2 2
left_child=1 -1 3 4 5 -3
right_child=-2 2 -4 -5 -6 -7
leaf_value=0.077315817567718617 -0.077372061867562306 0.075003929786040924 -0.079881937321758717 0.0756925300607309 0.075056657533989601 0.075019180052443346
leaf_weight=0.10822511676815338 0.055866712238639593 0.0069955984981788788 0.076505869626998901 0.02415880374610424 0.0025387403875356549 0.0018669342971406877
leaf_count=13 3 110 1 2 5 6
internal_value=0.00223603 0.022425 -0.0305846 0.0754763 0.0750182 0.0750071
internal_weight=0.276158 0.220291 0.112066 0.0355601 0.0114013 0.00886253
internal_count=140 137 124 123 121 116
is_linear=0
shrinkage=0.1


Tree=173
num_leaves=7
num_cat=0
split_feature=0 1 3 2 1 0
split_gain=0.0308535 0.042343 9.46774e-08 7.84451e-11 3.47176e-12 9.6301e-15
threshold=36.500000000000007 12000.000000000002 136.50000000000003 28000.000000000004 3550.0000000000005 107.50000000000001
decision_type=2 2 2 2 2 2
left_child=-1 2 3 4 5 -2
right_child=1 -3 -4 -5 -6 -7
leaf_value=-0.024764976256789008 -0.075002073920478307 0.080082120156198783 -0.075478089756924771 -0.075030700651210078 -0.07500802611875497 -0.075001701391369399
leaf_weight=0.15954253456948209 0.001025325722366687 0.079245284199714661 0.016663794405758381 0.0014052491169422865 0.0012602196293300949 0.002146790393453557
leaf_count=16 31 1 2 5 14 71
internal_value=0.00267686 0.0457067 -0.0753567 -0.0750101 -0.0750036 -0.0750018
internal_weight=0.261289 0.101747 0.0225014 0.00583758 0.00443234 0.00317212
internal_count=140 124 123 121 116 102
is_linear=0
shrinkage=0.1


Tree=174
num_leaves=7
num_cat=0
split_feature=5 2 3 2 1 0
split_gain=0.0235406 6.26233e-08 2.37232e-08 1.6586e-10 4.94004e-12 8.60158e-14
threshold=152.00000000000003 48000.000000000007 120.00000000000001 28000.000000000004 4500.0000000000009 83.500000000000014
decision_type=2 2 2 2 2 2
left_child=1 2 3 4 5 -1
right_child=-2 -3 -4 -5 -6 -7
leaf_value=-0.075002753399214417 0.075432205734497521 -0.075461132857684923 -0.075218360943352422 -0.075030313760038034 -0.075009336061362203 -0.075001699635225891
leaf_weight=0.0011205344962945674 0.015183109324425459 0.0080979503691196442 0.015130647690966725 0.004635399418475572 0.0012398700418998487 0.0025093260246649152
leaf_count=30 2 1 4 12 8 83
internal_value=-0.0274837 -0.0752199 -0.0751406 -0.0750168 -0.0750039 -0.075002
internal_weight=0.0479168 0.0327337 0.0246358 0.00950513 0.00486973 0.00362986
internal_count=140 138 137 133 121 113
is_linear=0
shrinkage=0.1


Tree=175
num_leaves=1
num_cat=0
split_feature=
split_gain=
threshold=
decision_type=
left_child=
right_child=
leaf_value=0
leaf_weight=
leaf_count=140
internal_value=
internal_weight=
internal_count=
is_linear=0
shrinkage=1


end of trees

feature_importances:
MinMainMem=207
CachMem=207
MaxMainMem=115
MaxChan=88
MachineCycleTime=79
MinChan=74

parameters:
[boosting: gbdt]
[objective: multiclass]
[metric: multi_logloss]
[tree_learner: serial]
[device_type: cpu]
[data_sample_strategy: bagging]
[data: ]
[valid: ]
[num_iterations: 500]
[learning_rate: 0.1]
[num_leaves: 31]
[num_threads: 0]
[seed: 0]
[deterministic: 0]
[force_col_wise: 0]
[force_row_wise: 0]
[histogram_pool_size: -1]
[max_depth: 6]
[min_data_in_leaf: 20]
[min_sum_hessian_in_leaf: 0.001]
[bagging_fraction: 1]
[pos_bagging_fraction: 1]
[neg_bagging_fraction: 1]
[bagging_freq: 0]
[bagging_seed: 3]
[bagging_by_query: 0]
[feature_fraction: 1]
[feature_fraction_bynode: 1]
[feature_fraction_seed: 2]
[extra_trees: 0]
[extra_seed: 6]
[early_stopping_round: 0]
[early_stopping_min_delta: 0]
[first_metric_only: 0]
[max_delta_step: 0]
[lambda_l1: 0]
[lambda_l2: 0]
[linear_lambda: 0]
[min_gain_to_split: 0]
[drop_rate: 0.1]
[max_drop: 50]
[skip_drop: 0.5]
[xgboost_dart_mode: 0]
[uniform_drop: 0]
[drop_seed: 4]
[top_rate: 0.2]
[other_rate: 0.1]
[min_data_per_group: 100]
[max_cat_threshold: 32]
[cat_l2: 10]
[cat_smooth: 10]
[max_cat_to_onehot: 4]
[top_k: 20]
[monotone_constraints: 0,0,0,0,0,0]
[monotone_constraints_method: basic]
[monotone_penalty: 0]
[feature_contri: ]
[forcedsplits_filename: ]
[refit_decay_rate: 0.9]
[cegb_tradeoff: 1]
[cegb_penalty_split: 0]
[cegb_penalty_feature_lazy: ]
[cegb_penalty_feature_coupled: ]
[path_smooth: 0]
[interaction_constraints: ]
[verbosity: -1]
[saved_feature_importance_type: 0]
[use_quantized_grad: 0]
[num_grad_quant_bins: 4]
[quant_train_renew_leaf: 0]
[stochastic_rounding: 1]
[linear_tree: 0]
[max_bin: 255]
[max_bin_by_feature: ]
[min_data_in_bin: 3]
[bin_construct_sample_cnt: 200000]
[data_random_seed: 1]
[is_enable_sparse: 1]
[enable_bundle: 1]
[use_missing: 1]
[zero_as_missing: 0]
[feature_pre_filter: 1]
[pre_partition: 0]
[two_round: 0]
[header: 0]
[label_column: ]
[weight_column: ]
[group_column: ]
[ignore_column: ]
[categorical_feature: ]
[forcedbins_filename: ]
[precise_float_parser: 0]
[parser_config_file: ]
[objective_seed: 5]
[num_class: 4]
[is_unbalance: 0]
[scale_pos_weight: 1]
[sigmoid: 1]
[boost_from_average: 1]
[reg_sqrt: 0]
[alpha: 0.9]
[fair_c: 1]
[poisson_max_delta_step: 0.7]
[tweedie_variance_power: 1.5]
[lambdarank_truncation_level: 30]
[lambdarank_norm: 1]
[label_gain: ]
[lambdarank_position_bias_regularization: 0]
[eval_at: ]
[multi_error_top_k: 1]
[auc_mu_weights: ]
[num_machines: 1]
[local_listen_port: 12400]
[time_out: 120]
[machine_list_filename: ]
[machines: ]
[gpu_platform_id: -1]
[gpu_device_id: -1]
[gpu_use_dp: 0]
[num_gpu: 1]

end of parameters

pandas_categorical:[]
