tree
version=v4
num_class=9
num_tree_per_iteration=9
label_index=0
max_feature_idx=3
objective=multiclass num_class:9
feature_names=in1 in2 in3 in4
monotone_constraints=1 1 0 0
feature_infos=[0:14] [0:14] [0:13] [0:14]
tree_sizes=1850 1848 2240 1846 1649 1748 1550 1151 1270 1705 1696 2317 2004 1584 1795 2026 2033 1312 1907 1494 2313 2006 1801 1484 2135 2034 1420 1809 1493 2324 2002 1702 1802 2125 1936 1421 1817 2327 2336 2111 1797 1392 2121 2043 2088 2024 1504 1917 2125 1485 1498 2125 2055 2194 1919 1498 2022 1805 1286 1916 2027 2049 2191 1908 1508 1713 2118 1188 1490 2135 1845 2299 1817 2020 1712 1920 1706 1489 2028 1934 1970 2014 1397 1504 1916 1496 1811 2133 1842 1973 1499 2129 1504 1708 1611 1499 2025 1851 1969 1501 1286 1402 1720 1811 1594 2034 1949 1971 1508 2134 1506 1816 1717 1816 2040 1956 1975 2027 2143 1618 1609 1616 1603 1925 1946 1975

Tree=0
num_leaves=17
num_cat=0
split_feature=2 3 2 2 3 3 2 2 2 3 3 3 2 2 3 2
split_gain=18.8882 7.68662 2.74544 3.38873 3.49098 11.3501 9.79385 2.49812 2.48471 2.04373 1.90361 2.41655 1.35672 0.975474 0.535935 0.249993
threshold=1.0000000180025095e-35 5.5000000000000009 4.5000000000000009 9.5000000000000018 1.0000000180025095e-35 1.5000000000000002 5.5000000000000009 5.5000000000000009 11.000000000000002 3.0000000000000004 9.5000000000000018 8.5000000000000018 3.5000000000000004 11.000000000000002 13.500000000000002 9.5000000000000018
decision_type=2 2 2 2 2 2 2 2 2 2 2 2 2 2 2 2
left_child=-1 2 -2 4 6 -6 -4 10 -5 -10 11 -3 -12 14 15 -9
right_child=1 7 3 8 5 -7 -8 13 9 -11 12 -13 -14 -15 -16 -17
leaf_value=-2.0814403269024262 -2.383011363579008 -2.3658662627592202 -2.4313293749802281 -2.4053119842257251 -2.0712822577646834 -2.2995529802496275 -2.1666307038257173 -2.4313293749802281 -2.3805954630089468 -2.2522685091992356 -2.3362032900340757 -2.2410772050879233 -2.4313293749802281 -2.3636841590185198 -2.3792945934712217 -2.3975067669993742
leaf_weight=2.858048938214778 4.1392432898283031 3.0551557615399343 3.6464762315154138 3.843583054840563 3.0551557615399343 7.5886126980185509 2.2667284682393074 8.3770399913191813 1.9710682332515714 3.3508159965276718 3.1537091732025146 3.1537091732025146 2.8580489382147789 5.9132046997547141 3.8435830548405638 2.9566023498773566
leaf_count=29 42 31 37 39 31 77 23 85 20 34 32 32 29 60 39 30
internal_value=-2.33289 -2.34427 -2.30742 -2.29526 -2.26826 -2.23403 -2.32986 -2.37729 -2.34405 -2.2998 -2.34132 -2.30248 -2.38143 -2.39814 -2.41156 -2.42251
internal_weight=66.0308 63.1727 29.8617 25.7224 16.557 10.6438 5.9132 33.3111 9.16547 5.32188 12.2206 6.20886 6.01176 21.0904 15.1772 11.3336
internal_count=670 641 303 261 168 108 60 338 93 54 124 63 61 214 154 115
is_linear=0
shrinkage=1


Tree=1
num_leaves=17
num_cat=0
split_feature=2 2 3 3 2 3 2 2 3 3 3 3 3 2 3 2
split_gain=3.52177 4.99767 2.88241 4.62663 2.48051 1.80238 4.51622 3.9106 3.08039 1.76226 1.13657 2.66135 1.52931 1.37741 1.35727 0.501997
threshold=12.500000000000002 11.000000000000002 3.0000000000000004 5.5000000000000009 5.5000000000000009 11.500000000000002 2.5000000000000004 3.5000000000000004 1.0000000180025095e-35 8.5000000000000018 5.5000000000000009 1.5000000000000002 1.0000000180025095e-35 6.5000000000000009 6.5000000000000009 8.5000000000000018
decision_type=2 2 2 2 2 2 2 2 2 2 2 2 2 2 2 2
left_child=1 4 -3 -4 5 7 -7 9 -9 -1 11 12 -6 -12 -15 -13
right_child=-2 2 3 -5 10 6 -8 8 -10 -11 13 15 -14 14 -16 -17
leaf_value=-2.0885264210669656 -2.0885264210669656 -2.0134883937764108 -1.7948993577560992 -1.944836581574414 -1.9906507332966767 -1.8713110789100966 -2.0134883937764108 -2.0276847773178672 -1.9355362683386501 -1.9975712364723537 -1.9894195925700064 -1.9813292392233159 -2.0885264210669656 -2.0885264210669656 -2.0213281876724389 -1.9384503664858561
leaf_weight=4.13123866915703 3.1983783245086661 2.6653152704238883 3.0651125609874708 6.2634908854961395 3.0651125609874752 5.0640990138053876 3.9979729056358337 4.9308332502841976 13.726373642683027 4.3977701961994171 7.0630854666233089 5.5971620678901655 3.3316440880298615 4.5310359597206107 8.9288061559200269 5.3306305408477783
leaf_count=31 24 20 23 47 23 38 30 37 103 33 53 42 25 34 67 40
internal_value=-1.98549 -1.98166 -1.92178 -1.89557 -1.99135 -1.97266 -1.93404 -1.98553 -1.95989 -2.04163 -2.00926 -1.9904 -2.04163 -2.02518 -2.04395 -1.96041
internal_weight=89.2881 86.0897 11.9939 9.3286 74.0958 36.2483 9.06207 27.1862 18.6572 8.52901 37.8475 17.3245 6.39676 20.5229 13.4598 10.9278
internal_count=670 646 90 70 556 272 68 204 140 64 284 130 48 154 101 82
is_linear=0
shrinkage=1


Tree=2
num_leaves=21
num_cat=0
split_feature=2 3 0 2 3 3 3 2 0 3 0 2 2 3 2 3 3 3 2 3
split_gain=6.73915 9.05154 4.85859 2.89323 4.60758 2.24136 1.66344 3.36284 1.37602 1.3599 1.76752 1.18427 0.93392 0.834562 0.624535 0.468497 0.397867 0.343174 0.22583 0.12762
threshold=4.5000000000000009 7.5000000000000009 9.5000000000000018 6.5000000000000009 5.5000000000000009 12.500000000000002 9.5000000000000018 1.5000000000000002 6.0000000000000009 5.5000000000000009 12.500000000000002 2.5000000000000004 8.5000000000000018 6.5000000000000009 11.000000000000002 3.0000000000000004 3.0000000000000004 12.500000000000002 11.000000000000002 1.5000000000000002
decision_type=2 2 2 2 2 2 2 2 2 2 2 2 2 2 2 2 2 2 2 2
left_child=1 2 -1 9 8 13 -3 -8 16 10 19 -9 -7 -6 -15 18 -5 -11 -10 -2
right_child=3 6 -4 4 5 12 7 11 15 17 -12 -13 -14 14 -16 -17 -18 -19 -20 -21
leaf_value=-1.72081070954807 -1.8388478534935138 -1.8119271013656055 -1.5742818412020019 -1.7882605060883234 -1.7942560435585684 -1.72081070954807 -1.8130696266548536 -1.6578575661104999 -1.7167752516354051 -1.7710392814397482 -1.7766562400168822 -1.7413389084951036 -1.7882605060883237 -1.8107437716017414 -1.8607065838537811 -1.6865970446363472 -1.7490589149367231 -1.8041310464507361 -1.7412068863443704 -1.859116858009398
leaf_weight=4.4477524161338824 7.6247184276580864 6.0362354218959835 4.6066007167100906 4.4477524161338824 7.1481735259294572 3.8123592138290388 4.6066007167100889 3.1769660115242004 6.1950837224721891 7.4658701270818693 4.9242973178625098 3.6535109132528305 4.4477524161338806 4.4477524161338788 5.7185388207435608 3.6535109132528296 6.1950837224721909 5.4008422195911407 3.1769660115242004 5.2419939190149307
leaf_count=28 48 38 29 28 45 24 29 20 39 47 31 23 28 28 36 23 39 34 20 33
internal_value=-1.77108 -1.72741 -1.64626 -1.78558 -1.77056 -1.79999 -1.76946 -1.74704 -1.73877 -1.8097 -1.82761 -1.70251 -1.75713 -1.82044 -1.83885 -1.71697 -1.76544 -1.78493 -1.72881 -1.84711
internal_weight=106.428 26.5277 9.05435 79.9007 49.243 25.5746 17.4733 11.4371 23.6684 30.6577 17.791 6.83048 8.26011 17.3145 10.1663 13.0256 10.6428 12.8667 9.37205 12.8667
internal_count=670 167 57 503 310 161 110 72 149 193 112 43 52 109 64 82 67 81 59 81
is_linear=0
shrinkage=1


Tree=3
num_leaves=17
num_cat=0
split_feature=0 2 3 1 3 3 0 3 3 0 3 1 3 3 2 3
split_gain=12.5893 5.9818 3.49391 2.25727 2.03907 1.94247 1.57415 1.97481 1.66192 1.40429 1.31824 0.221768 0.173954 0.73885 0.0369613 0.00126004
threshold=4.0000000000000009 9.5000000000000018 8.5000000000000018 6.5000000000000009 5.5000000000000009 12.500000000000002 12.500000000000002 1.0000000180025095e-35 3.0000000000000004 11.500000000000002 1.0000000180025095e-35 5.5000000000000009 5.5000000000000009 3.0000000000000004 6.5000000000000009 11.500000000000002
decision_type=2 2 2 2 2 2 2 2 2 2 2 2 2 2 2 2
left_child=2 5 3 4 14 6 7 -2 -9 -7 -8 -4 13 -3 -1 -13
right_child=1 12 11 -5 -6 9 10 8 -10 -11 -12 15 -14 -15 -16 -17
leaf_value=-1.7513659192455768 -1.6841738537245277 -1.6813852246495116 -1.7804729338120819 -1.6841738537245277 -1.7065323682030473 -1.6349378609795568 -1.5739070239852722 -1.6333122032511085 -1.6622256871356553 -1.5674947784474109 -1.6333122032511085 -1.7540120114788955 -1.6841738537245277 -1.6286102491172731 -1.7643023701640237 -1.7513659192455771
leaf_weight=3.4355980157852191 4.9816171228885642 8.0736553370952624 4.8098372220993024 10.650353848934172 3.950937718152999 5.4969568252563459 5.3251769244670859 5.3251769244670895 21.987827301025391 7.0429759323596954 8.4172151386737806 3.779157817363739 8.2454352378845197 3.950937718152999 6.1840764284133911 3.4355980157852173
leaf_count=20 29 47 28 62 23 32 31 31 128 41 49 22 48 23 36 20
internal_value=-1.671 -1.64857 -1.71978 -1.6979 -1.72889 -1.63195 -1.64145 -1.65352 -1.64135 -1.59706 -1.61311 -1.76384 -1.68417 -1.66404 -1.75968 -1.75275
internal_weight=115.093 78.847 36.2456 24.221 13.5706 58.5769 46.037 32.2946 27.313 12.5399 13.7424 12.0246 20.27 12.0246 9.61967 7.21476
internal_count=670 459 211 141 79 341 268 188 159 73 80 70 118 70 56 42
is_linear=0
shrinkage=1


Tree=4
num_leaves=15
num_cat=0
split_feature=0 1 3 3 2 2 1 2 3 3 2 2 3 1
split_gain=6.44014 9.89669 5.45781 2.97809 1.56938 4.63538 0.948467 0.620614 0.37859 0.785223 0.36986 0.0764011 0.0357557 1.77636e-15
threshold=7.5000000000000009 5.5000000000000009 8.5000000000000018 13.500000000000002 5.5000000000000009 9.5000000000000018 7.5000000000000009 5.5000000000000009 5.5000000000000009 1.5000000000000002 11.000000000000002 8.5000000000000018 3.0000000000000004 2.5000000000000004
decision_type=2 2 2 2 2 2 2 2 2 2 2 2 2 2
left_child=1 8 4 7 -2 6 -6 -4 9 -1 -7 -5 -12 -10
right_child=2 -3 3 11 5 10 -8 -9 13 -11 12 -13 -14 -15
leaf_value=-1.9494335712246529 -1.8484496985629404 -1.8484496985629404 -1.7653122461655839 -1.8103836121956687 -1.7936976171121906 -1.8484496985629404 -1.7269536367782778 -1.7138665818108441 -1.9494335712246531 -1.8938135876130593 -1.8159456105568279 -1.830247892056952 -1.830247892056952 -1.9494335712246529
leaf_weight=4.7944397926330584 17.679496735334396 23.372893989086151 4.3449610620737094 3.5958298444747916 4.4947873055934924 8.5400958806276304 4.0453085750341415 5.0940922796726227 4.3449610620737067 5.3937447667121887 2.9965248703956595 4.1951348185539246 4.1951348185539246 3.2961773574352264
leaf_count=32 118 156 29 24 30 57 27 34 29 36 20 28 28 22
internal_value=-1.84384 -1.87419 -1.8227 -1.77532 -1.84217 -1.82171 -1.76208 -1.73755 -1.93261 -1.91999 -1.84845 -1.82108 -1.82429 -1.94943
internal_weight=100.384 41.2022 59.1814 17.23 41.9513 24.2719 8.5401 9.43905 17.8293 10.1882 15.7318 7.79096 7.19166 7.64114
internal_count=670 275 395 115 280 162 57 63 119 68 105 52 48 51
is_linear=0
shrinkage=1


Tree=5
num_leaves=16
num_cat=0
split_feature=1 0 2 1 3 3 0 2 2 1 0 3 0 2 1
split_gain=7.32674 5.75847 2.76768 2.23132 2.07398 3.78186 0.73231 0.66727 0.528575 0.429561 0.34211 0.266734 0.971919 0.109102 0.0710254
threshold=7.5000000000000009 4.0000000000000009 4.5000000000000009 11.500000000000002 11.500000000000002 5.5000000000000009 6.0000000000000009 11.000000000000002 2.5000000000000004 1.5000000000000002 11.500000000000002 6.5000000000000009 11.500000000000002 5.5000000000000009 4.5000000000000009
decision_type=2 2 2 2 2 2 2 2 2 2 2 2 2 2 2
left_child=4 -2 -3 11 5 6 9 13 -6 -1 -10 12 -4 -8 -11
right_child=1 2 3 -5 8 -7 7 -9 10 14 -12 -13 -14 -15 -16
leaf_value=-2.2511694820618264 -2.1443915040824453 -1.9951299646262628 -2.1135274893659957 -2.0469197761075471 -2.1829484264293244 -2.1443915040824453 -2.196070247553092 -2.1443915040824453 -2.2511694820618264 -2.2135984659163905 -2.2090166346791422 -2.1135274893659957 -2.0802236327367711 -2.1791583677830739 -2.196070247553092
leaf_weight=2.3144575953483599 7.9848787039518383 3.1245177537202862 2.3144575953483599 6.364758387207984 4.3974694311618787 10.877950698137282 5.7861439883708936 3.5874092727899543 3.2402406334877014 2.6616262346506119 4.7446380704641342 7.4062643051147461 3.9345779120922089 5.5546982288360596 3.2402406334877014
leaf_count=20 69 27 20 55 38 94 50 31 28 23 41 64 34 48 28
internal_value=-2.15057 -2.11304 -2.08266 -2.09632 -2.17575 -2.16299 -2.19068 -2.17748 -2.21079 -2.21466 -2.22612 -2.11353 -2.09114 -2.18945 -2.20034
internal_weight=77.5343 31.1295 23.1446 20.0201 46.4049 34.0225 23.1446 14.9283 12.3823 8.21632 7.98488 13.6553 6.24904 11.3408 5.90187
internal_count=670 269 200 173 401 294 200 129 107 71 69 118 54 98 51
is_linear=0
shrinkage=1


Tree=6
num_leaves=14
num_cat=0
split_feature=1 0 3 1 3 0 1 3 1 3 2 2 2
split_gain=37.8988 31.8217 13.4316 2.45668 0.706828 0.262107 0.323652 0.285624 0.270461 0.0522024 0.24721 0.0367932 0.00024815
threshold=7.5000000000000009 9.5000000000000018 7.5000000000000009 12.500000000000002 12.500000000000002 12.500000000000002 2.5000000000000004 5.5000000000000009 5.5000000000000009 9.5000000000000018 2.5000000000000004 7.5000000000000009 5.5000000000000009
decision_type=2 2 2 2 2 2 2 2 2 2 2 2 2
left_child=4 -2 3 -3 5 7 -7 8 -1 -9 -11 -6 -8
right_child=1 2 -4 -5 11 6 12 9 -10 10 -12 -13 -14
leaf_value=-2.5613806906551102 -2.4480753628493748 -2.203109774511768 -2.345380787886163 -2.0824822684715705 -2.4954967361239428 -2.5315501162009157 -2.5042812633947649 -2.5315501162009157 -2.5315501162009157 -2.5315501162009157 -2.5613806906551102 -2.5117290147765492 -2.5028171755162947
leaf_weight=9.1069216728210503 12.25931763648987 4.4658942818641645 4.1156280636787415 2.7145631909370422 4.5534608364105216 2.1891638636589041 1.7513310909271238 4.2031946182250959 2.7145631909370413 1.7513310909271238 3.4150956273078918 2.0140307545661926 3.4150956273078918
leaf_count=104 140 51 47 31 52 25 20 48 31 20 39 23 39
internal_value=-2.46423 -2.3661 -2.24269 -2.15751 -2.53005 -2.53686 -2.5206 -2.5425 -2.55292 -2.53155 -2.54202 -2.50047 -2.50331
internal_weight=58.6696 23.5554 11.2961 7.18046 35.1142 28.5467 7.35559 21.1911 11.8215 9.36962 5.16643 6.56749 5.16643
internal_count=670 269 129 82 401 326 84 242 135 107 59 75 59
is_linear=0
shrinkage=1


Tree=7
num_leaves=10
num_cat=0
split_feature=1 2 2 2 1 0 2 0 1
split_gain=25.414 32.1232 5.95871 0.672777 1.18826 0.769568 0.679279 8.88178e-16 4.44089e-16
threshold=8.5000000000000018 9.5000000000000018 11.000000000000002 6.5000000000000009 3.5000000000000004 7.5000000000000009 11.000000000000002 13.500000000000002 2.5000000000000004
decision_type=2 2 2 2 2 2 2 2 2
left_child=3 -2 -3 7 8 -6 -7 -1 -5
right_child=1 2 -4 4 5 6 -8 -9 -10
leaf_value=-3.4638322658972163 -3.3395458639105189 -2.793477051537248 -3.0807721434058055 -3.4638322658972163 -3.423610953035618 -3.3395458639105189 -3.3878586749364197 -3.4638322658972158 -3.4638322658972163
leaf_weight=8.0181371979415452 5.6686365306377393 1.1933971643447878 1.8273894079029558 2.2749133445322505 1.0442225188016894 1.9392703920602801 0.74587322771549214 0.93234153464436609 1.3425718098878863
leaf_count=215 152 32 49 61 28 52 20 25 36
internal_value=-3.37178 -3.23367 -2.96727 -3.44542 -3.423 -3.38339 -3.35211 -3.46383 -3.46383
internal_weight=24.9868 8.68942 3.02079 16.2973 7.34685 3.72937 2.68514 8.95048 3.61749
internal_count=670 233 81 437 197 100 72 240 97
is_linear=0
shrinkage=1


Tree=8
num_leaves=11
num_cat=0
split_feature=2 1 3 3 1 0 1 0 0 3
split_gain=93.4363 3.3729 0.621828 0.854556 0.453692 8.88178e-16 8.88178e-16 4.44089e-16 4.44089e-16 4.44089e-16
threshold=12.500000000000002 12.500000000000002 12.500000000000002 13.500000000000002 13.500000000000002 8.5000000000000018 1.5000000000000002 13.500000000000002 2.5000000000000004 1.5000000000000002
decision_type=2 2 2 2 2 2 2 2 2 2
left_child=1 2 5 -4 -3 6 -1 9 -8 -7
right_child=-2 4 3 -5 -6 7 8 -9 -10 -11
leaf_value=-4.4001523126221072 -2.7233065907282308 -4.2404527200607838 -4.289587098571114 -4.4001523126221063 -4.0952712722777642 -4.4001523126221063 -4.4001523126221063 -4.4001523126221063 -4.4001523126221063 -4.4001523126221063
leaf_weight=0.29817888513207114 0.35781466215849 0.62617565877735692 0.50690410472452618 0.84980982262641191 0.32799677364528179 0.29817888513207513 1.8039822550490501 0.37272360641509283 1.5952570354565976 2.9519709628075361
leaf_count=20 24 42 34 57 22 20 121 25 107 198
internal_value=-4.31005 -4.369 -4.38863 -4.32644 -4.19055 -4.40015 -4.40015 -4.40015 -4.40015 -4.40015
internal_weight=9.98899 9.63118 8.67701 1.35671 0.954172 7.32029 3.69742 3.62287 3.39924 3.25015
internal_count=670 646 582 91 64 491 248 243 228 218
is_linear=0
shrinkage=1


Tree=9
num_leaves=15
num_cat=0
split_feature=2 3 2 2 2 3 3 2 3 3 2 2 3 2
split_gain=12.3423 6.39046 2.22349 2.14565 2.34167 2.48946 4.56017 2.09817 1.57328 1.69321 1.26393 0.959669 0.525953 0.255088
threshold=1.0000000180025095e-35 5.5000000000000009 5.5000000000000009 4.5000000000000009 9.5000000000000018 3.0000000000000004 1.0000000180025095e-35 11.000000000000002 9.5000000000000018 8.5000000000000018 3.5000000000000004 11.000000000000002 13.500000000000002 9.5000000000000018
decision_type=2 2 2 2 2 2 2 2 2 2 2 2 2 2
left_child=-1 3 8 -2 5 6 -5 -6 9 -3 -10 12 13 -4
right_child=1 2 11 4 7 -7 -8 -9 10 -11 -12 -13 -14 -15
leaf_value=0.18184206146302667 -0.046735884211690351 -0.029766677895110873 -0.097356343865350886 0.002667403859595692 -0.069135773157766756 -0.030466597885101018 0.11622455547274468 0.02988493056419635 -0.0032990133815252094 0.073478166349374527 -0.097417274516247446 -0.027640107720160879 -0.043939168942419296 -0.062012228493784953
leaf_weight=3.5303309187293044 3.9158563464880016 2.9324939027428645 7.5918113216757792 5.9213885441422525 3.526614770293234 2.9295200929045668 8.7796251848340017 5.4419146925210953 3.1532296538352966 3.4657762497663498 2.6061044111847878 5.6852714344859114 3.6995013281702986 2.7933309227228165
leaf_count=29 42 31 85 60 39 29 79 54 32 32 29 60 39 30
internal_value=-6.39983e-05 -0.0103485 -0.0416237 0.0223745 0.0325488 0.0537108 0.0704851 -0.0090521 -0.00797146 0.0261584 -0.0458876 -0.0623182 -0.0763161 -0.0878497
internal_weight=65.9728 62.4424 31.9275 30.5149 26.5991 17.6305 14.701 8.96853 12.1576 6.39827 5.75933 19.7699 14.0846 10.3851
internal_count=670 641 338 303 261 168 139 93 124 63 61 214 154 115
is_linear=0
shrinkage=0.1


Tree=10
num_leaves=15
num_cat=0
split_feature=2 2 2 3 3 3 3 3 3 2 3 3 2 2
split_gain=2.92561 3.70092 1.96757 1.37113 1.94292 2.18399 0.988956 2.03727 1.39697 1.22244 1.24991 0.974506 0.753267 0.388858
threshold=12.500000000000002 11.000000000000002 5.5000000000000009 1.0000000180025095e-35 1.5000000000000002 8.5000000000000018 5.5000000000000009 1.5000000000000002 1.0000000180025095e-35 6.5000000000000009 6.5000000000000009 6.5000000000000009 4.5000000000000009 8.5000000000000018
decision_type=2 2 2 2 2 2 2 2 2 2 2 2 2 2
left_child=1 2 3 -1 12 -6 7 8 -4 -8 -11 -3 -5 -9
right_child=-2 11 6 4 5 -7 9 13 -10 10 -12 -13 -14 -15
leaf_value=-0.038909490586111685 -0.10064323499840432 0.075438171552087888 -0.0036346815320308736 0.037310370967264098 -0.034119700921147043 0.027536429097608617 -0.0031052144193361385 0.0027847094177075879 -0.1006874752889204 -0.10102744228595908 -0.03375971581018461 0.018539552732146462 0.10635924977264517 0.040024365551281166
leaf_weight=4.7342369109392157 2.7850937172770491 7.7656473368406278 3.0254680663347271 3.5502494275569942 8.7416033372283 16.759971618652344 7.0138228833675411 5.6580203175544721 2.9092100411653519 4.0435727387666693 8.7172882556915265 4.9153958410024643 2.8467926383018494 5.5589094310998917
leaf_count=37 24 54 23 26 67 122 53 42 25 34 67 36 20 40
internal_value=0.000232365 0.0034901 -0.0051111 0.0113091 0.0187623 0.00640152 -0.0214009 -0.00382879 -0.0512105 -0.036642 -0.055075 0.0533833 0.0680383 0.02124
internal_weight=89.0253 86.2402 73.5591 36.6329 31.8986 25.5016 36.9263 17.1516 5.93468 19.7747 12.7609 12.681 6.39704 11.2169
internal_count=670 646 556 272 235 189 284 130 48 154 101 90 46 82
is_linear=0
shrinkage=0.1


Tree=11
num_leaves=21
num_cat=0
split_feature=2 3 0 2 3 0 3 3 3 2 3 0 2 2 2 2 3 3 3 3
split_gain=5.22419 6.41169 3.00671 2.45671 3.79324 1.50811 1.4941 1.46854 1.35216 2.50792 1.17382 1.59052 0.844691 0.680092 0.538789 0.399584 0.3706 0.303897 0.126056 0.115318
threshold=4.5000000000000009 7.5000000000000009 9.5000000000000018 6.5000000000000009 4.5000000000000009 6.0000000000000009 12.500000000000002 6.5000000000000009 9.5000000000000018 1.5000000000000002 5.5000000000000009 12.500000000000002 2.5000000000000004 8.5000000000000018 11.000000000000002 11.000000000000002 1.5000000000000002 12.500000000000002 1.5000000000000002 5.5000000000000009
decision_type=2 2 2 2 2 2 2 2 2 2 2 2 2 2 2 2 2 2 2 2
left_child=1 2 -1 10 5 15 7 19 -3 -10 11 18 -11 -8 -9 -5 -7 -12 -2 -6
right_child=3 8 -4 4 6 16 13 14 9 12 17 -13 -14 -15 -16 -17 -18 -19 -20 -21
leaf_value=0.0433713705737084 -0.063817334002358242 -0.037725818935364419 0.15386958503878068 -0.017825203223248813 0.00062060883252157873 0.034959512674699579 0.044481337867255742 -0.038667224344193812 -0.038094185636134301 0.093335102716838161 0.00049988854992662852 -0.0045995472331764875 0.024832697248927088 -0.013069117932863162 -0.086067113267486201 0.026513141623059278 0.072309379653378456 -0.030859589606467133 -0.084663199103778411 -0.019801044063903303
leaf_weight=4.6183083057403582 7.1822550445795112 5.8389622867107418 5.2754440754652023 4.4719541817903536 4.5989164710044914 4.2067075073719007 3.9344822168350202 4.4008248448371869 4.4167537689208967 3.449234664440155 7.4397457838058454 4.8868529349565497 3.7647926211357117 4.2948373407125473 5.2695449739694595 3.7262316942214966 7.209567666053772 5.2857255935668945 4.8663008064031601 6.9346444606781006
leaf_count=28 48 38 29 28 28 26 24 28 29 20 47 31 23 28 36 23 44 34 33 45
internal_value=0.000328899 0.0379676 0.10229 -0.0127564 0.000982399 0.0350489 -0.0217197 -0.0357557 0.00153937 0.0212515 -0.0354751 -0.0527195 0.0575857 0.0144461 -0.0644962 0.00232742 0.0585466 -0.0125258 -0.0722368 -0.0116581
internal_weight=106.072 27.3635 9.89375 78.7086 49.0477 19.6145 29.4333 21.2039 17.4697 11.6308 29.6609 16.9354 7.21403 8.22932 9.67037 8.19819 11.4163 12.7255 12.0486 11.5336
internal_count=670 167 57 503 310 121 189 137 110 72 193 112 43 52 64 51 70 81 81 73
is_linear=0
shrinkage=0.1


Tree=12
num_leaves=18
num_cat=0
split_feature=0 2 3 1 3 3 3 3 0 2 0 2 3 3 1 2 3
split_gain=10.5502 4.82121 3.27113 2.05505 1.90298 1.22142 1.16383 4.17293 2.39097 1.72104 0.974846 0.96153 0.284424 0.627746 0.23035 0.0331215 0.00201164
threshold=4.0000000000000009 9.5000000000000018 8.5000000000000018 6.5000000000000009 5.5000000000000009 12.500000000000002 3.0000000000000004 1.5000000000000002 12.500000000000002 2.5000000000000004 11.500000000000002 6.5000000000000009 5.5000000000000009 3.0000000000000004 5.5000000000000009 6.5000000000000009 11.500000000000002
decision_type=2 2 2 2 2 2 2 2 2 2 2 2 2 2 2 2 2
left_child=2 5 3 4 15 6 7 8 -2 -8 -7 -11 13 -3 -4 -1 -16
right_child=1 12 14 -5 -6 10 9 -9 -10 11 -12 -13 -14 -15 16 -17 -18
leaf_value=-0.077936560003314448 -0.012254902080739557 -0.0077541526907061696 -0.1072549182721597 -0.012254902080739557 -0.033601772215143606 0.0306188587356124 0.056923668741594435 0.14497494637556299 0.060865988595055265 -0.012254902080739557 0.085430614275739239 0.036204702996633857 -0.012254902080739557 0.04092748459711068 -0.079641119632578125 -0.090473757478987143 -0.076189373635960525
leaf_weight=3.3016690611839312 6.767480060458186 7.9126125276088732 4.4699176847934705 10.539184495806692 3.9706488847732535 5.6677539348602277 7.2114219367504147 3.5249084234237662 8.1307766735553724 15.422720342874529 7.5902446657419205 5.4921023845672599 7.9272795766592017 3.9817576110363007 3.5659171342849731 5.8246799558401108 3.2066884636878967
leaf_count=20 40 47 28 62 23 32 42 20 45 89 41 32 48 23 22 36 20
internal_value=0.000632446 0.0207214 -0.0452312 -0.0241103 -0.0549486 0.035221 0.0275943 0.0471314 0.0239818 0.0147971 0.0619988 0.000271939 -0.0122549 0.00854251 -0.0896356 -0.0859381 -0.0780068
internal_weight=114.508 79.6291 34.8787 23.6362 13.097 59.8074 46.5494 18.4232 14.8983 28.1262 13.258 20.9148 19.8216 11.8944 11.2425 9.12635 6.77261
internal_count=670 459 211 141 79 341 268 105 85 163 73 121 118 70 70 56 42
is_linear=0
shrinkage=0.1


Tree=13
num_leaves=14
num_cat=0
split_feature=1 2 2 2 0 1 1 2 1 3 0 0 1
split_gain=5.60828 5.60347 4.83595 3.87092 6.83382 2.30588 1.90753 1.92938 1.80735 1.63047 0.718246 0.45971 6.74818e-05
threshold=2.5000000000000004 9.5000000000000018 6.5000000000000009 5.5000000000000009 7.5000000000000009 8.5000000000000018 13.500000000000002 2.5000000000000004 9.5000000000000018 9.5000000000000018 12.500000000000002 8.5000000000000018 1.5000000000000002
decision_type=2 2 2 2 2 2 2 2 2 2 2 2 2
left_child=2 3 12 6 5 -5 7 -2 10 -9 -6 -4 -1
right_child=1 -3 11 4 8 -7 -8 9 -10 -11 -12 -13 -14
leaf_value=-0.10484442123746879 -0.019356958528598922 -0.019356958528598922 -0.063464016018966202 -0.019356958528598922 0.056774605262272265 0.044293101350312176 0.075795540759900706 -0.0056384304630909248 0.14935567950408488 0.035753935819436575 0.10869072384102169 -0.019356958528598922 -0.10429732107071561
leaf_weight=4.4897800981998461 9.1315305531024951 20.36092483997345 4.8688528388738614 5.8476782888174075 7.3413650393486041 6.6814160346984863 3.306397318840026 14.0485797226429 4.6716452687978736 6.4346993267536154 4.1833199113607407 4.262460470199585 4.5284383594989777
leaf_count=31 62 138 34 40 47 45 22 95 29 41 27 27 32
internal_value=0.000226965 0.0113591 -0.050073 0.0271625 0.0539886 -0.0014672 0.00375538 -0.00428767 0.0968879 0.0162836 0.0756195 -0.019357 -0.10457
internal_weight=100.157 82.0076 18.1495 61.6466 28.7254 12.5291 32.9212 29.6148 16.1963 20.4833 11.5247 9.13131 9.01822
internal_count=670 546 124 408 188 85 220 198 103 136 74 61 63
is_linear=0
shrinkage=0.1


Tree=14
num_leaves=16
num_cat=0
split_feature=1 0 2 0 1 2 0 3 3 2 3 3 2 3 2
split_gain=6.23584 7.82537 3.41602 7.63949 2.53576 0.60564 0.630209 0.484665 0.7025 0.366069 0.140691 1.25749 0.0772147 0.0321588 0.046481
threshold=5.5000000000000009 6.0000000000000009 4.5000000000000009 11.500000000000002 11.500000000000002 6.5000000000000009 2.5000000000000004 6.5000000000000009 13.500000000000002 5.5000000000000009 5.5000000000000009 6.5000000000000009 4.5000000000000009 4.5000000000000009 11.000000000000002
decision_type=2 2 2 2 2 2 2 2 2 2 2 2 2 2 2
left_child=5 -2 3 -3 10 6 -1 13 -9 12 -4 -12 -8 14 -7
right_child=1 2 4 -5 -6 7 9 8 -10 -11 11 -13 -14 -15 -16
leaf_value=-0.099694168979965053 -0.0058935501639492075 0.024363891759721184 0.024363891759721184 0.22508264685316362 0.090745905967107424 -0.031163021232418639 -0.015657744526096456 -0.0058935501639492075 -0.060079054532877797 -0.061216232978578478 0.057554898863414305 0.024363891759721184 -0.037127729069661539 -0.025539388071834312 -0.046379195876250737
leaf_weight=2.174335420131686 14.645118907094 3.5107760354876509 6.9621706008911195 3.3642522841691971 6.7595208808779708 4.334041357040407 3.5563939660787565 3.332903563976287 2.5180670246481895 5.1420645713806152 4.0726432949304563 7.4575880095362663 3.1665503829717636 2.6633772924542418 3.7398580685257912
leaf_count=20 127 31 60 27 55 38 32 28 23 46 34 64 28 23 34
internal_value=0.00016017 0.0231291 0.0546213 0.117115 0.037607 -0.0349162 -0.0502017 -0.0219795 -0.00589355 -0.0411318 0.0243639 0.0379023 -0.0257702 -0.035068 -0.0382112
internal_weight=77.3997 46.7721 32.127 6.87503 25.2519 30.6276 14.0393 16.5882 5.85097 11.865 18.4924 11.5302 6.72294 10.7373 8.0739
internal_count=670 398 271 58 213 272 126 146 51 106 158 98 60 95 72
is_linear=0
shrinkage=0.1


Tree=15
num_leaves=18
num_cat=0
split_feature=1 0 3 1 3 1 3 2 2 2 3 2 2 0 2 2 1
split_gain=29.4671 20.5557 7.08464 1.11238 0.700256 0.942007 0.296118 0.240163 0.33787 0.461817 0.318591 0.181237 0.0403577 1.54553e-05 5.9151e-06 5.69478e-06 1.13462e-07
threshold=7.5000000000000009 9.5000000000000018 7.5000000000000009 9.5000000000000018 5.5000000000000009 5.5000000000000009 10.500000000000002 4.5000000000000009 6.5000000000000009 8.5000000000000018 11.500000000000002 8.5000000000000018 5.5000000000000009 8.5000000000000018 9.5000000000000018 9.5000000000000018 2.5000000000000004
decision_type=2 2 2 2 2 2 2 2 2 2 2 2 2 2 2 2 2
left_child=4 6 3 -3 5 13 -2 10 12 -10 -6 -7 -9 14 16 -15 -1
right_child=1 2 -4 -5 7 11 -8 8 9 -11 -12 -13 -14 15 -16 -17 -18
leaf_value=-0.096563495585274745 0.0076971821054121429 0.17373455325073797 0.086352367324129042 0.24488302287130767 -0.096387066367447066 -0.063706482497754402 0.072964683626078691 -0.012555534002557996 -0.096466715165035688 -0.034864681506688498 -0.048592880081624358 -0.02885752842670147 -0.030021190285788025 -0.096322539646755245 -0.096353041985409379 -0.096077082679655618 -0.096528239666515081
leaf_weight=1.6461154818534871 9.9919987544417399 3.6591146737337095 4.453810214996337 5.5012136995792389 2.0981251299381283 3.0254560410976401 2.3519750386476508 2.3730226904153806 1.9540329575538633 3.2263195663690567 4.1600676476955414 2.9449949786067009 2.9898927882313728 2.0030237287282948 2.8943565040826797 1.7897856906056402 2.049134373664856
leaf_count=20 113 34 47 48 26 36 27 28 24 38 50 35 35 25 36 23 25
internal_value=-0.000962398 0.0788303 0.165008 0.216463 -0.0634359 -0.078167 0.00769718 -0.0490981 -0.0398869 -0.058101 -0.0646164 -0.0465168 -0.0222929 -0.0963675 -0.0964601 -0.0962067 -0.0965439
internal_weight=59.1124 25.9581 13.6141 9.16033 33.1543 16.3529 12.344 16.8015 10.5433 5.18035 6.25819 5.97045 5.36292 10.3824 6.58961 3.79281 3.69525
internal_count=670 269 129 82 401 200 140 201 125 62 76 71 63 129 81 48 45
is_linear=0
shrinkage=0.1


Tree=16
num_leaves=18
num_cat=0
split_feature=1 2 0 2 1 0 2 1 1 3 0 0 1 0 2 0 0
split_gain=19.1254 16.0958 1.33797 0.679604 1.12697 0.733243 0.459572 0.298628 0.190292 1.04225e-06 8.37571e-07 5.08331e-07 4.02755e-07 1.51071e-07 1.29031e-07 6.51564e-08 2.90124e-08
threshold=8.5000000000000018 9.5000000000000018 11.500000000000002 6.5000000000000009 3.5000000000000004 7.5000000000000009 11.000000000000002 9.5000000000000018 12.500000000000002 5.5000000000000009 13.500000000000002 8.5000000000000018 3.5000000000000004 2.5000000000000004 2.5000000000000004 8.5000000000000018 9.5000000000000018
decision_type=2 2 2 2 2 2 2 2 2 2 2 2 2 2 2 2 2
left_child=3 8 -3 10 9 -6 -7 -4 -2 11 12 -5 13 -1 -14 -16 -15
right_child=1 2 7 4 5 6 -8 -9 -10 -11 -12 -13 14 16 15 -17 -18
leaf_value=-0.091849563788784352 0.01647709333797549 0.18551847765657259 0.25987635414099025 -0.091775021220659322 -0.051772187420189034 0.01647709333797549 -0.01764754704110677 0.32875790497931923 0.065946589545664194 -0.091848206420958811 -0.091673948414513873 -0.091670521551383555 -0.091732961106946717 -0.091809071645042456 -0.091785273996529679 -0.091761881134731105 -0.091785829843566188
leaf_weight=0.70188574492931577 3.8643811717629415 1.790635250508785 1.1287829875946047 1.1993148550391191 1.0166211724281313 1.9818120375275614 0.73782995343208302 1.4226493202149866 1.8980416506528852 1.367655601352453 0.82848202437162388 0.76078404486179341 1.1829210072755811 0.96996819972991977 0.96550184488296542 2.3541818894445896 1.2034584917128084
leaf_count=20 102 33 18 35 28 52 20 30 50 39 25 23 35 28 28 69 35
internal_value=-0.00157544 0.105151 0.25178 -0.0721965 -0.0494585 -0.0117632 0.0164771 0.298284 0.0164771 -0.0917812 -0.0917693 -0.0917345 -0.09178 -0.0918092 -0.0917613 -0.0917714 -0.0917962
internal_weight=25.3749 10.1045 4.34207 15.2704 7.06402 3.73626 2.71964 2.55143 5.76242 3.32775 8.2064 1.9601 7.37792 2.87531 4.5026 3.31968 2.17343
internal_count=670 233 81 437 197 100 72 48 152 97 240 58 215 83 132 97 63
is_linear=0
shrinkage=0.1


Tree=17
num_leaves=11
num_cat=0
split_feature=1 0 1 2 2 3 2 0 1 0
split_gain=21.0956 16.9161 0.924362 0.891264 0.00145934 1.08229e-07 1.17989e-07 8.97657e-08 4.30948e-08 1.98508e-08
threshold=10.500000000000002 10.500000000000002 9.5000000000000018 11.000000000000002 12.500000000000002 12.500000000000002 5.5000000000000009 8.5000000000000018 5.5000000000000009 13.500000000000002
decision_type=2 2 2 2 2 2 2 2 2 2
left_child=2 -2 4 -4 5 7 -7 8 -1 -9
right_child=1 -3 3 -5 -6 6 -8 9 -10 -11
leaf_value=-0.090019567925282803 0.094801704673753512 0.56653137636850237 0.094801704673753512 -0.038451563895134079 -0.094746174501732783 -0.090064846746070723 -0.089997943059167418 -0.089986481857109821 -0.089996023795390595 -0.089960409886155113
leaf_weight=1.5901941535994395 1.1621393999084841 1.0600087475031612 0.48012570105493058 0.48543059360235929 0.717737317085266 0.52062179893255212 0.53393892291933298 2.4800407439470296 1.2422753525897858 0.33100835792720307
leaf_count=114 74 27 34 36 11 36 39 183 91 25
internal_value=-0.00585034 0.268081 -0.0784776 0.0135576 -0.0904608 -0.0900016 -0.090031 -0.0899961 -0.0900086 -0.0899834
internal_weight=10.6035 2.22215 8.38137 0.965556 7.41582 6.69808 1.05456 5.64352 2.83247 2.81105
internal_count=670 101 569 70 499 488 75 413 205 208
is_linear=0
shrinkage=0.1


Tree=18
num_leaves=17
num_cat=0
split_feature=2 3 2 2 3 2 2 3 2 2 3 3 2 2 3 2
split_gain=8.4857 5.23597 2.0376 1.71366 1.80408 4.9748 6.09196 3.98264 15.3559 7.31846 1.35733 1.20591 1.17807 0.940748 0.526997 0.260764
threshold=1.0000000180025095e-35 5.5000000000000009 5.5000000000000009 4.5000000000000009 1.5000000000000002 6.5000000000000009 8.5000000000000018 1.0000000180025095e-35 5.5000000000000009 5.5000000000000009 9.5000000000000018 8.5000000000000018 3.5000000000000004 11.000000000000002 13.500000000000002 9.5000000000000018
decision_type=2 2 2 2 2 2 2 2 2 2 2 2 2 2 2 2
left_child=-1 3 10 -2 7 -6 -7 9 -9 -5 11 -3 -12 14 15 -4
right_child=1 2 13 4 5 6 -8 8 -10 -11 12 -13 -14 -15 -16 -17
leaf_value=0.13917363877963726 -0.043882838725050312 -0.025274098495099241 -0.096451315185811889 -0.097303579289693382 -0.099293296400321945 0.15732470341719257 -0.0039156105001382909 0.27937500981652069 -0.0596454546807339 0.12613782906787707 -0.0029462652704526551 0.061985059208109872 -0.096455077827850857 -0.024652730080116415 -0.041044993502083793 -0.059546446307126424
leaf_weight=4.1064301729202262 3.7416678220033672 2.7739484757185 6.9011863395571726 3.2848383262753504 3.4694321081042316 3.1127728894352904 9.4778487235307676 2.8651639819145203 2.5034323334693909 2.6471526995301247 3.1428832709789276 3.6913186758756638 2.3582351431250572 5.4814698100090018 3.5408142656087866 2.6497235745191574
leaf_count=29 42 31 85 37 33 29 94 20 25 23 32 32 29 60 39 30
internal_value=-1.61308e-05 -0.00928861 -0.0387007 0.0195913 0.0282716 0.00673181 0.0359477 0.0588833 0.121286 0.00240721 -0.00652043 0.0245462 -0.0430319 -0.0594338 -0.0739966 -0.0862127
internal_weight=65.7483 61.6419 30.5396 31.1023 27.3606 16.0601 12.5906 11.3006 5.3686 5.93199 11.9664 6.46527 5.50112 18.5732 13.0917 9.55091
internal_count=670 641 338 303 261 156 123 105 45 60 124 63 61 214 154 115
is_linear=0
shrinkage=0.1


Tree=19
num_leaves=13
num_cat=0
split_feature=3 2 3 2 3 2 2 3 2 3 2 2
split_gain=1.30478 3.59124 3.55914 2.32048 1.55698 1.38771 1.71407 1.90821 1.23653 0.197978 0.175157 0.159017
threshold=12.500000000000002 7.5000000000000009 11.500000000000002 3.5000000000000004 8.5000000000000018 11.000000000000002 5.5000000000000009 1.0000000180025095e-35 6.5000000000000009 6.5000000000000009 4.5000000000000009 8.5000000000000018
decision_type=2 2 2 2 2 2 2 2 2 2 2 2
left_child=2 10 3 4 -1 6 7 -5 -8 -7 -2 -3
right_child=1 11 -4 5 -6 9 8 -9 -10 -11 -12 -13
leaf_value=-0.1003809725565392 0.039035595606929797 -0.10149127051531968 0.09077587936848909 -0.035169914988147803 -0.011061742272243011 0.042151852522004263 -0.047435408303932884 0.039153443065810006 -0.003038372041164689 0.017476648662265108 0.0070739380752638543 -0.069245798437251024
leaf_weight=3.5354475975036612 2.7554408311843854 2.9362892508506775 4.6038341522216788 4.5231374502182033 4.3564007431268692 9.4710796326398832 9.123532176017763 14.62028071284294 20.080884948372841 4.9515460878610602 4.5392694175243378 3.1917312294244766
leaf_count=31 18 24 32 37 33 65 72 103 157 36 34 28
internal_value=0.000460141 -0.0282618 0.00558233 3.17458e-05 -0.0510756 0.00645725 -0.00166369 0.0215926 -0.0169081 0.0336804 0.0191469 -0.0846965
internal_weight=88.6889 13.4227 75.2661 70.6623 7.89185 62.7705 48.3478 19.1434 29.2044 14.4226 7.29471 6.12802
internal_count=670 104 566 534 64 470 369 140 229 101 52 52
is_linear=0
shrinkage=0.1


Tree=20
num_leaves=21
num_cat=0
split_feature=2 3 0 2 3 2 3 3 3 3 2 3 0 2 2 2 3 0 3 3
split_gain=4.17154 4.5681 2.07694 2.04139 2.9356 1.42472 2.05469 1.38846 1.35442 1.02967 1.95369 1.02956 1.37756 0.537819 0.514431 0.461526 0.261977 0.178646 0.11884 0.0828502
threshold=4.5000000000000009 7.5000000000000009 9.5000000000000018 6.5000000000000009 4.5000000000000009 8.5000000000000018 3.0000000000000004 12.500000000000002 6.5000000000000009 9.5000000000000018 1.5000000000000002 5.5000000000000009 12.500000000000002 2.5000000000000004 8.5000000000000018 11.000000000000002 12.500000000000002 12.500000000000002 1.5000000000000002 5.5000000000000009
decision_type=2 2 2 2 2 2 2 2 2 2 2 2 2 2 2 2 2 2 2 2
left_child=1 2 -1 11 5 -5 17 8 19 -3 -11 12 18 -12 -9 -10 -13 -7 -2 -6
right_child=3 9 -4 4 7 6 -8 14 15 10 13 16 -14 -15 -16 -17 -18 -19 -20 -21
leaf_value=0.036795515868412086 -0.060064473304777724 -0.033253916323158161 0.12577509003517617 0.082324633104726638 0.0002515211139442047 -0.019544234171999093 0.064523836412078539 0.041105799027816053 -0.038039935079507585 -0.035047295514290824 0.076777535166148048 0.0010647625637158484 -0.0048818366524420722 0.023236673421650731 -0.0091129129033223118 -0.082804494075395557 -0.028293769952203313 0.0085327661827710455 -0.081058014572672532 -0.017128229977525552
leaf_weight=4.789847671985628 6.7796230316162163 5.5689635872840908 5.7994797080755234 4.1874690949916848 4.6108438968658501 6.7975955158472043 5.7614459991455087 4.0084018707275373 4.3717453479766828 4.2730202227830869 3.7040242552757263 7.4069729894399625 4.8978184461593619 3.8018088042736053 4.153533086180687 4.8675673305988312 5.1546442806720734 3.3994704484939575 4.477134183049202 6.7704462110996246
leaf_count=28 48 38 29 25 28 42 34 24 28 29 20 47 31 23 28 36 34 20 33 45
internal_value=0.0006332 0.0337706 0.0855272 -0.0112899 0.00113206 0.0304098 0.0167875 -0.0193605 -0.0331786 0.00217777 0.0189296 -0.0324552 -0.0491522 0.0496583 0.01555 -0.0616233 -0.0109825 -0.010184 -0.0684142 -0.0100873
internal_weight=105.582 27.9371 10.5893 77.6447 48.9285 20.146 15.9585 28.7825 20.6206 17.3478 11.7789 28.7162 16.1546 7.50583 8.16193 9.23931 12.5616 10.1971 11.2568 11.3813
internal_count=670 167 57 503 310 121 96 189 137 110 72 193 112 43 52 64 81 62 81 73
is_linear=0
shrinkage=0.1


Tree=21
num_leaves=18
num_cat=0
split_feature=0 2 3 1 3 3 0 3 3 2 0 3 3 1 0 2 3
split_gain=8.68807 3.9568 3.06666 1.84745 1.80073 0.950184 1.53176 1.68026 1.09151 0.743354 0.403231 0.300369 0.401441 0.243269 0.0509323 0.0310444 0.00142754
threshold=4.0000000000000009 9.5000000000000018 8.5000000000000018 6.5000000000000009 5.5000000000000009 10.500000000000002 7.5000000000000009 5.5000000000000009 1.5000000000000002 5.5000000000000009 12.500000000000002 5.5000000000000009 3.0000000000000004 5.5000000000000009 11.500000000000002 6.5000000000000009 11.500000000000002
decision_type=2 2 2 2 2 2 2 2 2 2 2 2 2 2 2 2 2
left_child=2 5 3 4 15 6 -2 8 -8 -7 -9 12 -3 -4 -11 -1 -15
right_child=1 11 13 -5 -6 9 7 10 -10 14 -12 -13 -14 16 -16 -17 -18
leaf_value=-0.075552976008015846 -0.011488595929327217 -0.0046447463781485298 -0.10537541383892807 -0.011488595929327217 -0.031745109031519413 0.07508110429352341 0.034264619785315323 0.0094999990477180503 0.08410266463688397 0.027421053738355794 0.035030721937178683 -0.011488595929327217 0.033956437983566672 -0.075680470375949216 0.041626869551510279 -0.087971560451205813 -0.072676405540613165
leaf_weight=3.1724116206169146 4.2660170793533316 7.7273146361112612 4.1569896936416608 10.441433519124983 3.9515272676944724 7.485103756189349 13.055508509278299 13.079042896628382 6.6241259574890128 5.7709088325500471 6.1862523704767218 7.6528759449720374 4.1362566202878952 3.3217349648475647 4.4855184853076935 5.5078604519367218 3.0200934410095215
leaf_count=20 25 47 28 62 23 41 73 76 36 32 35 48 23 22 23 36 20
internal_value=0.000963487 0.0187916 -0.0417688 -0.0213815 -0.0520016 0.0316349 0.0236346 0.0304886 0.05104 0.0511203 0.0095 -0.0114886 0.00881363 -0.086574 0.0336338 -0.0834329 -0.0742499
internal_weight=114.041 80.4689 33.5721 23.0732 12.6318 60.9525 43.2109 38.9449 19.6796 17.7415 19.2653 19.5164 11.8636 10.4988 10.2564 8.68027 6.34183
internal_count=670 459 211 141 79 341 245 220 109 96 111 118 70 70 55 56 42
is_linear=0
shrinkage=0.1


Tree=22
num_leaves=16
num_cat=0
split_feature=1 0 2 2 1 3 3 3 0 3 2 3 2 2 3
split_gain=5.20127 7.4057 3.04626 2.94428 1.89457 1.27605 1.7707 2.37461 1.3253 0.890843 0.566727 0.228364 0.0990625 0.000350228 1.15221e-05
threshold=3.5000000000000004 8.5000000000000018 9.5000000000000018 2.5000000000000004 13.500000000000002 3.0000000000000004 1.5000000000000002 1.0000000180025095e-35 9.5000000000000018 3.0000000000000004 11.000000000000002 11.500000000000002 5.5000000000000009 6.5000000000000009 8.5000000000000018
decision_type=2 2 2 2 2 2 2 2 2 2 2 2 2 2 2
left_child=1 10 3 4 -2 6 7 -5 11 -3 13 -7 -10 14 -1
right_child=2 9 -4 5 -6 8 -8 -9 12 -11 -12 -13 -14 -15 -16
leaf_value=-0.10283607322533142 -0.0096715454696952863 -0.049686241630565696 -0.0096715454696952863 0.0059605077842601198 0.064930746746750923 0.039770816464877401 -0.0096715454696952863 0.11015067992356903 0.0626203662402742 -0.0096715454696952863 -0.06114955962974912 0.010357336695575514 0.080366378560741775 -0.10425424583646353 -0.10310910384235089
leaf_weight=2.6377001404762286 8.8260135501623136 3.4058054387569419 16.308887824416161 5.4062454700469988 3.4884529411792746 6.8588496744632721 7.0551120936870566 3.6740192323923111 4.6978455036878595 11.899780362844465 4.6943588256835929 4.2908943891525269 9.520372122526167 3.3894252777099609 3.7332857549190521
leaf_count=20 62 25 114 37 22 45 48 23 29 74 34 28 57 24 28
internal_value=0.000410041 -0.0346186 0.0152755 0.0274362 -0.00967155 0.040278 0.018292 0.0481175 0.0542623 -0.00967155 -0.0897009 0.0284513 0.0745029 -0.103433 -0.102996
internal_weight=99.887 29.7604 70.1267 53.8178 12.3145 41.5033 16.1354 9.08026 25.368 15.3056 14.4548 11.1497 14.2182 9.76041 6.37099
internal_count=670 205 465 351 84 267 108 60 159 99 106 73 86 72 48
is_linear=0
shrinkage=0.1


Tree=23
num_leaves=13
num_cat=0
split_feature=0 1 3 2 0 3 1 3 2 1 3 2
split_gain=5.20203 7.19496 2.59545 3.19234 2.55026 2.39213 1.61485 0.755782 0.368055 0.316878 0.290005 0.236977
threshold=6.0000000000000009 5.5000000000000009 3.0000000000000004 7.5000000000000009 11.500000000000002 5.5000000000000009 9.5000000000000018 11.500000000000002 6.5000000000000009 11.500000000000002 3.0000000000000004 11.000000000000002
decision_type=2 2 2 2 2 2 2 2 2 2 2 2
left_child=5 -2 9 4 6 8 -4 -7 -1 -3 -10 -5
right_child=1 2 3 11 -6 7 -8 -9 10 -11 -12 -13
leaf_value=-0.09947691405606375 -0.0089299473639786707 0.019823305735268609 0.019823305735268609 0.043851461874535008 0.14863220189976836 -0.0089299473639786707 0.10465539577263604 -0.046008557330790602 -0.036780948109083139 0.047081607109811366 -0.076696925385828549 0.019823305735268609
leaf_weight=3.4102441668510455 17.837674170732498 7.0178724825382215 3.5620925426483172 4.1312214136123648 5.9375032782554626 10.09257150441408 3.8500120639801025 5.5555169731378546 3.1536374911665916 5.357954204082489 4.3046792298555374 3.4121256321668625
leaf_count=32 165 60 31 34 43 85 31 50 28 42 39 30
internal_value=-0.000283879 0.0183633 0.0485766 0.0704072 0.0997977 -0.0362232 0.0606786 -0.0111916 -0.0722626 0.0198233 -0.0598191 0.0198233
internal_weight=77.6231 51.1065 33.2688 20.893 13.3496 26.5166 7.4121 15.6481 10.8686 12.3758 7.45832 7.54335
internal_count=670 436 271 169 105 234 62 135 99 102 67 64
is_linear=0
shrinkage=0.1


Tree=24
num_leaves=19
num_cat=0
split_feature=1 0 3 3 1 1 3 3 3 2 2 2 2 0 0 2 3 1
split_gain=23.7412 14.8462 4.17013 0.688992 0.968895 0.591958 0.531156 0.228176 0.253779 0.412147 0.180162 0.0210693 0.00509808 0.0115304 2.83412e-05 4.63026e-06 2.97807e-06 8.79467e-07
threshold=7.5000000000000009 9.5000000000000018 7.5000000000000009 5.5000000000000009 5.5000000000000009 9.5000000000000018 10.500000000000002 12.500000000000002 9.5000000000000018 2.5000000000000004 8.5000000000000018 7.5000000000000009 9.5000000000000018 12.500000000000002 7.5000000000000009 11.000000000000002 3.0000000000000004 2.5000000000000004
decision_type=2 2 2 2 2 2 2 2 2 2 2 2 2 2 2 2 2 2
left_child=3 6 5 4 14 -3 -2 8 12 -10 -6 -9 13 -5 15 17 -16 -1
right_child=1 2 -4 7 10 -7 -8 11 9 -11 -12 -13 -14 -15 16 -17 -18 -19
leaf_value=-0.096008944569365665 0.0022311686905352678 0.13750436682363859 0.067245414409463189 -0.044501027576397734 -0.061368400335046619 0.18563434086616759 0.065616509259601927 -0.027853819583657752 -0.032265140505858374 -0.095801587708850167 -0.025804930209062757 -0.040706412433661222 -0.045711937906041833 -0.032974300997454013 -0.09560469548700852 -0.095752096351811825 -0.095435297172701106 -0.095907429841998793
leaf_weight=1.5448641777038592 9.9816792607307452 4.1825686246156675 4.6480803340673438 1.9381307810544985 2.8654993474483481 6.5685643702745438 2.4517479091882697 4.3558657169342032 1.5659672021865843 2.9334729611873627 2.8325891122221947 1.803576201200485 1.9548808485269544 1.5714861378073692 2.7912390977144241 1.7217042371630666 1.6520528867840765 1.9067472070455551
leaf_count=20 113 34 47 25 36 48 27 52 20 39 35 23 23 19 38 23 23 25
internal_value=-0.00162587 0.065638 0.13226 -0.0611757 -0.0763655 0.16691 0.00223117 -0.0467477 -0.0561009 -0.0736886 -0.0436894 -0.0316172 -0.0416194 -0.0393398 -0.0957269 -0.095886 -0.0955417 -0.0959529
internal_weight=59.2707 27.8326 15.3992 31.4381 15.3147 10.7511 12.4334 16.1234 9.96394 4.49944 5.69809 6.15944 5.4645 3.50962 9.61661 5.17332 4.44329 3.45161
internal_count=670 269 129 401 200 82 140 201 126 59 71 75 67 44 129 68 61 45
is_linear=0
shrinkage=0.1


Tree=25
num_leaves=18
num_cat=0
split_feature=1 0 3 1 2 1 0 1 0 0 3 2 2 0 1 1 2
split_gain=15.2083 10.1784 3.62366 0.986053 0.688343 1.10821 0.678684 0.521233 0.255879 1.76561e-06 1.51453e-06 9.05813e-07 8.36315e-07 5.93581e-07 1.76363e-07 2.30306e-07 1.33204e-08
threshold=8.5000000000000018 10.500000000000002 7.5000000000000009 9.5000000000000018 6.5000000000000009 3.5000000000000004 7.5000000000000009 12.500000000000002 4.0000000000000009 8.5000000000000018 5.5000000000000009 4.5000000000000009 4.5000000000000009 8.5000000000000018 3.5000000000000004 7.5000000000000009 2.5000000000000004
decision_type=2 2 2 2 2 2 2 2 2 2 2 2 2 2 2 2 2
left_child=4 7 3 -3 9 10 -7 -2 -9 12 13 -11 16 -6 -13 -16 -1
right_child=1 2 -4 -5 5 6 -8 8 -10 11 -12 14 -14 -15 15 -17 -18
leaf_value=-0.09152819876554312 0.0071281342710186272 0.1871669407952018 0.10069797194351655 0.29578856507559392 -0.091561488255227946 -0.051000655248309074 0.0071281342710186272 0.033243501152204091 0.093471460803084758 -0.09139818182144871 -0.091657989323834954 -0.091521660184287826 -0.091646897836270252 -0.091444137824864033 -0.091500191486851137 -0.091428416399120305 -0.091544367543530916
leaf_weight=1.196866631507876 4.3875620141625387 1.4119024872779848 1.3835574798285959 2.0479644984006882 1.11577370390296 0.9747368656098846 2.702478501945734 0.90121193230152119 1.0774189271032808 1.2014567647129295 1.2849282361567018 1.4479000996798279 0.98506812006235112 0.70236218161880959 1.1869404800236223 0.607604719698429 0.88722755014896382
leaf_count=38 105 18 29 31 35 28 72 22 28 40 39 46 30 23 38 20 28
internal_value=-0.00227837 0.0849216 0.194268 0.251462 -0.0706653 -0.0475648 -0.0104264 0.00712813 0.0593589 -0.0915126 -0.0915749 -0.0914724 -0.091571 -0.0915162 -0.0914998 -0.0914787 -0.0915351
internal_weight=25.503 11.2096 4.84342 3.45987 14.2933 6.78028 3.67722 6.36619 1.97863 7.51306 3.10306 4.4439 3.06916 1.81814 3.24245 1.79455 2.08409
internal_count=670 233 78 49 437 197 100 155 50 240 97 144 96 58 104 58 66
is_linear=0
shrinkage=0.1


Tree=26
num_leaves=12
num_cat=0
split_feature=1 0 1 2 2 1 0 0 2 3 1
split_gain=13.7692 7.08553 0.899785 0.64386 0.00112518 3.35597e-07 1.41386e-07 6.27069e-08 6.10995e-08 4.49934e-08 7.65659e-09
threshold=10.500000000000002 10.500000000000002 9.5000000000000018 11.000000000000002 12.500000000000002 5.5000000000000009 12.500000000000002 8.5000000000000018 5.5000000000000009 5.5000000000000009 8.5000000000000018
decision_type=2 2 2 2 2 2 2 2 2 2 2
left_child=2 -2 4 -4 5 6 8 10 -1 -9 -7
right_child=1 -3 3 -5 -6 7 -8 9 -10 -11 -12
leaf_value=-0.0899602426669492 0.049349716575654096 0.31273238207730003 0.049349716575654096 -0.039017504592745285 -0.094242416694905601 -0.08990376797693167 -0.08990376797693167 -0.089883076239971493 -0.089928108655273897 -0.089852757539736261 -0.089885924565298495
leaf_weight=0.87300950661301691 1.2503425795584917 1.7064205519855022 0.51432883366942395 0.46293834876269102 0.66303999349474896 0.79096641205251239 0.63740615267306555 0.74047585949301697 1.8363478658720849 0.9072791151702404 0.34552568569779396
leaf_count=66 74 27 34 36 11 63 52 60 143 76 28
internal_value=-0.00754384 0.176123 -0.0774239 0.0122941 -0.0903291 -0.0899059 -0.0899273 -0.0898803 -0.0899385 -0.0898678 -0.0898983
internal_weight=10.7281 2.95676 7.77132 0.977267 6.79405 6.13101 3.34676 2.78425 2.70936 1.64775 1.13649
internal_count=670 101 569 70 499 488 261 227 209 136 91
is_linear=0
shrinkage=0.1


Tree=27
num_leaves=16
num_cat=0
split_feature=2 3 2 2 3 2 2 3 2 3 2 2 3 3 2
split_gain=6.09592 4.25275 1.85749 1.28345 1.34776 4.23413 4.27316 2.73978 5.8002 1.10509 1.11493 0.910487 0.859135 0.52298 0.267238
threshold=1.0000000180025095e-35 5.5000000000000009 5.5000000000000009 4.5000000000000009 1.5000000000000002 6.5000000000000009 8.5000000000000018 1.0000000180025095e-35 5.5000000000000009 9.5000000000000018 3.5000000000000004 11.000000000000002 8.5000000000000018 13.500000000000002 9.5000000000000018
decision_type=2 2 2 2 2 2 2 2 2 2 2 2 2 2 2
left_child=-1 3 9 -2 7 -6 -7 8 -5 12 -11 13 -3 14 -4
right_child=1 2 11 4 5 6 -8 -9 -10 10 -12 -13 -14 -15 -16
leaf_value=0.11090381387648461 -0.040043279118752828 -0.021941592477766229 -0.095677500915586008 -0.096419166015893981 -0.098215107800167248 0.12424598797427872 -0.0044208927244255864 0.098045347775582201 0.10128215589020306 -0.001523379432901803 -0.095578419937339204 -0.022193531001278962 0.051655298466046412 -0.038518038930101528 -0.057114580553331531
leaf_weight=4.5861109793186179 3.5266409367322948 2.6654540002346057 6.280989699065687 2.9889538511633891 3.1797604858875301 3.5411610007286063 9.5212007388472539 5.8793123438954353 2.9472005665302277 3.1016901135444641 2.122952051460743 5.3217924088239661 3.9171199351549149 3.4109905362129203 2.5172494053840637
leaf_count=29 42 31 85 37 33 29 94 45 23 32 29 60 32 39 30
internal_value=-0.000278833 -0.00864842 -0.0360619 0.0168157 0.0239624 0.00526916 0.0304603 0.0496591 0.00173621 -0.00540159 -0.0397412 -0.0567118 0.021854 -0.0717577 -0.0846443
internal_weight=65.5086 60.9225 29.3382 31.5842 28.0576 16.2421 13.0624 11.8155 5.93615 11.8072 5.22464 17.531 6.58257 12.2092 8.79824
internal_count=670 641 338 303 261 156 123 105 60 124 61 214 63 154 115
is_linear=0
shrinkage=0.1


Tree=28
num_leaves=13
num_cat=0
split_feature=3 2 3 2 3 2 2 3 2 2 3 2
split_gain=1.09307 3.08481 2.70194 1.89103 1.48023 1.00873 1.43039 1.52909 1.06069 0.165287 0.116145 0.112312
threshold=12.500000000000002 7.5000000000000009 11.500000000000002 3.5000000000000004 8.5000000000000018 11.000000000000002 5.5000000000000009 1.0000000180025095e-35 6.5000000000000009 8.5000000000000018 6.5000000000000009 4.5000000000000009
decision_type=2 2 2 2 2 2 2 2 2 2 2 2
left_child=2 11 3 4 -1 6 7 -5 -8 -3 -7 -2
right_child=1 9 -4 5 -6 10 8 -9 -10 -11 -12 -13
leaf_value=-0.098945441980656898 0.03166023274753952 -0.10000464781349645 0.077011289760076873 -0.032188965216247631 -0.008860984764942131 0.034980029096871583 -0.044324567353231877 0.035075924947592603 -0.0025603676141799157 -0.065664468182769012 0.016263815955990309 0.0064334474909830547
leaf_weight=3.1840256154537192 2.8785032629966718 2.6674405336380005 4.9100224375724784 4.363746419548991 4.2703739106655121 9.8720615804195386 8.7413558736443537 14.983917385339735 19.981378316879272 2.9536484479904175 4.9923444092273703 4.5614991188049316
leaf_count=31 18 24 32 37 33 65 72 103 157 28 36 34
internal_value=0.000656743 -0.0260488 0.00528898 0.000285965 -0.0473391 0.00592698 -0.00111308 0.0199047 -0.0152707 -0.0819603 0.028694 0.0161936
internal_weight=88.3603 13.0611 75.2992 70.3892 7.4544 62.9348 48.0704 19.3477 28.7227 5.62109 14.8644 7.44
internal_count=670 104 566 534 64 470 369 140 229 52 101 52
is_linear=0
shrinkage=0.1


Tree=29
num_leaves=21
num_cat=0
split_feature=2 3 2 3 0 0 3 3 3 0 3 2 2 2 2 3 2 3 3 3
split_gain=3.45747 3.4163 1.71883 2.26255 1.54553 1.34242 1.21977 1.30007 0.887633 1.19316 0.834887 1.58607 0.392895 0.376035 0.341949 0.210344 0.203009 0.198803 0.124316 0.0554262
threshold=4.5000000000000009 7.5000000000000009 6.5000000000000009 4.5000000000000009 6.0000000000000009 9.5000000000000018 12.500000000000002 6.5000000000000009 5.5000000000000009 12.500000000000002 9.5000000000000018 1.5000000000000002 11.000000000000002 8.5000000000000018 2.5000000000000004 12.500000000000002 11.000000000000002 1.5000000000000002 1.5000000000000002 5.5000000000000009
decision_type=2 2 2 2 2 2 2 2 2 2 2 2 2 2 2 2 2 2 2 2
left_child=1 5 8 4 16 -1 7 19 9 18 -3 -12 -9 -8 -13 -10 -4 -6 -2 -5
right_child=2 10 3 6 17 -7 13 12 15 -11 11 14 -14 -15 -16 -17 -18 -19 -20 -21
leaf_value=0.034589912333611278 -0.056052109298522446 -0.02982155144259074 -0.020265319406290849 0.00062021061444568503 0.032390893101995638 0.10473506949564303 0.036681508174733472 -0.037670005321164129 0.00064630518004204563 -0.0051737257545590078 -0.032181488900911034 0.065390112937216263 -0.079783874591841455 -0.0062451625264508693 0.023229945911026652 -0.025833919352929426 0.010355198101330934 0.059337532149507634 -0.078230222876301006 -0.013696428212713425
leaf_weight=4.8495512604713458 6.378846615552904 5.3720786273479488 4.5609932541847247 4.5978857874870354 4.2559266388416273 6.2373856753110886 4.1083266735076887 4.3542196750640851 7.4266741424798948 4.9087977260351172 4.1422224342823011 3.894478976726532 4.509565144777298 4.0547359436750412 3.8017856627702713 5.0324488580226898 4.1218568980693817 7.6757624596357346 4.1860181242227554 6.5656044036149979
leaf_count=28 48 38 28 28 26 29 24 28 47 31 29 20 36 28 23 34 23 44 33 45
internal_value=0.000884638 0.030762 -0.0101328 0.00118956 0.0263681 0.0740528 -0.0172226 -0.0305028 -0.0299156 -0.0459114 0.00287434 0.0177111 -0.059096 0.0153591 0.0445639 -0.0100495 -0.00572938 0.0497259 -0.0648395 -0.00779986
internal_weight=105.035 28.2975 76.7377 48.8049 20.6145 11.0869 28.1903 20.0273 27.9328 15.4737 17.2106 11.8385 8.86378 8.16306 7.69626 12.4591 8.68285 11.9317 10.5649 11.1635
internal_count=670 167 503 310 121 57 189 137 193 112 110 72 64 52 43 81 51 70 81 73
is_linear=0
shrinkage=0.1


Tree=30
num_leaves=18
num_cat=0
split_feature=0 2 3 1 3 3 0 3 3 0 2 3 3 1 2 2 3
split_gain=6.99957 3.20734 2.90445 1.59867 1.66331 0.747046 1.31581 1.31953 1.65544 0.597506 0.381673 0.294061 0.283779 0.257474 0.033606 0.0334233 0.00165429
threshold=4.0000000000000009 9.5000000000000018 8.5000000000000018 6.5000000000000009 5.5000000000000009 10.500000000000002 7.5000000000000009 4.5000000000000009 1.5000000000000002 11.500000000000002 3.5000000000000004 5.5000000000000009 3.0000000000000004 5.5000000000000009 5.5000000000000009 6.5000000000000009 11.500000000000002
decision_type=2 2 2 2 2 2 2 2 2 2 2 2 2 2 2 2 2
left_child=2 5 3 4 15 6 -2 8 -8 14 -9 12 -3 -4 -7 -1 -15
right_child=1 11 13 -5 -6 9 7 10 -10 -11 -12 -13 -14 16 -16 -17 -18
leaf_value=-0.071995933397096104 -0.010823074567308138 -0.0028668613290665935 -0.10378333473339174 -0.010823074567308138 -0.029730484343826909 0.035472342451972887 0.03075567836910827 0.035200111923225176 0.10352956507761049 0.064837322184528631 0.0081981783048025343 -0.010823074567308138 0.029406477066436894 -0.072233778165926021 0.023685177672243037 -0.085284691433546903 -0.068893699367935393
leaf_weight=2.9847738146781939 4.230817273259162 7.619896203279497 3.871302127838133 10.375333487987517 3.95355001091957 4.1021140515804291 13.299741193652155 5.4896255731582668 4.086168408393859 8.2862867563962936 16.755713596940041 7.3846236318349829 4.24089415371418 3.1177769899368286 5.8943676948547363 5.1729362159967422 2.8277722001075745
leaf_count=20 25 47 28 62 23 23 73 31 20 41 96 48 23 22 32 36 20
internal_value=0.00105351 0.0166852 -0.0383313 -0.0185192 -0.0486379 0.027999 0.0209204 0.0272194 0.0478595 0.0449812 0.0110881 -0.0108231 0.00867266 -0.0837133 0.0285221 -0.0804226 -0.0706452
internal_weight=113.694 81.3902 32.3034 22.4866 12.1113 62.1448 43.8621 39.6312 17.3859 18.2828 22.2453 19.2454 11.8608 9.81685 9.99648 8.15771 5.94555
internal_count=670 459 211 141 79 341 245 220 93 96 127 118 70 70 55 56 42
is_linear=0
shrinkage=0.1


Tree=31
num_leaves=15
num_cat=0
split_feature=0 1 3 3 2 2 2 3 3 3 2 3 2 2
split_gain=4.64751 7.86158 2.48811 1.60474 1.29798 2.15853 0.670727 0.418175 0.727887 0.410083 0.263786 0.00523711 0.00300684 0.000356373
threshold=7.5000000000000009 5.5000000000000009 8.5000000000000018 13.500000000000002 5.5000000000000009 9.5000000000000018 11.000000000000002 5.5000000000000009 1.5000000000000002 5.5000000000000009 5.5000000000000009 3.0000000000000004 8.5000000000000018 9.5000000000000018
decision_type=2 2 2 2 2 2 2 2 2 2 2 2 2 2
left_child=1 7 4 10 -2 9 -7 8 -1 -6 -4 -8 -5 -9
right_child=2 -3 3 12 5 6 11 13 -10 -11 -12 -13 -14 -15
leaf_value=-0.10152660611523551 -0.0039278700495276554 -0.0039278700495276554 0.055695721718026114 0.016490514851429661 0.03172055194968456 -0.0039278700495276554 0.030680912247565795 -0.10180571362404052 -0.043985371948819088 0.074588272736229852 0.086954013788960116 0.025087190945783513 0.012660785558102803 -0.10328027823586257
leaf_weight=3.9215451180934888 16.730806648731232 23.834759429097176 4.8654385805130005 3.9992110729217529 3.5595553517341632 7.9206576943397504 2.9443368315696716 3.4766357541084281 5.0030972808599472 5.9815722554922104 6.0652061998844147 3.8785751760005951 4.2063927054405212 3.1008158028125763
leaf_count=32 118 156 29 24 22 57 20 28 36 35 34 28 28 23
internal_value=0.000696406 -0.0260304 0.0181747 0.04795 0.00428269 0.0215347 -0.00244874 -0.0833693 -0.0692694 0.0585954 0.0730404 0.0275011 0.0145273 -0.102501
internal_weight=99.4886 39.3369 60.1518 19.1362 41.0155 24.2847 14.7436 15.5021 8.92464 9.54113 10.9306 6.82291 8.2056 6.57745
internal_count=670 275 395 115 280 162 105 119 68 57 63 48 52 51
is_linear=0
shrinkage=0.1


Tree=32
num_leaves=16
num_cat=0
split_feature=1 0 3 2 0 1 2 2 3 3 0 1 2 2 2
split_gain=4.54733 5.46339 2.08159 2.27045 1.73562 1.11921 0.528654 0.556426 0.402282 0.503734 0.32618 0.312282 0.210888 0.0255555 1.08793e-05
threshold=5.5000000000000009 6.0000000000000009 3.0000000000000004 7.5000000000000009 11.500000000000002 9.5000000000000018 6.5000000000000009 4.5000000000000009 6.5000000000000009 13.500000000000002 11.500000000000002 11.500000000000002 11.000000000000002 11.000000000000002 9.5000000000000018
decision_type=2 2 2 2 2 2 2 2 2 2 2 2 2 2 2
left_child=6 -2 11 4 5 -4 7 -1 13 -10 -9 -3 -5 14 -8
right_child=1 2 3 12 -6 -7 8 10 9 -11 -12 -13 -14 -15 -16
leaf_value=-0.011802628731700359 -0.0068165149466599953 0.017988993266135792 0.017988993266135792 0.040341939239344829 0.12328377996071559 0.088273010782936756 -0.027397628522684864 -0.077690459131383657 -0.0068165149466599953 -0.055786575151079654 -0.041236170702232053 0.045098498175230241 0.017988993266135792 -0.037495898766206147 -0.027678254277051086
leaf_weight=3.4211467653512981 13.975555852055548 7.1487523615360242 3.5606721043586749 4.2226639688014975 6.533804178237915 4.1646651774644852 2.7584892585873622 4.6921438425779325 3.4751104712486258 2.3270292580127716 5.1467997133731842 5.4215876460075378 3.362003393471241 4.8300208896398544 2.7674417272210121
leaf_count=32 127 60 31 34 43 31 25 46 28 23 48 42 30 45 25
internal_value=-0.000738603 0.0181108 0.0427945 0.0618336 0.0853474 0.0532622 -0.0317438 -0.0465417 -0.0196 -0.00681651 -0.058621 0.017989 0.017989 -0.0321825 -0.0275382
internal_weight=77.8079 48.3897 34.4141 21.8438 14.2591 7.72534 29.4182 13.2601 16.1581 5.80214 9.83894 12.5703 7.58467 10.356 5.52593
internal_count=670 398 271 169 105 62 272 126 146 51 94 102 64 95 50
is_linear=0
shrinkage=0.1


Tree=33
num_leaves=19
num_cat=0
split_feature=1 0 3 3 1 3 1 3 3 2 2 2 0 0 0 0 2 2
split_gain=19.505 11.5694 2.77474 0.665628 0.98064 0.58156 0.351123 0.219132 0.229794 0.414733 0.162067 0.0166512 0.00692662 0.00894678 2.84712e-05 5.31515e-06 7.77679e-07 3.41127e-07
threshold=7.5000000000000009 9.5000000000000018 7.5000000000000009 5.5000000000000009 5.5000000000000009 10.500000000000002 12.500000000000002 12.500000000000002 9.5000000000000018 2.5000000000000004 8.5000000000000018 7.5000000000000009 2.5000000000000004 12.500000000000002 8.5000000000000018 6.0000000000000009 11.000000000000002 9.5000000000000018
decision_type=2 2 2 2 2 2 2 2 2 2 2 2 2 2 2 2 2 2
left_child=3 5 6 4 14 -2 -3 8 12 -10 -6 -9 -5 -14 15 16 -1 -16
right_child=1 2 -4 7 10 -7 -8 11 9 -11 -12 -13 13 -15 17 -17 -18 -19
leaf_value=-0.09531017343755116 -0.00142997649712317 0.12270860241122344 0.054817880970824996 -0.044983264069154684 -0.058654278299101248 0.054817880970824996 0.15752168662741486 -0.026180737864365908 -0.029567223836204855 -0.095115435277420876 -0.024232561532536081 -0.037823818845038208 -0.041236192894785612 -0.031812023471829973 -0.094866246339106633 -0.095062074171922237 -0.095219750764748465 -0.094800566816325496
leaf_weight=2.3326922729611415 9.9867576509714144 7.0615811645984667 4.8120382428169242 1.9315051138401012 2.695020616054534 2.5569995120167723 4.9127197265625 4.2642942667007437 1.5094178915023801 2.6775444746017456 2.7775168791413307 1.725279353559017 1.8652301281690598 1.5467405617237091 1.6586496457457545 1.7077750712633131 1.605967313051224 1.511320151388645
leaf_count=33 113 51 47 23 36 27 31 52 20 39 35 23 25 19 25 25 23 23
internal_value=-0.00189501 0.0560015 0.111066 -0.0588615 -0.0744351 -0.00142998 0.136991 -0.0445232 -0.0539432 -0.071485 -0.041184 -0.0295345 -0.040198 -0.0374891 -0.0950748 -0.0952094 -0.0952733 -0.0948349
internal_weight=59.1391 29.3301 16.7863 29.809 14.2889 12.5438 11.9743 15.52 9.53044 4.18696 5.47254 5.98957 5.34348 3.41197 8.8164 5.64643 3.93866 3.16997
internal_count=670 269 129 401 200 140 82 201 126 59 71 75 67 44 129 81 56 48
is_linear=0
shrinkage=0.1


Tree=34
num_leaves=17
num_cat=0
split_feature=1 2 0 2 1 0 3 1 3 0 2 0 0 3 1 3
split_gain=12.3451 7.16944 3.36582 0.695465 1.08361 0.599376 0.390592 0.265563 2.49053e-06 1.90629e-06 1.13954e-06 7.41913e-07 7.17821e-07 6.95655e-07 3.04047e-07 3.36139e-07
threshold=8.5000000000000018 7.5000000000000009 10.500000000000002 6.5000000000000009 3.5000000000000004 7.5000000000000009 4.5000000000000009 9.5000000000000018 5.5000000000000009 4.0000000000000009 4.5000000000000009 8.5000000000000018 9.5000000000000018 11.500000000000002 3.5000000000000004 1.5000000000000002
decision_type=2 2 2 2 2 2 2 2 2 2 2 2 2 2 2 2
left_child=3 6 -3 9 8 -6 -2 -4 11 13 12 -5 -11 -1 -12 -16
right_child=1 2 7 4 5 -7 -8 -9 -10 10 14 -13 -14 -15 15 -17
leaf_value=-0.091419589202641996 0.052836144763798526 0.02000866783610257 0.14737654853165161 -0.09135214932283002 -0.050320770399090012 0.00056203347218428124 0.00056203347218428124 0.19639557254284601 -0.091487946411054344 -0.091249936443795018 -0.091296902513229 -0.091215286861861145 -0.091124608940054613 -0.091301314435373149 -0.091271679654713278 -0.091207178796495147
leaf_weight=0.90838178992271634 2.0682190805673581 1.7614320442080496 1.6333542466163633 1.0329375583678486 0.93304075300693545 2.6941548027098179 3.283099215477705 3.4178273528814316 1.2100181169807909 0.79392810165882099 1.3382672984153035 0.64241711795330037 1.0769034996628759 1.0988508574664591 0.5825601890683173 1.0589755699038503
leaf_count=30 53 35 18 35 28 72 83 44 39 28 46 23 40 38 20 38
internal_value=-0.00272704 0.0701717 0.139037 -0.0690476 -0.045644 -0.00926292 0.000562033 0.180545 -0.0913786 -0.0912729 -0.091239 -0.0912997 -0.0911778 -0.0913548 -0.0912774 -0.0912465
internal_weight=25.5344 12.1639 6.81261 13.3704 6.51257 3.6272 5.35132 5.05118 2.88537 6.85787 4.85063 1.67535 1.87083 2.00723 2.9798 1.64154
internal_count=670 233 97 437 197 100 136 62 97 240 172 58 68 68 104 58
is_linear=0
shrinkage=0.1


Tree=35
num_leaves=12
num_cat=0
split_feature=1 0 1 2 2 1 0 3 0 3 1
split_gain=10.3438 4.26376 0.890732 0.483196 0.000818228 5.31552e-07 1.68592e-07 9.51073e-08 7.91177e-08 4.95505e-08 2.16826e-08
threshold=10.500000000000002 10.500000000000002 9.5000000000000018 11.000000000000002 12.500000000000002 5.5000000000000009 12.500000000000002 5.5000000000000009 9.5000000000000018 13.500000000000002 7.5000000000000009
decision_type=2 2 2 2 2 2 2 2 2 2 2
left_child=2 -2 4 -4 5 6 9 10 -9 -1 -7
right_child=1 -3 3 -5 -6 7 -8 8 -10 -11 -12
leaf_value=-0.089865275677073905 0.02894763712093747 0.22217064732754116 0.02894763712093747 -0.038749479537924104 -0.09369626918485717 -0.089811917862548829 -0.089814463456919194 -0.089801489400713863 -0.089745238240060379 -0.089835996296572559 -0.089785977334764094
leaf_weight=1.9325857982039458 1.2960004676133396 2.1689500212669373 0.53110401332378376 0.44228328764438629 0.60236096009612072 0.81217050738632701 0.58245651144534338 0.36211435124278046 0.80789108946919441 0.57196166645735491 0.53413351997733116
leaf_count=160 74 27 34 36 11 71 52 32 76 49 48
internal_value=-0.00775771 0.134139 -0.0762437 0.0126951 -0.0901941 -0.0898176 -0.0898454 -0.0897835 -0.0897626 -0.0898575 -0.0898016
internal_weight=10.644 3.46495 7.17906 0.973387 6.20567 5.60331 3.087 2.51631 1.17001 2.50455 1.3463
internal_count=670 101 569 70 499 488 261 227 108 209 119
is_linear=0
shrinkage=0.1


Tree=36
num_leaves=16
num_cat=0
split_feature=2 3 2 2 3 2 2 3 2 3 2 2 3 3 2
split_gain=4.47531 3.46931 1.66083 0.988435 1.02541 3.62163 2.99154 1.96719 4.6985 0.876339 1.05637 0.873933 0.581393 0.50993 0.272993
threshold=1.0000000180025095e-35 5.5000000000000009 5.5000000000000009 4.5000000000000009 1.5000000000000002 6.5000000000000009 8.5000000000000018 1.0000000180025095e-35 5.5000000000000009 9.5000000000000018 3.5000000000000004 11.000000000000002 8.5000000000000018 13.500000000000002 9.5000000000000018
decision_type=2 2 2 2 2 2 2 2 2 2 2 2 2 2 2
left_child=-1 3 9 -2 7 -6 -7 8 -5 12 -11 13 -3 14 -4
right_child=1 2 11 4 5 6 -8 -9 -10 10 -12 -13 -14 -15 -16
leaf_value=0.090378272953272984 -0.036850344434727803 -0.018662558737102094 -0.094958358714121019 -0.095654707383048848 -0.097223330810011083 0.099182720005549563 -0.0044114601218691422 0.081149246064342401 0.082936681586431554 -0.00016396906790564771 -0.094834580689843781 -0.019961844379374816 0.041883212083044304 -0.036430537284835918 -0.054714915439898017
leaf_weight=4.9945929348468772 3.3626743108034161 2.5656602457165736 5.6875329986214656 2.7225842550396937 2.902875222265723 3.9421710669994345 9.5174644440412504 6.3218877464532852 3.2099291533231735 3.0631707012653351 1.9158228635787962 5.1824696585535994 4.1536022424697876 3.3095622658729544 2.3956160545349121
leaf_count=29 42 31 85 37 33 29 94 45 23 32 29 60 32 39 30
internal_value=-0.000585481 -0.0081258 -0.0336457 0.0144366 0.0204631 0.00408141 0.0259301 0.0423366 0.000976462 -0.00479594 -0.0365914 -0.054007 0.0187646 -0.0694939 -0.0830313
internal_weight=65.2476 60.253 28.2734 31.9796 28.6169 16.3625 13.4596 12.2544 5.93251 11.6983 4.97899 16.5752 6.71926 11.3927 8.08315
internal_count=670 641 338 303 261 156 123 105 60 124 61 214 63 154 115
is_linear=0
shrinkage=0.1


Tree=37
num_leaves=21
num_cat=0
split_feature=3 2 3 3 3 2 3 2 3 2 3 2 2 3 2 2 2 2 3 2
split_gain=0.933967 0.785191 2.62095 2.13582 1.41219 1.14952 0.736317 0.570805 1.26242 0.475823 1.07024 2.12972 1.53661 0.301233 0.249864 0.190031 0.172093 0.146558 0.142352 0.0277695
threshold=5.5000000000000009 6.5000000000000009 11.500000000000002 12.500000000000002 6.5000000000000009 2.5000000000000004 1.0000000180025095e-35 4.5000000000000009 8.5000000000000018 5.5000000000000009 3.0000000000000004 9.5000000000000018 9.5000000000000018 1.5000000000000002 4.5000000000000009 11.000000000000002 8.5000000000000018 5.5000000000000009 9.5000000000000018 11.000000000000002
decision_type=2 2 2 2 2 2 2 2 2 2 2 2 2 2 2 2 2 2 2 2
left_child=6 2 7 4 -3 -4 17 8 -2 13 11 -11 -12 14 -8 -13 -5 -1 -10 -6
right_child=1 3 5 16 19 -7 9 -9 18 10 12 15 -14 -15 -16 -17 -18 -19 -20 -21
leaf_value=-0.029455740952810658 -0.097706396394340422 -0.045346323301437799 0.065290205772246715 -0.09877429067753217 0.026418028500663382 0.0052062989217180368 0.028904036062203899 -0.0032948112973184896 -0.0010954443120135325 0.034794437171279481 -0.021212320788184524 -0.070153890824993251 0.058032272995853368 0.014850073364402305 0.066305000080680909 -0.034549054549157736 -0.062243280330806852 -0.00038735891602132664 -0.032462143280864587 0.015128196255082039
leaf_weight=4.224461816251277 2.8629743233323115 5.2673321366310146 6.3295258879661542 2.4316924810409537 3.8432138562202436 6.4077502191066742 3.7429892122745496 6.022270441055297 2.9410796761512756 5.06786657869816 3.7023197337985021 3.1510998755693436 7.2164828181266785 5.0454140305519104 3.416810929775238 2.859138548374176 2.7455477118492126 2.9426798224449158 2.8478627279400826 5.0303268134593964
leaf_count=37 31 45 38 24 28 46 26 47 22 39 29 27 46 36 20 20 28 23 22 36
internal_value=0.000679961 -0.0090078 0.00187418 -0.0244488 -0.00432959 0.0350638 0.011623 -0.0269346 -0.0433893 0.0177302 0.00894422 -0.0129543 0.0311622 0.0335647 0.0467526 -0.0532163 -0.0794015 -0.0175209 -0.0165263 0.0200179
internal_weight=88.0988 46.7296 27.4115 19.3181 14.1409 12.7373 41.3693 14.6742 8.65192 34.2021 21.9969 11.0781 10.9188 12.2052 7.1598 6.01024 5.17724 7.16714 5.78894 8.87354
internal_count=670 367 206 161 109 84 303 122 75 243 161 86 75 82 46 47 52 60 44 64
is_linear=0
shrinkage=0.1


Tree=38
num_leaves=21
num_cat=0
split_feature=2 3 2 3 0 3 3 2 3 0 3 3 2 2 3 2 3 3 3 2
split_gain=2.82719 2.61802 1.46373 1.76898 1.38351 1.05033 1.21649 0.903081 0.770974 1.04615 0.699601 1.21091 0.347445 0.267966 0.175029 0.149452 0.122062 0.112728 0.0671092 0.0497731
threshold=4.5000000000000009 4.5000000000000009 6.5000000000000009 4.5000000000000009 6.0000000000000009 12.500000000000002 6.5000000000000009 1.0000000180025095e-35 5.5000000000000009 12.500000000000002 11.500000000000002 7.5000000000000009 11.000000000000002 8.5000000000000018 12.500000000000002 11.000000000000002 1.5000000000000002 1.5000000000000002 8.5000000000000018 9.5000000000000018
decision_type=2 2 2 2 2 2 2 2 2 2 2 2 2 2 2 2 2 2 2 2
left_child=1 -1 8 4 15 6 19 -3 9 16 11 -9 -8 -7 18 -4 -2 -6 -10 -5
right_child=2 7 3 5 17 13 12 10 14 -11 -12 -13 -14 -15 -16 -17 -18 -19 -20 -21
leaf_value=0.091583396578017895 -0.052692738545301022 -0.029599360056593228 -0.019701761300784038 0.0018632298534300589 0.031835486194427415 0.032354386054342314 -0.036397416946449275 0.041478378181834009 -0.010736525265277203 -0.0051783901536197035 0.050514807424701019 -0.019015394650447839 -0.076883503783972421 -0.0038529227579223225 -0.023776030341127741 0.0064315747501651399 -0.075361475881166873 0.051990102930725403 0.0085461659175901233 -0.011751182494478516
leaf_weight=5.2550740242004421 6.0606804043054598 4.0291646122932461 4.5387624055147189 4.6698796749115044 4.2607404291629773 4.2094409465789777 4.2948513627052289 6.2728327363729495 3.0910363644361478 4.9087063223123542 6.0850885510444632 7.003107562661171 4.1853587031364441 3.9734802842140198 4.9328966438770294 4.2257431894540787 3.9063150957226753 7.9591487795114517 4.3376581072807312 6.3188779354095459
leaf_count=26 48 29 28 32 26 24 28 31 19 31 32 49 36 28 34 23 33 44 28 41
internal_value=0.00103603 0.027803 -0.00906955 0.00132454 0.0232171 -0.0152892 -0.0279244 0.0134734 -0.0276298 -0.0429666 0.0224372 0.00956769 -0.0563791 0.0147728 -0.00917369 -0.00710176 -0.0615772 0.0449627 0.000522751 -0.00596548
internal_weight=104.519 28.6453 75.8736 48.6363 20.9844 27.6519 19.469 23.3902 27.2373 14.8757 19.361 13.2759 8.48021 8.18292 12.3616 8.76451 9.967 12.2199 7.42869 10.9888
internal_count=670 167 503 310 121 189 137 141 193 112 112 80 64 52 81 51 81 70 47 73
is_linear=0
shrinkage=0.1


Tree=39
num_leaves=19
num_cat=0
split_feature=0 3 2 1 3 0 3 2 2 3 0 3 1 3 2 0 2 3
split_gain=5.77085 2.72057 2.55867 1.43614 1.55579 0.564479 0.776344 0.730615 0.861389 1.88313 0.755773 0.344882 0.268618 0.176007 0.92406 0.061426 0.0328968 0.00275675
threshold=4.0000000000000009 8.5000000000000018 9.5000000000000018 6.5000000000000009 5.5000000000000009 7.5000000000000009 10.500000000000002 4.5000000000000009 5.5000000000000009 1.5000000000000002 13.500000000000002 5.5000000000000009 5.5000000000000009 3.0000000000000004 11.000000000000002 12.500000000000002 6.5000000000000009 11.500000000000002
decision_type=2 2 2 2 2 2 2 2 2 2 2 2 2 2 2 2 2 2
left_child=1 3 5 4 16 6 -2 15 9 -9 -10 13 -3 14 -4 -7 -1 -14
right_child=2 12 11 -5 -6 7 -8 8 10 -11 -12 -13 17 -15 -16 -17 -18 -19
leaf_value=-0.069579676193852011 -0.01016846528941515 -0.10238031509276985 -0.01016846528941515 -0.01016846528941515 -0.028166863332492312 0.017033510801332235 0.017033510801332235 0.017033510801332235 0.017212851370876459 0.087924915783126695 0.065578452360359085 -0.01016846528941515 -0.069475337256290848 0.025584484739399473 0.04530688725749573 0.036012903785987246 -0.083072159124716827 -0.065032472662123364
leaf_weight=2.8618890047073418 4.2213678359985334 3.6021856069564802 4.1763065308332461 10.312538996338843 3.9692169725894928 7.3421010076999647 7.0675754249095917 6.8966352790594092 20.120223417878154 8.1835661232471448 3.8489112108945838 7.1240672022104254 2.9618647992610931 4.3309609442949295 3.2639268040657043 5.4299604892730713 4.9027217775583267 2.6427087187767029
leaf_count=20 25 28 27 62 23 42 39 37 111 38 19 48 22 23 20 30 36 20
internal_value=0.00114622 -0.0354182 0.0150813 -0.0163518 -0.0461653 0.0249579 0.00469499 0.029372 0.03676 0.0554847 0.0249793 -0.0101685 -0.0810743 0.00955736 0.000227963 0.0170335 -0.0780991 -0.0673804
internal_weight=113.259 31.2531 82.0056 22.0464 11.7338 63.1103 11.2889 51.8214 39.0493 15.0802 23.9691 18.8953 9.20676 11.7712 7.44023 12.7721 7.76461 5.60457
internal_count=670 211 459 141 79 341 64 277 205 75 130 118 70 70 47 72 56 42
is_linear=0
shrinkage=0.1


Tree=40
num_leaves=16
num_cat=0
split_feature=1 2 2 1 0 1 3 2 1 1 3 0 2 0 1
split_gain=4.15357 3.69881 4.09023 3.7126 3.63821 2.27962 1.96588 1.03561 1.99242 0.940564 0.897978 0.684444 0.907771 0.417642 0.0533095
threshold=1.5000000000000002 9.5000000000000018 5.5000000000000009 3.5000000000000004 7.5000000000000009 8.5000000000000018 4.5000000000000009 2.5000000000000004 13.500000000000002 9.5000000000000018 9.5000000000000018 7.5000000000000009 11.000000000000002 11.500000000000002 8.5000000000000018
decision_type=2 2 2 2 2 2 2 2 2 2 2 2 2 2 2
left_child=-1 2 3 -2 5 -4 11 8 -5 13 -9 -3 -13 -6 -8
right_child=1 6 4 7 9 -7 14 10 -10 -11 -12 12 -14 -15 -16
leaf_value=-0.10174712425672788 -0.048377830095270746 -0.036986183049558419 -0.048377830095270746 -0.020062113923882879 0.032883732126081616 0.032883732126081616 -0.048377830095270746 0.0066744113247735942 0.05412398351306108 0.10225640358471129 0.051708040700517634 -0.0091665558728675281 0.049002621935247431 0.066489959682991193 -0.038671929107607042
leaf_weight=3.790643796324729 4.9220921099185935 3.0363416820764551 5.4967049211263639 8.470408648252489 5.6046047210693386 6.9722630083560944 4.6915127113461503 12.508112922310831 3.6855596899986258 5.5578350424766532 6.8542068004608145 3.5900489091873151 4.5430738776922226 10.183333873748778 9.2146662473678571
leaf_count=31 42 23 40 62 32 45 35 85 22 29 41 27 31 58 67
internal_value=0.000909521 0.00499146 0.0167594 -0.0064838 0.0418075 -0.00110974 -0.0279792 0.0082536 -0.0146235 0.0668772 0.0226162 0.00352792 0.0186531 0.0544226 -0.0483778
internal_weight=99.1214 95.3308 70.2551 36.4404 33.8147 12.469 25.0756 31.5183 12.156 21.3458 19.3623 11.1695 8.13312 15.7879 13.9062
internal_count=670 639 456 252 204 85 183 210 84 119 126 81 58 90 102
is_linear=0
shrinkage=0.1


Tree=41
num_leaves=12
num_cat=0
split_feature=0 1 3 2 1 2 3 3 2 3 3
split_gain=3.80745 5.06572 2.1744 0.943327 1.18545 0.676127 0.601953 0.575791 0.356454 0.325097 0.268755
threshold=6.0000000000000009 6.5000000000000009 5.5000000000000009 4.5000000000000009 10.500000000000002 4.5000000000000009 3.0000000000000004 11.500000000000002 6.5000000000000009 6.5000000000000009 3.0000000000000004
decision_type=2 2 2 2 2 2 2 2 2 2 2
left_child=2 5 8 -3 9 -2 -6 -4 -1 -5 -10
right_child=1 3 7 4 6 -7 -8 -9 10 -11 -12
leaf_value=-0.097931323291738731 0.017913627478525592 0.086124685056441427 -0.0093229758420805744 0.039413391253763974 0.044078788047604095 -0.0093229758420805744 0.097343663186501658 -0.042377887862412755 -0.034493200169285108 0.017913627478525592 -0.073867956563463663
leaf_weight=2.9986426830291766 5.0361861735582378 4.6481650248169926 10.078383699059485 7.0342425405979174 5.4539261013269407 20.559199795126915 3.4725930765271187 5.2699237912893286 3.0633249506354332 6.3005458638072014 3.9931606873869896
leaf_count=32 41 31 85 54 42 191 26 50 28 51 39
internal_value=-0.00112057 0.0142564 -0.0329024 0.0451502 0.0365948 -0.00932298 0.0647999 -0.00932298 -0.0690485 0.0179136 -0.0567748
internal_weight=77.9083 52.5049 25.4034 26.9095 22.2613 25.5954 8.92652 15.3483 10.0551 13.3348 7.05649
internal_count=670 436 234 204 173 232 68 135 99 105 67
is_linear=0
shrinkage=0.1


Tree=42
num_leaves=19
num_cat=0
split_feature=1 0 3 3 1 3 2 3 3 2 2 1 2 0 0 0 0 2
split_gain=16.3232 9.43147 1.91315 0.646051 0.994846 0.564773 0.437794 0.204545 0.205008 0.417977 0.15552 0.0497586 0.0142501 0.00968884 0.00811758 4.48646e-05 1.23594e-05 2.93316e-07
threshold=7.5000000000000009 9.5000000000000018 7.5000000000000009 5.5000000000000009 5.5000000000000009 10.500000000000002 6.5000000000000009 12.500000000000002 9.5000000000000018 2.5000000000000004 8.5000000000000018 9.5000000000000018 7.5000000000000009 2.5000000000000004 12.500000000000002 6.0000000000000009 9.5000000000000018 11.000000000000002
decision_type=2 2 2 2 2 2 2 2 2 2 2 2 2 2 2 2 2 2
left_child=3 5 6 4 15 -2 -3 8 13 -10 -6 -8 -9 -5 -15 17 -17 -1
right_child=1 2 -4 7 10 -7 11 12 9 -11 -12 -13 -14 14 -16 16 -18 -19
leaf_value=-0.094806963527644686 -0.00390242593361044 0.1493088296454867 0.046122395461591727 -0.044425596857151237 -0.056354610839898983 0.046122395461591727 0.09894012372212739 -0.024611524517685213 -0.0266591757578966 -0.094469690504240908 -0.021966324246922565 0.11312228507029712 -0.035545097681184586 -0.039956747723432558 -0.030083612467297339 -0.09447111598345509 -0.094137247702648238 -0.094749487468295882
leaf_weight=2.1727627813816088 9.9697580635547656 3.0704640001058605 4.922076277434825 1.9139264896512012 2.5628570020198813 2.655211240053176 4.90985059738159 4.1813120394945136 1.4523388445377352 2.4296618476510048 2.7012490853667259 4.9863581359386444 1.6674011051654813 1.8001879379153252 1.5111525431275368 2.3142335116863251 2.1286405585706234 1.5014680549502375
leaf_count=33 113 17 47 23 36 27 34 52 20 39 35 31 23 25 19 37 36 23
internal_value=-0.00195333 0.0487991 0.0961472 -0.056604 -0.072567 -0.00390243 0.116321 -0.0423218 -0.0516936 -0.0691003 -0.0387084 0.106086 -0.0277286 -0.0387616 -0.0354879 -0.094525 -0.0943112 -0.0947835
internal_weight=58.8509 30.5137 17.8887 28.3372 13.3812 12.625 12.9667 14.956 9.10727 3.882 5.26411 9.89621 5.84871 5.22527 3.31134 8.1171 4.44287 3.67423
internal_count=670 269 129 401 200 140 82 201 126 59 71 65 75 67 44 129 73 56
is_linear=0
shrinkage=0.1


Tree=43
num_leaves=18
num_cat=0
split_feature=1 2 0 1 2 2 0 0 1 2 3 2 0 0 3 0 1
split_gain=10.5183 5.8631 2.2938 0.738728 0.592198 0.795328 0.563109 0.228386 0.167604 2.03261e-05 2.02998e-05 2.86647e-06 2.05195e-06 1.58005e-06 7.00314e-07 1.73762e-07 1.17841e-07
threshold=7.5000000000000009 7.5000000000000009 10.500000000000002 12.500000000000002 8.5000000000000018 11.000000000000002 7.5000000000000009 4.0000000000000009 9.5000000000000018 6.5000000000000009 3.0000000000000004 4.5000000000000009 9.5000000000000018 9.5000000000000018 9.5000000000000018 4.0000000000000009 3.5000000000000004
decision_type=2 2 2 2 2 2 2 2 2 2 2 2 2 2 2 2 2
left_child=4 3 -3 -2 9 6 -6 -5 -4 11 -7 12 15 -13 -11 -1 -15
right_child=1 2 8 7 5 10 -8 -9 -10 14 -12 13 -14 16 -16 -17 -18
leaf_value=-0.091085400618415913 -0.0092539598062148128 0.017066182588114241 0.12121896079107906 0.020840692476789779 -0.09150332765914565 -0.091839319500091374 -0.0092539598062148128 0.081038897331790136 0.15795774672921731 -0.091414329602194366 -0.091164378552828162 -0.091250522215293506 -0.090876271368032682 -0.091111007666294888 -0.091551320041654796 -0.091021048027800616 -0.091064743408041035
leaf_weight=1.0044683553278466 4.3644390888512117 1.8058343827724455 1.8185328841209409 0.93889203667640719 0.84291591122746501 0.69961234927177418 1.4256581179797647 1.153070420026779 3.9150858223438263 0.74722288548946358 1.227411365136504 0.8507744595408443 0.96248279139399517 1.2308218888938429 0.74547818303108215 0.72059705853462208 0.99615446105599392
leaf_count=38 122 35 18 22 27 20 40 28 44 25 45 30 40 46 24 28 38
internal_value=-0.00279962 0.0553577 0.11535 -0.00925396 -0.0738656 -0.0439585 -0.00925396 0.0509353 0.146305 -0.0911539 -0.0914094 -0.0910687 -0.0909933 -0.0911346 -0.0914827 -0.0910585 -0.0910903
internal_weight=25.4495 13.9959 7.53945 6.4564 11.4536 4.1956 2.26857 2.09196 5.73362 7.258 1.92702 5.7653 2.68755 3.07775 1.4927 1.72507 2.22698
internal_count=670 269 97 172 401 132 67 50 62 269 65 220 106 114 49 66 84
is_linear=0
shrinkage=0.1


Tree=44
num_leaves=18
num_cat=0
split_feature=1 3 1 2 1 0 3 0 0 2 1 3 0 2 3 2 0
split_gain=8.47904 5.54044 0.611966 0.00059239 7.25954e-07 2.53376e-07 1.41696e-07 8.63799e-08 7.62542e-08 3.43051e-08 2.88596e-08 2.52107e-08 6.00423e-08 1.34502e-08 8.05083e-09 1.17317e-09 4.3052e-10
threshold=9.5000000000000018 12.500000000000002 13.500000000000002 12.500000000000002 5.5000000000000009 6.0000000000000009 5.5000000000000009 9.5000000000000018 13.500000000000002 8.5000000000000018 7.5000000000000009 5.5000000000000009 2.5000000000000004 6.5000000000000009 1.5000000000000002 11.000000000000002 8.5000000000000018
decision_type=2 2 2 2 2 2 2 2 2 2 2 2 2 2 2 2 2
left_child=3 2 -2 4 5 11 10 -8 9 -7 14 15 -13 -9 -6 -1 -12
right_child=1 -3 -4 -5 6 8 7 13 -10 -11 16 12 -14 -15 -16 -17 -18
leaf_value=-0.089796388512531952 0.00023520155047325743 0.20437963805887713 0.11583579715540766 -0.093202709674137851 -0.089734292623436296 -0.089773996054265018 -0.089711982131542023 -0.089662096219506673 -0.089734292623436296 -0.089748141622979158 -0.089702992433989354 -0.089855696166048507 -0.089791676988104932 -0.089634540144436059 -0.08972160110954093 -0.089787593992028736 -0.089696940136072018
leaf_weight=0.37139927037060283 2.0453988173976545 2.268356129527092 0.48417907208204258 0.54625812545418728 0.21549858152866386 0.88911026809364535 0.32725007086992242 0.4039202518761158 0.32578077167272557 0.42101852223277092 0.28328317403793335 0.27511757705360651 0.31336772255599499 0.31547796353697777 0.52705852035433054 0.25639738421887159 0.20086964592337608
leaf_count=33 120 29 22 11 20 81 32 42 33 40 28 23 28 34 51 23 20
internal_value=-0.00730245 0.0905426 0.000235202 -0.0900722 -0.0897386 -0.0897722 -0.0896964 -0.0896694 -0.0897465 -0.089762 -0.0897195 -0.0898067 -0.0898216 -0.08965 -0.0897319 -0.0897928 -0.0897005
internal_weight=10.4697 4.79793 2.52958 5.67181 5.12555 2.85219 2.27336 1.04665 1.63591 1.31013 1.22671 1.21628 0.588485 0.719398 0.742557 0.627797 0.484153
internal_count=670 171 142 499 488 261 227 108 154 121 119 107 51 76 71 56 48
is_linear=0
shrinkage=0.1


Tree=45
num_leaves=18
num_cat=0
split_feature=2 3 2 3 2 2 2 3 2 3 2 2 3 3 2 2 3
split_gain=3.37601 2.91541 2.02304 0.999184 1.48299 0.991208 0.673327 3.05531 2.1833 1.77695 0.663068 0.406619 0.379473 0.370634 0.129137 0.0529876 0.043176
threshold=1.0000000180025095e-35 4.5000000000000009 5.5000000000000009 9.5000000000000018 3.5000000000000004 3.5000000000000004 6.5000000000000009 1.5000000000000002 8.5000000000000018 3.0000000000000004 11.000000000000002 7.5000000000000009 5.5000000000000009 1.0000000180025095e-35 9.5000000000000018 11.000000000000002 8.5000000000000018
decision_type=2 2 2 2 2 2 2 2 2 2 2 2 2 2 2 2 2
left_child=-1 6 3 4 16 -5 7 13 -8 15 11 12 -4 -2 -13 -10 -3
right_child=1 2 10 5 -6 -7 8 -9 9 -11 -12 14 -14 -15 -16 -17 -18
leaf_value=0.075551647313404732 -0.0012990066058171711 -0.016252486009754048 -0.0093008497969074566 0.00047701284622725262 0.084167901329358641 -0.094202684974885376 0.094441064148501189 -0.096305175407928975 -0.02219964998897005 0.059652539378434191 -0.01819407717800646 -0.095558276188587296 -0.058925497170132513 0.036045658141039549 -0.066397104470483345 -0.04280889608716984 0.0017247230282372563
leaf_weight=5.3249159753322592 4.0950600281357783 2.496369272470476 2.133402347564699 3.0453045368194571 2.7046257853507996 1.7361072413623331 3.9677358120679846 2.6339704096317282 3.9391638636589033 3.7579442486166954 5.0749758034944525 2.7909563928842545 5.548805944621563 7.5709401071071625 3.3310700654983521 1.8257361650466917 2.8740895092487335
leaf_count=29 48 31 16 32 26 29 25 33 42 34 60 39 85 57 42 20 22
internal_value=-0.000733646 -0.00755774 -0.0282673 0.00232833 0.0237802 -0.0339007 0.0160917 0.000973081 0.0321174 0.00614996 -0.0491025 -0.0604656 -0.0451444 0.0229367 -0.0796913 -0.0287266 -0.00663169
internal_weight=64.8512 59.5263 31.7357 12.8565 8.07508 4.78141 27.7906 14.3 13.4906 9.52284 18.8792 13.8042 7.68221 11.666 6.12203 5.7649 5.37046
internal_count=670 641 382 140 79 61 259 138 121 96 242 182 101 105 81 62 53
is_linear=0
shrinkage=0.1


Tree=46
num_leaves=13
num_cat=0
split_feature=3 2 3 2 3 2 2 3 2 2 3 2
split_gain=0.784794 2.24893 1.78424 1.27288 1.30855 0.615459 1.0152 0.972531 0.850371 0.179493 0.0568938 0.0260271
threshold=12.500000000000002 7.5000000000000009 11.500000000000002 3.5000000000000004 8.5000000000000018 11.000000000000002 5.5000000000000009 1.0000000180025095e-35 6.5000000000000009 8.5000000000000018 6.5000000000000009 4.5000000000000009
decision_type=2 2 2 2 2 2 2 2 2 2 2 2
left_child=2 11 3 4 -1 6 7 -5 -8 -3 -7 -2
right_child=1 9 -4 5 -6 10 8 -9 -10 -11 -12 -13
leaf_value=-0.096716517189823548 0.017806806563777054 -0.09762684378887504 0.060341991519147091 -0.026895406595517746 -0.0062551350398804152 0.026302765125928246 -0.040095565834446421 0.027823252183061017 -0.0018925220540659316 -0.058635995654057783 0.013391628297649416 0.005975942585488914
leaf_weight=2.5936556458473197 3.1319926679134351 2.2001934051513672 5.3235369920730582 4.0992817953228977 4.1699621751904488 10.359064184129236 8.2570360898971575 15.643394634127615 19.794539570808411 2.5478787273168564 5.0899947285652152 4.5767164528369904
leaf_count=31 18 24 32 37 33 65 72 103 157 28 36 34
internal_value=0.000687195 -0.022564 0.00453205 0.000288092 -0.0409445 0.00469775 -0.00091086 0.0164617 -0.0131377 -0.0767038 0.0220489 0.0107827
internal_weight=87.7872 12.4568 75.3305 70.0069 6.76362 63.2433 47.7943 19.7427 28.0516 4.74807 15.4491 7.70871
internal_count=670 104 566 534 64 470 369 140 229 52 101 52
is_linear=0
shrinkage=0.1


Tree=47
num_leaves=17
num_cat=0
split_feature=2 3 2 2 2 3 2 2 3 0 0 3 3 3 3 3
split_gain=2.27169 1.96297 1.43154 0.810315 1.22986 0.818165 0.795983 0.722541 0.689047 0.891357 0.58373 1.33122 0.520506 0.947472 0.142526 0.120938
threshold=4.5000000000000009 4.5000000000000009 12.500000000000002 6.5000000000000009 9.5000000000000018 6.5000000000000009 11.000000000000002 1.0000000180025095e-35 5.5000000000000009 12.500000000000002 6.0000000000000009 9.5000000000000018 11.500000000000002 7.5000000000000009 12.500000000000002 1.5000000000000002
decision_type=2 2 2 2 2 2 2 2 2 2 2 2 2 2 2 2
left_child=1 -1 3 8 10 6 -6 -3 9 15 -5 -12 13 -9 -10 -2
right_child=2 7 -4 4 5 -7 -8 12 14 -11 11 -13 -14 -15 -16 -17
leaf_value=0.078631712720010488 -0.04898687226533361 -0.026855610151910222 0.052420185179980705 -0.0080166159902666876 -0.0293815225747187 -0.050752561889635443 0.011955300429313727 0.036618891521394754 0.0011632525634218689 -0.0054543020569351166 0.072825146882252334 0.0097954141758816171 0.043930558119901597 -0.016838564113681839 -0.020966717058095156 -0.072314603564644073
leaf_weight=5.5204550921916988 5.7324636280536669 3.9149577468633678 3.7284482717514029 7.0421515703201321 8.9322699606418645 5.8248477205634108 9.7355894893407822 6.4147461056709307 7.3891957402229291 4.9187560826539984 4.4099679589271537 8.851623520255087 6.2796471118926993 6.8623640388250351 4.8012571632862091 3.6294438019394875
leaf_count=26 48 29 24 44 57 48 54 31 47 31 28 55 32 49 34 33
internal_value=0.00120607 0.0249778 -0.00798368 -0.0111438 -0.00294696 -0.018033 -0.0078237 0.0123586 -0.0250151 -0.0399215 0.0152516 0.0276074 0.0202087 0.00898904 -0.00755272 -0.0580306
internal_weight=103.988 28.9922 74.996 71.2676 44.7965 24.4927 18.6679 23.4717 26.4711 14.2807 20.3037 13.2616 19.5568 13.2771 12.1905 9.36191
internal_count=670 167 503 479 286 159 111 141 193 112 127 83 112 80 81 81
is_linear=0
shrinkage=0.1


Tree=48
num_leaves=19
num_cat=0
split_feature=0 3 2 1 3 0 3 0 3 3 2 1 0 3 2 1 2 3
split_gain=4.66244 2.52313 2.16314 1.27408 0.698593 1.01724 0.827565 0.823674 0.408507 0.353655 0.337025 0.278926 0.2206 0.145771 0.781173 0.103491 0.0472302 0.00255447
threshold=4.0000000000000009 8.5000000000000018 8.5000000000000018 2.5000000000000004 10.500000000000002 7.5000000000000009 5.5000000000000009 11.500000000000002 1.5000000000000002 5.5000000000000009 3.5000000000000004 5.5000000000000009 1.0000000180025095e-35 3.0000000000000004 11.000000000000002 1.5000000000000002 5.5000000000000009 11.500000000000002
decision_type=2 2 2 2 2 2 2 2 2 2 2 2 2 2 2 2 2 2
left_child=1 3 4 15 5 -2 8 16 -7 13 -8 -3 -5 14 -4 -1 -6 -13
right_child=2 11 9 12 7 6 10 -9 -10 -11 -12 17 -14 -15 -16 -17 -18 -19
leaf_value=-0.066926062460032604 -0.0095161177695627756 -0.10100188816572342 -0.0095161177695627756 -0.03044816319479178 0.032443254829532232 0.02579209036371484 0.031004818687106146 0.071667076508068944 0.054880496224818581 -0.0095161177695627756 0.0064295272237855057 -0.066088753033944597 -0.0095161177695627756 0.023157397962593786 0.040933161958310225 -0.042558298749680118 0.018619017887306254 -0.061680096418465113
leaf_weight=2.7319449186325135 4.1805266588926306 3.3213651329278928 4.0904498547315615 4.9383861273527137 4.1705748587846738 13.633071929216387 5.6182973682880428 5.7057174146175376 7.4750816226005545 10.103039562702177 13.865515097975729 2.7806103825569153 9.1381062716245633 4.3886440843343735 3.3435404300689697 4.8141974955797195 6.0657942295074463 2.4922828376293182
leaf_count=20 25 28 27 32 23 73 31 26 36 63 80 22 55 23 20 34 32 20
internal_value=0.00114533 -0.0324681 0.0134359 -0.0142504 0.0232454 0.0168446 0.0223752 0.0412216 0.0360932 -0.00951612 0.00751345 -0.0783029 -0.00951612 0.0087055 0.000173852 -0.0513802 0.0242514 -0.064005
internal_weight=112.857 30.2169 82.6403 21.6226 60.7146 44.7725 40.592 15.9421 21.1082 21.9257 19.4838 8.59426 14.0765 11.8226 7.43399 7.54614 10.2364 5.27289
internal_count=670 211 459 141 326 245 220 81 109 133 111 70 87 70 47 54 55 42
is_linear=0
shrinkage=0.1


Tree=49
num_leaves=13
num_cat=0
split_feature=1 0 2 2 1 1 3 2 2 0 0 3
split_gain=3.76421 5.85225 1.84088 1.9557 1.15104 0.781902 1.7322 0.551929 0.432433 1.0119 0.300799 0.000404496
threshold=3.5000000000000004 8.5000000000000018 9.5000000000000018 2.5000000000000004 13.500000000000002 8.5000000000000018 5.5000000000000009 11.000000000000002 5.5000000000000009 7.5000000000000009 12.500000000000002 6.5000000000000009
decision_type=2 2 2 2 2 2 2 2 2 2 2 2
left_child=1 7 3 4 -2 6 10 11 -7 -10 -5 -1
right_child=2 -3 -4 5 -6 8 -8 -9 9 -11 -12 -13
leaf_value=-0.099437463109976559 -0.008810480549610011 -0.008810480549610011 -0.008810480549610011 -0.008810480549610011 0.046877814929506545 0.03455786460771635 0.03455786460771635 -0.056011071009246585 0.03455786460771635 0.089565876403615408 0.022366057426363661 -0.10087042904715389
leaf_weight=3.4102693498134631 8.2630288004875165 15.699880376458166 15.388806149363516 9.2366898059844988 3.8270872235298148 4.1489411741495159 14.06133361160755 4.3293416127562514 7.1214682310819608 5.8378978967666626 3.1042358279228202 4.6639506071805954
leaf_count=32 62 99 114 64 22 29 80 34 45 29 20 40
internal_value=0.000546263 -0.0304303 0.0128093 0.0216505 -0.00881048 0.0316268 0.0208358 -0.0848187 0.0482799 0.058688 -0.00794462 -0.100265
internal_weight=99.0929 28.1034 70.9895 55.6007 12.0901 43.5106 26.4023 12.4036 17.1083 12.9594 12.3409 8.07422
internal_count=670 205 465 351 84 267 164 106 103 74 84 72
is_linear=0
shrinkage=0.1


Tree=50
num_leaves=13
num_cat=0
split_feature=1 0 2 1 2 2 2 2 3 0 1 2
split_gain=3.34773 4.14243 2.76576 1.20044 0.490517 1.15866 0.451216 0.539115 0.343937 0.326321 0.020684 7.68425e-05
threshold=5.5000000000000009 9.5000000000000018 4.5000000000000009 11.500000000000002 6.5000000000000009 11.000000000000002 6.5000000000000009 4.5000000000000009 6.5000000000000009 11.500000000000002 2.5000000000000004 9.5000000000000018
decision_type=2 2 2 2 2 2 2 2 2 2 2 2
left_child=6 3 -3 -2 -4 -6 7 -1 10 -9 -8 -12
right_child=1 2 4 -5 5 -7 8 9 -10 -11 11 -13
leaf_value=-0.0079009688624914545 -0.0068527370278710711 0.098030831239330041 0.018105571717537152 0.018105571717537152 0.06992140095001885 0.018105571717537152 -0.034352791949934722 -0.075039923860418634 -0.0068527370278710711 -0.037310035486256866 -0.024857003662279421 -0.02561272755007752
leaf_weight=3.2933071851730373 16.0927808880806 6.7611690089106586 7.0676689594984081 7.4695769101381293 6.3580989986658079 5.6785969361662865 4.6298868805170041 4.3262375593185407 5.7209878712892523 4.8758559376001358 2.6794328689575195 2.7025592625141144
leaf_count=32 146 42 55 57 48 50 45 46 51 48 25 25
internal_value=-0.000960812 0.0147299 0.0430639 -0.00685274 0.0236107 0.0394508 -0.0284354 -0.042622 -0.0171681 -0.0550482 -0.0294522 -0.0252365
internal_weight=77.6562 49.4279 25.8655 23.5624 19.1044 12.0367 28.2283 12.4954 15.7329 9.20209 10.0119 5.38199
internal_count=670 398 195 203 153 98 272 126 146 94 95 50
is_linear=0
shrinkage=0.1


Tree=51
num_leaves=19
num_cat=0
split_feature=1 0 3 3 1 3 2 1 3 3 2 2 2 0 0 0 0 1
split_gain=13.7217 7.68133 1.27393 0.6306 1.00087 0.552754 0.510869 1.32381 0.201833 0.189388 0.417083 0.145657 0.0126502 0.0124914 0.00823719 5.29376e-05 1.55233e-05 6.00556e-08
threshold=7.5000000000000009 9.5000000000000018 8.5000000000000018 5.5000000000000009 5.5000000000000009 10.500000000000002 9.5000000000000018 12.500000000000002 12.500000000000002 9.5000000000000018 2.5000000000000004 8.5000000000000018 7.5000000000000009 2.5000000000000004 12.500000000000002 6.0000000000000009 9.5000000000000018 1.5000000000000002
decision_type=2 2 2 2 2 2 2 2 2 2 2 2 2 2 2 2 2 2
left_child=3 5 6 4 15 -2 7 -3 9 13 -11 -6 -10 -5 -15 17 -17 -1
right_child=1 2 -4 8 11 -7 -8 -9 12 10 -12 -13 -14 14 -16 16 -18 -19
leaf_value=-0.094325090870247 -0.0056872637174266195 0.039698912688653581 0.039058841909308979 -0.043564151851333527 -0.054093985622180242 0.039058841909308979 0.11327572245790374 0.12401622714063124 -0.022355618387122328 -0.024459420730603428 -0.093945431871809967 -0.020227201916424634 -0.032844773457559359 -0.037959448884416734 -0.027787713332931448 -0.093958665281680578 -0.093566289219002008 -0.094297419236453073
leaf_weight=1.2220001220703145 9.882687948644163 4.1944720745086697 3.2194742634892455 1.8874694034457187 2.44277223944664 2.7353192493319503 8.1187669336795789 3.3486118614673615 4.0668269991874686 1.4116387069225313 2.2259874828159809 2.6450387388467789 1.6029920503497121 1.7423415370285511 1.46601552516222 2.124697457998991 1.9188770428299902 2.1896860674023628
leaf_count=20 113 32 31 23 36 27 49 17 52 20 39 35 23 25 19 37 36 36
internal_value=-0.00190116 0.0429141 0.0838049 -0.0542887 -0.0706816 -0.00568726 0.0958672 0.07713 -0.0400129 -0.0495509 -0.0669803 -0.0364874 -0.0253212 -0.0371091 -0.0333116 -0.0940172 -0.0937725 -0.0943073
internal_weight=58.4457 31.4993 18.8813 26.9463 12.5431 12.618 15.6619 7.54308 14.4033 8.73345 3.63763 5.08781 5.66982 5.09583 3.20836 7.45526 4.04357 3.41169
internal_count=670 269 129 401 200 140 98 49 201 126 59 71 75 67 44 129 73 56
is_linear=0
shrinkage=0.1


Tree=52
num_leaves=18
num_cat=0
split_feature=1 0 3 2 1 3 2 1 2 2 3 0 2 0 0 3 3
split_gain=8.92455 4.7524 2.63051 0.61589 0.787229 0.521981 0.0585302 0.0564795 1.55019e-05 2.92041e-06 2.61754e-06 1.87712e-06 1.7851e-06 7.80832e-07 4.86919e-07 2.86769e-07 1.32406e-07
threshold=7.5000000000000009 9.5000000000000018 7.5000000000000009 8.5000000000000018 3.5000000000000004 5.5000000000000009 7.5000000000000009 9.5000000000000018 6.5000000000000009 4.5000000000000009 5.5000000000000009 9.5000000000000018 1.0000000180025095e-35 9.5000000000000018 8.5000000000000018 9.5000000000000018 12.500000000000002
decision_type=2 2 2 2 2 2 2 2 2 2 2 2 2 2 2 2 2
left_child=3 6 5 8 10 -3 -2 -7 9 12 14 -11 -1 -14 -5 -10 -13
right_child=1 2 -4 4 -6 7 -8 -9 15 11 -12 16 13 -15 -16 -17 -18
leaf_value=-0.090973465567829342 -0.012080107684500999 0.16850492702987352 0.041144694944221183 -0.091040514064136435 -0.012080107684500999 0.099556014197056619 0.014371825601527766 0.12272857287367389 -0.09120667368239431 -0.091074483748906684 -0.091229092040908233 -0.090913649379214562 -0.090808931375056745 -0.090682681559664413 -0.090910583508511694 -0.091298229117226459 -0.090861544251589904
leaf_weight=0.45337858423590871 3.9052961990237227 2.2579148523509485 2.2904661446809769 0.59707010909914993 2.1735194399952888 2.5281723290681839 1.8481513336300848 1.8011964485049246 0.6877469941973684 0.79034797847270999 0.64612434059381474 1.2242309767752888 1.1176118999719618 0.87220449000596989 0.5579565204679966 0.68072101473808289 0.81061832979321469
leaf_count=18 105 31 47 23 63 34 35 17 25 30 23 50 48 40 23 24 34
internal_value=-0.00248928 0.0481484 0.0943695 -0.0723087 -0.0411776 0.129526 -0.0120801 0.109197 -0.0909523 -0.0908745 -0.0910679 -0.0909437 -0.0907944 -0.0907536 -0.0909777 -0.0912522 -0.0908929
internal_weight=25.2427 14.6312 8.87775 10.6115 3.97467 6.58728 5.75345 4.32937 6.63686 5.26839 1.80115 2.8252 2.44319 1.98982 1.15503 1.36847 2.03485
internal_count=670 269 129 401 132 82 140 51 269 220 69 114 106 88 46 49 84
is_linear=0
shrinkage=0.1


Tree=53
num_leaves=19
num_cat=0
split_feature=1 3 1 0 2 1 0 3 3 0 2 3 1 2 2 3 0 0
split_gain=7.15429 3.93855 0.544089 0.0285683 0.000416707 7.05719e-07 3.37891e-07 1.38601e-07 7.50781e-08 5.77609e-08 4.08181e-08 6.54774e-08 3.92199e-08 1.92232e-08 1.88445e-08 8.68628e-09 1.22511e-09 1.19397e-09
threshold=9.5000000000000018 12.500000000000002 13.500000000000002 10.500000000000002 12.500000000000002 5.5000000000000009 6.0000000000000009 5.5000000000000009 11.500000000000002 13.500000000000002 9.5000000000000018 5.5000000000000009 7.5000000000000009 6.5000000000000009 8.5000000000000018 1.5000000000000002 8.5000000000000018 2.5000000000000004
decision_type=2 2 2 2 2 2 2 2 2 2 2 2 2 2 2 2 2 2
left_child=4 2 3 -2 5 6 10 12 13 14 17 -12 15 -9 -8 -7 -14 -1
right_child=1 -3 -4 -5 -6 7 9 8 -10 -11 11 -13 16 -15 -16 -17 -18 -19
leaf_value=-0.089728963870366496 -0.0066204011875848241 0.16371416419427876 0.094433974048598018 0.043906786430506599 -0.092727829644869142 -0.08966155358162696 -0.089694310133417998 -0.089590364478416104 -0.089635926742207175 -0.08966155358162696 -0.089725501583144532 -0.089798073994251881 -0.089627418375911996 -0.089555663687212392 -0.089673367439815049 -0.08964811050640327 -0.089616685850529801 -0.089720245736359047
leaf_weight=0.34432133939117215 1.321944819763303 2.5835375487804413 0.53952008113265026 0.6771649857982992 0.49111540988087643 0.19993538036942504 0.8105822531506417 0.36699596513062704 0.29752490669488907 0.29363005608320225 0.23901267908513546 0.25908446311950684 0.25741655752062798 0.28255149535834789 0.38649754133075476 0.48085175547748804 0.18124282360076904 0.28888876363635063
leaf_count=33 89 29 22 31 11 20 81 42 32 33 23 23 28 34 40 51 20 28
internal_value=-0.00708541 0.0767157 -0.0066204 -0.0066204 -0.0899565 -0.0896662 -0.0897006 -0.0896225 -0.0895943 -0.0896694 -0.0897418 -0.0897633 -0.0896463 -0.0895753 -0.0896852 -0.0896613 -0.089623 -0.089725
internal_weight=10.3018 5.12217 2.53863 1.99911 5.17965 4.68854 2.62202 2.06652 0.947072 1.49071 1.13131 0.498097 1.11945 0.649547 1.19708 0.680787 0.438659 0.63321
internal_count=670 171 142 120 499 488 261 227 108 154 107 46 119 76 121 71 48 61
is_linear=0
shrinkage=0.1


Tree=54
num_leaves=17
num_cat=0
split_feature=2 3 2 3 2 2 2 2 3 2 3 2 3 3 2 3
split_gain=2.53719 2.3628 1.82059 0.803445 1.05984 0.940024 0.631907 0.53573 2.68014 1.57793 1.37197 0.400318 0.355919 0.261836 0.132391 0.0296567
threshold=1.0000000180025095e-35 4.5000000000000009 5.5000000000000009 9.5000000000000018 3.5000000000000004 3.5000000000000004 11.000000000000002 6.5000000000000009 1.5000000000000002 8.5000000000000018 3.0000000000000004 7.5000000000000009 9.5000000000000018 1.0000000180025095e-35 9.5000000000000018 8.5000000000000018
decision_type=2 2 2 2 2 2 2 2 2 2 2 2 2 2 2 2
left_child=-1 7 3 4 15 -5 11 8 13 -9 -11 12 -4 -2 -13 -3
right_child=1 2 6 5 -6 -7 -8 9 -10 10 -12 14 -14 -15 -16 -17
leaf_value=0.06326974106716525 -0.00064889751332633029 -0.013358195164428925 -0.057788399689946562 0.001870686989001352 0.069972279415645752 -0.093630771318588574 -0.016238380082089131 0.07859622620972756 -0.095596140415698375 -0.026451213595174019 0.050410773461745273 -0.094930724041704051 -0.010638996551772927 0.030671967085106219 -0.064314148435411264 0.0016690821082794166
leaf_weight=5.6190177202224723 4.0644841119647044 2.4174104705452937 5.0210328139364737 3.0070608258247367 2.9055684208869934 1.5681501813232896 4.9610701799392691 4.2571461349725714 2.4189135283231726 5.6016512960195524 3.966923251748085 2.5575765892863274 2.3505293130874634 7.7744409888982773 3.1541871652007103 2.8753880262374878
leaf_count=29 48 31 69 32 26 29 60 25 33 62 34 39 32 57 42 22
internal_value=-0.000934055 -0.00705889 -0.0261783 0.00270985 0.0214453 -0.0308624 -0.0466281 0.0139221 0.000321309 0.027948 0.0054141 -0.0581516 -0.0427541 0.019919 -0.0780234 -0.00519441
internal_weight=64.5206 58.9015 30.818 12.7736 8.19837 4.57521 18.0444 28.0836 14.2578 13.8257 9.56857 13.0833 7.37156 11.8389 5.71176 5.2928
internal_count=670 641 382 140 79 61 242 259 138 121 96 182 101 105 81 53
is_linear=0
shrinkage=0.1


Tree=55
num_leaves=13
num_cat=0
split_feature=3 2 3 2 3 3 2 3 2 2 2 2
split_gain=0.669928 1.95066 1.43282 1.03322 1.22873 0.54343 0.8356 0.317893 0.464776 0.184253 0.107585 0.0162383
threshold=12.500000000000002 7.5000000000000009 11.500000000000002 3.5000000000000004 8.5000000000000018 8.5000000000000018 5.5000000000000009 1.0000000180025095e-35 5.5000000000000009 8.5000000000000018 5.5000000000000009 4.5000000000000009
decision_type=2 2 2 2 2 2 2 2 2 2 2 2
left_child=2 11 3 4 -1 7 -7 10 -9 -3 -5 -2
right_child=1 9 -4 5 -6 6 -8 8 -10 -11 -12 -13
leaf_value=-0.095797192614699128 0.014425260054412617 -0.096694411427009741 0.053252246118198746 -0.023436115214857549 -0.0049834913429996422 0.01624154594768884 -0.051894780182636248 0.026823261797430054 0.0046104534941401598 -0.055603109343520231 0.0019792588762861814 0.005149879034589664
leaf_weight=2.3329441472887984 3.1983405947685224 2.0034738183021545 5.5158462524414054 3.940088912844657 4.1228440552949905 3.2492447197437277 4.0349865406751633 12.69111856818199 36.542728438973427 2.3965474367141724 2.8851575329899788 4.6050979197025299
leaf_count=31 18 24 32 37 33 21 34 82 273 28 23 34
internal_value=0.000665138 -0.0210701 0.00418694 0.000309577 -0.0378011 0.00419372 -0.0215015 0.00753251 0.0103363 -0.0743133 -0.0126926 0.00895151
internal_weight=87.5184 12.2035 75.315 69.7991 6.45579 63.3433 7.28423 56.0591 49.2338 4.40002 6.82525 7.80344
internal_count=670 104 566 534 64 470 55 415 355 52 60 52
is_linear=0
shrinkage=0.1


Tree=56
num_leaves=18
num_cat=0
split_feature=2 3 2 0 2 2 3 1 3 2 3 0 0 3 3 3 3
split_gain=1.97921 1.56858 1.23663 0.917268 0.678616 1.00087 0.736501 0.625244 0.914452 0.611239 0.585847 0.785582 0.469104 1.10265 0.121571 0.113985 0.0746955
threshold=4.5000000000000009 7.5000000000000009 12.500000000000002 9.5000000000000018 6.5000000000000009 9.5000000000000018 6.5000000000000009 12.500000000000002 11.500000000000002 11.000000000000002 5.5000000000000009 12.500000000000002 6.0000000000000009 9.5000000000000018 1.5000000000000002 12.500000000000002 8.5000000000000018
decision_type=2 2 2 2 2 2 2 2 2 2 2 2 2 2 2 2 2
left_child=1 3 4 -1 10 12 9 8 -3 -7 11 14 -6 -14 -2 16 -12
right_child=2 7 -4 -5 5 6 -8 -9 -10 -11 15 -13 13 -15 -16 -17 -18
leaf_value=0.019425564865603786 -0.045763881879824053 -0.049456672952415695 0.048210000182368234 0.074771973384325549 -0.0075893558632612775 -0.026399775896268098 -0.048373527613732675 0.036677408472737393 0.0097704298460701191 0.010009378447935452 -0.011244722758706735 -0.0051673954884297948 0.064507390741961906 0.0083407857212275255 -0.069809935336170803 -0.019289959065019839 0.009100737871462327
leaf_weight=5.2847684025764483 5.4631150737404841 3.6762801259756115 3.806831255555152 6.9095137864351273 7.0192079246044186 8.6651635318994558 5.6136611625552169 4.3024492636322966 8.96160179376602 9.8550791144371033 3.1035183668136579 4.9081960171461096 4.5834959149360648 8.9446199387311918 3.417972095310688 4.7241017520427704 4.3112328052520752
leaf_count=28 48 27 24 29 44 57 48 33 50 54 19 31 28 55 33 34 28
internal_value=0.0013423 0.0234375 -0.00730818 0.0507859 -0.0103014 -0.00283338 -0.0166433 0.0037511 -0.00745836 -0.00702556 -0.0231708 -0.0372742 0.0133871 0.0242709 -0.0550182 -0.00714981 0.000584942
internal_weight=103.551 29.1346 74.4162 12.1943 70.6094 44.6812 24.1339 16.9403 12.6379 18.5202 25.9281 13.7893 20.5473 13.5281 8.88109 12.1389 7.41475
internal_count=670 167 503 57 479 286 159 110 77 111 193 112 127 83 81 81 47
is_linear=0
shrinkage=0.1


Tree=57
num_leaves=16
num_cat=0
split_feature=0 3 2 1 3 2 2 0 2 1 3 3 3 2 3
split_gain=3.78596 2.3259 1.83991 1.19128 1.39151 0.567068 1.2822 1.02544 0.46682 0.291573 0.227044 0.198286 0.112468 0.0364375 0.0028942
threshold=4.0000000000000009 8.5000000000000018 9.5000000000000018 6.5000000000000009 5.5000000000000009 2.5000000000000004 4.5000000000000009 7.5000000000000009 5.5000000000000009 5.5000000000000009 9.5000000000000018 5.5000000000000009 3.0000000000000004 6.5000000000000009 11.500000000000002
decision_type=2 2 2 2 2 2 2 2 2 2 2 2 2 2 2
left_child=1 3 5 4 13 -2 10 -8 -9 -3 -7 12 -4 -1 -11
right_child=2 9 11 -5 -6 6 7 8 -10 14 -12 -13 -14 -15 -16
leaf_value=-0.064915920492347207 0.045702492247092712 -0.099866074321617496 -0.000480774680880159 -0.0089894363316067108 -0.02553369373452001 0.014191104863407855 -0.0089894363316067108 0.04317089199578359 0.021132829741225045 -0.062979105780690672 -0.0089894363316067108 -0.0089894363316067108 0.019572975887387455 -0.079713688509354563 -0.058144678782522774
leaf_weight=2.637315392494207 7.6337651163339606 3.0777626484632474 7.4570013135671633 10.169260755181311 3.9843393713235855 5.5419306457042676 7.1088539212942115 15.847615867853163 24.427047163248062 2.6247370392084122 4.0459899604320526 6.6685649305582038 4.4748807847499847 4.5088864713907242 2.3444230854511261
leaf_count=20 42 28 47 62 23 30 41 75 130 22 23 48 23 36 20
internal_value=0.00100555 -0.0298766 0.0118977 -0.0125727 -0.042078 0.0201082 0.0166787 0.0236108 0.0298046 -0.075679 -0.00898944 -0.00898944 0.0070401 -0.0742526 -0.0606982
internal_weight=112.552 29.3467 83.2056 21.2998 11.1305 64.6052 56.9714 47.3835 40.2747 8.04692 9.58792 18.6004 11.9319 7.1462 4.96916
internal_count=670 211 459 141 79 341 299 246 205 70 53 118 70 56 42
is_linear=0
shrinkage=0.1


Tree=58
num_leaves=11
num_cat=0
split_feature=1 0 1 2 2 2 3 3 3 2
split_gain=3.53047 2.88683 4.61275 1.45534 2.36743 1.1741 0.501163 0.288465 0.249107 0.0577537
threshold=1.5000000000000002 7.5000000000000009 6.5000000000000009 4.5000000000000009 9.5000000000000018 5.5000000000000009 13.500000000000002 12.500000000000002 4.5000000000000009 7.5000000000000009
decision_type=2 2 2 2 2 2 2 2 2 2
left_child=-1 2 -2 -3 5 7 -7 -5 -6 -4
right_child=1 3 9 4 8 6 -8 -9 -10 -11
leaf_value=-0.09999566172409069 -0.047859770843735709 -0.0002252694635567612 -0.0002252694635567612 0.0047530872161095673 0.019673575530282206 0.063957237971340064 0.03176956130855562 0.039763005094523379 -0.0002252694635567612 -0.024042520153646232
leaf_weight=3.3616502881050101 14.273452691733835 9.8506399840116483 13.944494813680651 8.211189851164816 8.0635788738727552 15.651699215173723 7.0009578317403784 3.299048423767089 7.5138411223888388 7.5053174495697013
leaf_count=31 119 72 86 57 58 80 39 18 60 50
internal_value=0.00072383 0.00427612 -0.0182013 0.0177508 0.0258462 0.0407947 0.0540094 0.0147876 -0.000225269 -0.000225269
internal_weight=98.6759 95.3142 35.7233 59.591 49.7403 34.1629 22.6527 11.5102 15.5774 21.4498
internal_count=670 639 255 384 312 194 119 75 118 136
is_linear=0
shrinkage=0.1


Tree=59
num_leaves=17
num_cat=0
split_feature=1 3 3 0 0 2 2 1 2 2 3 3 2 1 2 2
split_gain=3.09299 3.21863 3.96338 1.19589 0.962895 0.662704 0.511769 0.371569 0.475679 0.348127 0.288916 0.209446 0.117454 0.110871 0.0689417 0.0190342
threshold=10.500000000000002 5.5000000000000009 11.500000000000002 6.0000000000000009 4.0000000000000009 11.000000000000002 11.000000000000002 9.5000000000000018 2.5000000000000004 6.5000000000000009 3.0000000000000004 3.0000000000000004 5.5000000000000009 7.5000000000000009 7.5000000000000009 9.5000000000000018
decision_type=2 2 2 2 2 2 2 2 2 2 2 2 2 2 2 2
left_child=1 3 6 9 -2 12 -3 8 -4 -1 -6 -11 13 -5 -10 -14
right_child=4 2 7 5 10 -7 -8 -9 14 11 -12 -13 15 -15 -16 -17
leaf_value=-0.096671930050767907 0.016700223969938921 0.016700223969938921 -0.026220088995987701 -0.043600813361049755 0.043449733025509273 0.016700223969938921 -0.02786987031712514 -0.0027445002657836633 -0.074016381749680046 -0.043600813361049755 0.076777184860939818 -0.071066468539444191 -0.012761797962352137 -0.020760965786569885 -0.052123767575450342 -0.025118037084823026
leaf_weight=2.6497576236724871 2.5351205170154563 21.000643372535709 3.8953727036714536 5.6098444461822528 5.4756339192390424 3.3845638930797568 5.4874843284487715 2.0152003765106192 4.2296621799468994 2.986368902027607 4.954988956451416 3.7085932418704033 2.3255423083901396 2.4720904231071472 2.1796957552433014 2.6873722523450851
leaf_count=32 22 151 38 50 42 31 47 16 46 28 37 39 23 20 23 25
internal_value=-0.00111615 -0.0100582 0.0081456 -0.0374146 0.0434587 -0.0212098 0.0167002 -0.0420158 -0.0496957 -0.0659918 0.0592817 -0.0538492 -0.0314112 -0.03887 -0.0665711 -0.0193859
internal_weight=77.5979 64.6322 38.8081 25.8241 12.9657 16.4794 26.4881 12.3199 10.3047 9.34472 10.4306 6.69496 13.0948 8.08193 6.40936 5.01291
internal_count=670 569 321 248 101 149 198 123 107 99 79 67 118 70 69 48
is_linear=0
shrinkage=0.1


Tree=60
num_leaves=18
num_cat=0
split_feature=1 0 3 3 1 3 2 1 3 2 2 3 2 2 0 0 1
split_gain=11.7005 6.49842 0.964728 0.600871 1.0163 0.519818 0.326608 0.92683 0.187151 0.168404 0.337061 0.201687 0.128696 0.0113471 5.30061e-05 1.30413e-05 1.19301e-06
threshold=7.5000000000000009 9.5000000000000018 8.5000000000000018 5.5000000000000009 5.5000000000000009 10.500000000000002 9.5000000000000018 12.500000000000002 12.500000000000002 4.5000000000000009 6.5000000000000009 11.500000000000002 8.5000000000000018 7.5000000000000009 9.5000000000000018 6.0000000000000009 1.5000000000000002
decision_type=2 2 2 2 2 2 2 2 2 2 2 2 2 2 2 2 2
left_child=3 5 6 4 14 -2 7 -3 9 11 -11 -5 -6 -10 15 16 -1
right_child=1 2 -4 8 12 -7 -8 -9 13 10 -12 -13 -14 -15 -16 -17 -18
leaf_value=-0.093939881290785898 -0.0068663709539518699 0.03831091325283522 0.033950079402479343 -0.093694867864598907 -0.051155510554743544 0.033950079402479343 0.098170525435063827 0.10761366235686254 -0.02099818263033764 -0.0070829647822924771 -0.059266372466641674 -0.044170716102909381 -0.018672513439556625 -0.031047556334709816 -0.093093642085721379 -0.09353012267705367 -0.093812031039058885
leaf_weight=1.1447396129369756 9.8200516998767835 4.2315335273742738 3.2428478077054015 1.4038219153881055 2.3002121150493622 2.8039852380752555 8.6293192952871305 3.5475699454545975 4.0003242492675772 2.2481986805796623 2.7540791109204292 1.9852121919393539 2.5965353846549988 1.5624272674322126 1.7394193224608896 1.9624099917709825 2.0138300955295563
leaf_count=20 113 32 31 26 36 27 49 17 52 29 39 32 35 23 36 37 36
internal_value=-0.00174852 0.0383442 0.0747665 -0.0520769 -0.0687313 -0.00686637 0.0847751 0.0699156 -0.0380446 -0.0474738 -0.0358133 -0.0646848 -0.0339312 -0.0238208 -0.0935706 -0.0937326 -0.0938584
internal_weight=57.9865 32.2753 19.6513 25.7112 11.7571 12.624 16.4084 7.7791 13.9541 8.39131 5.00228 3.38903 4.89675 5.56275 6.8604 5.12098 3.15857
internal_count=670 269 129 401 200 140 98 49 201 126 68 58 71 75 129 93 56
is_linear=0
shrinkage=0.1


Tree=61
num_leaves=18
num_cat=0
split_feature=1 0 3 2 2 0 3 2 1 3 2 2 0 2 0 3 1
split_gain=7.65839 3.82915 2.02689 0.622753 0.742722 0.407038 0.32339 0.090945 0.0344655 1.64927e-05 1.13752e-05 3.81265e-06 2.13277e-06 2.11151e-06 5.97659e-07 2.74501e-07 2.68874e-07
threshold=7.5000000000000009 9.5000000000000018 7.5000000000000009 8.5000000000000018 11.000000000000002 7.5000000000000009 5.5000000000000009 7.5000000000000009 9.5000000000000018 3.0000000000000004 6.5000000000000009 4.5000000000000009 9.5000000000000018 1.0000000180025095e-35 9.5000000000000018 9.5000000000000018 3.5000000000000004
decision_type=2 2 2 2 2 2 2 2 2 2 2 2 2 2 2 2 2
left_child=3 7 6 10 5 -5 -3 -2 -8 -6 11 13 -13 -1 -15 -12 -14
right_child=1 2 -4 4 9 -7 8 -9 -10 -11 15 12 16 14 -16 -17 -18
leaf_value=-0.090807425579921608 -0.014346773336742908 0.13877862407601591 0.033497407594630789 -0.091263579804675365 -0.091477937601875822 -0.014346773336742908 0.086988718284376695 0.012096244366955862 0.10444613928541949 -0.09082696199678586 -0.0909935797965465 -0.090927596196295549 -0.090760759268931249 -0.090608977602202809 -0.090492453095774389 -0.091087218222004468 -0.090684450505735509
leaf_weight=0.41879287362098905 3.8360195681452742 2.5291319303214532 2.3119962066411972 0.76887528039515096 0.61878096312284459 1.3996969312429426 2.6886694133281708 1.8854596018791197 1.9519080147147176 1.048923324793577 0.62674398347735383 0.73965689167380366 1.0446572210639713 1.0056458860635755 0.78279525786638249 0.62552085518836975 0.82750204950571049
leaf_count=18 105 31 47 27 20 40 34 35 17 45 25 30 46 48 40 24 38
internal_value=-0.00243238 0.0421492 0.0813416 -0.0708428 -0.0393029 -0.0143468 0.11001 -0.0143468 0.0943316 -0.0910685 -0.0907718 -0.0907021 -0.0907838 -0.0906053 -0.090558 -0.0910404 -0.090727
internal_weight=25.1108 15.2032 9.48171 9.90759 3.83628 2.16857 7.16971 5.72148 4.64058 1.6677 6.07132 4.81905 2.61182 2.20723 1.78844 1.25226 1.87216
internal_count=670 269 129 401 132 67 82 140 51 65 269 220 114 106 88 49 84
is_linear=0
shrinkage=0.1


Tree=62
num_leaves=19
num_cat=0
split_feature=1 3 1 0 2 1 0 3 1 0 2 3 1 0 3 2 3 0
split_gain=6.07022 2.95033 0.483703 0.130716 0.000300812 8.13173e-07 3.37129e-07 1.49583e-07 7.18898e-08 6.6881e-08 4.17827e-08 8.3704e-08 3.22825e-08 1.43677e-08 1.10961e-08 7.95291e-09 5.00464e-09 1.44443e-10
threshold=9.5000000000000018 12.500000000000002 13.500000000000002 10.500000000000002 12.500000000000002 5.5000000000000009 6.0000000000000009 5.5000000000000009 7.5000000000000009 13.500000000000002 9.5000000000000018 5.5000000000000009 7.5000000000000009 9.5000000000000018 1.5000000000000002 8.5000000000000018 1.5000000000000002 8.5000000000000018
decision_type=2 2 2 2 2 2 2 2 2 2 2 2 2 2 2 2 2 2
left_child=4 2 3 -2 5 6 10 12 13 15 16 -12 14 -9 -7 -8 -1 -14
right_child=1 -3 -4 -5 -6 7 9 8 -10 -11 11 -13 17 -15 -16 -17 -18 -19
leaf_value=-0.089677107748670423 -0.012369762819358966 0.13505250777814673 0.078106598318132103 0.032868417749386564 -0.092333887591440428 -0.089595292997938003 -0.089628786236651645 -0.089561453495912102 -0.089487553388028995 -0.089595292997938003 -0.089659539697538551 -0.089744551492420013 -0.089556630896174605 -0.08952637835788603 -0.089578735254356112 -0.089610676211857587 -0.089657535404490313 -0.089552767917915416
leaf_weight=0.19602546468377136 1.2952544623985889 2.8552149385213852 0.5909271016716956 0.67967987433075894 0.44448767602443684 0.18256785348057725 0.74564420245587804 0.26830951496958722 0.37350854743272066 0.26638471800833929 0.22049371991306543 0.24397797137498856 0.23304423689842224 0.20679704006761312 0.43713312223553658 0.35934834275394678 0.39168787188827991 0.165560282766819
leaf_count=20 89 29 22 31 11 20 81 32 50 33 23 23 28 26 51 40 41 20
internal_value=-0.00713497 0.065118 -0.0123698 -0.0123698 -0.0898575 -0.089601 -0.0896392 -0.0895514 -0.0895204 -0.0896065 -0.0896818 -0.0897042 -0.0895772 -0.0895462 -0.0895915 -0.0896229 -0.0896641 -0.089555
internal_weight=10.156 5.42108 2.56586 1.97493 4.73497 4.29048 2.42356 1.86692 0.848615 1.37138 1.05219 0.464472 1.01831 0.475107 0.619701 1.10499 0.587713 0.398605
internal_count=670 171 142 120 499 488 261 227 108 154 107 46 119 58 71 121 61 48
is_linear=0
shrinkage=0.1


Tree=63
num_leaves=17
num_cat=0
split_feature=3 2 3 3 2 3 2 2 2 2 3 2 3 2 0 3
split_gain=2.34976 7.34916 2.87052 0.996722 0.972949 0.768172 1.56818 0.935344 0.783901 0.420139 2.33643 1.15844 1.04821 0.337599 0.326199 0.0209291
threshold=13.500000000000002 7.5000000000000009 9.5000000000000018 11.500000000000002 4.5000000000000009 4.5000000000000009 5.5000000000000009 11.000000000000002 3.5000000000000004 6.5000000000000009 1.5000000000000002 8.5000000000000018 3.0000000000000004 6.5000000000000009 13.500000000000002 8.5000000000000018
decision_type=2 2 2 2 2 2 2 2 2 2 2 2 2 2 2 2
left_child=2 -2 5 -4 -5 9 8 13 15 10 14 -11 -13 -8 -1 -7
right_child=1 -3 3 4 -6 6 7 -9 -10 11 -12 12 -14 -15 -16 -17
leaf_value=0.0080493241637122469 0.11790283058851084 -0.0948106763640226 -0.10320747928499459 0.0011825032658548406 -0.093252875177856021 -0.011179958246520474 -0.093594213006153629 0.0015219801824458638 0.059405071998340025 0.065600186125677806 -0.094941376403403152 -0.02455986327850759 0.041971906615891626 -0.045598062493315175 0.047641917123196049 0.0015223258165509611
leaf_weight=9.3416282124817389 5.176748424768447 2.3668389469385147 3.5078076831996423 3.0258321464061737 1.7061603367328642 2.3609216734766978 1.9651148021221141 4.0507738292217255 3.0745136439800262 4.5176073163747779 2.2130355462431899 5.4707328975200635 4.1753667742013931 5.7643260806798935 2.6773090064525595 2.8788177371025085
leaf_count=80 34 36 38 32 34 31 37 47 26 25 33 62 34 74 25 22
internal_value=-0.00127108 0.0511629 -0.00824342 -0.062812 -0.032867 0.00102928 -0.0139327 -0.0374017 0.0193197 0.0116173 -0.000517336 0.0238104 0.00423878 -0.0578005 0.0168689 -0.00420107
internal_weight=64.2735 7.54359 56.7299 8.2398 4.73199 48.4901 20.0945 11.7802 8.31425 28.3957 14.232 14.1637 9.6461 7.72944 12.0189 5.23974
internal_count=670 70 600 104 66 496 237 158 79 259 138 121 96 111 105 53
is_linear=0
shrinkage=0.1


Tree=64
num_leaves=13
num_cat=0
split_feature=3 2 3 2 3 2 2 2 3 2 3 2
split_gain=0.547916 1.72337 1.05329 0.824634 1.16533 0.430567 0.72678 0.667041 0.530688 0.192848 0.0250333 0.0116083
threshold=12.500000000000002 7.5000000000000009 11.500000000000002 3.5000000000000004 8.5000000000000018 11.000000000000002 5.5000000000000009 6.5000000000000009 1.0000000180025095e-35 8.5000000000000018 6.5000000000000009 4.5000000000000009
decision_type=2 2 2 2 2 2 2 2 2 2 2 2
left_child=2 11 3 4 -1 6 8 -8 -5 -3 -7 -2
right_child=1 9 -4 5 -6 10 7 -9 -10 -11 -12 -13
leaf_value=-0.09503875011612728 0.012509648925424105 -0.095987706953399504 0.044612331650559292 -0.020368515124976738 -0.0034570049518245702 0.020566528211245674 -0.036396614262361737 -0.0019460237611297546 0.021104208382807806 -0.052405899262445522 0.012070388146318596 0.0047002887085700936
leaf_weight=2.1105018556118003 3.2366918921470624 1.8490024805068968 5.7643742561340323 3.8063362985849407 4.0666128769516945 10.703447163105009 7.8554657846689251 19.752395048737526 16.290529102087021 2.2518755011260509 5.1301719844341269 4.6209260821342468
leaf_count=31 18 24 32 37 33 65 72 157 103 28 36 34
internal_value=0.000379869 -0.0195078 0.00353073 0.000133923 -0.0347473 0.00352502 -0.00121752 -0.0117485 0.0132493 -0.0720561 0.0178137 0.0079171
internal_weight=87.4383 11.9585 75.4798 69.7155 6.17711 63.5383 47.7047 27.6079 20.0969 4.10088 15.8336 7.85762
internal_count=670 104 566 534 64 470 369 229 140 52 101 52
is_linear=0
shrinkage=0.1


Tree=65
num_leaves=15
num_cat=0
split_feature=2 0 2 2 3 2 3 3 2 3 2 3 2 3
split_gain=1.60682 2.36962 1.10443 0.580536 0.558078 1.21393 0.626956 0.437191 0.499352 0.419728 0.558528 0.384751 0.215829 0.0768247
threshold=4.5000000000000009 13.500000000000002 12.500000000000002 1.0000000180025095e-35 1.0000000180025095e-35 5.5000000000000009 1.5000000000000002 12.500000000000002 7.5000000000000009 8.5000000000000018 1.5000000000000002 6.5000000000000009 5.5000000000000009 11.500000000000002
decision_type=2 2 2 2 2 2 2 2 2 2 2 2 2 2
left_child=1 3 4 -1 5 -2 12 11 -9 10 -5 -8 -6 -11
right_child=2 -3 -4 9 6 -7 7 8 -10 13 -12 -13 -14 -15
leaf_value=-0.025292119484483941 -0.020767159008941681 0.098558105225240736 0.045368266543884928 0.034679359610064124 -0.024708855508467811 0.052794123961424202 -0.0086377997442955486 -0.017499885903241374 0.025199008444017509 0.020703780833724442 -0.013332394442866264 -0.029565393216919839 -0.064806559541252515 0.037417769187370623
leaf_weight=3.8494385778904023 4.7950985133647901 3.4677656590938559 3.8591492772102347 3.6456529051065463 2.5748199224472037 4.2155138701200485 32.227713488042355 4.6448278129100782 6.6747181415557861 4.7798031717538816 7.2245998382568359 12.077084533870218 2.8044338300824165 6.4760063886642456
leaf_count=29 37 14 24 15 20 23 209 34 39 33 44 92 25 32
internal_value=0.00116113 0.0209148 -0.006712 0.0105494 -0.00958264 0.0136477 -0.0130139 -0.00986129 0.00767807 0.016785 0.00276973 -0.0143425 -0.0456135 0.0303201
internal_weight=103.317 29.4433 73.8734 25.9755 70.0142 9.01061 61.0036 55.6243 11.3195 22.1261 10.8703 44.3048 5.37925 11.2558
internal_count=670 167 503 153 479 60 419 374 73 124 59 301 45 65
is_linear=0
shrinkage=0.1


Tree=66
num_leaves=19
num_cat=0
split_feature=0 3 2 1 3 3 0 3 0 2 1 3 3 3 2 2 2 3
split_gain=3.09162 2.13361 1.57106 1.04149 1.30864 0.499604 0.765576 0.592215 0.470943 0.372813 0.294672 0.23672 0.230335 0.0805793 0.640984 0.0727142 0.0342297 0.00232901
threshold=4.0000000000000009 8.5000000000000018 8.5000000000000018 6.5000000000000009 5.5000000000000009 10.500000000000002 7.5000000000000009 5.5000000000000009 11.500000000000002 6.5000000000000009 5.5000000000000009 1.5000000000000002 5.5000000000000009 3.0000000000000004 11.000000000000002 5.5000000000000009 6.5000000000000009 11.500000000000002
decision_type=2 2 2 2 2 2 2 2 2 2 2 2 2 2 2 2 2 2
left_child=1 3 5 4 16 6 -2 11 15 -9 -3 -8 13 14 -4 -7 -1 -12
right_child=2 10 12 -5 -6 8 7 9 -10 -11 17 -13 -14 -15 -16 -17 -18 -19
leaf_value=-0.062961310814972929 -0.0084864821265594054 -0.098719857805189493 -0.0084864821265594054 -0.0084864821265594054 -0.024121666247001003 0.030972199913560303 0.021713830510391718 0.0048365670111893029 0.055873254644185716 0.030581735812123235 -0.059987927214960206 0.043461194623647052 -0.0084864821265594054 0.017138232773956413 0.036629032665109522 0.01395101009447278 -0.077603493352626146 -0.055542859329781362
leaf_weight=2.5486105680465752 4.1029513627290717 2.8208361715078345 3.9856696575880068 10.207675352692602 3.9815025478601456 4.2049563229084033 13.893165662884714 14.058208301663401 6.0552910268306723 5.6422369480133048 2.4845996499061584 7.8238643407821646 9.7174927964806539 4.5331030339002609 3.4246325492858887 6.2257542610168457 4.2741208225488663 2.242698073387146
leaf_count=20 25 28 27 62 23 23 73 79 26 32 22 36 63 23 20 32 36 20
internal_value=0.000868981 -0.0275391 0.0105662 -0.0111572 -0.0397569 0.0187749 0.013373 0.0181596 0.0336905 0.0056048 -0.0731418 0.0295486 -0.00848648 0.00663633 0.00021201 0.0208128 -0.072134 -0.0578791
internal_weight=112.227 28.56 83.6673 21.0119 10.8042 62.0064 45.5204 41.4175 16.486 19.7004 7.54813 21.717 21.6609 11.9434 7.4103 10.4307 6.82273 4.7273
internal_count=670 211 459 141 79 326 245 220 81 111 70 109 133 70 47 55 56 42
is_linear=0
shrinkage=0.1


Tree=67
num_leaves=10
num_cat=0
split_feature=1 0 1 2 2 2 3 3 3
split_gain=3.20936 2.35241 4.38006 1.24012 1.94202 0.877291 0.452395 0.227875 0.207821
threshold=1.5000000000000002 7.5000000000000009 6.5000000000000009 4.5000000000000009 9.5000000000000018 5.5000000000000009 13.500000000000002 4.5000000000000009 12.500000000000002
decision_type=2 2 2 2 2 2 2 2 2
left_child=-1 2 -2 -3 5 8 -7 -6 -5
right_child=1 3 -4 4 7 6 -8 -9 -10
leaf_value=-0.099038098493492085 -0.04762971090059142 -0.00048367416969479773 -0.00048367416969479773 0.0053453251411611554 0.018294505500335081 0.056963896909344329 0.026816800544532227 -0.00048367416969479773 0.034808210730732203
leaf_weight=3.1356957480311385 13.822904638946055 9.7845442593097669 21.384624004364014 8.170619532465933 8.1346619576215726 16.142596274614338 7.1968814134597769 7.3862381130456916 3.3863081932067862
leaf_count=31 119 72 136 57 58 80 39 60 18
internal_value=0.000507056 0.00377868 -0.0167541 0.0157868 0.0232244 0.0365106 0.0476678 -0.000483674 0.0139783
internal_weight=98.5451 95.4094 35.2075 60.2018 50.4173 34.8964 23.3395 15.5209 11.5569
internal_count=670 639 255 384 312 194 119 118 75
is_linear=0
shrinkage=0.1


Tree=68
num_leaves=13
num_cat=0
split_feature=0 1 3 3 2 0 3 1 1 3 2 3
split_gain=2.85386 3.63982 1.77645 1.09393 0.985423 0.913346 0.628667 0.606595 0.483248 0.403813 0.348396 0.240443
threshold=6.0000000000000009 5.5000000000000009 5.5000000000000009 3.0000000000000004 7.5000000000000009 11.500000000000002 6.5000000000000009 9.5000000000000018 11.500000000000002 11.500000000000002 6.5000000000000009 3.0000000000000004
decision_type=2 2 2 2 2 2 2 2 2 2 2 2
left_child=2 -2 10 8 5 7 -6 -5 -3 -4 -1 -12
right_child=1 3 9 4 6 -7 -8 -9 -10 -11 11 -13
leaf_value=-0.095996559791070413 -0.0077565889580857366 0.012385150570559373 -0.0077565889580857366 0.012385150570559373 0.063977757221872808 0.08438063925216277 0.012385150570559373 0.060544206057718035 0.042564233179589989 -0.03658833550829426 -0.030483161037804685 -0.069270555606282883
leaf_weight=2.4581264555454272 16.219935283064842 7.1726052463054639 10.237906679511068 3.7213064134120994 2.3953894078731528 7.6443399935960761 5.2865352481603622 4.7520581185817719 5.5049421191215515 4.8579800128936759 2.913979098200798 3.5394439771771431
leaf_count=32 165 60 85 31 18 43 46 31 42 50 28 39
internal_value=2.26191e-05 0.0130419 -0.028555 0.0325269 0.0452703 0.0593182 0.0157961 0.0367078 0.0123852 -0.00775659 -0.0639595 -0.0517565
internal_weight=76.7045 52.6971 24.0074 36.4772 23.7996 16.1177 7.68192 8.47336 12.6775 15.0959 8.91155 6.45342
internal_count=670 436 234 271 169 105 64 62 102 135 99 67
is_linear=0
shrinkage=0.1


Tree=69
num_leaves=19
num_cat=0
split_feature=1 0 3 3 1 3 2 1 3 3 2 2 0 2 0 0 0 1
split_gain=9.96349 5.58202 0.71839 0.584946 1.01694 0.478231 0.208963 0.696204 0.172051 0.168341 0.427435 0.112545 0.0156891 0.011199 0.00297564 5.22072e-05 1.54357e-05 1.56237e-06
threshold=7.5000000000000009 9.5000000000000018 8.5000000000000018 5.5000000000000009 5.5000000000000009 10.500000000000002 9.5000000000000018 12.500000000000002 12.500000000000002 9.5000000000000018 2.5000000000000004 8.5000000000000018 2.5000000000000004 7.5000000000000009 12.500000000000002 9.5000000000000018 6.0000000000000009 1.5000000000000002
decision_type=2 2 2 2 2 2 2 2 2 2 2 2 2 2 2 2 2 2
left_child=3 5 6 4 15 -2 7 -3 9 12 -11 -6 -5 -10 -14 16 17 -1
right_child=1 2 -4 8 11 -7 -8 -9 13 10 -12 -13 14 -15 -16 -17 -18 -19
leaf_value=-0.093583195358571139 -0.0078393054055964032 0.036140981563270808 0.02962098926126382 -0.040738123267897303 -0.048649714886026464 0.02962098926126382 0.085723070495099044 0.095311563481537284 -0.019364359941318909 -0.01916119306788238 -0.093157987323582464 -0.017795750623387018 -0.031924956467299724 -0.029455507014610943 -0.025631970365419077 -0.092682107798845725 -0.093115340612990621 -0.093431822608663284
leaf_weight=1.072026863694193 9.7865898981690389 4.2913841009140077 3.2532584220170966 1.8044460788369159 2.1895584762096405 2.8684998825192443 9.0873786360025388 3.7055267095565796 3.923127442598342 1.3215291500091555 1.9072346799075601 2.5697508454322815 1.588648334145546 1.5281340405344961 1.4257286712527275 1.5790543928742407 1.8019036836922167 1.8734014667570589
leaf_count=20 113 32 31 23 36 27 49 17 52 20 39 35 25 23 19 36 37 36
internal_value=-0.00169874 0.0342102 0.0670813 -0.0498888 -0.0669102 -0.00783931 0.0753483 0.0635588 -0.0359104 -0.0452021 -0.0628712 -0.0319904 -0.0333632 -0.0221932 -0.0289485 -0.0931802 -0.0933459 -0.0934869
internal_weight=57.5772 32.9926 20.3375 24.5845 11.0857 12.6551 17.0843 7.99691 13.4988 8.04759 3.22876 4.75931 4.81882 5.45126 3.01438 6.32639 4.74733 2.94543
internal_count=670 269 129 401 200 140 98 49 201 126 59 71 67 75 44 129 93 56
is_linear=0
shrinkage=0.1


Tree=70
num_leaves=16
num_cat=0
split_feature=1 2 3 0 2 1 1 2 3 2 0 2 0 1 3
split_gain=6.55584 3.23052 1.72208 1.07015 0.644013 0.726298 0.11625 8.66685e-06 3.72119e-06 3.33936e-06 2.25949e-06 1.70758e-06 6.07717e-07 1.94139e-07 1.69575e-07
threshold=7.5000000000000009 7.5000000000000009 1.0000000180025095e-35 10.500000000000002 8.5000000000000018 3.5000000000000004 10.500000000000002 6.5000000000000009 4.5000000000000009 4.5000000000000009 9.5000000000000018 1.0000000180025095e-35 9.5000000000000018 3.5000000000000004 9.5000000000000018
decision_type=2 2 2 2 2 2 2 2 2 2 2 2 2 2 2
left_child=4 2 -2 -3 7 8 -5 9 -6 11 -11 -1 -13 -12 -9
right_child=1 3 -4 6 5 -7 -8 14 -10 10 13 12 -14 -15 -16
leaf_value=-0.090640109942203062 0.11944040880773731 0.0094732493272081733 -0.016043924792397489 0.082977025461072926 -0.090623037217666472 -0.016043924792397489 0.1089330467293477 -0.090815635936373498 -0.090931980751075794 -0.09077806233752457 -0.09059343903801105 -0.090459180119133203 -0.09033598408921692 -0.090525626213903018 -0.090892594660148998
leaf_weight=0.38368433341384145 0.93818093091249366 1.9305742979049663 5.6434266865253448 4.3321544677019119 0.71066594682633899 2.0755126439034939 2.8677248135209084 0.57401405833661534 0.86370177194476128 0.68775031715631518 0.95496697910130002 0.92104229331016518 0.70836877822875977 0.75668517127633095 0.57125894725322723
leaf_count=18 17 35 155 35 34 63 27 25 35 30 46 48 40 38 24
internal_value=-0.00217543 0.0370891 -0.0160439 0.0755875 -0.069177 -0.0365419 0.0933154 -0.0906089 -0.0907925 -0.0905453 -0.090625 -0.0904503 -0.0904056 -0.0905635 -0.090854
internal_weight=24.9197 15.7121 6.58161 9.13045 9.20765 3.64988 7.19988 5.55777 1.57437 4.4125 2.3994 2.0131 1.62941 1.71165 1.14527
internal_count=670 269 172 97 401 132 62 269 69 220 114 106 88 84 49
is_linear=0
shrinkage=0.1


Tree=71
num_leaves=20
num_cat=0
split_feature=1 3 1 0 1 2 1 0 3 3 2 3 0 3 0 2 3 3 0
split_gain=5.26653 2.29387 0.452841 0.377426 0.185974 0.000213118 7.06868e-07 3.68599e-07 1.46926e-07 8.33809e-08 4.99669e-08 7.52144e-08 4.14325e-08 2.27829e-08 3.23448e-08 1.85182e-08 1.27271e-08 7.25128e-09 2.56327e-09
threshold=9.5000000000000018 12.500000000000002 12.500000000000002 10.500000000000002 13.500000000000002 12.500000000000002 5.5000000000000009 6.0000000000000009 5.5000000000000009 9.5000000000000018 9.5000000000000018 5.5000000000000009 11.500000000000002 1.0000000180025095e-35 7.5000000000000009 6.5000000000000009 1.5000000000000002 9.5000000000000018 4.0000000000000009
decision_type=2 2 2 2 2 2 2 2 2 2 2 2 2 2 2 2 2 2 2
left_child=5 2 -2 4 -4 6 7 10 13 15 16 -12 17 -8 -15 -10 -1 -9 -11
right_child=1 -3 3 -5 -6 -7 8 12 9 18 11 -13 -14 14 -16 -17 -18 -19 -20
leaf_value=-0.089626964325932548 -0.016508059172234624 0.11501619093709113 0.010597557759934756 0.1102683035008319 0.060432930630383332 -0.091965114592696129 -0.089536996630732668 -0.089554954004246526 -0.089454172394792975 -0.089509420626324873 -0.089607161760743112 -0.089690491033808564 -0.089536996630732668 -0.089534933628967306 -0.089493681977845949 -0.089413223421171334 -0.089594622668490276 -0.089577321961859482 -0.089491712321395744
leaf_weight=0.18376108258962709 1.0204059677198531 3.0767575353384018 0.41984318476170279 0.49470737576484669 0.63747037947177887 0.40009567141532887 0.16745921224355675 0.3070024875923989 0.21897031739354134 0.15490314923226833 0.20574578270316124 0.22874933760613203 0.67122848145663738 0.3452677046880126 0.42286569438874722 0.22280917037278414 0.36013930570334196 0.27453546226024628 0.17306763865053654
leaf_count=20 78 29 28 14 22 11 20 37 31 20 23 23 85 43 56 34 41 32 23
internal_value=-0.00687862 0.0567501 -0.0129392 0.0377032 0.0105976 -0.0897662 -0.0895427 -0.0895798 -0.0894942 -0.0894619 -0.0896257 -0.089651 -0.0895438 -0.0895209 -0.0895122 -0.0894335 -0.0896055 -0.0895655 -0.0895001
internal_weight=9.98578 5.64918 2.57243 1.55202 1.05731 4.3366 3.9365 2.23116 1.70534 0.76975 0.978396 0.434495 1.25277 0.935593 0.768133 0.441779 0.5439 0.581538 0.327971
internal_count=670 171 142 64 50 499 488 261 227 108 107 46 154 119 99 65 61 69 43
is_linear=0
shrinkage=0.1


Tree=72
num_leaves=16
num_cat=0
split_feature=3 2 3 3 2 3 2 2 2 2 0 3 2 2 3
split_gain=1.84755 5.68212 2.45504 0.96443 0.910355 0.601184 1.31789 0.848517 0.58189 0.336478 0.334989 2.2354 0.695438 0.420596 0.0134586
threshold=13.500000000000002 7.5000000000000009 9.5000000000000018 11.500000000000002 4.5000000000000009 4.5000000000000009 5.5000000000000009 11.000000000000002 3.5000000000000004 6.5000000000000009 13.500000000000002 1.0000000180025095e-35 6.5000000000000009 9.5000000000000018 8.5000000000000018
decision_type=2 2 2 2 2 2 2 2 2 2 2 2 2 2 2
left_child=2 -2 5 -4 -5 10 8 9 14 -8 11 12 -1 -13 -7
right_child=1 -3 3 4 -6 6 7 -9 -10 -11 -12 13 -14 -15 -16
leaf_value=-0.094818660086261511 0.097435800596119296 -0.094187285976994828 -0.10185005330610167 0.0015842055686856396 -0.092804816331752193 -0.0093244128609342343 -0.093134556569283183 0.0016526730257599249 0.050386134679144871 -0.04323940676985473 0.042931222651395262 0.024579641117201054 -0.016109666701863243 0.00031741708358932119 0.000906109531391577
leaf_weight=2.3856393247842851 5.5785382390022269 2.1414700821042061 3.2261898703873149 3.0148144960403442 1.5456786006689069 2.3145701214671153 1.7874941490590552 4.0440136715769768 3.2299080491065979 5.5421801432967186 2.7510356754064551 13.372267436236145 2.1202347278594971 8.0017862990498525 2.8932879567146301
leaf_count=37 34 36 38 32 34 31 37 47 26 74 25 104 12 81 22
internal_value=-0.00159147 0.0442811 -0.00788957 -0.0600073 -0.0304069 0.000487891 -0.0129043 -0.0351192 0.0170403 -0.0554074 0.00975472 0.00622806 -0.0577822 0.0197221 -0.00364072
internal_weight=63.9491 7.72001 56.2291 7.78668 4.56049 48.4424 19.8115 11.3737 8.43777 7.32967 28.631 25.8799 4.50587 21.3741 5.20786
internal_count=670 70 600 104 66 496 237 158 79 111 259 234 49 185 53
is_linear=0
shrinkage=0.1


Tree=73
num_leaves=18
num_cat=0
split_feature=3 2 3 3 3 2 2 3 2 2 2 3 2 2 2 2 2
split_gain=0.420037 0.460118 1.2507 1.08478 1.05306 0.510228 0.450075 0.360154 1.8766 0.901232 0.554548 0.308222 0.197522 0.15829 0.10491 0.0730149 0.0125555
threshold=5.5000000000000009 6.5000000000000009 12.500000000000002 11.500000000000002 6.5000000000000009 2.5000000000000004 4.5000000000000009 3.0000000000000004 9.5000000000000018 6.5000000000000009 9.5000000000000018 1.0000000180025095e-35 8.5000000000000018 11.000000000000002 4.5000000000000009 1.5000000000000002 11.000000000000002
decision_type=2 2 2 2 2 2 2 2 2 2 2 2 2 2 2 2 2
left_child=7 3 4 6 -3 -5 15 8 9 11 -9 -1 -4 -10 -13 -2 -6
right_child=1 2 12 5 16 -7 -8 10 13 -11 -12 14 -14 -15 -16 -17 -18
leaf_value=-0.018745789931948715 -0.050231476101298626 -0.042229299377441534 -0.095245198539919251 0.039973344072038057 0.019200133287558412 0.0014309130665897804 0.0027521457696250569 -0.0023957614919297788 -0.066673025268926184 0.04766137344252231 0.037932207188018596 0.024515003545611997 -0.049388288538284378 -0.03335828751542632 0.0043712911645763996 -0.028373108356251026 0.01174145201962163
leaf_weight=4.9648424237966635 2.124030604958536 4.9487436562776592 1.6814602017402642 7.1816903948783857 4.0246058106422407 6.5830696225166321 5.6708373725414276 5.9560894891619665 2.8829305171966544 5.8811085522174826 7.9758578240871429 3.8477445244789106 2.1281337589025497 2.8225255012512207 7.8809996917843819 5.4475822895765305 5.1382995173335075
leaf_count=48 26 45 24 38 28 46 47 45 27 40 46 26 28 20 51 49 36
internal_value=0.000368654 -0.00636098 -0.0187841 0.00188264 -0.00505808 0.0215402 -0.0185503 0.00753134 0.00104812 0.0139984 0.0206915 0.00213901 -0.0696284 -0.050192 0.0109797 -0.0345049 0.0150175
internal_weight=87.1406 44.9285 17.9212 27.0072 14.1116 13.7648 13.2425 42.2121 28.2802 22.5747 13.9319 16.6936 3.80959 5.70546 11.7287 7.57161 9.16291
internal_count=670 367 161 206 109 84 122 303 212 165 91 125 52 47 77 75 64
is_linear=0
shrinkage=0.1


Tree=74
num_leaves=15
num_cat=0
split_feature=2 0 2 3 2 3 2 3 2 3 2 3 2 3
split_gain=1.30826 1.91637 0.964294 0.48066 0.925373 0.540628 0.468172 0.383243 0.371158 0.319355 0.419591 0.31753 0.165531 0.057333
threshold=4.5000000000000009 13.500000000000002 12.500000000000002 1.0000000180025095e-35 5.5000000000000009 1.5000000000000002 1.0000000180025095e-35 12.500000000000002 7.5000000000000009 8.5000000000000018 1.5000000000000002 6.5000000000000009 5.5000000000000009 11.500000000000002
decision_type=2 2 2 2 2 2 2 2 2 2 2 2 2 2
left_child=1 6 3 4 -2 12 -1 11 -9 10 -8 -7 -5 -11
right_child=2 -3 -4 5 -6 7 9 8 -10 13 -12 -13 -14 -15
leaf_value=-0.023023534846183871 -0.01803964196393178 0.087706529037627143 0.042392141880191213 -0.024837477783552154 0.046056576969623259 -0.0080137785980043674 0.030067930296224562 -0.014720274390294094 0.022243190428321347 0.018476530761837674 -0.011427987772357436 -0.027217848454004923 -0.06064046881573374 0.032786175719524094
leaf_weight=3.7633908912539544 4.6638508066534978 3.5719555020332328 3.9159047752618781 2.5782728195190421 4.3563615679740906 32.04183141887188 3.7061349302530306 4.5259425044059736 6.7948886156082153 4.8528082817792875 7.1146082282066345 11.773576512932776 2.5870954990386963 6.6187623143196106
leaf_count=29 37 14 24 20 23 209 15 34 39 33 44 92 25 32
internal_value=0.00128626 0.0190172 -0.00588662 -0.00861383 0.012916 -0.0118344 0.00960061 -0.00893624 0.00746561 0.0151082 0.00278448 -0.0131741 -0.0427695 0.0267328
internal_weight=102.865 29.6277 73.2377 69.3218 9.02021 60.3016 26.0557 55.1362 11.3208 22.2923 10.8207 43.8154 5.16537 11.4716
internal_count=670 167 503 479 60 419 153 374 73 124 59 301 45 65
is_linear=0
shrinkage=0.1


Tree=75
num_leaves=17
num_cat=0
split_feature=0 3 2 1 3 2 2 3 2 3 1 3 3 2 2 3
split_gain=2.52897 1.95894 1.34568 0.918122 1.23865 0.494391 1.10107 0.834301 0.835189 0.394974 0.297796 0.172009 0.132826 0.0704368 0.0316379 0.00247328
threshold=4.0000000000000009 8.5000000000000018 8.5000000000000018 6.5000000000000009 5.5000000000000009 2.5000000000000004 4.5000000000000009 9.5000000000000018 6.5000000000000009 13.500000000000002 5.5000000000000009 5.5000000000000009 9.5000000000000018 11.000000000000002 6.5000000000000009 11.500000000000002
decision_type=2 2 2 2 2 2 2 2 2 2 2 2 2 2 2 2
left_child=1 3 5 4 14 -2 12 8 -8 -9 -3 13 -7 -4 -1 -12
right_child=2 10 11 -5 -6 6 7 9 -10 -11 15 -13 -14 -15 -16 -17
leaf_value=-0.061165924279057794 0.040674055935933075 -0.097693070629660983 0.012742449698950414 -0.0077697314806355168 -0.022617796384824227 0.012977899041933739 0.019398520133444484 0.05040287963676137 -0.0077697314806355168 0.016569118298235271 -0.057292638316393932 -0.0077697314806355168 -0.0077697314806355168 -0.002624246686242913 -0.075523242462575024 -0.052598234900127619
leaf_weight=2.4700866639614159 7.8339554816484442 2.5773358196020117 6.4610842168331164 10.221725463867186 3.9707325994968414 5.5796105265617353 24.912889972329143 10.537584155797957 4.3896521329879752 5.130199432373046 2.3665111511945724 9.4967192485928518 4.0570408701896667 5.5410369336605072 4.0536291748285294 2.1346710622310638
leaf_count=20 42 28 39 62 23 30 129 50 28 24 22 63 23 31 36 20
internal_value=0.000973959 -0.0251706 0.00963111 -0.00965221 -0.0374659 0.0171813 0.013811 0.0206973 0.0107375 0.0393245 -0.070587 -0.00776973 -0.00776973 0.00564808 -0.0700871 -0.0550663
internal_weight=111.734 27.7947 83.9398 20.7162 10.4944 62.4409 54.607 44.9703 29.3025 15.6678 7.07852 21.4988 9.63665 12.0021 6.52372 4.50118
internal_count=670 211 459 141 79 326 284 231 157 74 70 133 53 70 56 42
is_linear=0
shrinkage=0.1


Tree=76
num_leaves=15
num_cat=0
split_feature=1 0 2 2 1 2 1 3 3 2 0 3 3 3
split_gain=2.9562 4.62716 1.29119 1.3008 0.913033 0.577929 0.512087 1.16198 0.289981 0.520721 0.223694 0.0297668 0.955637 0.00062918
threshold=3.5000000000000004 8.5000000000000018 9.5000000000000018 2.5000000000000004 13.500000000000002 11.000000000000002 8.5000000000000018 5.5000000000000009 8.5000000000000018 5.5000000000000009 8.5000000000000018 5.5000000000000009 3.0000000000000004 6.5000000000000009
decision_type=2 2 2 2 2 2 2 2 2 2 2 2 2 2
left_child=1 5 3 4 -2 13 7 10 9 -8 -5 12 -3 -1
right_child=2 11 -4 6 -6 -7 8 -9 -10 -11 -12 -13 -14 -15
leaf_value=-0.097095735144838435 -0.0084151232245607659 -0.044540362715409218 -0.0084151232245607659 -0.0084151232245607659 0.039834665670410108 -0.050276930284920154 0.028191699676353783 0.028191699676353783 0.028191699676353783 0.065665106035720511 0.011065323606617057 -0.0084151232245607659 -0.0084151232245607659 -0.099047156312210533
leaf_weight=2.7835909128189105 7.7897009253501874 2.6578912660479572 14.89131437987089 6.2107755839824694 3.9719815254211426 3.9639547392725945 4.0325433760881442 14.729547411203383 6.5174748301506034 7.2886805832386017 5.9922993183135986 10.08013631403446 3.3342026323080063 4.0651922523975372
leaf_count=32 62 25 114 44 22 34 29 80 34 40 40 51 23 40
internal_value=0.000397503 -0.0278668 0.0110365 0.0181636 -0.00841512 -0.0806656 0.0259731 0.0172692 0.0391142 0.0492658 -0.00667238 -0.00841512 -0.0356601 -0.098254
internal_weight=98.3093 26.885 71.4243 56.533 11.7617 10.8127 44.7713 26.9326 17.8387 11.3212 12.2031 16.0722 5.99209 6.84878
internal_count=670 205 465 351 84 106 267 164 103 69 84 99 48 72
is_linear=0
shrinkage=0.1


Tree=77
num_leaves=13
num_cat=0
split_feature=0 1 3 2 2 0 1 2 3 3 0 2
split_gain=2.38055 3.11825 1.6702 0.517735 0.465611 0.633157 0.524601 0.34773 0.31429 0.227532 0.156393 0.015535
threshold=6.0000000000000009 6.5000000000000009 5.5000000000000009 4.5000000000000009 11.000000000000002 10.500000000000002 11.500000000000002 6.5000000000000009 11.500000000000002 3.0000000000000004 9.5000000000000018 9.5000000000000018
decision_type=2 2 2 2 2 2 2 2 2 2 2 2
left_child=2 3 7 -2 5 6 10 -1 -4 -9 -3 -7
right_child=1 4 8 -5 -6 11 -8 9 -10 -11 -12 -13
leaf_value=-0.095427443134490864 0.013376990901659922 0.013376990901659922 -0.0076823144071570763 -0.0076823144071570763 0.013376990901659922 0.05561401480508326 0.042782113036928762 -0.029158833926033897 -0.033687740591946652 -0.067459006170093552 0.028079551969294344 0.063568119414204136
leaf_weight=2.2906337380409258 5.0524233877658871 4.4688830971717888 10.267930269241331 19.602910079061985 3.2021528780460349 5.898028612136839 6.3604239225387564 2.8672598078846931 4.6720125973224631 3.379093773663044 4.396812379360199 4.2067807614803314
leaf_count=32 41 36 85 191 30 32 41 28 50 39 33 32
internal_value=-0.000274256 0.0114329 -0.0267975 -0.00768231 0.0344363 0.0395183 0.0266388 -0.0620998 -0.00768231 -0.0498781 0.013377 0.0589254
internal_weight=76.6653 53.1884 23.4769 24.6553 28.5331 25.3309 15.2261 8.53699 14.9399 6.24635 8.8657 10.1048
internal_count=670 436 234 232 204 174 110 99 135 67 69 64
is_linear=0
shrinkage=0.1


Tree=78
num_leaves=18
num_cat=0
split_feature=1 0 3 1 3 3 3 2 2 3 3 2 2 2 0 0 1
split_gain=8.49289 4.89788 0.568792 1.0212 0.55728 0.407798 0.169015 0.155931 0.311979 0.206962 0.145673 0.515437 0.100243 0.0122414 5.63676e-05 1.59278e-05 2.11929e-06
threshold=7.5000000000000009 9.5000000000000018 5.5000000000000009 5.5000000000000009 8.5000000000000018 10.500000000000002 12.500000000000002 4.5000000000000009 6.5000000000000009 11.500000000000002 1.0000000180025095e-35 9.5000000000000018 8.5000000000000018 7.5000000000000009 6.0000000000000009 9.5000000000000018 1.5000000000000002
decision_type=2 2 2 2 2 2 2 2 2 2 2 2 2 2 2 2 2
left_child=2 5 3 14 10 -2 7 9 -9 -4 -3 -12 -5 -8 16 -16 -1
right_child=1 4 6 12 -6 -7 13 8 -10 -11 11 -13 -14 -15 15 -17 -18
leaf_value=-0.093262657950035785 -0.0083493638394887965 0.085326094651552678 -0.092959258467617711 -0.046059674583545145 0.026344553357743328 0.026344553357743328 -0.016864993067018049 -0.0083493638394887965 -0.055660231021243872 -0.039571053289094896 0.034728502673150578 0.076387414189795125 -0.016441977418319039 -0.0275584370358543 -0.092734697106977654 -0.09227793072473052 -0.093080332864534363
leaf_weight=1.00570432841778 9.7338453531265241 3.8382006436586442 1.2024484872817975 2.0844736248254776 3.268947906792163 2.9500193297862998 3.8101334571838379 2.1702816560864449 2.5351213812828064 1.8329444229602814 4.3307147026062003 9.4527724087238294 2.5294256955385208 1.4888357669115064 1.6519711799919605 1.4193556271493435 1.7414526827633379
leaf_count=20 113 17 26 36 31 27 52 29 39 32 32 49 35 23 37 36 36
internal_value=-0.00140674 0.0308547 -0.0475535 -0.0649572 0.0610385 -0.00834936 -0.0336297 -0.0430492 -0.0316498 -0.0607204 0.0680962 0.0632984 -0.0298227 -0.0198695 -0.092818 -0.0925236 -0.0931471
internal_weight=57.0466 33.5745 23.4721 10.4324 20.8906 12.6839 13.0398 7.7408 4.7054 3.03539 17.6217 13.7835 4.6139 5.29897 5.81848 3.07133 2.74716
internal_count=670 269 401 200 129 140 201 126 68 58 98 81 71 75 129 73 56
is_linear=0
shrinkage=0.1


Tree=79
num_leaves=17
num_cat=0
split_feature=1 0 3 2 1 1 0 1 0 1 0 3 3 2 0 0
split_gain=5.70233 2.70862 1.38568 0.653754 0.686341 0.149724 0.252052 0.146467 0.12214 0.00997713 7.25267e-06 3.94663e-06 3.10426e-06 2.6159e-06 5.5997e-07 4.5637e-07
threshold=7.5000000000000009 9.5000000000000018 7.5000000000000009 8.5000000000000018 3.5000000000000004 9.5000000000000018 6.0000000000000009 12.500000000000002 13.500000000000002 9.5000000000000018 2.5000000000000004 13.500000000000002 4.5000000000000009 4.5000000000000009 9.5000000000000018 11.500000000000002
decision_type=2 2 2 2 2 2 2 2 2 2 2 2 2 2 2 2
left_child=3 5 7 10 12 -2 -7 9 -4 -3 -1 13 -5 14 -12 -15
right_child=1 2 8 4 -6 6 -8 -9 -10 -11 11 -13 -14 15 -16 -17
leaf_value=-0.09074429987162963 -0.017002374452162183 0.071278511902148331 0.023434570963735298 -0.090490384161200588 -0.017002374452162183 -0.007035871501995335 0.023434570963735298 0.10311635823823231 0.081537786072257923 0.080212794076336788 -0.090310647606374389 -0.090575053626511665 -0.090783571445961483 -0.090494737659426672 -0.090186183945226747 -0.090395748994621467
leaf_weight=0.74145642295479941 1.5111710354685808 2.9111025035381299 1.2370757907629004 0.65617308020591758 2.0517861656844616 2.6498846188187599 1.5135166533291338 2.9470471478998661 1.1202351227402687 2.1904322355985641 0.83656046539545081 0.8612728863954543 0.80316581949591637 0.74203022569417942 0.63651072606444359 1.2508511729538438
leaf_count=33 48 34 34 34 63 52 40 31 13 17 48 42 35 38 40 68
internal_value=-0.00164884 0.0334762 0.0638715 -0.0674809 -0.034315 -0.0170024 0.00293063 0.0853676 0.0234346 0.0751146 -0.0904553 -0.0904058 -0.0906517 -0.0903579 -0.0902569 -0.0904326
internal_weight=24.6603 16.0805 10.4059 8.57981 3.51113 5.67457 4.1634 8.04858 2.35731 5.10153 5.06868 4.32723 1.45934 3.46595 1.47307 1.99288
internal_count=670 269 129 401 132 140 92 82 47 51 269 236 69 194 88 106
is_linear=0
shrinkage=0.1


Tree=80
num_leaves=17
num_cat=0
split_feature=1 3 1 0 2 0 1 1 2 3 0 2 0 1 2 2
split_gain=4.52954 1.88519 0.4315 0.323559 0.000152046 6.2943e-07 3.17016e-07 2.08433e-07 8.98466e-08 6.26499e-08 6.16168e-08 6.15406e-08 4.35846e-08 1.74775e-08 5.07724e-09 1.3072e-09
threshold=9.5000000000000018 12.500000000000002 12.500000000000002 10.500000000000002 12.500000000000002 2.5000000000000004 6.5000000000000009 4.5000000000000009 4.5000000000000009 5.5000000000000009 11.500000000000002 1.5000000000000002 11.500000000000002 8.5000000000000018 11.000000000000002 4.5000000000000009
decision_type=2 2 2 2 2 2 2 2 2 2 2 2 2 2 2 2
left_child=4 2 -2 -4 5 7 8 9 11 14 15 -7 -10 -9 -1 -8
right_child=1 -3 3 -5 -6 6 10 13 12 -11 -12 -13 -14 -15 -16 -17
leaf_value=-0.089581313373403013 -0.020529489701430145 0.099292359580889666 0.0054906302620809679 0.095769285476241958 -0.091641537166201367 -0.089507760651378332 -0.089423945698884011 -0.089537400896358532 -0.0895081563908703 -0.089637075237381403 -0.089366239105548431 -0.089439958222294946 -0.089478564793992313 -0.0895081563908703 -0.089557671197930469 -0.089436900499725358
leaf_weight=0.17257088795304365 0.9941707476973537 3.2687599956989288 1.0958799440413711 0.53224333375692356 0.36054351925849903 0.13904367014765773 0.18048928258940566 0.22647386975586414 0.61593013349920489 0.21363230980932713 0.29825536906719208 0.40773808769881725 0.81586437439545989 0.19991298206150532 0.19178138300776482 0.13702047988772392
leaf_count=20 78 29 50 14 11 18 27 28 79 23 50 61 111 28 23 20
internal_value=-0.00696728 0.0486247 -0.0145338 0.0315108 -0.0896837 -0.0894876 -0.0894615 -0.0895548 -0.089481 -0.0895941 -0.0893989 -0.0894466 -0.0894942 -0.0895082 -0.0895689 -0.0894295
internal_weight=9.85031 5.89105 2.62229 1.62812 3.95926 3.59871 2.59434 1.00437 1.97858 0.577985 0.615765 0.546782 1.43179 0.426387 0.364352 0.31751
internal_count=670 171 142 64 499 488 366 122 269 66 97 79 190 56 43 47
is_linear=0
shrinkage=0.1


Tree=81
num_leaves=18
num_cat=0
split_feature=3 2 3 2 3 2 3 2 2 2 2 2 2 2 3 2 3
split_gain=1.44512 3.74307 2.11925 1.32444 0.938709 0.845558 0.492854 1.11044 0.753337 0.404552 0.337844 0.328216 2.12133 0.841453 0.778368 0.170306 0.00759836
threshold=13.500000000000002 5.5000000000000009 9.5000000000000018 7.5000000000000009 11.500000000000002 4.5000000000000009 4.5000000000000009 5.5000000000000009 11.000000000000002 3.5000000000000004 6.5000000000000009 6.5000000000000009 4.5000000000000009 8.5000000000000018 3.0000000000000004 5.5000000000000009 8.5000000000000018
decision_type=2 2 2 2 2 2 2 2 2 2 2 2 2 2 2 2 2
left_child=2 -2 6 -3 -4 -6 11 9 10 16 -9 12 -1 -13 -15 -14 -8
right_child=1 3 4 -5 5 -7 7 8 -10 -11 -12 13 15 14 -16 -17 -18
leaf_value=-0.096237558050922906 0.100309292847264 0.0301241051097581 -0.10066014078280956 -0.093652605468895769 0.0018621827380883714 -0.092385516888895222 -0.0069636090214210706 -0.092744793976423948 0.0012525358946281198 0.041867679610657453 -0.040766207500638169 0.053511365776118064 0.021923195510888487 -0.023232528178117478 0.033471646900833145 -0.003272208658041622 0.00077499545435561314
leaf_weight=2.054864406585696 4.3538316786289206 1.557420611381531 2.9797631427645674 1.9429713338613508 3.0072537660598755 1.3928059861063955 2.2579221874475497 1.6336483210325221 4.0563611313700676 3.388688862323761 5.3309619203209877 4.774347558617591 8.1462189704179746 5.3766695857048017 4.4033172801136971 4.000176925212144 2.8963816463947296
leaf_count=26 18 16 38 36 32 34 31 37 47 26 74 25 77 62 34 35 22
internal_value=-0.00174644 0.0384101 -0.00740895 -0.0385809 -0.0573209 -0.0279712 0.000214081 -0.0120301 -0.0330057 0.0150296 -0.0529585 0.00854446 -0.00227116 0.0190977 0.00229782 0.0136256 -0.00261502
internal_weight=63.5536 7.85422 55.6994 3.50039 7.37982 4.40006 48.3196 19.564 11.021 8.54299 6.96461 28.7556 14.2013 14.5543 9.77999 12.1464 5.1543
internal_count=670 70 600 52 104 66 496 237 158 79 111 259 138 121 96 112 53
is_linear=0
shrinkage=0.1


Tree=82
num_leaves=12
num_cat=0
split_feature=3 2 3 2 1 3 2 2 2 2 2
split_gain=0.329595 1.3578 0.718748 0.559455 1.0817 0.389749 0.603119 0.230583 0.262194 0.200797 0.00103331
threshold=12.500000000000002 7.5000000000000009 11.500000000000002 3.5000000000000004 12.500000000000002 8.5000000000000018 5.5000000000000009 4.5000000000000009 11.000000000000002 8.5000000000000018 4.5000000000000009
decision_type=2 2 2 2 2 2 2 2 2 2 2
left_child=2 10 3 4 -1 7 -7 -5 -9 -3 -2
right_child=1 9 -4 5 -6 6 -8 8 -10 -11 -12
leaf_value=-0.094065870293611714 0.0088153077134040369 -0.094553604822615628 0.035689852122983236 0.023352028786539594 -0.00087748288309260486 0.011119205420879056 -0.047229752325105144 -0.0020318650821666909 0.013408802273124921 -0.04643315910452004 0.006494233447160192
leaf_weight=1.8135115318000306 3.312184810638426 1.5206612348556521 6.0301060676574698 6.2126811146736136 3.9777553528547287 3.3572864532470694 3.7503821551799774 34.194701850414276 16.211118794977665 2.017817672342062 4.5566720962524414
leaf_count=31 18 24 32 42 33 21 34 272 101 28 34
internal_value=0.000179612 -0.0156643 0.00257197 -0.000300757 -0.030059 0.0024036 -0.0196688 0.00517448 0.00293404 -0.0671129 0.00747123
internal_weight=86.9549 11.4073 75.5475 69.5174 5.79127 63.7262 7.10767 56.6185 50.4058 3.53848 7.86886
internal_count=670 104 566 534 64 470 55 415 373 52 52
is_linear=0
shrinkage=0.1


Tree=83
num_leaves=13
num_cat=0
split_feature=2 0 2 1 3 3 2 2 3 2 3 3
split_gain=1.09176 1.5387 0.822041 0.401029 0.959281 0.440315 0.379338 0.289468 0.230667 0.335615 0.159272 0.0460265
threshold=4.5000000000000009 13.500000000000002 12.500000000000002 1.5000000000000002 1.0000000180025095e-35 12.500000000000002 1.0000000180025095e-35 7.5000000000000009 8.5000000000000018 1.5000000000000002 6.5000000000000009 11.500000000000002
decision_type=2 2 2 2 2 2 2 2 2 2 2 2
left_child=1 6 3 -2 -5 10 -1 -7 9 -8 -6 -10
right_child=2 -3 -4 4 5 7 8 -9 11 -11 -12 -13
leaf_value=-0.02089069471683613 -0.037083557592198377 0.078076176056685404 0.038779006773466657 0.028416789691437613 -0.011040978979633234 -0.012527491793301471 0.027353339586220854 0.020236523028808004 0.016119388824648886 -0.0097332159078328487 -0.021509084616524857 0.028830628927838997
leaf_weight=3.6849826574325624 4.4168762117624274 3.6601759791374198 3.985314115881919 7.2177148163318625 34.29742094129324 4.4350150227546674 3.7412048131227511 6.8791351616382599 4.9314085543155652 7.0162882804870605 11.532336398959158 6.7445598244667053
leaf_count=29 31 14 24 49 234 34 15 39 33 44 92 32
internal_value=0.00122454 0.0173539 -0.00537641 -0.00793496 -0.00593461 -0.0102735 0.00884443 0.00739341 0.0137288 0.00316462 -0.0146349 0.023462
internal_weight=102.542 29.7786 72.7638 68.7785 64.3616 57.1439 26.1184 11.3142 22.4335 10.7575 45.8298 11.676
internal_count=670 167 503 479 448 399 153 73 124 59 326 65
is_linear=0
shrinkage=0.1


Tree=84
num_leaves=17
num_cat=0
split_feature=2 0 3 1 3 0 3 2 2 1 3 3 2 2 3 3
split_gain=2.29784 2.47633 1.80389 0.91493 1.18283 0.549387 0.804508 0.503642 0.483345 0.303712 0.199511 0.160321 0.156116 0.0329213 0.0051694 0.00259709
threshold=12.500000000000002 4.0000000000000009 8.5000000000000018 6.5000000000000009 5.5000000000000009 12.500000000000002 1.5000000000000002 4.5000000000000009 2.5000000000000004 5.5000000000000009 7.5000000000000009 1.0000000180025095e-35 5.5000000000000009 11.000000000000002 5.5000000000000009 11.500000000000002
decision_type=2 2 2 2 2 2 2 2 2 2 2 2 2 2 2 2
left_child=1 2 3 4 13 6 -3 8 -8 -4 11 -7 -9 -1 -13 -11
right_child=-2 5 9 -5 -6 10 7 12 -10 15 -12 14 -14 -15 -16 -17
leaf_value=-0.073868502840766792 -0.078679667601861347 -0.0052327069066347579 -0.096811120440645687 -0.0052327069066347579 -0.020320200550329338 0.032928146961962244 0.016563567021473807 0.016563567021473807 -0.0052327069066347579 -0.054455694907377186 0.043524025722693198 0.023351066031250804 0.0088990217667052809 -0.05900695084030038 0.016563567021473807 -0.049522465003318909
leaf_weight=3.7625424414873176 3.5143778547644606 7.9698318094015113 2.3579863756895056 10.17959940433502 3.9860305488109589 7.032504662871367 4.9492789655923826 9.3635590076446515 7.1365407556295395 2.2503815740346909 4.9411247968673697 5.9853050708770734 29.759021997451782 2.4684551805257797 3.716080978512764 2.0295922458171844
leaf_count=33 24 54 28 62 23 31 26 38 39 22 24 34 170 23 19 20
internal_value=0.000895103 0.0034872 -0.0227131 -0.00797699 -0.0354077 0.0122477 0.00725898 0.0131366 -0.00503461 -0.0679931 0.0258682 0.0206548 0.0165636 -0.067981 0.0165636 -0.0521163
internal_weight=111.402 107.888 27.0346 20.3966 10.217 80.8532 59.1782 51.2084 12.0858 6.63796 21.675 16.7339 39.1226 6.231 9.70139 4.27997
internal_count=670 646 211 141 79 435 327 273 65 70 108 84 208 56 53 42
is_linear=0
shrinkage=0.1


Tree=85
num_leaves=13
num_cat=0
split_feature=1 0 2 2 1 2 1 3 3 2 0 3
split_gain=2.33839 4.38693 1.03221 1.15307 0.694701 0.572747 0.416987 1.01197 0.226328 0.388431 0.180808 0.00047567
threshold=3.5000000000000004 8.5000000000000018 9.5000000000000018 2.5000000000000004 13.500000000000002 11.000000000000002 8.5000000000000018 5.5000000000000009 8.5000000000000018 5.5000000000000009 8.5000000000000018 6.5000000000000009
decision_type=2 2 2 2 2 2 2 2 2 2 2 2
left_child=1 5 3 4 -2 11 7 10 9 -8 -5 -1
right_child=2 -3 -4 6 -6 -7 8 -9 -10 -11 -12 -13
leaf_value=-0.096383661119264247 -0.0076335068568263971 -0.0076335068568263971 -0.0076335068568263971 -0.0076335068568263971 0.034236060848691761 -0.04857837836032549 0.025370695108175318 0.025370695108175318 0.025370695108175318 0.057661671320868003 0.0096872160444038315 -0.098147155018528026
leaf_weight=2.5810134112834948 7.6848839372396451 15.847548298537729 14.676873028278349 6.1720899194479006 4.0922774374485016 3.8638460338115692 4.0641864389181155 14.978027507662771 6.5779688358306876 7.564808264374733 6.0492956638336182 3.7544513642787933
leaf_count=32 62 99 114 44 22 34 29 80 34 40 40 40
internal_value=0.000549107 -0.0251204 0.0098534 0.0161317 -0.00763351 -0.0789225 0.0234345 0.015594 0.0351474 0.0439253 -0.00689013 -0.0974287
internal_weight=97.9073 26.0469 71.8604 57.1835 11.7772 10.1993 45.4064 27.1994 18.207 11.629 12.2214 6.33546
internal_count=670 205 465 351 84 106 267 164 103 69 84 72
is_linear=0
shrinkage=0.1


Tree=86
num_leaves=16
num_cat=0
split_feature=1 3 3 0 0 2 2 2 2 1 3 3 0 2 2
split_gain=2.22409 2.41327 2.8033 0.903138 0.749683 0.577669 0.478911 0.350537 0.286263 0.52635 0.176549 0.161082 0.116883 0.0881445 0.0578821
threshold=10.500000000000002 5.5000000000000009 11.500000000000002 6.0000000000000009 4.0000000000000009 11.000000000000002 11.000000000000002 6.5000000000000009 2.5000000000000004 9.5000000000000018 3.0000000000000004 3.0000000000000004 13.500000000000002 6.5000000000000009 7.5000000000000009
decision_type=2 2 2 2 2 2 2 2 2 2 2 2 2 2 2
left_child=1 3 6 7 -2 12 -3 -1 -4 14 -9 -6 13 -5 -10
right_child=4 2 8 5 11 -7 -8 10 9 -11 -12 -13 -14 -15 -16
leaf_value=-0.094876572826325181 0.014338693113760362 0.014338693113760362 -0.013216283077043292 -0.039519583567410227 0.038714663850121747 0.014338693113760362 -0.025458404612314574 -0.039519583567410227 -0.070037373674617681 -0.0035517178763023773 -0.065448165202166314 0.06302708427483783 -0.0081827870827230007 -0.021298032839354095 -0.04923962880024569
leaf_weight=2.1243605017662066 2.5478801429271689 21.991195268929008 3.545606315135954 6.6057226359844226 5.636543467640875 3.3975032046437255 5.3369979932904235 2.7988937646150589 3.7737098634243011 2.0291950702667236 3.2128715589642525 5.275969035923481 2.2406597584485999 3.853788785636425 2.0734088346362114
leaf_count=32 22 151 38 56 42 31 47 28 46 16 39 37 25 37 23
internal_value=-0.000167107 -0.0080524 0.00742731 -0.0328046 0.0367298 -0.0190802 0.0143387 -0.0599589 -0.0368118 -0.0474336 -0.0476202 0.0504692 -0.0289099 -0.0333501 -0.0626624
internal_weight=76.4443 62.9839 38.7501 24.2338 13.4604 16.0977 27.3282 8.13613 11.4219 7.87631 6.01177 10.9125 12.7002 10.4595 5.84712
internal_count=670 569 321 248 101 149 198 99 123 85 67 79 118 93 69
is_linear=0
shrinkage=0.1


Tree=87
num_leaves=19
num_cat=0
split_feature=1 0 1 3 1 3 3 3 3 2 2 2 3 2 0 0 0 1
split_gain=7.31938 4.309 0.579847 0.550392 1.01235 0.533192 0.18923 0.165303 0.143846 0.434382 0.105085 0.090018 0.0177978 0.0131194 0.00066779 5.41037e-05 1.62572e-05 2.46383e-06
threshold=7.5000000000000009 8.5000000000000018 8.5000000000000018 5.5000000000000009 5.5000000000000009 6.5000000000000009 10.500000000000002 12.500000000000002 9.5000000000000018 2.5000000000000004 11.000000000000002 8.5000000000000018 6.5000000000000009 7.5000000000000009 12.500000000000002 6.0000000000000009 9.5000000000000018 1.5000000000000002
decision_type=2 2 2 2 2 2 2 2 2 2 2 2 2 2 2 2 2 2
left_child=3 6 -3 4 15 -4 -2 8 12 -10 -7 -6 14 -9 -5 17 -17 -1
right_child=1 2 5 7 11 10 -8 13 9 -11 -12 -13 -14 -15 -16 16 -18 -19
leaf_value=-0.092952159756083244 -0.0086438533320433997 0.022447556583753175 0.076417540168933248 -0.026775625760586976 -0.043970092694238121 0.041700408025472147 0.022447556583753175 -0.014687770341128501 -0.014110149796603534 -0.092509544607430633 0.056653743024061953 -0.015539256740150312 -0.038148752127913806 -0.025887005705003564 -0.023725722047756519 -0.092408049398350831 -0.09192434626756614 -0.092748561425544399
leaf_weight=0.94056092202663633 7.9946927949786168 4.1034874916076687 10.236110180616381 1.4828162230551225 2.0059801191091537 3.9470963776111585 3.004873052239418 3.7163177728652954 1.2448620796203616 1.6348198503255842 4.7411308586597443 2.503531314432621 1.7245921492576597 1.4557576477527616 1.3916962668299675 1.5216222405433657 1.2788148336112497 1.6148822009563444
leaf_count=20 93 36 49 26 36 34 27 52 20 39 30 35 22 23 19 37 36 36
internal_value=-0.00116265 0.0281044 0.053539 -0.0453921 -0.0630969 0.0609533 -0.00864385 -0.0315856 -0.0410916 -0.0586182 0.0427339 -0.0281862 -0.0301175 -0.01784 -0.025299 -0.0924908 -0.0921872 -0.0928235
internal_weight=56.5436 34.0274 23.0278 22.5163 9.86539 18.9243 10.9996 12.6509 7.47879 2.87968 8.68823 4.50951 4.5991 5.17208 2.87451 5.35588 2.80044 2.55544
internal_count=670 269 149 401 200 113 120 201 126 59 64 71 67 75 45 129 73 56
is_linear=0
shrinkage=0.1


Tree=88
num_leaves=16
num_cat=0
split_feature=1 2 3 0 2 2 0 1 3 0 2 3 0 0 0
split_gain=4.90946 2.38055 1.2821 0.663851 0.660551 0.661381 0.220294 0.0619183 1.82657e-05 6.63518e-06 3.24118e-06 1.48822e-06 9.90081e-07 4.12873e-07 2.11833e-07
threshold=7.5000000000000009 7.5000000000000009 1.0000000180025095e-35 10.500000000000002 8.5000000000000018 11.000000000000002 7.5000000000000009 10.500000000000002 3.0000000000000004 2.5000000000000004 4.5000000000000009 13.500000000000002 9.5000000000000018 11.500000000000002 4.0000000000000009
decision_type=2 2 2 2 2 2 2 2 2 2 2 2 2 2 2
left_child=4 2 -2 -3 9 6 -6 -5 -7 -1 12 13 14 -12 -11
right_child=1 3 -4 7 5 8 -8 -9 -10 10 11 -13 -14 -15 -16
leaf_value=-0.090606836780226754 0.090979626464164076 0.0083395368365408885 -0.01812351440471437 0.066157986522184353 -0.090968210167729921 -0.091170604581402109 -0.01812351440471437 0.084144469479725717 -0.090427858196795941 -0.090257092572481046 -0.090363799720151378 -0.090438695767415395 -0.090057659228180459 -0.090265556099711819 -0.090166885573683991
leaf_weight=0.68916004709899592 1.0779459178447748 1.9506795331835727 5.5411867573857307 4.7215480357408524 0.67413866333663541 0.54901290684938409 1.333507504314184 3.2186483815312386 0.8341576661914587 0.63719461113214515 0.68289600312709842 0.46856966614723194 0.57422426249831904 1.1449922807514665 0.44013968855142593
leaf_count=33 17 35 155 35 27 20 40 27 45 38 38 24 40 68 28
internal_value=-0.00164609 0.0295448 -0.0168727 0.0606081 -0.0657918 -0.0322471 -0.0181235 0.073449 -0.0907227 -0.0903205 -0.0902706 -0.0903474 -0.0901637 -0.0903023 -0.0902202
internal_weight=24.538 16.51 6.61913 9.89088 8.02799 3.39082 2.00765 7.9402 1.38317 4.63718 3.94802 2.29646 1.65156 1.82789 1.07733
internal_count=670 269 172 97 401 132 67 62 65 269 236 130 106 106 66
is_linear=0
shrinkage=0.1


Tree=89
num_leaves=17
num_cat=0
split_feature=1 3 1 0 2 0 1 1 2 3 0 2 0 1 2 2
split_gain=3.98727 1.53187 0.43417 0.265306 0.000112413 6.15633e-07 2.87463e-07 2.17468e-07 8.90721e-08 5.95214e-08 5.52469e-08 4.1744e-08 3.81854e-08 8.08442e-09 5.33268e-09 8.60808e-10
threshold=9.5000000000000018 12.500000000000002 12.500000000000002 10.500000000000002 12.500000000000002 2.5000000000000004 6.5000000000000009 4.5000000000000009 4.5000000000000009 5.5000000000000009 11.500000000000002 1.5000000000000002 11.500000000000002 8.5000000000000018 11.000000000000002 4.5000000000000009
decision_type=2 2 2 2 2 2 2 2 2 2 2 2 2 2 2 2
left_child=4 2 -2 -4 5 7 8 9 11 14 15 -7 -10 -9 -1 -8
right_child=1 -3 3 -5 -6 6 10 13 12 -11 -12 -13 -14 -15 -16 -17
leaf_value=-0.089536366429029068 -0.023306134156368265 0.086991123120190098 0.0028415967035367641 0.084748802851674673 -0.091379404882270809 -0.08944798647834129 -0.089374009679367525 -0.089482818786825846 -0.089459332262442182 -0.089591845733811348 -0.089315623399880861 -0.089389522515319494 -0.089429191818459708 -0.089459332262442182 -0.08951129440996719 -0.089385048906926112
leaf_weight=0.16152977943420488 0.959927900694311 3.4293001592159271 1.096200664527714 0.56472853571176518 0.32808432355523098 0.12578256055712733 0.16378829022869457 0.20764388469979167 0.56634560134261824 0.20089815557003021 0.26699872221797705 0.37014366453513503 0.74845495587214828 0.18336070142686367 0.17866691341623664 0.12419969774782658
leaf_count=20 78 29 50 14 11 18 27 28 79 23 50 61 111 28 23 20
internal_value=-0.00669319 0.0430018 -0.0145566 0.0289893 -0.0896141 -0.0894385 -0.0894114 -0.0895073 -0.0894307 -0.0895487 -0.0893484 -0.0893945 -0.0894443 -0.0894593 -0.0895232 -0.0893788
internal_weight=9.67605 6.05016 2.62086 1.66093 3.6259 3.29781 2.36571 0.932099 1.81073 0.541095 0.554987 0.495926 1.3148 0.391005 0.340197 0.287988
internal_count=670 171 142 64 499 488 366 122 269 66 97 79 190 56 43 47
is_linear=0
shrinkage=0.1


Tree=90
num_leaves=13
num_cat=0
split_feature=3 2 3 2 3 3 0 3 2 2 2 2
split_gain=1.13838 2.83894 1.79748 1.18775 0.907337 0.795082 0.593282 1.38419 1.15029 3.19578 0.608076 0.607956
threshold=13.500000000000002 5.5000000000000009 9.5000000000000018 7.5000000000000009 11.500000000000002 12.500000000000002 13.500000000000002 1.0000000180025095e-35 5.5000000000000009 6.5000000000000009 4.5000000000000009 6.5000000000000009
decision_type=2 2 2 2 2 2 2 2 2 2 2 2
left_child=2 -2 6 -3 -4 -6 7 11 10 -10 -9 -1
right_child=1 3 4 -5 5 -7 -8 8 9 -11 -12 -13
leaf_value=-0.094288509504958859 0.084675496168901535 0.02571546805751946 -0.099469605222012203 -0.093172590920199458 0.0023425080222608191 -0.092056741827785837 0.045064112942018474 -0.0075513256277154875 -0.096788157528403154 0.0038391950486724893 0.02094360092913965 -0.019496648571585142
leaf_weight=2.1709894388914099 4.5529714822769156 1.6078643798828127 2.7479069530963889 1.7603403367102144 2.9942707419395447 1.2709361910820005 2.7003239691257468 7.6583951488137219 3.6887813918292549 21.85357915610075 8.047100305557251 2.1763585209846497
leaf_count=37 18 16 38 36 32 34 25 81 61 230 50 12
internal_value=-0.00227147 0.033184 -0.00734933 -0.0364195 -0.0546572 -0.0257864 -0.000479635 -0.00317691 0.00247962 -0.0106932 0.0209436 -0.0568464
internal_weight=63.2298 7.92118 55.3086 3.3682 7.01311 4.26521 48.2955 45.5952 41.2479 25.5424 15.7055 4.34735
internal_count=670 70 600 52 104 66 496 471 422 291 131 49
is_linear=0
shrinkage=0.1


Tree=91
num_leaves=19
num_cat=0
split_feature=3 3 2 2 2 3 3 2 1 3 2 2 2 2 2 3 2 3
split_gain=0.255313 0.355094 1.04007 1.302 0.412813 0.738245 0.729785 0.809613 0.302602 0.218103 1.58769 0.658058 0.314872 0.204796 0.201651 0.153431 0.131459 0.0896124
threshold=5.5000000000000009 6.5000000000000009 11.000000000000002 6.5000000000000009 2.5000000000000004 11.500000000000002 8.5000000000000018 7.5000000000000009 13.500000000000002 3.0000000000000004 9.5000000000000018 6.5000000000000009 9.5000000000000018 8.5000000000000018 4.5000000000000009 12.500000000000002 11.000000000000002 1.0000000180025095e-35
decision_type=2 2 2 2 2 2 2 2 2 2 2 2 2 2 2 2 2 2
left_child=9 2 3 -2 5 8 -6 15 -3 10 11 14 -11 -9 -1 -8 -12 -16
right_child=1 4 -4 -5 6 -7 7 13 -10 12 16 -13 -14 -15 17 -17 -18 -19
leaf_value=0.021467780581067648 -0.0015575499183992129 -0.046636747324876611 0.037164399737971941 -0.096369823594137372 0.017727158477274556 0.033473486572180793 -0.017003429366378688 -0.09397812426636927 0.0042817186953657575 -0.0021594370693416016 -0.063669453726708611 0.039915788625405901 0.02793444806749551 -0.0434907231188153 -0.015287553718068631 0.0054305552968824345 -0.03274451030233394 0.0020300580145640127
leaf_weight=3.9209029078483679 3.074960082769393 1.9935838207602481 2.0143986493349075 2.7380928248167038 7.2402392774820354 7.4197385013103485 9.0621882677078265 1.3829612135887139 2.8153998851776123 5.9374608322978011 2.6965423673391333 6.1463765054941168 8.3892419114708883 1.9173373468220232 4.7809824869036657 4.5940900146961203 2.8038933873176575 7.9680522531270981
leaf_count=26 34 27 11 34 48 38 67 24 22 45 27 40 46 28 48 34 20 51
internal_value=-0.000113595 -0.00543456 -0.0247584 -0.0462165 -0.00128208 0.0136928 -0.00885015 -0.0201983 -0.0168267 0.0054082 0.000321263 0.0119474 0.0154625 -0.064647 0.00163523 -0.00945644 -0.0479052 -0.00446417
internal_weight=86.8964 44.253 7.82745 5.81305 36.4255 12.2287 24.1968 16.9566 4.80898 42.6435 28.3167 22.8163 14.3267 3.3003 16.6699 13.6563 5.50044 12.749
internal_count=670 367 79 68 288 87 201 153 49 303 212 165 91 52 125 101 47 99
is_linear=0
shrinkage=0.1


Tree=92
num_leaves=13
num_cat=0
split_feature=2 0 2 1 3 3 2 2 3 2 3 3
split_gain=0.916353 1.21574 0.681336 0.366308 0.8327 0.373117 0.295234 0.238364 0.192948 0.352402 0.152353 0.0352291
threshold=4.5000000000000009 13.500000000000002 12.500000000000002 1.5000000000000002 1.0000000180025095e-35 12.500000000000002 1.0000000180025095e-35 7.5000000000000009 8.5000000000000018 3.5000000000000004 6.5000000000000009 11.500000000000002
decision_type=2 2 2 2 2 2 2 2 2 2 2 2
left_child=1 6 3 -2 -5 10 -1 -7 9 -8 -6 -10
right_child=2 -3 -4 4 5 7 8 -9 11 -11 -12 -13
leaf_value=-0.018521608857537192 -0.035563250305609251 0.069048275678582641 0.034676165859835142 0.026230348296963274 -0.010197356130555779 -0.011678678331052943 -0.014979555796164605 0.018046598790451944 0.014733299147121195 0.021235268415728651 -0.020565484675388209 0.025789832701153405
leaf_weight=3.5998348966240945 4.3475235253572455 3.736839532852172 4.0627717673778525 7.2975719049572936 34.020156174898148 4.4004748016595823 5.5278791785240191 6.9714730530977249 4.9785301983356458 5.2284200191497803 11.389812812209128 6.8425891399383545
leaf_count=29 31 14 24 49 234 34 31 39 33 28 92 32
internal_value=0.000965602 0.0156912 -0.00511117 -0.00747349 -0.00556772 -0.00965438 0.00807443 0.00654414 0.012315 0.00262374 -0.013711 0.0211333
internal_weight=102.404 29.9141 72.4898 68.427 64.0795 56.7819 26.1773 11.3719 22.5774 10.7563 45.41 11.8211
internal_count=670 167 503 479 448 399 153 73 124 59 326 65
is_linear=0
shrinkage=0.1


Tree=93
num_leaves=15
num_cat=0
split_feature=2 0 3 1 3 2 2 2 3 3 1 2 3 3
split_gain=1.94321 1.9927 1.62878 0.80653 1.10971 0.435448 0.592343 0.698175 0.664427 0.642204 0.310809 0.0318621 0.0288898 0.00258472
threshold=12.500000000000002 4.0000000000000009 8.5000000000000018 6.5000000000000009 5.5000000000000009 2.5000000000000004 4.5000000000000009 5.5000000000000009 1.5000000000000002 6.5000000000000009 5.5000000000000009 11.000000000000002 9.5000000000000018 11.500000000000002
decision_type=2 2 2 2 2 2 2 2 2 2 2 2 2 2
left_child=1 2 3 4 11 -3 12 8 -8 -9 -4 -1 -7 -12
right_child=-2 5 10 -5 -6 6 7 9 -10 -11 13 -13 -14 -15
leaf_value=-0.071898649364680531 -0.07492557525873314 0.033025817585029489 -0.096013902921534874 -0.0047184925787241662 -0.019024927785804325 0.013369966105071822 0.0072512901658657375 -0.0037200015443495274 0.047627421176065547 0.019948047638522905 -0.051412404481892007 -0.056971571961791118 -0.0047184925787241662 -0.046362254094192139
leaf_weight=3.5872526243329101 3.2680182084441176 8.1496423035860044 2.1521758288145056 10.201531425118445 3.9863573312759399 5.5638534724712354 7.1731146872043636 26.98159347474575 9.4384436905384046 19.934271737933159 2.134724885225296 2.3778139054775238 3.9997530579566956 1.9294624030590055
leaf_count=33 24 42 28 62 23 30 37 159 38 106 22 23 23 20
internal_value=0.00104077 0.0033478 -0.0205376 -0.00673436 -0.0333314 0.0111006 0.00865592 0.0125744 0.0301924 0.00633641 -0.0652865 -0.0659484 -0.00471849 -0.0490149
internal_weight=110.878 107.61 26.3693 20.153 9.95142 81.2407 73.091 63.5274 16.6116 46.9159 6.21636 5.96507 9.56361 4.06419
internal_count=670 646 211 141 79 435 393 340 75 265 70 56 53 42
is_linear=0
shrinkage=0.1


Tree=94
num_leaves=14
num_cat=0
split_feature=0 1 2 2 3 3 3 3 2 2 3 2 2
split_gain=2.18969 4.43197 0.84795 0.863716 1.04846 0.518143 0.621899 0.42184 0.678641 0.252737 0.353254 0.176988 0.000948889
threshold=7.5000000000000009 5.5000000000000009 4.5000000000000009 9.5000000000000018 1.0000000180025095e-35 5.5000000000000009 1.5000000000000002 4.5000000000000009 11.000000000000002 5.5000000000000009 13.500000000000002 7.5000000000000009 9.5000000000000018
decision_type=2 2 2 2 2 2 2 2 2 2 2 2 2
left_child=1 5 -2 4 -4 6 -1 8 -5 -6 -11 -3 -7
right_child=2 11 3 7 9 12 -8 -9 -10 10 -12 -13 -14
leaf_value=-0.095752354990172608 -0.0036670223787266497 -0.0036670223787266497 -0.0036670223787266497 -0.0036670223787266497 0.015717797926564407 -0.09634872741704692 -0.03789659581886326 -0.0036670223787266497 0.045026020148154773 0.046097978858717498 0.01998747696577606 -0.025664697975786594 -0.099215030716124197
leaf_weight=2.3954839706420881 9.4339802414178831 17.270526669919494 6.4808973148465148 3.4195849001407606 6.3584910333156612 2.2159931212663651 4.2846218049526215 6.9091923460364333 4.6459345519542694 16.922271490097049 7.4682659506797782 7.4997131526470175 2.4122127369046211
leaf_count=32 72 106 48 27 38 28 36 60 31 80 39 50 23
internal_value=0.000389804 -0.0191764 0.0118424 0.0174621 0.0256197 -0.0721262 -0.0543089 -0.00281932 0.0192317 0.0334741 0.0381031 -0.00366702 -0.0978426
internal_weight=97.7172 36.0786 61.6386 52.2046 37.2299 11.3083 6.68011 14.9747 8.06552 30.749 24.3905 24.7702 4.62821
internal_count=670 275 395 323 205 119 68 118 58 157 119 156 51
is_linear=0
shrinkage=0.1


Tree=95
num_leaves=13
num_cat=0
split_feature=1 0 2 1 2 2 2 2 0 3 2 3
split_gain=1.95965 2.60128 1.21691 0.533783 0.404813 0.653892 0.265902 0.622039 0.288891 0.188009 0.01795 0.00211794
threshold=5.5000000000000009 9.5000000000000018 4.5000000000000009 11.500000000000002 6.5000000000000009 11.000000000000002 6.5000000000000009 4.5000000000000009 11.500000000000002 6.5000000000000009 9.5000000000000018 4.5000000000000009
decision_type=2 2 2 2 2 2 2 2 2 2 2 2
left_child=6 3 -3 -2 -4 -6 7 -1 -9 10 -8 -12
right_child=1 2 4 -5 5 -7 9 8 -10 -11 11 -13
leaf_value=-0.0046158147454354072 -0.0046158147454354072 0.067599633141237875 0.014649481502351467 0.014649481502351467 0.055152380250447622 0.014649481502351467 -0.014988380587782617 -0.069168161679772674 -0.031147365590324019 -0.0046158147454354072 -0.026423353093655719 -0.022785999560351683
leaf_weight=2.8380623906850841 14.46683242172003 7.6889698803424862 7.0567718446254757 8.177548944950102 6.8760903179645521 5.5415033921599388 2.4047484397888166 3.6063234955072385 4.4823302030563354 5.7913647741079322 4.2130812555551529 2.5818271562457085
leaf_count=32 146 42 55 57 48 50 25 46 48 51 47 23
internal_value=0.000732385 0.0123367 0.0339148 -0.00461581 0.0206151 0.0341895 -0.0215683 -0.0334324 -0.0480989 -0.0129208 -0.0224135 -0.0250413
internal_weight=75.7255 49.8077 27.1633 22.6444 19.4744 12.4176 25.9177 10.9267 8.08865 14.991 9.19966 6.79491
internal_count=670 398 195 203 153 98 272 126 94 146 95 70
is_linear=0
shrinkage=0.1


Tree=96
num_leaves=18
num_cat=0
split_feature=1 0 3 1 1 3 3 3 2 2 3 2 0 2 0 0 1
split_gain=6.24119 3.74997 0.526165 1.0067 0.479474 0.469447 0.167946 0.15664 0.130774 0.280298 0.215376 0.100226 0.094668 0.0120767 4.93548e-05 1.3967e-05 3.09298e-06
threshold=7.5000000000000009 8.5000000000000018 5.5000000000000009 5.5000000000000009 8.5000000000000018 6.5000000000000009 10.500000000000002 12.500000000000002 4.5000000000000009 6.5000000000000009 11.500000000000002 11.000000000000002 12.500000000000002 7.5000000000000009 6.0000000000000009 9.5000000000000018 1.5000000000000002
decision_type=2 2 2 2 2 2 2 2 2 2 2 2 2 2 2 2 2
left_child=2 6 3 14 -3 -6 -2 8 10 -10 -4 -7 -5 -9 16 -16 -1
right_child=1 4 7 12 5 11 -8 13 9 -11 -12 -13 -14 -15 15 -17 -18
leaf_value=-0.092678786089911078 -0.0091174935894850258 0.019622827282086114 -0.092378770243581154 -0.043035443724416533 0.069266509010573796 0.037294975127706985 0.019622827282086114 -0.013266873212158893 -0.0091174935894850258 -0.052815629561138382 -0.034475097505028814 0.051706828758988299 -0.01348804139815523 -0.024126436638786504 -0.092110640238438804 -0.091641961364950383 -0.09244274238229569
leaf_weight=0.88246449828148099 7.9083128124475461 4.1594756543636349 1.037142124027012 1.9326011240482328 10.528953015804293 4.0663464963436109 3.0592405870556831 3.6573704183101654 2.1350958570837975 2.3821461126208305 1.6876222938299179 4.8523249328136444 2.4704490602016449 1.4222907125949857 1.4012118615210059 1.164098162204027 1.4965528845787046
leaf_count=20 93 36 26 31 49 34 27 52 29 39 32 30 40 23 37 36 36
internal_value=-0.0012643 0.0251074 -0.0433424 -0.0612332 0.0483631 0.0549671 -0.00911749 -0.0297701 -0.039213 -0.0287764 -0.0565153 0.038086 -0.0264571 -0.0163075 -0.0922022 -0.091898 -0.0925303
internal_weight=56.2437 34.5747 21.669 9.34738 23.6071 19.4476 10.9676 12.3217 7.24201 4.51724 2.72476 8.91867 4.40305 5.07966 4.94433 2.56531 2.37902
internal_count=670 269 401 200 149 113 120 201 126 68 58 64 71 75 129 73 56
is_linear=0
shrinkage=0.1


Tree=97
num_leaves=16
num_cat=0
split_feature=1 2 3 2 2 1 0 0 3 0 2 3 0 0 0
split_gain=4.27833 2.00317 1.13403 0.683652 0.628106 0.220785 0.381134 0.160512 1.30388e-05 6.10031e-06 2.86285e-06 1.12125e-06 7.74218e-07 4.35303e-07 1.12206e-07
threshold=7.5000000000000009 7.5000000000000009 1.0000000180025095e-35 8.5000000000000018 11.000000000000002 10.500000000000002 11.500000000000002 7.5000000000000009 3.0000000000000004 2.5000000000000004 4.5000000000000009 13.500000000000002 9.5000000000000018 11.500000000000002 4.0000000000000009
decision_type=2 2 2 2 2 2 2 2 2 2 2 2 2 2 2
left_child=3 2 -2 9 7 6 -3 -5 -6 -1 12 13 14 -12 -11
right_child=1 5 -4 4 8 -7 -8 -9 -10 10 11 -13 -14 -15 -16
leaf_value=-0.090483797604260119 0.081901897274688717 0.0073468393994911927 -0.018370452523175707 -0.090818885265757029 -0.090968602442601146 0.075809502606906221 0.059453300199384641 -0.018370452523175707 -0.090314487605995392 -0.090124201248251434 -0.090250428899897817 -0.090316522315401562 -0.089944921565229471 -0.090145318547509873 -0.090055424884448065
leaf_weight=0.64202908799052494 1.1313390061259294 1.9683790281414966 5.4162980373948812 0.62826045043766532 0.50263177603483178 3.3548238798975945 4.8938462138175964 1.3206666931509969 0.77402601391077042 0.57714064791798614 0.63139299303293261 0.42921778559684742 0.51948918029665947 1.0479467222467063 0.40274689719080925
leaf_count=33 17 35 155 27 20 27 35 40 45 38 38 24 40 68 28
internal_value=-0.000940549 0.0271133 -0.0160666 -0.0638542 -0.0291418 0.0547853 0.0445069 -0.0183705 -0.090572 -0.0901998 -0.0901492 -0.0902244 -0.0900436 -0.0901848 -0.0900959
internal_weight=24.2402 16.7647 6.54764 7.47555 3.22558 10.217 6.86223 1.94893 1.27666 4.24996 3.60793 2.10856 1.49938 1.67934 0.979888
internal_count=670 269 172 401 132 97 70 67 65 269 236 130 106 106 66
is_linear=0
shrinkage=0.1


Tree=98
num_leaves=17
num_cat=0
split_feature=1 3 1 0 2 0 1 1 2 3 0 0 2 1 2 2
split_gain=3.54717 1.25429 0.440244 0.218658 8.67729e-05 5.86088e-07 2.45885e-07 2.0128e-07 8.75985e-08 4.79799e-08 4.75128e-08 3.9667e-08 2.5885e-08 7.07643e-09 6.72138e-09 8.12574e-10
threshold=9.5000000000000018 12.500000000000002 12.500000000000002 10.500000000000002 12.500000000000002 2.5000000000000004 6.5000000000000009 4.5000000000000009 4.5000000000000009 5.5000000000000009 11.500000000000002 11.500000000000002 1.5000000000000002 8.5000000000000018 11.000000000000002 4.5000000000000009
decision_type=2 2 2 2 2 2 2 2 2 2 2 2 2 2 2 2
left_child=4 2 -2 -4 5 7 8 9 12 14 15 -10 -7 -9 -1 -8
right_child=1 -3 3 -5 -6 6 10 13 11 -11 -12 -13 -14 -15 -16 -17
leaf_value=-0.089496381605584846 -0.025532465615860284 0.077007891005242191 0.0010162551874419445 0.076487723882297159 -0.091171688807647713 -0.089393086959995885 -0.089329810624345182 -0.089437789757520259 -0.089415148303838843 -0.089544934293350698 -0.089273134090057812 -0.089382981810635795 -0.089345137433829186 -0.089415148303838843 -0.08946726929743376 -0.089341046766827303
leaf_weight=0.15169148333370763 0.92807263508439097 3.569270446896553 1.0879905717447398 0.59173860400915135 0.30209281854331482 0.11357006896287236 0.14901493303477753 0.19211233640089631 0.52321484917774774 0.18759456602856517 0.2406222065910697 0.68516126088798046 0.33631358807906508 0.16874789632856846 0.16619349271059036 0.11329629458487034
leaf_count=20 78 29 50 14 11 18 27 28 79 23 50 111 61 28 23 20
internal_value=-0.00635626 0.0384907 -0.0142275 0.027565 -0.0895556 -0.0893943 -0.0893665 -0.0894638 -0.089385 -0.0895048 -0.0893052 -0.0893991 -0.0893474 -0.0894151 -0.0894812 -0.0893347
internal_weight=9.5067 6.17707 2.6078 1.67973 3.32963 3.02753 2.16119 0.86634 1.65826 0.50548 0.502933 1.20838 0.449884 0.36086 0.317885 0.262311
internal_count=670 171 142 64 499 488 366 122 269 66 97 190 79 56 43 47
is_linear=0
shrinkage=0.1


Tree=99
num_leaves=13
num_cat=0
split_feature=3 2 3 2 3 1 0 3 2 2 2 2
split_gain=0.911013 2.2048 1.55442 1.0828 0.875627 0.648282 0.473013 1.18917 0.97711 2.86434 0.590361 0.441917
threshold=13.500000000000002 5.5000000000000009 9.5000000000000018 7.5000000000000009 11.500000000000002 6.5000000000000009 13.500000000000002 1.0000000180025095e-35 5.5000000000000009 6.5000000000000009 6.5000000000000009 4.5000000000000009
decision_type=2 2 2 2 2 2 2 2 2 2 2 2
left_child=2 -2 6 -3 -4 -6 7 10 11 -10 -1 -9
right_child=1 3 4 -5 5 -7 -8 8 9 -11 -12 -13
leaf_value=-0.093759423519489418 0.073246691669715827 0.022973997409059119 -0.098486604418455762 -0.092741510235600788 -0.056128317442647152 0.024556075824201724 0.039427589524959249 -0.0065008668337697409 -0.096004537733204512 0.0029886469627901087 -0.017995776902980723 0.018210589553325655
leaf_weight=1.9705434441566456 4.6915054321289054 1.6407179832458498 2.5246340706944457 1.594567224383354 2.4843284413218498 1.6620536148548124 2.7886768132448188 7.5780360028147671 3.3710785880684879 21.985113374888897 2.1513070464134216 8.2293762266635895
leaf_count=37 18 16 38 36 38 28 25 81 61 230 12 50
internal_value=-0.00223414 0.0294506 -0.0068219 -0.0340584 -0.0520566 -0.0237864 -0.000544905 -0.00300641 0.00212141 -0.0101724 -0.0542163 0.0182106
internal_weight=62.6719 7.92679 54.7451 3.23529 6.67102 4.14638 48.0741 45.2855 41.1636 25.3562 4.12185 15.8074
internal_count=670 70 600 52 104 66 496 471 422 291 49 131
is_linear=0
shrinkage=0.1


Tree=100
num_leaves=11
num_cat=0
split_feature=3 3 2 3 2 1 3 2 2 3
split_gain=0.197162 1.3298 1.11103 0.543666 0.402091 0.533636 0.273951 0.48558 0.210264 0.171071
threshold=12.500000000000002 13.500000000000002 7.5000000000000009 11.500000000000002 3.5000000000000004 13.500000000000002 8.5000000000000018 5.5000000000000009 4.5000000000000009 6.5000000000000009
decision_type=2 2 2 2 2 2 2 2 2 2
left_child=3 -2 -3 4 5 -1 8 -8 -6 -10
right_child=1 2 -4 -5 6 -7 7 -9 9 -11
leaf_value=-0.058629144200273521 -0.067904212001733785 0.032814079301226477 -0.050392661691776253 0.029887136015473104 0.020725150682034971 0.0034725263859391566 0.009541700371542736 -0.0434087595512491 -0.0010147493699737497 0.015493246069183231
leaf_weight=2.7040305994451037 3.1323918998241407 5.6358446776866913 2.2435897253453732 6.2074387669563285 6.3165711164474478 2.8337656557559967 3.3869632035493842 3.544177457690239 43.335619866847992 7.3408788666129103
leaf_count=42 34 34 36 32 42 22 21 34 325 48
internal_value=-0.000286797 -0.0127888 0.0091218 0.00153256 -0.00100133 -0.0268509 0.00123803 -0.017534 0.00352097 0.00137656
internal_weight=86.6813 11.0118 7.87943 75.6694 69.462 5.5378 63.9242 6.93114 56.9931 50.6765
internal_count=670 104 70 566 534 64 470 55 415 373
is_linear=0
shrinkage=0.1


Tree=101
num_leaves=12
num_cat=0
split_feature=2 0 2 1 3 3 3 1 3 2 3
split_gain=0.802118 1.00026 0.569139 0.335175 0.672332 0.323386 0.295738 0.478032 0.551786 0.180623 0.139538
threshold=4.5000000000000009 13.500000000000002 12.500000000000002 1.5000000000000002 1.0000000180025095e-35 12.500000000000002 7.5000000000000009 12.500000000000002 11.500000000000002 7.5000000000000009 6.5000000000000009
decision_type=2 2 2 2 2 2 2 2 2 2 2
left_child=1 6 3 -2 -5 10 -1 8 -8 -7 -6
right_child=2 -3 -4 4 5 9 7 -9 -10 -11 -12
leaf_value=0.022337301622988706 -0.034093773137726102 0.0626840692735154 0.031232400711937308 0.023109910252253871 -0.0093911314552583645 -0.0099361789269275472 -0.044385468843050314 0.027807796199075443 0.0026930430735105991 0.016005669630145863 -0.019640111142261458
leaf_weight=9.0419451445341164 4.2802181094884864 3.7859719991683951 4.1288893222808829 7.4200373366475096 33.760287269949913 4.330904617905615 3.4093980789184597 4.5449663251638404 9.2278051078319532 7.057692363858223 11.207954950630663
leaf_count=43 31 14 24 49 234 34 27 33 50 39 92
internal_value=0.00089487 0.0146351 -0.00481741 -0.00700448 -0.00518645 -0.008912 0.00769831 -5.31704e-06 -0.0100083 0.00614039 -0.0127241
internal_weight=102.196 30.0101 72.186 68.0571 63.7769 56.3568 26.2241 17.1822 12.6372 11.3886 44.9682
internal_count=670 167 503 479 448 399 153 110 77 73 326
is_linear=0
shrinkage=0.1


Tree=102
num_leaves=15
num_cat=0
split_feature=0 3 2 1 1 2 2 0 3 3 3 3 0 3
split_gain=1.28251 1.49434 0.743847 0.651762 0.315367 0.276901 0.723439 0.59668 0.254027 0.139778 0.141423 0.0775985 0.0352784 0.00302025
threshold=4.0000000000000009 8.5000000000000018 8.5000000000000018 2.5000000000000004 5.5000000000000009 2.5000000000000004 4.5000000000000009 7.5000000000000009 9.5000000000000018 5.5000000000000009 3.0000000000000004 9.5000000000000018 1.0000000180025095e-35 11.500000000000002
decision_type=2 2 2 2 2 2 2 2 2 2 2 2 2 2
left_child=1 3 5 -1 -3 -2 11 -8 -9 10 -4 -7 -5 -6
right_child=2 4 9 12 13 6 7 8 -10 -11 -12 -13 -14 -15
leaf_value=-0.03783734359202974 0.029688737941584553 -0.095345531265917452 -0.001905091455710848 -0.021713755329657476 -0.048865876820819193 0.01351726827917718 -0.0055901670672852122 0.014867715292719814 0.031917123031282101 -0.0055901670672852122 0.020666356428203692 -0.0055901670672852122 -0.0055901670672852122 -0.043280653589083298
leaf_weight=6.2697489857673707 8.2917199134826642 1.9696069061756123 7.4770538955926913 4.4443750828504553 2.0446672737598419 5.5559964179992658 7.0893643051385871 25.500205129384995 13.295310914516447 8.9890347421169263 4.4149423688650131 3.9793090522289276 9.1635065376758558 1.8389926850795748
leaf_count=54 42 28 47 32 22 30 41 132 58 63 23 23 55 20
internal_value=0.00121136 -0.0183381 0.00715779 -0.00559017 -0.0627514 0.0126451 0.0100951 0.0157363 0.0207106 -0.00559017 0.00647463 -0.00559017 -0.00559017 -0.0462212
internal_weight=110.324 25.7309 84.5929 19.8776 5.85327 63.7119 55.4202 45.8849 38.7955 20.881 11.892 9.53531 13.6079 3.88366
internal_count=670 211 459 141 70 326 284 231 190 133 70 53 87 42
is_linear=0
shrinkage=0.1


Tree=103
num_leaves=16
num_cat=0
split_feature=1 0 2 2 2 1 1 3 3 2 0 3 3 3 3
split_gain=1.84472 3.55817 0.763784 0.929201 0.58439 0.56175 0.308851 0.771265 0.197024 0.2185 0.167177 0.100426 0.828389 0.020014 0.000258871
threshold=3.5000000000000004 8.5000000000000018 9.5000000000000018 2.5000000000000004 11.000000000000002 13.500000000000002 8.5000000000000018 5.5000000000000009 8.5000000000000018 5.5000000000000009 8.5000000000000018 5.5000000000000009 3.0000000000000004 6.5000000000000009 6.5000000000000009
decision_type=2 2 2 2 2 2 2 2 2 2 2 2 2 2 2
left_child=1 4 3 5 14 -2 7 10 9 -8 -5 12 -3 -4 -1
right_child=2 11 13 6 -6 -7 8 -9 -10 -11 -12 -13 -14 -15 -16
leaf_value=-0.095182942431183748 -0.0071606982664149223 -0.041189020599734817 0.0014463563890309643 -0.0071606982664149223 -0.044076009847229973 0.03025465525047363 0.021914996642003928 0.021914996642003928 0.021914996642003928 0.048194599002147759 0.0095044551365863865 -0.0071606982664149223 -0.0071606982664149223 -0.0071606982664149223 -0.096588800765377472
leaf_weight=2.2230194211006182 7.5242702960968 2.4291320890188244 8.5289806574583036 6.0953153967857379 3.6132936030626297 4.1805143058300018 4.0272231101989764 15.349459126591681 6.6890136897563925 7.8911719769239426 6.0574457049369812 10.306837022304533 3.3740134984254837 5.8387489467859259 3.1883114725351334
leaf_count=32 62 25 65 44 34 22 29 80 34 40 40 51 23 49 40
internal_value=0.000443053 -0.0228889 0.00856749 0.0138384 -0.0752173 -0.0071607 0.020306 0.0135741 0.0302559 0.0384658 -0.00622899 -0.0071607 -0.0333415 -0.0071607 -0.0960113
internal_weight=97.3168 25.1346 72.1821 57.8144 9.02462 11.7048 46.1096 27.5022 18.6074 11.9184 12.1528 16.11 5.80315 14.3677 5.41133
internal_count=670 205 465 351 106 84 267 164 103 69 84 99 48 114 72
is_linear=0
shrinkage=0.1


Tree=104
num_leaves=14
num_cat=0
split_feature=0 1 3 2 1 2 0 3 3 2 3 0 3
split_gain=1.82372 2.36875 1.33379 0.438275 0.3953 0.348578 0.32592 0.208813 0.187845 0.542223 0.170858 0.145171 0.117434
threshold=6.0000000000000009 6.5000000000000009 5.5000000000000009 4.5000000000000009 10.500000000000002 6.5000000000000009 9.5000000000000018 3.0000000000000004 11.500000000000002 1.5000000000000002 6.5000000000000009 12.500000000000002 3.0000000000000004
decision_type=2 2 2 2 2 2 2 2 2 2 2 2 2
left_child=2 3 5 -2 6 -1 -3 -7 -4 -10 -8 -12 -6
right_child=1 4 8 -5 12 7 10 -9 9 -11 11 -13 -14
leaf_value=-0.094235900582173349 0.011736283006675122 0.011736283006675122 -0.0065462495220883488 -0.0065462495220883488 0.037097966066978426 -0.024963762953110754 0.034073700506851767 -0.063097556504761579 -0.0065462495220883488 -0.059016681019584065 0.021019658894033712 0.034073700506851767 0.0592884994878769
leaf_weight=1.9208757132291818 5.0493961870670345 4.305172532796866 10.499854438006876 19.028987497091293 5.6928222477436048 2.726972296833992 7.3784892708063108 3.0330755263566971 1.6556235551834095 2.6534594595432281 4.1243294253945351 3.6014182567596436 4.1041159108281136
leaf_count=32 41 36 85 191 42 28 49 39 18 32 35 16 26
internal_value=0.000354097 0.0104329 -0.0235254 -0.00654625 0.0300188 -0.057346 0.0217534 -0.0450439 -0.00654625 -0.0274512 0.030303 0.0210197 0.046394
internal_weight=75.7746 53.2847 22.4899 24.0784 29.2063 7.68092 19.4094 5.76005 14.8089 4.30908 15.1042 7.72575 9.79694
internal_count=670 436 234 232 204 99 136 67 135 50 100 51 68
is_linear=0
shrinkage=0.1


Tree=105
num_leaves=18
num_cat=0
split_feature=1 0 3 1 1 3 3 3 2 3 0 0 3 2 0 0 1
split_gain=5.29577 3.36003 0.509021 1.00021 0.375654 0.37018 0.152298 0.122136 0.444389 0.117046 0.107558 0.0843273 0.0242533 0.0120688 4.23409e-05 1.24774e-05 3.26217e-06
threshold=7.5000000000000009 8.5000000000000018 5.5000000000000009 5.5000000000000009 8.5000000000000018 6.5000000000000009 12.500000000000002 9.5000000000000018 2.5000000000000004 10.500000000000002 12.500000000000002 12.500000000000002 6.5000000000000009 7.5000000000000009 6.0000000000000009 9.5000000000000018 1.5000000000000002
decision_type=2 2 2 2 2 2 2 2 2 2 2 2 2 2 2 2 2
left_child=2 9 3 14 -3 -6 7 12 -9 -2 -7 -5 -4 -8 16 -16 -1
right_child=1 4 6 11 5 10 13 8 -10 -11 -12 -13 -14 -15 15 -17 -18
leaf_value=-0.092408652291009766 -0.0093140153903349347 0.017489445810267311 -0.021231029983534804 -0.040771364481763446 0.062521470206072599 0.033754850539013358 -0.011220902247546063 -0.0093140153903349347 -0.092019507705928122 0.017489445810267311 0.052007509726107293 -0.012512818450041381 -0.036499884073305115 -0.022209043987198519 -0.091849735119358789 -0.091386748834391629 -0.092157402922446299
leaf_weight=0.82436196506023618 7.8639479428529722 4.172704458236697 2.7250845544040185 1.8599495217204092 10.807298302650453 5.7891112715005857 3.5753149837255478 1.1734506487846377 1.4208961781114338 3.1218759194016457 3.2792917490005493 2.443135604262352 1.6826465278863905 1.3874811455607412 1.294281389564276 1.0578322000801561 1.3849635645747183
leaf_count=20 93 36 45 31 49 35 52 20 39 27 29 40 22 23 37 36 36
internal_value=-0.00121893 0.0225217 -0.0411497 -0.0593114 0.0442929 0.0500203 -0.0276941 -0.0371924 -0.0544072 -0.00931402 0.0351219 -0.0247272 -0.0270599 -0.0142929 -0.0919368 -0.0916415 -0.0922512
internal_weight=55.8636 35.0342 20.8294 8.86452 24.0484 19.8757 11.9649 7.00208 2.59435 10.9858 9.0684 4.30309 4.40773 4.9628 4.56144 2.35211 2.20933
internal_count=670 269 401 200 149 113 201 126 59 120 64 71 67 75 129 73 56
is_linear=0
shrinkage=0.1


Tree=106
num_leaves=17
num_cat=0
split_feature=1 0 2 2 1 3 3 1 3 0 2 2 3 0 0 0
split_gain=3.71554 1.71316 1.1741 0.708367 0.603825 0.267677 0.0498652 0.00195646 7.23301e-06 5.58876e-06 3.18485e-06 2.52396e-06 8.15258e-07 6.0667e-07 4.24969e-07 4.92665e-08
threshold=7.5000000000000009 6.0000000000000009 6.5000000000000009 8.5000000000000018 3.5000000000000004 1.0000000180025095e-35 5.5000000000000009 9.5000000000000018 12.500000000000002 2.5000000000000004 11.000000000000002 4.5000000000000009 13.500000000000002 9.5000000000000018 11.500000000000002 4.0000000000000009
decision_type=2 2 2 2 2 2 2 2 2 2 2 2 2 2 2 2
left_child=3 -2 5 9 10 -3 -4 -8 -9 -1 -5 13 14 15 -13 -11
right_child=1 2 6 4 -6 -7 7 8 -10 11 -12 12 -14 -15 -16 -17
leaf_value=-0.090369942475334378 -0.018368108326569252 0.072667602644527027 0.074879693938775416 -0.090537644476420043 -0.018368108326569252 0.011961846251606036 0.055874308083790153 0.059026117904725117 0.059285196014801006 -0.09000141794838995 -0.090205257421670682 -0.090144309092672556 -0.090203767538760318 -0.089841061302541436 -0.090036014248292384 -0.089953647245979776
leaf_weight=0.59787906147539915 3.6393079943954971 1.1910968795418733 2.2012538611888868 0.48269657045602821 1.865637771785259 2.4234203528612852 3.1599079072475433 2.4441793262958527 1.9273280203342436 0.52140199020504974 0.71568487957119942 0.58262269943952538 0.3917223960161208 0.46868041250854731 0.95849872101098299 0.36844267323613167
leaf_count=33 80 17 14 24 63 78 34 17 29 38 45 38 24 40 68 28
internal_value=-0.000183015 0.0250224 0.0422918 -0.0617586 -0.0257984 0.0119618 0.0616398 0.05777 0.0591403 -0.0900887 -0.0903391 -0.0900376 -0.090111 -0.0899331 -0.090077 -0.0899816
internal_weight=23.9398 16.9865 13.3472 6.95327 3.06402 3.61452 9.73267 7.53142 4.37151 3.88925 1.19838 3.29137 1.93284 1.35853 1.54112 0.889845
internal_count=670 269 189 401 132 95 94 80 46 269 69 236 130 106 106 66
is_linear=0
shrinkage=0.1


Tree=107
num_leaves=17
num_cat=0
split_feature=1 3 1 0 2 0 1 1 2 0 3 0 2 2 1 3
split_gain=3.1397 1.0322 0.440605 0.185614 6.60453e-05 5.36919e-07 2.14501e-07 1.81e-07 8.61394e-08 4.03958e-08 4.00098e-08 3.87183e-08 1.45831e-08 7.89269e-09 6.1657e-09 5.84386e-11
threshold=9.5000000000000018 12.500000000000002 12.500000000000002 10.500000000000002 12.500000000000002 2.5000000000000004 6.5000000000000009 4.5000000000000009 4.5000000000000009 11.500000000000002 5.5000000000000009 11.500000000000002 1.5000000000000002 11.000000000000002 8.5000000000000018 5.5000000000000009
decision_type=2 2 2 2 2 2 2 2 2 2 2 2 2 2 2 2
left_child=4 2 -2 -4 5 7 8 10 12 15 13 -10 -7 -1 -9 -8
right_child=1 -3 3 -5 -6 6 9 14 11 -11 -12 -13 -14 -15 -16 -17
leaf_value=-0.08945628100663916 -0.027689462597877162 0.068053528041220265 0.0010191507437507462 0.06973399177749022 -0.090972271344174627 -0.089341146335421173 -0.089294370139535201 -0.089394905188398904 -0.089373006837718316 -0.089232785918615887 -0.089499620308414643 -0.089340246127449091 -0.089303331354635668 -0.089423573125957792 -0.089373006837718316 -0.089291201341905768
leaf_weight=0.14180479571223337 0.8997474163770679 3.7011638134717941 1.0871441150084136 0.61576472967863072 0.27691251784563053 0.10199034400284279 0.10170757770538319 0.17725647008046508 0.48232975415885426 0.21561602223664522 0.17476605158299208 0.62647528667002916 0.30457365559414029 0.15378839243203402 0.15457283705472946 0.13604531809687614
leaf_count=20 78 29 50 14 11 18 20 28 79 50 23 111 61 23 28 27
internal_value=-0.00616889 0.0341208 -0.014134 0.0258662 -0.0894997 -0.0893526 -0.0893245 -0.0894215 -0.0893425 -0.0892641 -0.0894617 -0.089357 -0.0893033 -0.0894393 -0.089373 -0.0892926
internal_weight=9.35166 6.30382 2.60266 1.70291 3.04784 2.77093 1.96874 0.802189 1.51537 0.453369 0.470359 1.10881 0.406564 0.295593 0.331829 0.237753
internal_count=670 171 142 64 499 488 366 122 269 97 66 190 79 43 56 47
is_linear=0
shrinkage=0.1


Tree=108
num_leaves=13
num_cat=0
split_feature=3 2 3 2 3 1 0 3 2 2 2 2
split_gain=0.748697 1.72876 1.36079 0.999133 0.842767 0.572739 0.384046 1.02769 0.845027 2.55424 0.563554 0.312597
threshold=13.500000000000002 5.5000000000000009 9.5000000000000018 7.5000000000000009 11.500000000000002 6.5000000000000009 13.500000000000002 1.0000000180025095e-35 5.5000000000000009 6.5000000000000009 6.5000000000000009 4.5000000000000009
decision_type=2 2 2 2 2 2 2 2 2 2 2 2
left_child=2 -2 6 -3 -4 -6 7 10 11 -10 -1 -9
right_child=1 3 4 -5 5 -7 -8 8 9 -11 -12 -13
leaf_value=-0.093268685062050757 0.064311681189361966 0.021407931150198949 -0.097582126480316014 -0.092359808375572228 -0.053844853791807923 0.022323540890804721 0.035013334774050178 -0.0051902490155444781 -0.095232439481314213 0.0021826091361794226 -0.017088246507818452 0.016119435199916345
leaf_weight=1.7803214862942689 4.7916811108589163 1.6600214242935183 2.3300541639327994 1.4429375007748602 2.3718086108565331 1.6910673975944517 2.8607026636600486 7.4827188849449131 3.0647269114851978 22.107181556522846 2.1362981200218201 8.3833405375480652
leaf_count=37 18 16 38 36 38 28 25 81 61 230 12 50
internal_value=-0.00211687 0.0266547 -0.00630703 -0.0314963 -0.0496378 -0.0221417 -0.000513688 -0.00277446 0.00189651 -0.00967786 -0.0517165 0.0161194
internal_weight=62.1029 7.89464 54.2082 3.10296 6.39293 4.06288 47.8153 44.9546 41.038 25.1719 3.91662 15.8661
internal_count=670 70 600 52 104 66 496 471 422 291 49 131
is_linear=0
shrinkage=0.1


Tree=109
num_leaves=19
num_cat=0
split_feature=3 3 2 2 2 3 3 2 2 2 3 2 3 3 2 2 3 2
split_gain=0.16291 0.292376 0.749726 1.2166 0.298848 0.472773 0.472225 0.644642 0.220926 0.1863 0.183744 0.47056 0.169388 0.166657 0.119899 0.227165 0.994736 0.111444
threshold=5.5000000000000009 6.5000000000000009 11.000000000000002 6.5000000000000009 2.5000000000000004 11.500000000000002 8.5000000000000018 7.5000000000000009 8.5000000000000018 4.5000000000000009 1.5000000000000002 5.5000000000000009 12.500000000000002 1.0000000180025095e-35 6.5000000000000009 9.5000000000000018 3.0000000000000004 6.5000000000000009
decision_type=2 2 2 2 2 2 2 2 2 2 2 2 2 2 2 2 2 2
left_child=9 2 3 -2 5 -3 -6 12 -9 -1 11 13 -8 -11 -12 -16 -17 -13
right_child=1 4 -4 -5 6 -7 7 8 -10 10 14 17 -14 -15 15 16 -18 -19
leaf_value=0.019718080719252667 -0.00010771074344797083 -0.013582863573195051 0.027828765436530935 -0.095329825876575736 0.01331514118606153 0.026878293826915558 -0.015812859066338079 -0.093153380270564343 -0.036990227599216476 -0.010244599845433454 -0.0090063988971814304 -0.051097411374365048 0.0079869295215389581 0.019338534372250603 0.024228088741225298 -0.036474459591455489 0.0215668076343319 -0.019785484312942622
leaf_weight=6.3568107783794394 3.0275496095418921 4.6326636299490911 2.1176687777042389 2.4096745699644089 7.4416194111108807 7.6675909161567688 8.9220818877220172 1.1793712973594659 1.7245816141366956 3.4112148433923704 4.2632385566830662 2.1063117533922195 4.498072922229766 4.3107706308364868 6.8511698246002206 4.4815884828567514 8.6560193449258787 2.4691578820347786
leaf_count=42 34 49 11 34 48 38 67 24 28 37 33 22 34 20 44 33 46 26
internal_value=-0.000457349 -0.00476074 -0.0226486 -0.0423083 -0.00101369 0.0116393 -0.00756243 -0.0170798 -0.0597996 0.00391771 0.00116966 -0.00878744 -0.00783581 0.00627008 0.0062186 0.00946581 0.00176738 -0.0341999
internal_weight=86.5272 43.6209 7.55489 5.43722 36.066 12.3003 23.7657 16.3241 2.90395 42.9063 36.5495 12.2975 13.4202 7.72199 24.252 19.9888 13.1376 4.57547
internal_count=670 367 79 68 288 87 201 153 52 303 261 105 101 57 156 123 79 48
is_linear=0
shrinkage=0.1


Tree=110
num_leaves=13
num_cat=0
split_feature=2 0 2 1 3 3 3 3 2 2 3 2
split_gain=0.684532 0.822954 0.504432 0.300201 0.548732 0.291523 0.24944 0.38744 0.33362 0.14314 0.129395 0.0267848
threshold=4.5000000000000009 13.500000000000002 12.500000000000002 1.5000000000000002 1.0000000180025095e-35 12.500000000000002 7.5000000000000009 9.5000000000000018 1.5000000000000002 7.5000000000000009 6.5000000000000009 2.5000000000000004
decision_type=2 2 2 2 2 2 2 2 2 2 2 2
left_child=1 6 3 -2 -5 10 -1 -8 -9 -7 -6 -10
right_child=2 -3 -4 4 5 9 7 8 11 -11 -12 -13
leaf_value=0.020538703982501606 -0.032425414652416239 0.056816981335562323 0.029320011551002879 0.020536953624138179 -0.0086786605643308506 -0.0084294298039418909 -0.023428306332278177 -0.016249139605314582 0.025429824686428279 0.014726666817170709 -0.018631091742349712 0.014264328621490942
leaf_weight=9.1224665939807945 4.2053803801536551 3.8267047405242911 4.1613330245017996 7.5142511799931517 33.519028052687645 4.2728659063577634 4.9786329269409206 3.5229085162281981 4.6419686079025251 7.1140819489955902 11.068698413670061 3.9997020065784454
leaf_count=43 31 14 24 49 234 34 38 29 20 39 92 23
internal_value=0.000829498 0.0134917 -0.0044733 -0.00655066 -0.00483677 -0.00824303 0.00717956 7.07185e-05 0.00968823 0.00603752 -0.01189 0.020262
internal_weight=101.948 30.0924 71.8556 67.6943 63.4889 55.9747 26.2657 17.1432 12.1646 11.3869 44.5877 8.64167
internal_count=670 167 503 479 448 399 153 110 72 73 326 43
is_linear=0
shrinkage=0.1


Tree=111
num_leaves=16
num_cat=0
split_feature=0 3 2 1 3 1 2 2 0 3 3 3 3 2 3
split_gain=1.01797 1.34736 0.618122 0.609279 1.00497 0.315306 0.231223 0.627717 0.471684 0.227354 0.1122 0.106502 0.0722731 0.0340531 0.00210873
threshold=4.0000000000000009 8.5000000000000018 8.5000000000000018 6.5000000000000009 5.5000000000000009 5.5000000000000009 2.5000000000000004 4.5000000000000009 7.5000000000000009 5.5000000000000009 5.5000000000000009 3.0000000000000004 9.5000000000000018 6.5000000000000009 11.500000000000002
decision_type=2 2 2 2 2 2 2 2 2 2 2 2 2 2 2
left_child=1 3 6 4 13 -3 -2 12 -9 -10 11 -4 -8 -1 -7
right_child=2 5 10 -5 -6 14 7 8 9 -11 -12 -13 -14 -15 -16
leaf_value=-0.053284237256202231 0.026714006497729672 -0.094714333743518953 -0.0014656335478776567 -0.0051500098200850906 -0.01776398930460572 -0.045965588380320943 0.013832793524265412 -0.0051500098200850906 0.027478677175476519 0.012052384453704157 -0.0051500098200850906 0.018054460265531935 -0.0051500098200850906 -0.0692857757532713 -0.04120599171723905
leaf_weight=2.1591767668724113 8.4194421321153623 1.7934333086013783 7.4425102621316928 10.13108518719673 3.9705682098865509 1.9490918666124344 5.5431498885154706 7.0173314064741126 16.553868904709816 22.593418031930923 8.8332775235176069 4.4760992974042892 3.9665703177452087 3.4629286751151085 1.7818222939968109
leaf_count=20 42 28 47 62 23 22 30 41 79 111 63 23 23 36 20
internal_value=0.0010409 -0.0165864 0.00628638 -0.00515001 -0.030378 -0.0602563 0.0112688 0.0089331 0.0142191 0.0185756 -0.00515001 0.00586524 -0.00515001 -0.0631404 -0.0436925
internal_weight=110.094 25.2481 84.8457 19.7238 9.59267 5.52435 64.0938 55.6743 46.1646 39.1473 20.7519 11.9186 9.50972 5.62211 3.73091
internal_count=670 211 459 141 79 70 326 284 231 190 133 70 53 56 42
is_linear=0
shrinkage=0.1


Tree=112
num_leaves=15
num_cat=0
split_feature=0 1 3 3 3 2 3 2 2 3 2 2 2 2
split_gain=1.69466 3.64675 0.648709 0.517261 0.583542 0.389346 0.361597 0.187379 0.1449 0.404179 0.346245 0.0484893 0.00418686 0.000760434
threshold=7.5000000000000009 5.5000000000000009 1.5000000000000002 5.5000000000000009 1.5000000000000002 4.5000000000000009 13.500000000000002 7.5000000000000009 6.5000000000000009 4.5000000000000009 5.5000000000000009 3.5000000000000004 8.5000000000000018 9.5000000000000018
decision_type=2 2 2 2 2 2 2 2 2 2 2 2 2 2
left_child=1 3 -2 4 -1 11 8 -3 10 -10 -7 -4 -8 -5
right_child=2 7 5 13 -6 6 12 -9 9 -11 -12 -13 -14 -15
leaf_value=-0.094668088664918035 -0.0033453909096319216 -0.0033453909096319216 -0.0033453909096319216 -0.095015713904001542 -0.035865321975773481 0.014168936170319569 -0.00074439582134022426 -0.024066349260464834 0.037640723664784353 0.0072821391454869384 0.045093931623799439 0.0073937706093560474 0.0036241166868018191 -0.097785839786759796
leaf_weight=2.0632509887218458 11.501952670514582 17.544435411691669 3.6567018181085578 1.8480696305632593 4.1426679342985153 6.4123367667198155 4.4652549028396589 7.3859709948301306 6.9187417626380947 11.976942159235476 8.3154490143060684 4.3214853256940842 4.3130830302834511 2.1367425620555878
leaf_count=32 87 106 31 28 36 38 24 50 44 79 37 27 28 23
internal_value=0.000448208 -0.0170965 0.0104057 -0.0683853 -0.0503321 0.0156553 0.0194752 -0.00334539 0.0241937 0.0183981 0.0316295 -0.00334539 0.001402 -0.0965011
internal_weight=97.0031 35.1211 61.8819 10.1907 6.20592 50.38 42.4018 24.9304 33.6235 18.8957 14.7278 7.97819 8.77834 3.98481
internal_count=670 275 395 119 68 308 250 156 198 123 75 58 52 51
is_linear=0
shrinkage=0.1


Tree=113
num_leaves=16
num_cat=0
split_feature=1 3 3 0 0 2 2 2 2 1 3 0 1 3 2
split_gain=1.55894 1.86689 1.90048 0.753885 0.601721 0.457982 0.401236 0.345159 0.304762 0.459138 0.153914 0.134259 0.0802513 0.0585447 0.0471174
threshold=10.500000000000002 5.5000000000000009 11.500000000000002 6.0000000000000009 4.0000000000000009 11.000000000000002 11.000000000000002 6.5000000000000009 2.5000000000000004 9.5000000000000018 3.0000000000000004 13.500000000000002 7.5000000000000009 3.0000000000000004 7.5000000000000009
decision_type=2 2 2 2 2 2 2 2 2 2 2 2 2 2 2
left_child=1 3 6 7 -2 11 -3 -1 -4 14 -9 12 -5 -6 -10
right_child=4 2 8 5 13 -7 -8 10 9 -11 -12 -13 -14 -15 -16
leaf_value=-0.093772560711320257 0.012110577469444951 0.012110577469444951 -0.0061244241325193833 -0.035366148941338153 0.035835432310334613 0.012110577469444951 -0.023252712199563891 -0.035942318421732171 -0.06544301127383198 -0.001969883895183273 -0.061087389082754233 -0.0028069847604958987 -0.016635630866002935 0.050195309012740857 -0.045899337627081628
leaf_weight=1.7738328576087976 2.5855063199996939 22.800722882151607 3.2983327805995923 7.7939238101243955 5.7368561029434186 3.4426747411489478 5.2057650685310355 2.6917671486735344 3.3281236290931702 2.0019142627716064 2.8912188112735748 2.1242697387933722 2.3082201182842255 5.6208698600530624 1.9601103588938711
leaf_count=32 22 151 38 73 42 31 47 28 46 16 39 25 20 37 23
internal_value=0.000429153 -0.00640327 0.00704103 -0.028938 0.0306244 -0.0165395 0.0121106 -0.0553451 -0.0313467 -0.0427582 -0.0431359 -0.025659 -0.0304643 0.042942 -0.0581991
internal_weight=75.5641 61.6209 38.595 23.0259 13.9432 15.6691 28.0065 7.35682 10.5885 7.29015 5.58299 12.2264 10.1021 11.3577 5.28823
internal_count=670 569 321 248 101 149 198 99 123 85 67 118 93 79 69
is_linear=0
shrinkage=0.1


Tree=114
num_leaves=18
num_cat=0
split_feature=1 0 3 1 3 1 3 2 3 3 3 2 3 2 0 0 1
split_gain=4.57409 2.99836 0.483476 0.990009 0.310448 0.440061 0.151237 0.114063 0.259209 0.216577 0.0930469 0.0769325 0.0738084 0.0123874 3.83122e-05 1.0766e-05 2.70504e-06
threshold=7.5000000000000009 8.5000000000000018 5.5000000000000009 5.5000000000000009 8.5000000000000018 8.5000000000000018 12.500000000000002 4.5000000000000009 6.5000000000000009 11.500000000000002 10.500000000000002 8.5000000000000018 6.5000000000000009 7.5000000000000009 6.0000000000000009 9.5000000000000018 1.5000000000000002
decision_type=2 2 2 2 2 2 2 2 2 2 2 2 2 2 2 2 2
left_child=2 10 3 14 5 -3 7 9 -9 -4 -2 -5 -7 -8 16 -16 -1
right_child=1 4 6 11 -6 12 13 8 -10 -11 -12 -13 -14 -15 15 -17 -18
leaf_value=-0.092150339840784898 -0.0092339608082227884 0.016593006518134931 -0.091900464183742175 -0.038564102254704864 0.015859149063058159 0.057629776624687129 -0.0093151412721553285 -0.0092339608082227884 -0.050241097137268577 -0.030421307759671442 0.015859149063058159 -0.011292496113593131 0.043628278061074013 -0.020564150277855339 -0.09159879749277984 -0.091148587229121156 -0.091913242792858604
leaf_weight=0.76815299689769956 7.7719199880957586 4.1866595149040284 0.89718918502330613 1.8252101838588712 3.5147941932082167 11.013173148036005 3.50200055539608 2.0884315371513367 2.2447527796030045 1.5857972502708435 3.1594363301992416 2.3874204978346825 5.7205363661050788 1.3587394542992113 1.1912108808755877 0.95859498903155316 1.2881024070084093
leaf_count=20 93 36 26 36 31 49 52 30 38 32 27 35 33 23 37 36 36
internal_value=-0.00100884 0.0206387 -0.0391066 -0.0573741 0.0409523 0.0455887 -0.0259363 -0.0355468 -0.0257545 -0.0526359 -0.00923396 -0.0231085 0.0528433 -0.0124596 -0.0916932 -0.091398 -0.0920018
internal_weight=55.4621 35.3665 20.0956 8.41869 24.4352 20.9204 11.6769 6.81617 4.33318 2.48299 10.9314 4.21263 16.7337 4.86074 4.20606 2.14981 2.05626
internal_count=670 269 401 200 149 118 201 126 68 58 120 71 82 75 129 73 56
is_linear=0
shrinkage=0.1


Tree=115
num_leaves=17
num_cat=0
split_feature=1 2 3 2 2 1 0 0 1 3 0 2 3 0 0 0
split_gain=3.20938 1.53239 0.886435 0.718023 0.569782 0.166553 0.275167 0.0514787 0.0151117 1.13418e-05 4.94502e-06 2.14736e-06 5.01539e-07 4.74539e-07 4.18551e-07 3.486e-08
threshold=7.5000000000000009 7.5000000000000009 1.0000000180025095e-35 8.5000000000000018 11.000000000000002 10.500000000000002 11.500000000000002 7.5000000000000009 13.500000000000002 3.0000000000000004 2.5000000000000004 4.5000000000000009 13.500000000000002 9.5000000000000018 11.500000000000002 4.0000000000000009
decision_type=2 2 2 2 2 2 2 2 2 2 2 2 2 2 2 2
left_child=3 2 -2 10 7 6 -3 -5 -4 -6 -1 13 14 15 -13 -12
right_child=1 5 8 4 9 -7 -8 -9 -10 -11 11 12 -14 -15 -16 -17
leaf_value=-0.090261716686901972 0.066393576971382193 0.0055306404006573075 -0.018576480133241143 -0.090612433148454033 -0.090758934263361554 0.063414872615271567 0.049174288665510803 -0.018576480133241143 0.024020466782477816 -0.090110408310379711 -0.089897989412111926 -0.090049965021888903 -0.090099355767416345 -0.089749935871117251 -0.089938066390611457 -0.089855865059210838
leaf_weight=0.55564108490944208 1.2352397441864038 2.003460578620432 4.4118099231272936 0.56124853715300593 0.45404963195323922 3.575388215482235 5.1790226548910141 1.2736410759389398 0.86032823473215092 0.66406652331352234 0.47434657625854038 0.53963712230324723 0.35506407916545857 0.42378965299576521 0.87835983838886023 0.33533622696995735
leaf_count=33 17 35 133 27 20 27 35 40 22 45 38 38 24 40 68 28
internal_value=4.14962e-05 0.0226087 -0.0156965 -0.0597617 -0.0233004 0.0457793 0.0370005 -0.0185765 -0.0185765 -0.0903738 -0.0899876 -0.089937 -0.0900075 -0.0898357 -0.0899807 -0.0898805
internal_weight=23.7804 17.2652 6.50738 6.51518 2.95301 10.7579 7.18248 1.83489 5.27214 1.11812 3.56217 3.00653 1.77306 1.23347 1.418 0.809683
internal_count=670 269 172 401 132 97 70 67 155 65 269 236 130 106 106 66
is_linear=0
shrinkage=0.1


Tree=116
num_leaves=17
num_cat=0
split_feature=1 3 1 0 2 0 1 1 2 0 0 3 3 2 1 2
split_gain=2.83825 0.883527 0.437868 0.157722 4.89696e-05 4.82763e-07 1.85647e-07 1.63088e-07 7.72968e-08 3.62718e-08 3.3842e-08 3.01092e-08 8.26872e-09 6.16365e-09 5.36885e-09 2.84959e-11
threshold=9.5000000000000018 12.500000000000002 12.500000000000002 10.500000000000002 12.500000000000002 2.5000000000000004 6.5000000000000009 4.5000000000000009 4.5000000000000009 9.5000000000000018 11.500000000000002 5.5000000000000009 11.500000000000002 11.000000000000002 8.5000000000000018 4.5000000000000009
decision_type=2 2 2 2 2 2 2 2 2 2 2 2 2 2 2 2
left_child=4 2 -2 -4 5 7 8 11 12 -10 15 13 -7 -1 -9 -8
right_child=1 -3 3 -5 -6 6 10 14 9 -11 -12 -13 -14 -15 -16 -17
leaf_value=-0.089417445383896621 -0.028991358479994178 0.062194453838968967 0.001660890647026232 0.064436670130477949 -0.09077646345162238 -0.089265940574901878 -0.089253857378949253 -0.089356320998110556 -0.089334725393534292 -0.08930378896160733 -0.089197243442512009 -0.089456134851620295 -0.089286857464756134 -0.089387518607921601 -0.089334725393534292 -0.08925618081754684
leaf_weight=0.13221350498497564 0.86843961011618409 3.7918329387903214 1.0796791054308412 0.63597954064607609 0.2519710175693034 0.17953428952023376 0.12346954364329565 0.1638755677267909 0.35850504692643859 0.65945693897083402 0.19343935092911124 0.16248799953609705 0.18964244145900011 0.14353340957313776 0.14103840664029121 0.092206820845603943
leaf_count=20 78 29 50 14 11 41 27 28 63 127 50 23 38 23 28 20
internal_value=-0.00535236 0.0314641 -0.0136288 0.0249313 -0.0894468 -0.0893149 -0.0892868 -0.0893826 -0.0893043 -0.0893185 -0.0892276 -0.089422 -0.0892659 -0.0894019 -0.0893347 -0.0892549
internal_weight=9.16731 6.37593 2.5841 1.71566 2.79137 2.5394 1.79625 0.743149 1.38714 1.01796 0.409116 0.438235 0.369177 0.275747 0.304914 0.215676
internal_count=670 171 142 64 499 488 366 122 269 190 97 66 79 43 56 47
is_linear=0
shrinkage=0.1


Tree=117
num_leaves=18
num_cat=0
split_feature=2 3 3 3 3 2 1 2 3 3 2 3 2 2 3 3 1
split_gain=0.7037 1.35144 1.13595 1.04298 1.01813 0.580562 0.539307 0.443246 1.55509 1.08444 0.758786 0.592011 0.301498 0.130447 0.0380341 0.0149049 1.77721e-05
threshold=7.5000000000000009 13.500000000000002 12.500000000000002 9.5000000000000018 11.500000000000002 11.000000000000002 6.5000000000000009 4.5000000000000009 4.5000000000000009 3.0000000000000004 5.5000000000000009 1.0000000180025095e-35 2.5000000000000004 9.5000000000000018 7.5000000000000009 5.5000000000000009 9.5000000000000018
decision_type=2 2 2 2 2 2 2 2 2 2 2 2 2 2 2 2 2
left_child=1 3 5 7 -5 6 -2 8 -1 11 -11 -9 -6 -8 -10 -7 -4
right_child=2 -3 16 4 12 15 13 9 14 10 -12 -13 -14 -15 -16 -17 -18
leaf_value=-0.095460652102116281 -0.06412426271395727 0.046624911165920969 -0.092313066169149138 -0.09670566844096834 -0.038399073381360171 0.0073506978333894276 0.012715173263117366 -0.00033173159307914508 0.017268506360460827 0.025754135299121263 -0.04809251498732306 0.039745945459908817 0.021008286294452793 -0.027266762259242613 0.0017060841400733506 -0.00037188906777547596 -0.091698668887610732
leaf_weight=1.8702672123909012 3.0684912353754088 6.5659891963005057 0.92135349288582691 2.1366191431879988 1.7089515924453738 6.37922503054142 1.761460192501545 5.6999222636222902 2.6225719079375267 2.0879845321178427 4.1708301939070225 10.430264540016649 1.7081939578056333 1.5203794240951538 3.9144561886787415 4.1090017929673195 0.96276938170194626
leaf_count=26 37 34 23 38 20 54 15 60 31 10 82 64 30 32 38 47 29
internal_value=-0.0021858 0.00487154 -0.0183626 -0.00267046 -0.0425584 -0.0101232 -0.0339861 0.00452287 -0.0150549 0.0118745 -0.0234568 0.0255837 -0.00870198 -0.00580728 0.00794953 0.0043252 -0.0919991
internal_weight=61.6387 42.9161 18.7227 36.3501 5.55376 16.8386 6.35033 30.7963 8.4073 22.389 6.25881 16.1302 3.41715 3.28184 6.53703 10.4882 1.88412
internal_count=670 433 237 399 88 185 84 311 95 216 92 124 50 47 69 101 52
is_linear=0
shrinkage=0.1


Tree=118
num_leaves=19
num_cat=0
split_feature=3 3 2 2 2 3 3 2 2 2 3 2 3 3 2 2 2 3
split_gain=0.125317 0.243394 0.588043 1.15294 0.258808 0.399074 0.383594 0.570478 0.221949 0.179878 0.146649 0.381643 0.143812 0.104473 0.101219 0.0766202 0.171765 0.788037
threshold=5.5000000000000009 6.5000000000000009 11.000000000000002 6.5000000000000009 2.5000000000000004 11.500000000000002 8.5000000000000018 7.5000000000000009 8.5000000000000018 4.5000000000000009 1.5000000000000002 5.5000000000000009 12.500000000000002 1.0000000180025095e-35 6.5000000000000009 6.5000000000000009 9.5000000000000018 3.0000000000000004
decision_type=2 2 2 2 2 2 2 2 2 2 2 2 2 2 2 2 2 2
left_child=9 2 3 -2 5 -3 -6 12 -9 -1 11 13 -8 -11 -13 -12 -17 -18
right_child=1 4 -4 -5 6 -7 7 8 -10 10 15 14 -14 -15 -16 16 17 -19
leaf_value=0.018548713124359569 0.00082021480227645804 -0.012775635958987556 0.022500971421771845 -0.094648364282214098 0.011357160955117195 0.024413730841075676 -0.014883445081509098 -0.09276919136358508 -0.034562331944475728 -0.0084963473666166932 -0.0074258239520094407 -0.048495985445033397 0.0070272287394108242 0.014935835855192868 -0.01817339790694944 0.020026825460387126 -0.034090551138097773 0.017887268020036384
leaf_weight=6.4035956263542166 3.0026156343519679 4.5930253043770772 2.1792114675045013 2.1859060674905777 7.5326919853687313 7.7613742351531982 8.8393953293561953 1.0819683372974389 1.6604276187717912 3.3497851788997632 4.2046635746955898 2.0176024064421654 4.5311691313982001 4.4046157598495483 2.4227834343910217 7.0349049419164666 4.3612835258245477 8.8068442642688733
leaf_count=42 34 49 11 34 48 38 67 24 28 37 33 22 34 20 26 44 33 46
internal_value=-0.000738381 -0.00453149 -0.0210913 -0.0394004 -0.00114237 0.0105877 -0.00727113 -0.0159797 -0.0575269 0.00308663 0.000381542 -0.00857335 -0.00745811 0.00481348 -0.0319512 0.00485566 0.00741169 0.000672216
internal_weight=86.3739 43.3678 7.36773 5.18852 36.0001 12.3544 23.6457 16.113 2.7424 43.0061 36.6025 12.1948 13.3706 7.7544 4.44039 24.4077 20.203 13.1681
internal_count=670 367 79 68 288 87 201 153 52 303 261 105 101 57 48 156 123 79
is_linear=0
shrinkage=0.1


Tree=119
num_leaves=14
num_cat=0
split_feature=2 0 2 0 2 3 2 3 1 3 3 1 3
split_gain=0.583142 0.698307 0.474674 0.301277 0.367457 0.537418 0.478084 1.05806 0.217318 0.406136 0.424121 0.122657 0.0643342
threshold=4.5000000000000009 13.500000000000002 12.500000000000002 1.0000000180025095e-35 6.5000000000000009 5.5000000000000009 8.5000000000000018 5.5000000000000009 12.500000000000002 7.5000000000000009 11.500000000000002 3.5000000000000004 6.5000000000000009
decision_type=2 2 2 2 2 2 2 2 2 2 2 2 2
left_child=1 8 3 -2 5 -5 7 -6 9 -1 -11 -7 -8
right_child=2 -3 -4 4 6 11 12 -9 -10 10 -12 -13 -14
leaf_value=0.014250961222083209 -0.032390073109680291 0.052027121127261815 0.028428561485006144 -0.018496182152260614 0.051209404717907629 -0.0039421726423668852 -0.0042041621012935872 -0.0053326572594088982 0.026221908930481749 -0.040809782128453258 0.0012032689465904043 0.017743592063726426 -0.01633884077863032
leaf_weight=9.2118310928344815 4.1580658406019202 3.8561371564865103 4.1756673902273169 12.630848474800588 5.3296085596084586 6.8337935805320722 19.95383404195309 8.7317134141921979 4.5931687280535689 3.2451676726341239 9.2569057345390302 4.2181239724159241 5.5938418954610816
leaf_count=43 32 14 24 112 28 45 126 56 33 27 50 36 44
internal_value=0.000622018 0.0122856 -0.0042898 -0.00631532 -0.00460229 -0.0144562 0.00128953 0.0160983 0.00646023 0.00228001 -0.00970207 0.00433451 -0.00686113
internal_weight=101.789 30.1632 71.6255 67.4498 63.2918 23.6828 39.609 14.0613 26.3071 21.7139 12.5021 11.0519 25.5477
internal_count=670 167 503 479 447 193 254 84 153 120 77 81 170
is_linear=0
shrinkage=0.1


Tree=120
num_leaves=14
num_cat=0
split_feature=0 3 1 2 1 2 2 0 3 3 3 3 3
split_gain=0.76135 1.23755 0.513775 0.500087 0.314247 0.202176 0.536273 0.394667 0.182463 0.0933698 0.0885208 0.0548681 0.00257649
threshold=4.0000000000000009 8.5000000000000018 2.5000000000000004 8.5000000000000018 5.5000000000000009 2.5000000000000004 4.5000000000000009 7.5000000000000009 5.5000000000000009 5.5000000000000009 3.0000000000000004 9.5000000000000018 11.500000000000002
decision_type=2 2 2 2 2 2 2 2 2 2 2 2 2
left_child=1 2 -1 5 -3 -2 11 -8 -9 10 -5 -7 -6
right_child=3 4 -4 9 12 6 7 8 -10 -11 -12 -13 -14
leaf_value=-0.034130012893757909 0.024118717200712837 -0.094177220982258086 -0.0046648007916051948 -0.0010674165280031823 -0.043899499358338555 0.013931725802329981 -0.0046648007916051948 0.024436172562764695 0.010684142730498291 -0.0046648007916051948 0.016706429292376448 -0.0046648007916051948 -0.038541197358809537
leaf_weight=5.9795643240213456 8.5326136201620084 1.63893812149763 13.496991552412508 7.4115097820758837 1.8852716088294983 5.5368551015853864 7.0053833723068228 16.761488109827042 22.734175324440002 8.7213885858654958 4.505498543381691 3.9637066572904587 1.7125226557254791
leaf_count=54 42 28 87 47 22 30 41 79 111 63 23 23 20
internal_value=0.000819728 -0.014633 -0.0046648 0.00530343 -0.0578826 0.0097794 0.00759461 0.0125493 0.0165203 -0.0046648 0.00565239 -0.0046648 -0.041349
internal_weight=109.886 24.7133 19.4766 85.1726 5.23673 64.5342 56.0016 46.501 39.4957 20.6384 11.917 9.50056 3.59779
internal_count=670 211 141 459 70 326 284 231 190 133 70 53 42
is_linear=0
shrinkage=0.1


Tree=121
num_leaves=14
num_cat=0
split_feature=0 1 2 2 3 3 3 3 2 2 3 2 2
split_gain=1.35347 3.34783 0.538439 0.600846 0.639098 0.515114 0.567439 0.226221 0.454351 0.145647 0.208507 0.135754 0.000588598
threshold=7.5000000000000009 5.5000000000000009 4.5000000000000009 9.5000000000000018 1.0000000180025095e-35 5.5000000000000009 1.5000000000000002 4.5000000000000009 11.000000000000002 5.5000000000000009 13.500000000000002 7.5000000000000009 9.5000000000000018
decision_type=2 2 2 2 2 2 2 2 2 2 2 2 2
left_child=1 5 -2 4 -4 6 -1 8 -5 -6 -11 -3 -7
right_child=2 11 3 7 9 12 -8 -9 -10 10 -12 -13 -14
leaf_value=-0.094192985521711639 -0.0029939423590933639 -0.0029939423590933639 -0.0029939423590933639 -0.0029939423590933639 0.012895474512582966 -0.094463764846108772 -0.034670501813546216 -0.0029939423590933639 0.034091478773937714 0.035675781751597982 0.015900617737071989 -0.022432218154855972 -0.097004258291574913
leaf_weight=1.912771612405775 9.1193346902728063 17.537153907120231 6.3267964497208586 3.4089218229055387 6.4605114758014706 1.6901128739118578 4.0678061917424202 6.5842117220163336 4.9491296410560608 17.693645045161251 7.6316480040550223 7.2727140784263602 1.9808054119348524
leaf_count=32 72 106 48 27 38 28 36 60 31 80 39 50 23
internal_value=0.00054877 -0.0153475 0.00935961 0.0137491 0.020413 -0.0663471 -0.0482474 -0.00299394 0.0134614 0.0262977 0.0297166 -0.00299394 -0.0958346
internal_weight=96.6356 34.4614 62.1742 53.0549 38.1126 9.6515 5.98058 14.9423 8.35805 31.7858 25.3253 24.8099 3.67092
internal_count=670 275 395 323 205 119 68 118 58 157 119 156 51
is_linear=0
shrinkage=0.1


Tree=122
num_leaves=14
num_cat=0
split_feature=0 1 3 3 1 2 3 2 3 3 3 0 2
split_gain=1.47585 1.93935 1.08021 0.52396 0.859208 0.592774 0.473476 0.344771 0.186021 0.116932 0.502421 0.0032162 0.000783133
threshold=6.0000000000000009 5.5000000000000009 5.5000000000000009 5.5000000000000009 11.500000000000002 5.5000000000000009 6.5000000000000009 6.5000000000000009 3.0000000000000004 11.500000000000002 13.500000000000002 9.5000000000000018 7.5000000000000009
decision_type=2 2 2 2 2 2 2 2 2 2 2 2 2
left_child=2 -2 7 4 -3 -5 -7 -1 -9 -4 -11 -6 -8
right_child=1 3 9 5 11 6 12 8 -10 10 -12 -13 -14
leaf_value=-0.093350767602632598 -0.0054355785513753863 0.0090483839517447717 -0.0054355785513753863 0.055302511489058119 0.038795367282134806 0.044099152562120464 0.017241207966323849 -0.021925889427371704 -0.059083689345414164 -0.055551014017824168 -0.0054355785513753863 0.04265462392435828 0.0090483839517447717
leaf_weight=1.6362306028604532 14.972400978207586 8.6403909921646136 10.656640060245989 8.1231831461191195 4.5382070988416654 5.2986997663974744 2.4803397953510284 2.6323857009410858 2.7597953379154205 2.4660253524780265 1.5826234817504881 4.1196749955415726 5.0813867896795273
leaf_count=32 165 76 85 42 24 34 18 28 39 32 18 31 46
internal_value=0.0010634 0.0100256 -0.0208968 0.0235323 0.0106471 0.0341545 0.0207966 -0.0531443 -0.0409438 -0.00548404 -0.0224305 0.0406317 0.00904838
internal_weight=74.988 53.2543 21.7337 38.2819 17.2983 20.9836 12.8604 7.02841 5.39218 14.7053 4.04865 8.65788 7.56173
internal_count=670 436 234 271 131 140 98 99 67 135 50 55 64
is_linear=0
shrinkage=0.1


Tree=123
num_leaves=17
num_cat=0
split_feature=1 0 3 0 2 1 3 2 2 3 1 2 2 3 3 2
split_gain=3.87866 2.70916 0.460201 0.453571 0.309419 0.26026 0.264481 0.128931 0.117978 0.268951 0.108667 0.107796 0.0915944 0.0550644 0.0516774 3.0324e-05
threshold=7.5000000000000009 8.5000000000000018 8.5000000000000018 12.500000000000002 8.5000000000000018 8.5000000000000018 6.5000000000000009 6.5000000000000009 9.5000000000000018 5.5000000000000009 5.5000000000000009 11.000000000000002 4.5000000000000009 13.500000000000002 10.500000000000002 6.5000000000000009
decision_type=2 2 2 2 2 2 2 2 2 2 2 2 2 2 2 2
left_child=2 14 3 4 15 -3 -7 12 -6 -10 -5 -8 13 -4 -2 -1
right_child=1 5 7 10 8 6 11 -9 9 -11 -12 -13 -14 -15 -16 -17
leaf_value=-0.092162867752256447 -0.0092511889873646506 0.015110115441460382 -0.037905163555141425 -0.041782032894410681 -0.044656168316287666 0.052690940424793678 0.028727963746039521 -0.041123485987019613 -0.091484742843380457 -0.044656168316287666 -0.0097727009015638085 0.04344543679457788 -0.0092511889873646506 -0.010171825026082201 0.014224037079906932 -0.091414908145380724
leaf_weight=1.9476741552352925 7.7409991100430471 4.2302808165550259 1.8160835430026046 1.9204465243965385 1.0668144375085828 11.224613785743715 4.3035037964582425 1.9113832525908945 1.8045712336897852 1.6067637130618093 2.3687367886304855 5.0373472794890404 3.0188364088535309 1.1818082481622696 3.2051063850522041 0.75105882808566082
leaf_count=51 93 36 43 44 15 49 34 39 59 23 40 30 44 18 27 25
internal_value=-0.00101693 0.0185206 -0.037023 -0.049832 -0.0652077 0.0376993 0.0423458 -0.0184979 -0.0490888 -0.0639339 -0.0241046 0.0299144 -0.0113103 -0.0269723 -0.00925119 -0.0919547
internal_weight=55.136 35.7419 19.3942 11.4661 7.17688 24.7957 20.5655 7.92811 4.47815 3.41133 4.28918 9.34085 6.01673 2.99789 10.9461 2.69873
internal_count=670 269 401 257 173 149 113 144 97 82 84 64 105 61 120 76
is_linear=0
shrinkage=0.1


Tree=124
num_leaves=17
num_cat=0
split_feature=1 0 2 2 1 1 3 3 1 0 2 2 3 0 0 0
split_gain=2.74619 1.41254 0.925896 0.743139 0.533611 0.21413 0.037888 0.00157432 1.77253e-05 4.27601e-06 2.57634e-06 1.84592e-06 3.88465e-07 4.24778e-07 3.70411e-07 1.58017e-08
threshold=7.5000000000000009 6.0000000000000009 6.5000000000000009 8.5000000000000018 3.5000000000000004 11.500000000000002 5.5000000000000009 12.500000000000002 9.5000000000000018 2.5000000000000004 11.000000000000002 4.5000000000000009 13.500000000000002 11.500000000000002 9.5000000000000018 4.0000000000000009
decision_type=2 2 2 2 2 2 2 2 2 2 2 2 2 2 2 2
left_child=3 -2 5 9 10 -3 -4 8 -8 -1 -5 14 13 -13 15 -11
right_child=1 2 6 4 -6 -7 7 -9 -10 11 -12 12 -14 -15 -16 -17
leaf_value=-0.090160319571413544 -0.018414706903840509 0.0086781387582363697 0.063467478096569413 -0.090336838539375575 -0.018414706903840509 0.049617394389118559 0.047973273470372481 0.05135904232632587 0.048322642974363311 -0.089801555940190472 -0.090016496915717517 -0.089962363826007682 -0.090003418329362095 -0.089844897507070032 -0.08966797551965433 -0.089771847691819451
leaf_weight=0.51574193499982657 3.6043441519141224 1.5546100661158555 2.3269587159156782 0.42544671893119834 1.7691972162574527 2.0856770295649767 3.3031181991100311 2.024549163877964 2.5915394723415375 0.43001893535256408 0.61250141821801662 0.49957370944321133 0.32594640552997578 0.80214544851332903 0.38325939700007439 0.30676095932722092
leaf_count=33 80 54 14 24 63 41 34 29 17 38 45 38 24 68 40 28
internal_value=0.000503851 0.0206168 0.035771 -0.0574462 -0.0197215 0.00867814 0.0522495 0.0489532 0.0481269 -0.0898961 -0.0901478 -0.0898465 -0.0899145 -0.08989 -0.0897477 -0.0897892
internal_weight=23.5614 17.4908 13.8865 6.07059 2.80715 3.64029 10.2462 7.91921 5.89466 3.26345 1.03795 2.7477 1.62767 1.30172 1.12004 0.73678
internal_count=670 269 189 401 132 95 94 80 51 269 69 236 130 106 106 66
is_linear=0
shrinkage=0.1


Tree=125
num_leaves=17
num_cat=0
split_feature=1 3 1 0 2 0 1 1 2 0 0 3 1 2 0 1
split_gain=2.55092 0.76138 0.42913 0.137328 3.49335e-05 4.20476e-07 1.52095e-07 1.37033e-07 6.96969e-08 3.31409e-08 2.67943e-08 2.39621e-08 5.63009e-09 4.83108e-09 4.37465e-09 7.34052e-13
threshold=9.5000000000000018 12.500000000000002 12.500000000000002 10.500000000000002 12.500000000000002 2.5000000000000004 6.5000000000000009 4.5000000000000009 4.5000000000000009 9.5000000000000018 11.500000000000002 5.5000000000000009 8.5000000000000018 11.000000000000002 7.5000000000000009 7.5000000000000009
decision_type=2 2 2 2 2 2 2 2 2 2 2 2 2 2 2 2
left_child=4 2 -2 -4 5 7 8 11 14 -10 15 13 -9 -1 -7 -8
right_child=1 -3 3 -5 -6 6 10 12 9 -11 -12 -13 -14 -15 -16 -17
leaf_value=-0.0893788926442486 -0.03038271133733288 0.056597917660814227 0.001503542028920354 0.059498667354281498 -0.090580418136108107 -0.089249286039418355 -0.08922200884432166 -0.089321074726361846 -0.089299314437472466 -0.089268529969848395 -0.089168047022644581 -0.089414829572466145 -0.089299314437472466 -0.089351390099982109 -0.089232839788275398 -0.0892216177602842
leaf_weight=0.12267641723156053 0.84058212209492955 3.8834945559501648 1.0812529996037481 0.65601827949285496 0.22677868977189053 0.17191318143159129 0.11269413772970427 0.15161613328382373 0.33081675553694367 0.60397003032267094 0.17525292793288827 0.15076821390539408 0.12944342382252216 0.13324083387851715 0.16272123204544187 0.083595765754580498
leaf_count=20 78 29 50 14 11 38 27 28 63 127 50 23 28 23 41 20
internal_value=-0.00481984 0.0286302 -0.0135027 0.0234033 -0.0893956 -0.0892803 -0.0892527 -0.0893459 -0.0892692 -0.0892833 -0.0891965 -0.0893832 -0.0892993 -0.0893646 -0.0892328 -0.0892218
internal_weight=9.01684 6.46135 2.57785 1.73727 2.55549 2.32871 1.64096 0.687745 1.26942 0.934787 0.371543 0.406685 0.28106 0.255917 0.334634 0.19629
internal_count=670 171 142 64 499 488 366 122 269 190 97 66 56 43 79 47
is_linear=0
shrinkage=0.1


end of trees

feature_importances:
in3=664
in4=645
in1=306
in2=281

parameters:
[boosting: gbdt]
[objective: multiclass]
[metric: multi_logloss]
[tree_learner: serial]
[device_type: cpu]
[data_sample_strategy: bagging]
[data: ]
[valid: ]
[num_iterations: 500]
[learning_rate: 0.1]
[num_leaves: 31]
[num_threads: 0]
[seed: 0]
[deterministic: 0]
[force_col_wise: 0]
[force_row_wise: 0]
[histogram_pool_size: -1]
[max_depth: 6]
[min_data_in_leaf: 20]
[min_sum_hessian_in_leaf: 0.001]
[bagging_fraction: 1]
[pos_bagging_fraction: 1]
[neg_bagging_fraction: 1]
[bagging_freq: 0]
[bagging_seed: 3]
[bagging_by_query: 0]
[feature_fraction: 1]
[feature_fraction_bynode: 1]
[feature_fraction_seed: 2]
[extra_trees: 0]
[extra_seed: 6]
[early_stopping_round: 0]
[early_stopping_min_delta: 0]
[first_metric_only: 0]
[max_delta_step: 0]
[lambda_l1: 0]
[lambda_l2: 0]
[linear_lambda: 0]
[min_gain_to_split: 0]
[drop_rate: 0.1]
[max_drop: 50]
[skip_drop: 0.5]
[xgboost_dart_mode: 0]
[uniform_drop: 0]
[drop_seed: 4]
[top_rate: 0.2]
[other_rate: 0.1]
[min_data_per_group: 100]
[max_cat_threshold: 32]
[cat_l2: 10]
[cat_smooth: 10]
[max_cat_to_onehot: 4]
[top_k: 20]
[monotone_constraints: 1,1,0,0]
[monotone_constraints_method: basic]
[monotone_penalty: 0]
[feature_contri: ]
[forcedsplits_filename: ]
[refit_decay_rate: 0.9]
[cegb_tradeoff: 1]
[cegb_penalty_split: 0]
[cegb_penalty_feature_lazy: ]
[cegb_penalty_feature_coupled: ]
[path_smooth: 0]
[interaction_constraints: ]
[verbosity: -1]
[saved_feature_importance_type: 0]
[use_quantized_grad: 0]
[num_grad_quant_bins: 4]
[quant_train_renew_leaf: 0]
[stochastic_rounding: 1]
[linear_tree: 0]
[max_bin: 255]
[max_bin_by_feature: ]
[min_data_in_bin: 3]
[bin_construct_sample_cnt: 200000]
[data_random_seed: 1]
[is_enable_sparse: 1]
[enable_bundle: 1]
[use_missing: 1]
[zero_as_missing: 0]
[feature_pre_filter: 1]
[pre_partition: 0]
[two_round: 0]
[header: 0]
[label_column: ]
[weight_column: ]
[group_column: ]
[ignore_column: ]
[categorical_feature: ]
[forcedbins_filename: ]
[precise_float_parser: 0]
[parser_config_file: ]
[objective_seed: 5]
[num_class: 9]
[is_unbalance: 0]
[scale_pos_weight: 1]
[sigmoid: 1]
[boost_from_average: 1]
[reg_sqrt: 0]
[alpha: 0.9]
[fair_c: 1]
[poisson_max_delta_step: 0.7]
[tweedie_variance_power: 1.5]
[lambdarank_truncation_level: 30]
[lambdarank_norm: 1]
[label_gain: ]
[lambdarank_position_bias_regularization: 0]
[eval_at: ]
[multi_error_top_k: 1]
[auc_mu_weights: ]
[num_machines: 1]
[local_listen_port: 12400]
[time_out: 120]
[machine_list_filename: ]
[machines: ]
[gpu_platform_id: -1]
[gpu_device_id: -1]
[gpu_use_dp: 0]
[num_gpu: 1]

end of parameters

pandas_categorical:[]
