tree
version=v4
num_class=9
num_tree_per_iteration=9
label_index=0
max_feature_idx=3
objective=multiclass num_class:9
feature_names=in1 in2 in3 in4
monotone_constraints=1 1 1 1
feature_infos=[0:9] [0:8] [2:8] [2:8]
tree_sizes=242 242 241 351 447 749 848 552 447 224 225 225 361 564 976 1186 1312 1428 225 225 225 361 663 976 1183 658 671 225 225 225 362 666 973 1186 1098 777 225 225 225 360 662 974 1181 1102 1104 366 225 225 360 662 973 1290 665 459 366 225 225 360 666 973 1286 1097 459 472 225 225 360 665 1078 873 562 683 363 225 225 361 668 1074 869 884 783 472 225 225 362 666 865 665 991 555 470 225 225 361 669 867 970 660 680 362 226 226 363 562 866 762 887 681 364 226 226 363 562 968 1075 659 560 472 226 226 362 564 967 875 994 680 364 226 364 363 664 970 1083 990 560 468 226 364 362 666 768 766 556 684 362 226 361 364 564 970 1087 1096 561 471 226 360 362 564 974 875 561 575 365 226 363 362 663 768 869 665 683 470 226 360 363 563 664 1084 560 458 365 226 361 363 664 971 767 559 575 469 226 362 363 563 965 876 766 577 364 226 361 363 666 768 877 763 458 365 226 362 360 565 970 979 762 676 470 226 362 362 664 975 977 774 562 364 226 362 363 561 770 874 871 676 468 226 360 362 565 770 766 662 459 364 226 361 360 666 976 766 564 469 364 226 361 362 666 975 976 775 676 470 226 360 362 567 876 978 759 461 469 226 361 364 667 870 768 776 468 361 226 362 364 667 866 767 667 571 471 226 361 364 566 868 974 871 560 365 226 362 362 565 769 978 663 572 365 226 463 364 668 866 768 666 467 469 226 361 362 567 772 980 777 461 364 226 362 363 667 870 764 766 569 472 226 362 363 564 873 983 772 460 365 226 360 363 563 768 872 664 674 470 226 362 362 667 868 870 770 468 365 226 464 364 464 668 984 777 572 363 226 361 364 666 769 873 665 463 471 226 359 364 563 972 878 774 558 366 226 466 364 463 771 872 669 470 367 226 362 363 668 975 880 878 572 470 226 363 361 669 979 872 664 564 473 226 363 364 462 772 977 566 458 367 226 363 364 564 873 871 877 572 471 226 361 364 563 775 1082 676 560 370 226 464 363 672 672 873 878 361 368 226 469 363 466 979 872 567 573 364 226 467 364 569 666 878 776 566 474 226 464 362 571 669 879 669 460 226 226 469 364 671 666 880 674 571 226 226 469 364 569 979 879 667 567 369 226 469 364 570 668 771 464 361 581 226 470 362 569 978 880 668 461 226 226 469 363 570 567 765 465 571 226 226 469 361 567 568 880 667 566 367 226 467 364 572 460 771 465 787 368 226 469 364 567 567 881 567 567 367 226 470 363 466 981 671 571 566 368 226 468 362 563 461 874 671 788 368 226 469 363 464 565 669 465 464 363 226 464 363 569 982 881 566 678 364 226 470 363 571 461 670 568 566 366 226 468 364 466 568 772 777 561 364 226 469 365 564 566 882 670 568 367 226 469 365 572 463 672 464 462 367 226 469 365 463 872 669 676 463 365 226 469 365 566 567 672 664 679 366 226 471 364 464 863 773 570 569 367 226 471 365 466 670 774 668 461 365 226 471 365 567 772 876 463 570 364 226 467 365 467 772 667 667 568 366 226 470 365 571 769 772 566 461 365 226 470 363 567 770 871 670 570 366 226 471 364 575 771 671 671 571 363 226 471 364 466 562 768 462 570 577 226 471 363 573 775 873 671 461 366 226 366 366 572 565 774 464 464 367 226 472 365 468 774 777 673 463 367 226 367 366 569 569 877 670 462 367 226 367 365 574 569 778 464 464 367 226 366 364 469 771 876 669 465 366 226 367 365 575 669 568 671 461 366 226 366 363 574 773 781 464 573 366 226 368 364 575 771 885 677 464 366 226 368 363 570 775 670 669 464 366 226 366 363 466 774 878 573 464 366 226 368 363 569 773 568 774 463 366 226 368 364 466 977 673 666 682 367 226 368 363 571 670 668 676 465 366 226 369 363 571 672 671 466 683 366 226 369 364 466 982 877 775 464 365 226 368 468 465 571 880 676 681 367 226 365 364 573 567 567 669 572 367 226 367 467 574 777 669 570 464 365 226 469 365 573 673 568 775 684 364 226 368 365 574 670 671 567 572 365 226 366 363 575 569 670 671 681 365 226 366 363 573 671 880 774 572 367 226 367 363 465 570 773 573 466 366 226 364 364 573 570 777 568 464 366 226 367 361 468 775 675 670 466 367 226 366 364 470 569 670 775 464 366 226 366 364 574 674 465 568 682 367 226 464 363 574 671 774 572 462 367 226 365 364 465 674 567 776 464 366 226 364 362 573 674 775 567 464 365 226 363 363 575 568 670 675 464 365 227 366 363 467 568 675 575 572 579 227 367 365 468 569 778 777 467 366 227 367 365 471 566 569 573 465 366 227 365 364 470 568 775 675 467 365 227 364 362 472 777 571 467 465 366 227 366 365 576 570 676 570 685 366 227 366 364 577 566 672 769 466 365 227 364 365 576 568 779 572 467 366 227 365 364 468 777 678 678 466 366 227 366 363 468 569 775 466 467 364 227 366 470 573 568 572 776 466 365 227 365 365 576 569 778 572 467 364 227 366 470 467 566 571 572 468 362 227 367 472 468 780 678 466 467 366 227 367 364 577 567 674 573 466 366 227 365 365 576 571 674 668 465 365 227 365 471 468 675 783 574 468 363 227 363 468 574 569 674 466 468 366 227 367 365 576 570 777 571 686 365 227 365 469 572 672 673 574 468 366 227 367 365 573 565 775 673 468 365 227 367 468 571 678 781 464 466 366 227 366 365 465 672 679 778 465 365 227 367 470 468 573 570 573 469 365 227 365 471 575 567 570 777 469 364 227 366 366 573 777 677 573 467 365 227 365 471 468 574 572 468 469 364 227 366 365 574 674 673 778 468 364 227 367 472 573 574 674 575 468 365 227 367 366 566 466 570 465 469 365 227 367 469 467 570 668 570 686 366 227 470 365 469 678 675 466 466 365 227 364 472 365 678 680 576 468 364 227 367 364 365 575 676 569 468 578 227 366 469 365 577 674 465 468 227 227 363 366 574 678 570 781 467 227 227 366 470 576 574 677 467 466 227 227 470 365 575 679 674 775 467 227 227 364 471 576 575 567 468 469 365 227 471 367 572 574 680 468 469 366 227 472 366 469 673 671 466 575 366 227 473 367 366 573 570 572 469 366 227 473 367 366 574 675 466 469 366 227 473 367 470 679 675 778 469 366 227 468 366 364 468 680 469 685 366 227 364 473 365 679 675 466 466 365 227 366 470 365 469 676 670 468 366 227 365 473 366 575 677 468 466 364 227 365 472 467 677 673 467 468 365 227 472 470 365 574 675 572 468 366 227 471 469 472 675 677 575 468 363 227 472 472 471 469 675 468 574 363 227 471 473 471 576 672 673 467 366 227 471 472 470 678 673 467 468 365 227 472 473 471 468 675 569 468 365 227 365 470 472 467 889 468 468 365 227 470 473 364 677 675 468 468 365 227 366 472 366 470 672 781 467 365 227 366 364 367 574 676 465 469 365 227 366 363 366 469 670 572 685 365 227 366 365 366 679 571 466 469 366 227 472 364 365 576 674 467 469 366 227 464 365 365 679 671 671 467 364 227 462 473 366 467 680 468 468 365 227 227 467 467 469 569 569 469 366 227 361 469 365 676 674 467 469 365 227 227 466 364 681 672 469 468 365 227 227 363 364 678 675 675 467 366 227 364 366 365 678 676 468 466 364 227 366 365 575 676 674 569 468 364 227 366 364 365 678 570 468 467 366 227 366 365 365 681 674 466 469 365 227 365 362 571 573 670 672 686 578 227 364 364 365 574 675 466 469 227 227 366 364 365 677 676 571 466 227 227 366 471 467 680 676 469 468 227 227 365 364 365 571 677 467 468 227 227 365 363 364 677 571 672 569 227 227 366 470 365 679 465 577 467 227 227 364 363 365 572 674 568 468

Tree=0
num_leaves=1
num_cat=0
split_feature=
split_gain=
threshold=
decision_type=
left_child=
right_child=
leaf_value=-5.0937502008067623
leaf_weight=
leaf_count=326
internal_value=
internal_weight=
internal_count=
is_linear=0
shrinkage=1


Tree=1
num_leaves=1
num_cat=0
split_feature=
split_gain=
threshold=
decision_type=
left_child=
right_child=
leaf_value=-3.4843122883726618
leaf_weight=
leaf_count=326
internal_value=
internal_weight=
internal_count=
is_linear=0
shrinkage=1


Tree=2
num_leaves=1
num_cat=0
split_feature=
split_gain=
threshold=
decision_type=
left_child=
right_child=
leaf_value=-2.608843551018762
leaf_weight=
leaf_count=326
internal_value=
internal_weight=
internal_count=
is_linear=0
shrinkage=1


Tree=3
num_leaves=2
num_cat=0
split_feature=2
split_gain=0.855608
threshold=3.5000000000000004
decision_type=2
left_child=-1
right_child=-2
leaf_value=-1.639881849169603 -1.5938540899301703
leaf_weight=4.3595920801162711 54.858200341463089
leaf_count=24 302
internal_value=-1.59724
internal_weight=59.2178
internal_count=326
is_linear=0
shrinkage=1


Tree=4
num_leaves=3
num_cat=0
split_feature=2 0
split_gain=13.794 3.14742
threshold=4.5000000000000009 4.5000000000000009
decision_type=2 2
left_child=1 -1
right_child=-2 -3
leaf_value=-1.5848585842680256 -1.4437847758720892 -1.4980288329965008
leaf_weight=10.16301293671131 49.619416102766991 5.1811438500881186
leaf_count=51 249 26
internal_value=-1.46941 -1.55227
internal_weight=64.9636 15.3442
internal_count=326 77
is_linear=0
shrinkage=1


Tree=5
num_leaves=6
num_cat=0
split_feature=2 3 1 1 2
split_gain=63.8064 11.1378 7.30095 0.0421927 7.10543e-15
threshold=5.5000000000000009 5.5000000000000009 4.5000000000000009 5.5000000000000009 4.5000000000000009
decision_type=2 2 2 2 2
left_child=1 4 -3 -2 -1
right_child=3 2 -4 -5 -6
leaf_value=-1.3685068121722144 -1.1519175844848326 -1.3124923567358224 -1.2385107557778472 -1.144182254924569 -1.3685068121722144
leaf_weight=16.159621775150299 9.6957730650901777 6.6947004497051221 6.6947004497051239 25.855394840240479 10.15747654438019
leaf_count=70 42 29 29 112 44
internal_value=-1.2436 -1.33073 -1.25648 -1.14629 -1.36851
internal_weight=75.2577 39.7065 13.3894 35.5512 26.3171
internal_count=326 172 58 154 114
is_linear=0
shrinkage=1


Tree=6
num_leaves=7
num_cat=0
split_feature=3 0 0 2 1 3
split_gain=93.7955 10.9415 0.981624 0.237967 0.109581 0.0750746
threshold=6.5000000000000009 7.5000000000000009 6.5000000000000009 6.5000000000000009 5.5000000000000009 5.5000000000000009
decision_type=2 2 2 2 2 2
left_child=1 2 4 -2 -1 -6
right_child=3 -3 -4 -5 5 -7
leaf_value=-2.2762485964772381 -1.8345224401385447 -2.0553855183078915 -2.213144859857425 -1.7943655168350272 -2.2687617124714978 -2.2523715069454169
leaf_weight=18.223959900438796 3.6221535205841056 2.7166151404380789 3.1693843305110923 2.4902305454015732 2.4902305454015723 4.1881150081753731
leaf_count=161 32 24 28 22 22 37
internal_value=-2.17598 -2.24702 -2.26556 -1.81816 -2.27223 -2.26127
internal_weight=36.9007 30.7883 28.0717 6.11238 24.9023 6.67835
internal_count=326 272 248 54 220 59
is_linear=0
shrinkage=1


Tree=7
num_leaves=4
num_cat=0
split_feature=0 3 1
split_gain=67.1528 1.91675 1.77636e-15
threshold=7.5000000000000009 6.5000000000000009 6.5000000000000009
decision_type=2 2 2
left_child=1 2 -1
right_child=-2 -3 -4
leaf_value=-3.2407175419433569 -2.5752656356113151 -3.1298088908880164 -3.2407175419433565
leaf_weight=10.403572116047139 1.8032858334481723 1.8032858334481723 1.0634762607514865
leaf_count=225 39 39 23
internal_value=-3.14784 -3.22565 -3.24072
internal_weight=15.0736 13.2703 11.467
internal_count=326 287 248
is_linear=0
shrinkage=1


Tree=8
num_leaves=3
num_cat=0
split_feature=2 3
split_gain=23.071 23.3368
threshold=6.5000000000000009 6.5000000000000009
decision_type=2 2
left_child=-1 -2
right_child=1 -3
leaf_value=-4.4905961143817494 -4.157212590728836 -3.1570620197700983
leaf_weight=3.8448757119476795 0.29995484277605999 0.2999548427760601
leaf_count=282 22 22
internal_value=-4.4006 -3.82383
internal_weight=4.44479 0.59991
internal_count=326 44
is_linear=0
shrinkage=1


Tree=9
num_leaves=1
num_cat=0
split_feature=
split_gain=
threshold=
decision_type=
left_child=
right_child=
leaf_value=0
leaf_weight=
leaf_count=326
internal_value=
internal_weight=
internal_count=
is_linear=0
shrinkage=1


Tree=10
num_leaves=1
num_cat=0
split_feature=
split_gain=
threshold=
decision_type=
left_child=
right_child=
leaf_value=0
leaf_weight=
leaf_count=326
internal_value=
internal_weight=
internal_count=
is_linear=0
shrinkage=1


Tree=11
num_leaves=1
num_cat=0
split_feature=
split_gain=
threshold=
decision_type=
left_child=
right_child=
leaf_value=0
leaf_weight=
leaf_count=326
internal_value=
internal_weight=
internal_count=
is_linear=0
shrinkage=1


Tree=12
num_leaves=2
num_cat=0
split_feature=2
split_gain=1.02783
threshold=3.5000000000000004
decision_type=2
left_child=-1
right_child=-2
leaf_value=-0.045836346532922782 0.0039291966974922847
leaf_weight=4.4914200454950324 54.617746233940125
leaf_count=24 302
internal_value=0.000147753
internal_weight=59.1092
internal_count=326
is_linear=0
shrinkage=0.1


Tree=13
num_leaves=4
num_cat=0
split_feature=2 0 2
split_gain=13.4664 2.91946 2.84156e-05
threshold=4.5000000000000009 4.5000000000000009 3.5000000000000004
decision_type=2 2 2
left_child=1 2 -1
right_child=-2 -3 -4
leaf_value=-0.11443256387445006 0.025525978551244895 -0.028280051928061878 -0.11408862468686908
leaf_weight=4.0963224917650205 49.610081389546394 5.2847295254468909 5.8079166114330292
leaf_count=21 249 26 30
internal_value=0.000301593 -0.0820861 -0.114231
internal_weight=64.7991 15.189 9.90424
internal_count=326 77 51
is_linear=0
shrinkage=0.1


Tree=14
num_leaves=8
num_cat=0
split_feature=2 3 1 1 2 0 0
split_gain=56.4816 10.7261 6.69916 0.0640489 0.00105457 0.000407808 2.71215e-07
threshold=5.5000000000000009 5.5000000000000009 4.5000000000000009 5.5000000000000009 4.5000000000000009 4.5000000000000009 3.5000000000000004
decision_type=2 2 2 2 2 2 2
left_child=1 4 -3 -2 5 6 -1
right_child=3 2 -4 -5 -6 -7 -8
leaf_value=-0.12278483499816704 0.083137903189118373 -0.066350349771351666 0.003119113531552481 0.092545152362768876 -0.12106150765563042 -0.12172587368984433 -0.12275207754252573
leaf_weight=4.9461850225925428 9.9682325571775419 6.5562109202146512 6.6890343874692917 26.419261559844017 9.6588633060455322 5.5382809787988672 5.1687734872102737
leaf_count=22 42 29 29 112 44 25 23
internal_value=0.000604604 -0.0837298 -0.0108175 0.0899681 -0.121883 -0.12239 -0.122768
internal_weight=74.9448 38.5573 13.2452 36.3875 25.3121 15.6532 10.115
internal_count=326 172 58 154 114 70 45
is_linear=0
shrinkage=0.1


Tree=15
num_leaves=10
num_cat=0
split_feature=3 0 0 2 1 3 2 2 0
split_gain=66.7152 10.1596 1.02066 0.222516 0.122938 0.0868116 0.00018195 6.16907e-05 1.14343e-05
threshold=6.5000000000000009 7.5000000000000009 6.5000000000000009 6.5000000000000009 5.5000000000000009 5.5000000000000009 4.5000000000000009 5.5000000000000009 4.5000000000000009
decision_type=2 2 2 2 2 2 2 2 2
left_child=1 2 4 -2 6 -6 8 -8 -1
right_child=3 -3 -4 -5 5 -7 7 -9 -10
leaf_value=-0.1000025261671445 0.24888941030169143 0.097012406143522648 -0.033539633046690824 0.28367910343116348 -0.091362420093674693 -0.073073473874485401 -0.099424411096814228 -0.098850149281520361 -0.099736195915790665
leaf_weight=5.4451115503907337 4.5302533060312262 2.8172405362129203 3.026520572602748 3.0941696316003799 2.3653797954320899 3.843710333108902 7.0328261107206327 2.5485861822962761 2.2899448350071907
leaf_count=49 32 24 28 22 22 37 66 25 21
internal_value=-0.000559623 -0.0689831 -0.088202 0.263008 -0.0952342 -0.0831619 -0.0995629 -0.0992717 -0.0999237
internal_weight=36.9937 29.3693 26.5521 7.62442 23.5256 6.20909 17.3165 9.58141 7.73506
internal_count=326 272 248 54 220 59 161 91 70
is_linear=0
shrinkage=0.1


Tree=16
num_leaves=11
num_cat=0
split_feature=0 3 2 2 3 0 1 2 1 1
split_gain=38.0411 2.04428 1.86293e-05 4.98533e-06 1.0175e-06 6.1672e-07 2.64053e-07 1.06048e-07 4.16681e-08 7.1362e-10
threshold=7.5000000000000009 6.5000000000000009 5.5000000000000009 4.5000000000000009 5.5000000000000009 4.5000000000000009 4.5000000000000009 3.5000000000000004 5.5000000000000009 6.5000000000000009
decision_type=2 2 2 2 2 2 2 2 2 2
left_child=1 2 3 5 -5 7 -6 -1 -4 -10
right_child=-2 -3 8 4 6 -7 -8 -9 9 -11
leaf_value=-0.092845887800524732 0.33034858894149721 0.025667147550076687 -0.092438241738389812 -0.092676448564406919 -0.092618901810051724 -0.092731290658232671 -0.092563147086914585 -0.092802551110131803 -0.092415795876612694 -0.092412146315333787
leaf_weight=0.96394149959087072 2.8180259317159662 1.6909559033811099 1.0799835212528708 1.9403136037290096 0.91312524676322937 1.1617545820772646 0.97834323346614838 1.3632402643561363 1.527919799089432 0.82511252909898747
leaf_count=21 39 39 26 44 21 26 23 30 37 20
internal_value=-0.00141622 -0.0765424 -0.0926142 -0.0927043 -0.0926256 -0.0927908 -0.0925734 -0.0928205 -0.092422 -0.0924145
internal_weight=15.2627 12.4447 10.7537 7.32072 3.83178 3.48894 1.89147 2.32718 3.43302 2.35303
internal_count=326 287 248 165 88 77 44 51 83 57
is_linear=0
shrinkage=0.1


Tree=17
num_leaves=12
num_cat=0
split_feature=2 1 2 2 3 3 0 1 0 2 1
split_gain=9.29163 2.45756 7.13156e-07 1.40049e-07 5.88109e-08 4.03456e-08 2.20584e-08 1.44015e-08 1.32291e-08 2.27506e-09 3.30725e-10
threshold=6.5000000000000009 6.5000000000000009 5.5000000000000009 4.5000000000000009 6.5000000000000009 5.5000000000000009 6.5000000000000009 4.5000000000000009 4.5000000000000009 3.5000000000000004 5.5000000000000009
decision_type=2 2 2 2 2 2 2 2 2 2 2
left_child=2 -2 3 8 6 -5 10 -7 9 -1 -4
right_child=1 -3 4 5 -6 7 -8 -9 -10 -11 -12
leaf_value=-0.089987827180671706 0.077691743171463004 0.35779474682057189 -0.089878327176025077 -0.089942154391300752 -0.089815025463598208 -0.089923895405454202 -0.089844833472229491 -0.089899491515175831 -0.08995695102599098 -0.089976152400247644 -0.089873788071176436
leaf_weight=0.28497990965843201 0.59033912047743775 0.66730803810060024 0.29396074265241645 0.57287867087870836 0.30994321778416623 0.28155559301376343 0.35503486823290586 0.35956076066941023 0.34315522480756044 0.40289281494915485 0.3536098301410675
leaf_count=21 21 23 24 44 27 22 30 29 26 30 29
internal_value=-0.00731916 0.226314 -0.0899117 -0.0899459 -0.0898531 -0.0899229 -0.0898649 -0.0899056 -0.089973 -0.089981 -0.0898758
internal_weight=4.81522 1.25765 3.55757 2.24502 1.31255 1.214 1.00261 0.641116 1.03103 0.687873 0.647571
internal_count=326 44 282 172 110 95 83 51 77 51 53
is_linear=0
shrinkage=0.1


Tree=18
num_leaves=1
num_cat=0
split_feature=
split_gain=
threshold=
decision_type=
left_child=
right_child=
leaf_value=0
leaf_weight=
leaf_count=326
internal_value=
internal_weight=
internal_count=
is_linear=0
shrinkage=1


Tree=19
num_leaves=1
num_cat=0
split_feature=
split_gain=
threshold=
decision_type=
left_child=
right_child=
leaf_value=0
leaf_weight=
leaf_count=326
internal_value=
internal_weight=
internal_count=
is_linear=0
shrinkage=1


Tree=20
num_leaves=1
num_cat=0
split_feature=
split_gain=
threshold=
decision_type=
left_child=
right_child=
leaf_value=0
leaf_weight=
leaf_count=326
internal_value=
internal_weight=
internal_count=
is_linear=0
shrinkage=1


Tree=21
num_leaves=2
num_cat=0
split_feature=2
split_gain=1.17379
threshold=3.5000000000000004
decision_type=2
left_child=-1
right_child=-2
leaf_value=-0.048607020400255337 0.0039580900401493804
leaf_weight=4.607305407524108 54.491131871938705
leaf_count=24 302
internal_value=-0.000139878
internal_weight=59.0984
internal_count=326
is_linear=0
shrinkage=0.1


Tree=22
num_leaves=5
num_cat=0
split_feature=2 0 0 2
split_gain=12.9914 2.70333 0.00430926 0.000115121
threshold=4.5000000000000009 4.5000000000000009 4.5000000000000009 3.5000000000000004
decision_type=2 2 2 2
left_child=1 3 -2 -1
right_child=2 -3 -4 -5
leaf_value=-0.11343397759024938 0.0224534173174985 -0.028195262510201814 0.02524075784367439 -0.1127325824679607
leaf_weight=4.0055471807718259 6.3607308268547049 5.3763596713542929 43.331836551427841 5.6279492676258087
leaf_count=21 30 26 219 30
internal_value=0.000257023 -0.0812745 0.024884 -0.113024
internal_weight=64.7024 15.0099 49.6926 9.6335
internal_count=326 77 249 51
is_linear=0
shrinkage=0.1


Tree=23
num_leaves=8
num_cat=0
split_feature=2 3 1 3 2 0 0
split_gain=49.7759 10.3777 6.12307 0.0961401 0.00329175 0.00126568 1.0613e-06
threshold=5.5000000000000009 5.5000000000000009 4.5000000000000009 5.5000000000000009 4.5000000000000009 4.5000000000000009 3.5000000000000004
decision_type=2 2 2 2 2 2 2
left_child=1 4 -3 -2 5 6 -1
right_child=3 2 -4 -5 -6 -7 -8
leaf_value=-0.12078011567838609 0.071278489374526161 -0.063938126005078907 0.0012489907546471835 0.085184011433964757 -0.11767174462549382 -0.11887324172054299 -0.12071438936112396
leaf_weight=4.8089582920074445 5.9127323478460303 6.4149285554885846 6.6756772994995117 31.24965326488018 9.1461562961339951 5.3005425035953531 5.0226588547229767
leaf_count=22 24 29 29 130 44 25 23
internal_value=0.00102253 -0.0804736 -0.00870677 0.0829716 -0.119169 -0.120075 -0.120747
internal_weight=74.5313 37.3689 13.0906 37.1624 24.2783 15.1322 9.83162
internal_count=326 172 58 154 114 70 45
is_linear=0
shrinkage=0.1


Tree=24
num_leaves=10
num_cat=0
split_feature=3 0 0 2 2 1 2 3 0
split_gain=51.2334 9.34003 1.05833 0.163649 0.144619 0.0925344 0.000313362 4.89743e-05 4.35676e-05
threshold=6.5000000000000009 7.5000000000000009 6.5000000000000009 6.5000000000000009 5.5000000000000009 5.5000000000000009 4.5000000000000009 5.5000000000000009 4.5000000000000009
decision_type=2 2 2 2 2 2 2 2 2
left_child=1 2 4 -2 6 -6 8 -8 -1
right_child=3 -3 -4 -5 5 -7 7 -9 -10
leaf_value=-0.099713863466445493 0.19822926422669152 0.071321182500877642 -0.029992949539067372 0.22595065884284368 -0.08997313143885545 -0.07010545589944199 -0.098910205232215262 -0.098418753773578754 -0.0992193198473863
leaf_weight=5.551210671663295 5.2259917706251127 2.8842732906341544 2.895782656967639 3.5940697491168976 2.2919621393084517 3.5905387923121452 4.3020479679107666 3.8355572074651718 2.623131051659584
leaf_count=51 32 24 28 22 25 38 42 39 25
internal_value=-0.000624897 -0.066883 -0.0868518 0.209525 -0.0942703 -0.0808284 -0.0991179 -0.0986786 -0.0995552
internal_weight=36.7946 27.9745 25.0902 8.82006 22.1944 5.8825 16.3119 8.13761 8.17434
internal_count=326 272 248 54 220 63 157 81 76
is_linear=0
shrinkage=0.1


Tree=25
num_leaves=5
num_cat=0
split_feature=2 3 3 1
split_gain=27.7378 4.48672 0.872237 0.5383
threshold=6.5000000000000009 6.5000000000000009 6.5000000000000009 6.5000000000000009
decision_type=2 2 2 2
left_child=1 3 -2 -1
right_child=2 -3 -4 -5
leaf_value=-0.092838606502574472 0.23936222218402761 0.09581457796368123 0.35712786840604505 -0.028215805555919522
leaf_weight=9.6281374171376175 1.1960025355219852 1.5818102434277541 1.3264329917728899 1.4882448501884944
leaf_count=224 22 32 22 26
internal_value=-0.0015972 -0.0617643 0.30129 -0.084187
internal_weight=15.2206 12.6982 2.52244 11.1164
internal_count=326 282 44 250
is_linear=0
shrinkage=0.1


Tree=26
num_leaves=5
num_cat=0
split_feature=3 0 2 3
split_gain=8.48072 6.93822 3.07707e-08 3.49893e-11
threshold=6.5000000000000009 7.5000000000000009 3.5000000000000004 4.5000000000000009
decision_type=2 2 2 2
left_child=2 -2 -1 -4
right_child=1 -3 3 -5
leaf_value=-0.089975501983606432 0.058627555872556705 0.50090752286196827 -0.089944138100547785 -0.089942922143127671
leaf_weight=0.3220629766583446 0.8305637417361138 0.50545948930084705 0.25818398222327266 2.836758273653686
leaf_count=24 39 15 20 228
internal_value=-0.0064213 0.207201 -0.0899461 -0.089943
internal_weight=4.75303 1.33602 3.41701 3.09494
internal_count=326 54 272 248
is_linear=0
shrinkage=0.1


Tree=27
num_leaves=1
num_cat=0
split_feature=
split_gain=
threshold=
decision_type=
left_child=
right_child=
leaf_value=0
leaf_weight=
leaf_count=326
internal_value=
internal_weight=
internal_count=
is_linear=0
shrinkage=1


Tree=28
num_leaves=1
num_cat=0
split_feature=
split_gain=
threshold=
decision_type=
left_child=
right_child=
leaf_value=0
leaf_weight=
leaf_count=326
internal_value=
internal_weight=
internal_count=
is_linear=0
shrinkage=1


Tree=29
num_leaves=1
num_cat=0
split_feature=
split_gain=
threshold=
decision_type=
left_child=
right_child=
leaf_value=0
leaf_weight=
leaf_count=326
internal_value=
internal_weight=
internal_count=
is_linear=0
shrinkage=1


Tree=30
num_leaves=2
num_cat=0
split_feature=2
split_gain=1.29904
threshold=3.5000000000000004
decision_type=2
left_child=-1
right_child=-2
leaf_value=-0.051001093608508033 0.0037521898135128811
leaf_weight=4.7082179784774771 54.391360953450203
leaf_count=24 302
internal_value=-0.000609777
internal_weight=59.0996
internal_count=326
is_linear=0
shrinkage=0.1


Tree=31
num_leaves=5
num_cat=0
split_feature=2 0 0 2
split_gain=12.4644 2.50186 0.0361347 0.000255286
threshold=4.5000000000000009 4.5000000000000009 4.5000000000000009 3.5000000000000004
decision_type=2 2 2 2
left_child=1 3 -2 -1
right_child=2 -3 -4 -5
leaf_value=-0.11245505062944233 0.017125306798450857 -0.02818538414561117 0.025110436015333266 -0.11139593299078294
leaf_weight=3.9126662760972959 6.521403729915618 5.4570311009883872 43.260054081678391 5.4400685727596283
leaf_count=21 30 26 219 30
internal_value=0.000104258 -0.0804351 0.0240644 -0.111839
internal_weight=64.5912 14.8098 49.7815 9.35273
internal_count=326 77 249 51
is_linear=0
shrinkage=0.1


Tree=32
num_leaves=8
num_cat=0
split_feature=2 3 1 3 2 0 0
split_gain=43.9649 10.069 5.60332 0.126598 0.00575544 0.00220151 2.12754e-06
threshold=5.5000000000000009 5.5000000000000009 4.5000000000000009 5.5000000000000009 4.5000000000000009 4.5000000000000009 3.5000000000000004
decision_type=2 2 2 2 2 2 2
left_child=1 4 -3 -2 5 6 -1
right_child=3 2 -4 -5 -6 -7 -8
leaf_value=-0.1188858086896913 0.063606377468833825 -0.061690531161611141 -0.00024762590587626979 0.079390448995785151 -0.11468534486131006 -0.11631408331837145 -0.11879133810936238
leaf_weight=4.6676642596721631 6.04942762851715 6.2728624641895276 6.6622386276721954 31.757066756486893 8.6295614689588547 5.0614721775054941 4.8722361475229263
leaf_count=22 24 29 29 130 44 25 23
internal_value=0.00146247 -0.0773601 -0.00664829 0.0768648 -0.116733 -0.117943 -0.118838
internal_weight=73.9725 36.166 12.9351 37.8065 23.2309 14.6014 9.5399
internal_count=326 172 58 154 114 70 45
is_linear=0
shrinkage=0.1


Tree=33
num_leaves=10
num_cat=0
split_feature=3 0 0 2 2 1 2 0 3
split_gain=41.7209 8.55624 1.09392 0.178619 0.165238 0.100324 0.000604612 8.91702e-05 7.49091e-05
threshold=6.5000000000000009 7.5000000000000009 6.5000000000000009 6.5000000000000009 5.5000000000000009 5.5000000000000009 4.5000000000000009 4.5000000000000009 5.5000000000000009
decision_type=2 2 2 2 2 2 2 2 2
left_child=1 2 4 -2 6 -6 7 -1 -8
right_child=3 -3 -4 -5 5 -7 8 -9 -10
leaf_value=-0.099397421683695322 0.16616306181540041 0.056290182638756139 -0.026535517941963113 0.19379100100675051 -0.088374051636504539 -0.066594500316429842 -0.098215567023472186 -0.09867674114850794 -0.097587142098287477
leaf_weight=5.421582981944093 5.7680785953998548 2.9633716866374007 2.7764683887362471 3.9375010877847672 2.0682172104716292 3.2856103256344795 4.0606955587863922 2.5124901384115219 3.5595681071281433
leaf_count=51 32 24 28 22 25 38 42 25 39
internal_value=-0.000139253 -0.0647912 -0.085511 0.177372 -0.0933426 -0.0781899 -0.0985582 -0.0991692 -0.097922
internal_weight=36.3536 26.648 23.6846 9.70558 20.9082 5.35383 15.5543 7.93407 7.62026
internal_count=326 272 248 54 220 63 157 76 81
is_linear=0
shrinkage=0.1


Tree=34
num_leaves=9
num_cat=0
split_feature=0 3 2 2 3 0 2 1
split_gain=25.0869 1.87134 6.38802e-05 7.46045e-06 5.16756e-06 4.76215e-06 1.2079e-06 4.84442e-07
threshold=7.5000000000000009 6.5000000000000009 4.5000000000000009 5.5000000000000009 5.5000000000000009 4.5000000000000009 3.5000000000000004 4.5000000000000009
decision_type=2 2 2 2 2 2 2 2
left_child=1 2 5 4 -4 6 -1 -6
right_child=-2 -3 3 -5 7 -7 -8 -9
leaf_value=-0.092760221253011643 0.22408327065359732 0.019270504445041574 -0.092271232687749463 -0.091933219114407508 -0.092125075371617918 -0.092418145938055321 -0.092611678764910443 -0.092042148785534239
leaf_weight=0.94466755539178549 3.7232357189059266 1.7835823260247714 1.7475069537758827 2.9429852701723576 0.80075093731284142 1.0741102583706377 1.3018525838851929 0.82556033506989479
leaf_count=21 39 39 44 83 21 26 30 23
internal_value=-0.00133617 -0.0748226 -0.0922362 -0.0920496 -0.0921511 -0.0925913 -0.0926741 -0.0920421
internal_weight=15.1443 11.421 9.63743 6.3168 3.37382 3.32063 2.24652 1.62631
internal_count=326 287 248 171 88 77 51 44
is_linear=0
shrinkage=0.1


Tree=35
num_leaves=6
num_cat=0
split_feature=3 0 2 0 2
split_gain=6.85812 3.18547 4.85918e-07 1.03887e-07 2.64251e-08
threshold=6.5000000000000009 7.5000000000000009 4.5000000000000009 4.5000000000000009 3.5000000000000004
decision_type=2 2 2 2 2
left_child=2 -2 3 4 -1
right_child=1 -3 -4 -5 -6
leaf_value=-0.089970997010761666 0.038881750994980972 0.320289968784642 -0.08984055985545128 -0.089882846603012878 -0.089930680368631444
leaf_weight=0.28067747317254577 0.81107962783426024 0.72346540540456772 2.187804127112031 0.31827184371650219 0.38635743595659733
leaf_count=21 39 15 195 26 30
internal_value=-0.005931 0.16763 -0.0898668 -0.0899251 -0.0899476
internal_weight=4.70766 1.53455 3.17311 0.985307 0.667035
internal_count=326 54 272 77 51
is_linear=0
shrinkage=0.1


Tree=36
num_leaves=1
num_cat=0
split_feature=
split_gain=
threshold=
decision_type=
left_child=
right_child=
leaf_value=0
leaf_weight=
leaf_count=326
internal_value=
internal_weight=
internal_count=
is_linear=0
shrinkage=1


Tree=37
num_leaves=1
num_cat=0
split_feature=
split_gain=
threshold=
decision_type=
left_child=
right_child=
leaf_value=0
leaf_weight=
leaf_count=326
internal_value=
internal_weight=
internal_count=
is_linear=0
shrinkage=1


Tree=38
num_leaves=1
num_cat=0
split_feature=
split_gain=
threshold=
decision_type=
left_child=
right_child=
leaf_value=0
leaf_weight=
leaf_count=326
internal_value=
internal_weight=
internal_count=
is_linear=0
shrinkage=1


Tree=39
num_leaves=2
num_cat=0
split_feature=2
split_gain=1.40403
threshold=3.5000000000000004
decision_type=2
left_child=-1
right_child=-2
leaf_value=-0.05305708305098044 0.0033930887305322743
leaf_weight=4.7950882613658896 54.299179524183273
leaf_count=24 302
internal_value=-0.00118745
internal_weight=59.0943
internal_count=326
is_linear=0
shrinkage=0.1


Tree=40
num_leaves=5
num_cat=0
split_feature=2 0 0 2
split_gain=11.9082 2.3164 0.085341 0.000439816
threshold=4.5000000000000009 4.5000000000000009 4.5000000000000009 3.5000000000000004
decision_type=2 2 2 2
left_child=1 3 -2 -1
right_child=2 -3 -4 -5
leaf_value=-0.11149661194368168 0.012607113470025993 -0.028540002919896564 0.024772026579096912 -0.1100857642727508
leaf_weight=3.8178620934486371 6.6550393402576438 5.526893585920333 43.210696011781693 5.2452914416790009
leaf_count=21 30 26 219 30
internal_value=-0.000101322 -0.0795644 0.0231485 -0.11068
internal_weight=64.4558 14.59 49.8657 9.06315
internal_count=326 77 249 51
is_linear=0
shrinkage=0.1


Tree=41
num_leaves=8
num_cat=0
split_feature=2 3 1 3 2 0 0
split_gain=38.8484 9.81483 5.13252 0.140774 0.00790893 0.0030317 3.45758e-06
threshold=5.5000000000000009 5.5000000000000009 4.5000000000000009 5.5000000000000009 4.5000000000000009 4.5000000000000009 3.5000000000000004
decision_type=2 2 2 2 2 2 2
left_child=1 4 -3 -2 5 6 -1
right_child=3 2 -4 -5 -6 -7 -8
leaf_value=-0.11709673120168274 0.057571525800569713 -0.059513763346619501 -0.0014480703247556348 0.074081961799888532 -0.11205300986555025 -0.11401306162316915 -0.11697436529484845
leaf_weight=4.5228493809699994 6.1509075760841361 6.1330291628837568 6.6368511617183685 32.192975431680679 8.1171983480453491 4.822646990418435 4.717851996421814
leaf_count=22 24 29 29 130 44 25 23
internal_value=0.00192627 -0.0743296 -0.00448902 0.0714335 -0.114539 -0.115973 -0.117034
internal_weight=73.2943 34.9504 12.7699 38.3439 22.1805 14.0633 9.2407
internal_count=326 172 58 154 114 70 45
is_linear=0
shrinkage=0.1


Tree=42
num_leaves=10
num_cat=0
split_feature=3 0 0 2 2 1 2 0 3
split_gain=34.5189 8.04344 1.12254 0.1848 0.155538 0.107589 0.000899956 0.000140333 9.0501e-05
threshold=6.5000000000000009 7.5000000000000009 6.5000000000000009 5.5000000000000009 6.5000000000000009 5.5000000000000009 4.5000000000000009 4.5000000000000009 5.5000000000000009
decision_type=2 2 2 2 2 2 2 2 2
left_child=1 2 3 6 -2 -5 7 -1 -8
right_child=4 -3 -4 5 -6 -7 8 -9 -10
leaf_value=-0.099063540685332324 0.14326889033926657 0.045398076039079832 -0.023425997050923394 -0.086812356183129574 0.16809390708659344 -0.063158637057165443 -0.097546176600543349 -0.098141461330596091 -0.096831251796350312
leaf_weight=5.2821509242057889 6.211104601621626 2.9645942971110335 2.6756717264652243 1.8670108169317234 4.25125752389431 3.0213652476668358 3.8211573883891106 2.4006678313016891 3.2996399998664856
leaf_count=51 32 24 28 25 22 38 42 25 39
internal_value=0.000549808 -0.0625601 -0.0842002 -0.092458 0.153356 -0.0755999 -0.0980248 -0.0987754 -0.0972149
internal_weight=35.7946 25.3323 22.3677 19.692 10.4624 4.88838 14.8036 7.68282 7.1208
internal_count=326 272 248 220 54 63 157 76 81
is_linear=0
shrinkage=0.1


Tree=43
num_leaves=9
num_cat=0
split_feature=0 3 2 2 0 3 2 1
split_gain=19.9248 1.94779 0.000104637 1.62838e-05 7.63481e-06 6.35751e-06 2.31005e-06 1.42191e-06
threshold=7.5000000000000009 6.5000000000000009 4.5000000000000009 5.5000000000000009 4.5000000000000009 5.5000000000000009 3.5000000000000004 4.5000000000000009
decision_type=2 2 2 2 2 2 2 2
left_child=1 2 4 5 6 -4 -1 -7
right_child=-2 -3 3 -5 -6 7 -8 -9
leaf_value=-0.092707015323942432 0.18240019042951905 0.024469497186598198 -0.092060634548304751 -0.091587739461556517 -0.092257512845173334 -0.091897046005228855 -0.092499596056474953 -0.091756271543409137
leaf_weight=0.93263494968414007 4.2510554417967805 1.7072753384709365 1.6461837328970432 2.6284984368830919 1.0286077894270418 0.74802460893988609 1.2655307725071907 0.75781117007136345
leaf_count=21 39 39 44 83 26 21 30 23
internal_value=-0.000784277 -0.0734636 -0.0920262 -0.0917715 -0.0924824 -0.0919248 -0.0925876 -0.0917763
internal_weight=14.9656 10.7146 9.00729 5.78052 3.22677 3.15202 2.19817 1.50584
internal_count=326 287 248 171 77 88 51 44
is_linear=0
shrinkage=0.1


Tree=44
num_leaves=9
num_cat=0
split_feature=2 0 2 2 0 3 2 1
split_gain=5.97102 1.65864 2.61881e-06 3.46652e-07 1.7022e-07 1.45211e-07 5.12648e-08 3.91508e-08
threshold=6.5000000000000009 7.5000000000000009 4.5000000000000009 5.5000000000000009 4.5000000000000009 5.5000000000000009 3.5000000000000004 4.5000000000000009
decision_type=2 2 2 2 2 2 2 2
left_child=2 -2 4 5 6 -4 -1 -7
right_child=1 -3 3 -5 -6 7 -8 -9
leaf_value=-0.089959580987901036 0.039024189207273935 0.23968345245119407 -0.089778096994556411 -0.089655596737133275 -0.089836548508750072 -0.089738862249288301 -0.089902939687665717 -0.089697237062404123
leaf_weight=0.27775220293551695 0.76348661445081212 0.89464383665472269 0.48540076613426197 1.0001212609931827 0.30517210811376572 0.23218523990362883 0.37624658457934856 0.2815353237092495
leaf_count=21 27 17 44 110 26 22 30 29
internal_value=-0.00462001 0.14729 -0.0897624 -0.0896972 -0.0898982 -0.0897389 -0.089927 -0.0897018
internal_weight=4.61654 1.65813 2.95841 1.99924 0.959171 0.999121 0.653999 0.513721
internal_count=326 44 282 205 77 95 51 51
is_linear=0
shrinkage=0.1


Tree=45
num_leaves=2
num_cat=0
split_feature=3
split_gain=0.00101081
threshold=5.5000000000000009
decision_type=2
left_child=-1
right_child=-2
leaf_value=-0.0040463728395388563 0.00016050920242958173
leaf_weight=1.1690268595702948 1.116757836891338
leaf_count=138 188
internal_value=-0.00199103
internal_weight=2.28578
internal_count=326
is_linear=0
shrinkage=0.1


Tree=46
num_leaves=1
num_cat=0
split_feature=
split_gain=
threshold=
decision_type=
left_child=
right_child=
leaf_value=0
leaf_weight=
leaf_count=326
internal_value=
internal_weight=
internal_count=
is_linear=0
shrinkage=1


Tree=47
num_leaves=1
num_cat=0
split_feature=
split_gain=
threshold=
decision_type=
left_child=
right_child=
leaf_value=0
leaf_weight=
leaf_count=326
internal_value=
internal_weight=
internal_count=
is_linear=0
shrinkage=1


Tree=48
num_leaves=2
num_cat=0
split_feature=2
split_gain=1.48963
threshold=3.5000000000000004
decision_type=2
left_child=-1
right_child=-2
leaf_value=-0.05480715231682929 0.0029363840392269171
leaf_weight=4.8688829094171515 54.202242366969585
leaf_count=24 302
internal_value=-0.00182307
internal_weight=59.0711
internal_count=326
is_linear=0
shrinkage=0.1


Tree=49
num_leaves=5
num_cat=0
split_feature=2 0 0 2
split_gain=11.338 2.14993 0.140946 0.000655269
threshold=4.5000000000000009 4.5000000000000009 4.5000000000000009 3.5000000000000004
decision_type=2 2 2 2
left_child=1 3 -2 -1
right_child=2 -3 -4 -5
leaf_value=-0.11055914692352405 0.008769251765957841 -0.030171373217278988 0.024293174970840561 -0.1088099435698357
leaf_weight=3.7212965339422208 6.7649807035922995 5.58588021993637 43.173867300152779 5.0449961721897125
leaf_count=21 30 26 219 30
internal_value=-0.00032273 -0.0786573 0.0221902 -0.109552
internal_weight=64.291 14.3522 49.9388 8.76629
internal_count=326 77 249 51
is_linear=0
shrinkage=0.1


Tree=50
num_leaves=8
num_cat=0
split_feature=2 0 3 1 1 0 2
split_gain=34.3577 9.71785 3.56532 0.466764 0.152003 0.00360269 0.00191995
threshold=5.5000000000000009 5.5000000000000009 5.5000000000000009 4.5000000000000009 5.5000000000000009 4.5000000000000009 3.5000000000000004
decision_type=2 2 2 2 2 2 2
left_child=1 3 -3 5 -2 6 -1
right_child=4 2 -4 -5 -6 -7 -8
leaf_value=-0.11777417034933674 0.056503854214381248 -0.054503244821976375 -0.0023808461362187731 -0.083325708896367756 0.070491359063571027 -0.11268502682131568 -0.11511898037595521
leaf_weight=3.9376563131809297 10.746951699256895 4.4146167784929258 5.60124571621418 6.3106110394000998 28.038550034165382 4.6431951820850363 8.8307880908250791
leaf_count=19 42 25 25 33 112 25 45
internal_value=0.00242106 -0.0713773 -0.00238085 -0.106626 0.0666156 -0.11507 -0.115938
internal_weight=72.5236 33.7381 10.0159 23.7223 38.7855 17.4116 12.7684
internal_count=326 172 50 122 154 89 64
is_linear=0
shrinkage=0.1


Tree=51
num_leaves=11
num_cat=0
split_feature=3 0 0 2 2 1 2 0 3 2
split_gain=28.9766 7.89857 0.835376 0.20429 0.142931 0.115035 0.00116445 0.000190605 9.57635e-05 7.54624e-05
threshold=6.5000000000000009 6.5000000000000009 7.5000000000000009 5.5000000000000009 6.5000000000000009 5.5000000000000009 4.5000000000000009 4.5000000000000009 5.5000000000000009 3.5000000000000004
decision_type=2 2 2 2 2 2 2 2 2 2
left_child=1 3 -3 6 -2 -5 7 9 -8 -1
right_child=4 2 -4 5 -6 -7 8 -9 -10 -11
leaf_value=-0.099160460716005761 0.12571015022835591 -0.020446811217816375 0.037430795356203916 -0.085245612761301298 0.14881836290661885 -0.059649930844652047 -0.096905984511113624 -0.097619163925150743 -0.096144087201980089 -0.098385417023908572
leaf_weight=2.1927013322711044 6.583526670932768 2.5845101699233046 2.9453538805246353 1.6857539862394322 4.5104680210351944 2.7831611260771751 3.5854771584272385 2.2889283820986748 3.0556269809603691 2.9415424764156342
leaf_count=21 32 28 24 25 22 38 42 25 39 30
internal_value=0.00139974 -0.0602436 0.0374308 -0.0915992 0.135105 -0.0729738 -0.0975174 -0.0983781 -0.0965554 -0.0987164
internal_weight=35.1571 24.0631 5.52986 18.5332 11.094 4.46892 14.0643 7.42317 6.6411 5.13424
internal_count=326 272 52 220 54 63 157 76 81 51
is_linear=0
shrinkage=0.1


Tree=52
num_leaves=5
num_cat=0
split_feature=2 3 1 3
split_gain=17.6779 4.05498 0.460093 0.371508
threshold=6.5000000000000009 6.5000000000000009 6.5000000000000009 6.5000000000000009
decision_type=2 2 2 2
left_child=1 2 -1 -2
right_child=3 -3 -4 -5
leaf_value=-0.092696795019100331 0.16717137600042908 0.072564540253256316 -0.033361328996896582 0.23456938351651413
leaf_weight=8.2534769177436775 1.4996804967522632 1.6497623398900039 1.5526665002107627 1.7988585978746412
leaf_count=224 22 32 26 22
internal_value=-6.24428e-05 -0.0587978 -0.0833018 0.203927
internal_weight=14.7544 11.4559 9.80614 3.29854
internal_count=326 282 250 44
is_linear=0
shrinkage=0.1


Tree=53
num_leaves=3
num_cat=0
split_feature=3 1
split_gain=11.7738 2.38829
threshold=7.5000000000000009 6.5000000000000009
decision_type=2 2
left_child=1 -1
right_child=-2 -3
leaf_value=-0.090379399274368138 0.63239368189242207 0.077615024088212511
leaf_weight=3.069580087903887 0.27392811328172673 1.168350253254175
leaf_count=270 3 53
internal_value=-0.00299541 -0.0440652
internal_weight=4.51186 4.23793
internal_count=326 323
is_linear=0
shrinkage=0.1


Tree=54
num_leaves=2
num_cat=0
split_feature=3
split_gain=0.00406304
threshold=5.5000000000000009
decision_type=2
left_child=-1
right_child=-2
leaf_value=-0.0066784180291841371 0.0017310328239036018
leaf_weight=1.2057089153677227 1.0975083149969576
leaf_count=138 188
internal_value=-0.00267122
internal_weight=2.30322
internal_count=326
is_linear=0
shrinkage=0.1


Tree=55
num_leaves=1
num_cat=0
split_feature=
split_gain=
threshold=
decision_type=
left_child=
right_child=
leaf_value=0
leaf_weight=
leaf_count=326
internal_value=
internal_weight=
internal_count=
is_linear=0
shrinkage=1


Tree=56
num_leaves=1
num_cat=0
split_feature=
split_gain=
threshold=
decision_type=
left_child=
right_child=
leaf_value=0
leaf_weight=
leaf_count=326
internal_value=
internal_weight=
internal_count=
is_linear=0
shrinkage=1


Tree=57
num_leaves=2
num_cat=0
split_feature=2
split_gain=1.5598
threshold=3.5000000000000004
decision_type=2
left_child=-1
right_child=-2
leaf_value=-0.056340553444176468 0.0023961580390357614
leaf_weight=4.9334070384502402 54.104871049523354
leaf_count=24 302
internal_value=-0.00251205
internal_weight=59.0383
internal_count=326
is_linear=0
shrinkage=0.1


Tree=58
num_leaves=5
num_cat=0
split_feature=2 0 0 2
split_gain=10.7106 2.02903 0.211208 0.00089825
threshold=4.5000000000000009 4.5000000000000009 4.5000000000000009 3.5000000000000004
decision_type=2 2 2 2
left_child=1 3 -2 -1
right_child=2 -3 -4 -5
leaf_value=-0.10967255655006146 0.0048523052034726575 -0.030963177420087584 0.02372461049858994 -0.10759154791919708
leaf_weight=3.6271198540925962 6.8749857395887366 5.6140549778938285 43.146193340420723 4.8446265459060669
leaf_count=21 30 26 219 30
internal_value=-0.000559677 -0.0775863 0.0211308 -0.108483
internal_weight=64.107 14.0858 50.0212 8.47175
internal_count=326 77 249 51
is_linear=0
shrinkage=0.1


Tree=59
num_leaves=8
num_cat=0
split_feature=2 3 1 3 2 2 0
split_gain=30.3458 9.84054 4.17063 0.199157 0.00970186 0.00330367 0.00110716
threshold=5.5000000000000009 5.5000000000000009 4.5000000000000009 5.5000000000000009 4.5000000000000009 3.5000000000000004 4.5000000000000009
decision_type=2 2 2 2 2 2 2
left_child=1 4 -3 -2 5 -1 -7
right_child=3 2 -4 -5 -6 6 -8
leaf_value=-0.11497582557402025 0.046088207143567428 -0.057048340211828807 -0.0030039226302155057 0.065459600411682695 -0.10815753602620691 -0.11260616388373418 -0.1104385074611785
leaf_weight=4.3366090059280404 6.3315697312355033 5.7223221808671934 6.5232418477535248 32.807792693376541 7.2454319000244132 4.8627225756645203 3.8741752356290817
leaf_count=22 24 29 29 130 44 26 22
internal_value=0.00298647 -0.0683337 -0.00300392 0.0623259 -0.111093 -0.112719 -0.1116
internal_weight=71.7039 32.5645 12.2456 39.1394 20.3189 13.0735 8.7369
internal_count=326 172 58 154 114 70 48
is_linear=0
shrinkage=0.1


Tree=60
num_leaves=11
num_cat=0
split_feature=3 0 0 2 2 1 2 0 2 3
split_gain=24.7932 7.75692 0.47365 0.2242 0.166459 0.123671 0.00136493 0.000253247 0.000109791 7.1102e-05
threshold=6.5000000000000009 6.5000000000000009 7.5000000000000009 5.5000000000000009 6.5000000000000009 5.5000000000000009 4.5000000000000009 4.5000000000000009 3.5000000000000004 5.5000000000000009
decision_type=2 2 2 2 2 2 2 2 2 2
left_child=1 3 -3 6 -2 -5 7 8 -1 -8
right_child=4 2 -4 5 -6 -7 9 -9 -10 -11
leaf_value=-0.098908151172394945 0.11169044825182897 -0.017245309935007148 0.031813971409687669 -0.083653809851963079 0.13610642636553597 -0.055928776688057284 -0.096261714434062118 -0.097074944993789727 -0.097960510682658264 -0.095581791979836225
leaf_weight=2.1498453840613418 6.8995432406663877 2.4923614040017119 2.957540899515152 1.5273732356727112 4.6905864924192429 2.5614578649401665 3.3415130972862244 2.169841580092907 2.8345766365528107 2.8496599495410919
leaf_count=21 32 28 24 25 22 38 42 25 30 39
internal_value=0.00240866 -0.0579438 0.031814 -0.0907589 0.121572 -0.0702717 -0.0970359 -0.0979767 -0.0983692 -0.0959488
internal_weight=34.4743 22.8842 5.4499 17.4343 11.5901 4.08883 13.3454 7.15426 4.98442 6.19117
internal_count=326 272 52 220 54 63 157 76 51 81
is_linear=0
shrinkage=0.1


Tree=61
num_leaves=9
num_cat=0
split_feature=0 3 2 0 2 3 2 1
split_gain=15.5034 1.8256 0.000134714 1.45358e-05 7.17987e-06 5.83114e-06 5.74021e-06 6.35596e-07
threshold=7.5000000000000009 6.5000000000000009 4.5000000000000009 4.5000000000000009 5.5000000000000009 5.5000000000000009 3.5000000000000004 4.5000000000000009
decision_type=2 2 2 2 2 2 2 2
left_child=1 2 3 6 5 -4 -1 -7
right_child=-2 -3 4 -5 -6 7 -8 -9
leaf_value=-0.092585712543954174 0.14812484908854839 0.020761149631658996 -0.091651941664889269 -0.091921276217196354 -0.091270654279745886 -0.091501754747428887 -0.092251255499936319 -0.091391303760808604
leaf_weight=0.90526561439037023 4.7944970428943643 1.7601160667836673 1.445844653993845 0.93219320103526104 2.2411345858126879 0.6552518717944622 1.1847135871648788 0.64052507095038891
leaf_count=21 39 39 44 26 83 21 30 23
internal_value=0.000857915 -0.071448 -0.0917229 -0.0922497 -0.0914034 -0.091512 -0.0923961 -0.0913913
internal_weight=14.5595 9.76504 8.00493 3.02217 4.98276 2.74162 2.08998 1.29578
internal_count=326 287 248 77 171 88 51 44
is_linear=0
shrinkage=0.1


Tree=62
num_leaves=3
num_cat=0
split_feature=3 1
split_gain=6.62271 2.29329
threshold=7.5000000000000009 6.5000000000000009
decision_type=2 2
left_child=1 -1
right_child=-2 -3
leaf_value=-0.090170977133932725 0.37897335997797849 0.075798687367783252
leaf_weight=2.8176002707332377 0.41410622745752323 1.1816968084312973
leaf_count=270 3 53
internal_value=-0.00171284 -0.0411309
internal_weight=4.4134 3.9993
internal_count=326 323
is_linear=0
shrinkage=0.1


Tree=63
num_leaves=3
num_cat=0
split_feature=0 3
split_gain=0.108278 0.00208664
threshold=2.5000000000000004 5.5000000000000009
decision_type=2 2
left_child=-1 -2
right_child=1 -3
leaf_value=-0.089808598806726245 -0.00094821743365617293 0.0052362135235798461
leaf_weight=0.13634847290813956 1.1276228139176967 1.0569352142047135
leaf_count=12 128 186
internal_value=-0.00335221 0.00204394
internal_weight=2.32091 2.18456
internal_count=326 314
is_linear=0
shrinkage=0.1


Tree=64
num_leaves=1
num_cat=0
split_feature=
split_gain=
threshold=
decision_type=
left_child=
right_child=
leaf_value=0
leaf_weight=
leaf_count=326
internal_value=
internal_weight=
internal_count=
is_linear=0
shrinkage=1


Tree=65
num_leaves=1
num_cat=0
split_feature=
split_gain=
threshold=
decision_type=
left_child=
right_child=
leaf_value=0
leaf_weight=
leaf_count=326
internal_value=
internal_weight=
internal_count=
is_linear=0
shrinkage=1


Tree=66
num_leaves=2
num_cat=0
split_feature=2
split_gain=1.61189
threshold=3.5000000000000004
decision_type=2
left_child=-1
right_child=-2
leaf_value=-0.05759187368005643 0.0018366501719687661
leaf_weight=4.9855334609746924 53.978628486394882
leaf_count=24 302
internal_value=-0.00318815
internal_weight=58.9642
internal_count=326
is_linear=0
shrinkage=0.1


Tree=67
num_leaves=5
num_cat=0
split_feature=2 1 0 1
split_gain=10.1373 2.31677 0.263172 0.102341
threshold=4.5000000000000009 4.5000000000000009 4.5000000000000009 3.5000000000000004
decision_type=2 2 2 2
left_child=1 3 -2 -1
right_child=2 -3 -4 -5
leaf_value=-0.10909846479208141 0.0021113579579117958 -0.02820294467469351 0.023086012435554401 -0.088209101240057972
leaf_weight=6.6436463147401792 6.945755571126937 3.5480894297361365 43.114111386239529 3.6249585449695587
leaf_count=40 30 18 219 19
internal_value=-0.000753139 -0.0765817 0.0201758 -0.101724
internal_weight=63.8766 13.8167 50.0599 10.2686
internal_count=326 77 249 59
is_linear=0
shrinkage=0.1


Tree=68
num_leaves=9
num_cat=0
split_feature=2 3 1 3 2 2 0 1
split_gain=26.8216 9.61893 3.86652 0.198708 0.0104339 0.00391631 0.00115023 0.000168121
threshold=5.5000000000000009 5.5000000000000009 4.5000000000000009 5.5000000000000009 4.5000000000000009 3.5000000000000004 4.5000000000000009 5.5000000000000009
decision_type=2 2 2 2 2 2 2 2
left_child=1 4 -3 -2 5 -1 -7 -5
right_child=3 2 -4 7 -6 6 -8 -9
leaf_value=-0.11361551152686854 0.042324598614479569 -0.056448122167828456 -0.0034757016897458085 0.061223918069951339 -0.10625606572568369 -0.11091945159990538 -0.10869260075699649 0.061734150446470328
leaf_weight=4.207822024822236 6.3825351148843756 5.5876375436782855 6.4870673269033432 8.8034414798021299 6.7661817818880072 4.6553034633398056 3.6684863716363907 24.236841097474098
leaf_count=22 24 29 29 34 44 26 22 96
internal_value=0.00356919 -0.0654292 -0.0034757 0.0584778 -0.109421 -0.111129 -0.109872 0.0615982
internal_weight=70.7953 31.3725 12.0747 39.4228 19.2978 12.5316 8.32379 33.0403
internal_count=326 172 58 154 114 70 48 130
is_linear=0
shrinkage=0.1


Tree=69
num_leaves=7
num_cat=0
split_feature=2 3 0 0 3 1
split_gain=21.6449 7.17732 2.12476 0.52581 0.502322 0.00104327
threshold=5.5000000000000009 6.5000000000000009 7.5000000000000009 5.5000000000000009 5.5000000000000009 3.5000000000000004
decision_type=2 2 2 2 2 2
left_child=3 2 -2 5 -5 -1
right_child=1 -3 -4 4 -6 -7
leaf_value=-0.099666830202533307 -0.0056993514631665078 0.12804159383888947 0.065559310019158698 -0.078109524391846208 -0.025021392808945622 -0.097659787706542101
leaf_weight=4.6911202520132047 5.3557385392487058 10.80474579334259 2.6427036225795746 2.0428858697414389 2.4487737864255905 5.7821389585733414
leaf_count=50 83 49 22 25 25 72
internal_value=0.00346026 0.0748846 0.00307703 -0.0862833 -0.0576603 -0.0985588
internal_weight=33.7681 18.8032 7.99844 14.9649 4.49166 10.4733
internal_count=326 154 105 172 50 122
is_linear=0
shrinkage=0.1


Tree=70
num_leaves=4
num_cat=0
split_feature=2 3 1
split_gain=13.4609 3.71229 0.950781
threshold=6.5000000000000009 6.5000000000000009 7.5000000000000009
decision_type=2 2 2
left_child=1 2 -1
right_child=-2 -3 -4
leaf_value=-0.092920078741463519 0.16441592860304965 0.054194233501378419 -0.014047742027856681
leaf_weight=8.1817180607467836 3.753488179296256 1.6841517798602588 0.7059099096804865
leaf_count=242 44 32 8
internal_value=0.00173283 -0.0560275 -0.0822897
internal_weight=14.3253 10.5718 8.88763
internal_count=326 282 250
is_linear=0
shrinkage=0.1


Tree=71
num_leaves=5
num_cat=0
split_feature=3 2 2 0
split_gain=4.93227 1.11865e-06 3.34431e-07 1.49917e-07
threshold=6.5000000000000009 3.5000000000000004 4.5000000000000009 4.5000000000000009
decision_type=2 2 2 2
left_child=1 -1 3 -3
right_child=-2 2 -4 -5
leaf_value=-0.089900519311307686 0.12792144714569229 -0.089797640314608698 -0.089672062911114195 -0.089716417074760468
leaf_weight=0.29970807116478715 1.7687413841485975 0.3403637167066339 1.6609120764769612 0.23076343629509211
leaf_count=24 54 30 195 23
internal_value=-0.000206065 -0.0897191 -0.0896948 -0.0897608
internal_weight=4.30049 2.53175 2.23204 0.571127
internal_count=326 272 248 53
is_linear=0
shrinkage=0.1


Tree=72
num_leaves=2
num_cat=0
split_feature=3
split_gain=0.0152933
threshold=5.5000000000000009
decision_type=2
left_child=-1
right_child=-2
leaf_value=-0.011406151648880557 0.0048355895247401024
leaf_weight=1.2776354770176115 1.061346463859081
leaf_count=138 188
internal_value=-0.00403623
internal_weight=2.33898
internal_count=326
is_linear=0
shrinkage=0.1


Tree=73
num_leaves=1
num_cat=0
split_feature=
split_gain=
threshold=
decision_type=
left_child=
right_child=
leaf_value=0
leaf_weight=
leaf_count=326
internal_value=
internal_weight=
internal_count=
is_linear=0
shrinkage=1


Tree=74
num_leaves=1
num_cat=0
split_feature=
split_gain=
threshold=
decision_type=
left_child=
right_child=
leaf_value=0
leaf_weight=
leaf_count=326
internal_value=
internal_weight=
internal_count=
is_linear=0
shrinkage=1


Tree=75
num_leaves=2
num_cat=0
split_feature=2
split_gain=1.65407
threshold=3.5000000000000004
decision_type=2
left_child=-1
right_child=-2
leaf_value=-0.058684513929533492 0.0012699435921304063
leaf_weight=5.0318221151828757 53.821674719452858
leaf_count=24 302
internal_value=-0.00385601
internal_weight=58.8535
internal_count=326
is_linear=0
shrinkage=0.1


Tree=76
num_leaves=5
num_cat=0
split_feature=2 1 0 1
split_gain=9.48625 2.20114 0.309341 0.107015
threshold=4.5000000000000009 4.5000000000000009 4.5000000000000009 3.5000000000000004
decision_type=2 2 2 2
left_child=1 3 -2 -1
right_child=2 -3 -4 -5
leaf_value=-0.10801876364702256 -0.00016912104756831617 -0.027882763738224337 0.022499082660534669 -0.086337081055449655
leaf_weight=6.4049800932407361 6.998629927635192 3.5747794061899176 43.056866526603699 3.5316727161407471
leaf_count=40 30 18 219 19
internal_value=-0.000740752 -0.0750952 0.0193297 -0.100313
internal_weight=63.5669 13.5114 50.0555 9.93665
internal_count=326 77 249 59
is_linear=0
shrinkage=0.1


Tree=77
num_leaves=9
num_cat=0
split_feature=2 0 3 1 3 2 0 1
split_gain=23.9393 9.39282 2.16978 0.513899 0.208935 0.00552818 0.00193214 0.000892395
threshold=5.5000000000000009 5.5000000000000009 5.5000000000000009 4.5000000000000009 5.5000000000000009 3.5000000000000004 4.5000000000000009 5.5000000000000009
decision_type=2 2 2 2 2 2 2 2
left_child=1 3 -3 5 -2 -1 -7 -6
right_child=4 2 -4 -5 7 6 -8 -9
leaf_value=-0.11375010699305146 0.038992079630288216 -0.0523594952691539 -0.0035811404613403323 -0.075075085291590279 0.057831889260301909 -0.110313957655599 -0.10752111637701678 0.059004650655599206
leaf_weight=3.9871899336576524 6.426984727382659 3.7898136079311353 5.4983169287443161 5.5590829849243155 8.8492168933153135 7.781185716390608 3.6339720338582993 24.320970177650452
leaf_count=21 24 25 25 33 34 45 23 96
internal_value=0.00432495 -0.0626566 -0.00358114 -0.101138 0.0554943 -0.110545 -0.109425 0.0586918
internal_weight=69.8467 30.2496 9.28813 20.9614 39.5972 15.4023 11.4152 33.1702
internal_count=326 172 50 122 154 89 68 130
is_linear=0
shrinkage=0.1


Tree=78
num_leaves=7
num_cat=0
split_feature=2 0 3 0 3 1
split_gain=19.6938 6.11416 5.67424 0.537281 0.507938 0.00103413
threshold=5.5000000000000009 5.5000000000000009 6.5000000000000009 5.5000000000000009 5.5000000000000009 3.5000000000000004
decision_type=2 2 2 2 2 2
left_child=3 -2 -3 5 -5 -1
right_child=1 2 -4 4 -6 -7
leaf_value=-0.099087652779925636 -0.0075515316364949854 0.044646362451741042 0.14727921520934675 -0.076906378421559951 -0.022867109832646847 -0.09703952680694343
leaf_weight=4.509687624871729 2.9368945099413422 6.5935182273387918 9.5669571459293365 1.9524449408054341 2.4006116092205048 5.4379102885723114
leaf_count=50 30 82 42 25 25 72
internal_value=0.00359278 0.0700428 0.0968443 -0.0851459 -0.0558447 -0.097968
internal_weight=33.398 19.0974 16.1605 14.3007 4.35306 9.9476
internal_count=326 154 124 172 50 122
is_linear=0
shrinkage=0.1


Tree=79
num_leaves=7
num_cat=0
split_feature=0 3 2 2 0 3
split_gain=12.5533 1.76461 0.000138837 2.06738e-05 6.3562e-06 1.58088e-06
threshold=7.5000000000000009 6.5000000000000009 4.5000000000000009 3.5000000000000004 4.5000000000000009 5.5000000000000009
decision_type=2 2 2 2 2 2
left_child=1 2 3 -1 -5 -4
right_child=-2 -3 5 4 -6 -7
leaf_value=-0.092384192359914685 0.12662793648618761 0.020218493450775917 -0.091184594592940857 -0.091968623429875704 -0.091588985719623733 -0.091060122652198372
leaf_weight=0.98051109537482095 5.194067358970643 1.7672843150794504 1.6807028781622646 1.0914489068090913 0.74005272984504711 2.5970657784491777
leaf_count=24 39 39 63 30 23 108
internal_value=0.00319968 -0.0691826 -0.0914678 -0.0920136 -0.0918152 -0.091109
internal_weight=14.0511 8.85707 7.08978 2.81201 1.8315 4.27777
internal_count=326 287 248 77 53 171
is_linear=0
shrinkage=0.1


Tree=80
num_leaves=6
num_cat=0
split_feature=3 1 2 2 0
split_gain=4.45194 0.477798 1.89769e-06 4.80411e-07 1.34973e-07
threshold=6.5000000000000009 6.5000000000000009 4.5000000000000009 3.5000000000000004 4.5000000000000009
decision_type=2 2 2 2 2
left_child=2 -2 3 -1 -5
right_child=1 -3 -4 4 -6
leaf_value=-0.089881892301473656 0.051482594988033217 0.15682033489894778 -0.089591309550728429 -0.089766322507975602 -0.089685088152963527
leaf_weight=0.29427551757544312 0.68309458019211877 1.1649579433724282 1.5038695279508827 0.32640532311052084 0.22052851133048534
leaf_count=24 36 18 195 30 23
internal_value=0.00181252 0.117884 -0.0896586 -0.0897789 -0.0897234
internal_weight=4.19313 1.84805 2.34508 0.841209 0.546934
internal_count=326 54 272 77 53
is_linear=0
shrinkage=0.1


Tree=81
num_leaves=3
num_cat=0
split_feature=0 3
split_gain=0.108683 0.00963506
threshold=2.5000000000000004 5.5000000000000009
decision_type=2 2
left_child=-1 -2
right_child=1 -3
leaf_value=-0.089841387964485875 -0.0053681347938356275 0.0078581334141914656
leaf_weight=0.14077410940080914 1.1859696144238117 1.0283745597116647
leaf_count=12 128 186
internal_value=-0.00464209 0.000774342
internal_weight=2.35512 2.21434
internal_count=326 314
is_linear=0
shrinkage=0.1


Tree=82
num_leaves=1
num_cat=0
split_feature=
split_gain=
threshold=
decision_type=
left_child=
right_child=
leaf_value=0
leaf_weight=
leaf_count=326
internal_value=
internal_weight=
internal_count=
is_linear=0
shrinkage=1


Tree=83
num_leaves=1
num_cat=0
split_feature=
split_gain=
threshold=
decision_type=
left_child=
right_child=
leaf_value=0
leaf_weight=
leaf_count=326
internal_value=
internal_weight=
internal_count=
is_linear=0
shrinkage=1


Tree=84
num_leaves=2
num_cat=0
split_feature=2
split_gain=1.68565
threshold=3.5000000000000004
decision_type=2
left_child=-1
right_child=-2
leaf_value=-0.059555351669951309 0.00077769413149235216
leaf_weight=5.0686202794313422 53.611161179840565
leaf_count=24 302
internal_value=-0.00443373
internal_weight=58.6798
internal_count=326
is_linear=0
shrinkage=0.1


Tree=85
num_leaves=5
num_cat=0
split_feature=2 1 0 1
split_gain=8.84455 2.11486 0.375386 0.112191
threshold=4.5000000000000009 4.5000000000000009 4.5000000000000009 3.5000000000000004
decision_type=2 2 2 2
left_child=1 3 -2 -1
right_child=2 -3 -4 -5
leaf_value=-0.10699347070719128 -0.0027883955739622206 -0.027453215652019067 0.022088180779344154 -0.08445439037018794
leaf_weight=6.1704723685979825 7.0636153221130362 3.5798121988773337 42.946415789425373 3.4394049197435379
leaf_count=40 30 18 219 19
internal_value=-0.000637326 -0.0734809 0.0185745 -0.0989267
internal_weight=63.1997 13.1897 50.01 9.60988
internal_count=326 77 249 59
is_linear=0
shrinkage=0.1


Tree=86
num_leaves=7
num_cat=0
split_feature=0 3 0 1 0 1
split_gain=22.782 10.1597 4.2755 0.96352 0.0624885 0.0847297
threshold=4.5000000000000009 5.5000000000000009 6.5000000000000009 5.5000000000000009 3.5000000000000004 3.5000000000000004
decision_type=2 2 2 2 2 2
left_child=4 2 -2 -3 -1 -6
right_child=1 3 -4 -5 5 -7
leaf_value=-0.11534909506480893 -0.036312493877930084 0.038698912464858314 0.011933858544819695 0.071262172993777392 -0.10860138958340376 -0.091504662685534713
leaf_weight=5.7580226212739918 10.552019119262694 13.774390406906603 3.5845567286014548 26.700307339429855 4.2688316702842712 4.2212518900632858
leaf_count=32 64 59 15 107 25 24
internal_value=0.00530252 0.0346825 -0.0363125 0.0601802 -0.107308 -0.101854
internal_weight=68.8594 54.6113 14.1366 40.4747 14.2481 8.49008
internal_count=326 245 79 166 81 49
is_linear=0
shrinkage=0.1


Tree=87
num_leaves=5
num_cat=0
split_feature=0 3 0 1
split_gain=17.9328 9.20746 3.43543 0.480263
threshold=5.5000000000000009 6.5000000000000009 7.5000000000000009 5.5000000000000009
decision_type=2 2 2 2
left_child=3 2 -2 -1
right_child=1 -3 -4 -5
leaf_value=-0.10024558839037326 -0.01633584519766651 0.12457718788118631 0.058053225254635854 -0.042544257438725253
leaf_weight=10.65602921694517 7.1671615839004517 10.677316963672638 2.9750417023897171 1.6683048531413067
leaf_count=131 105 45 24 21
internal_value=0.00316926 0.0597631 -0.00847074 -0.0924347
internal_weight=33.1439 20.8195 10.1422 12.3243
internal_count=326 174 129 152
is_linear=0
shrinkage=0.1


Tree=88
num_leaves=8
num_cat=0
split_feature=0 3 2 2 0 3 0
split_gain=10.8129 1.80169 0.000156402 2.47188e-05 6.08808e-06 2.14847e-06 1.5029e-08
threshold=7.5000000000000009 6.5000000000000009 4.5000000000000009 3.5000000000000004 4.5000000000000009 5.5000000000000009 5.5000000000000009
decision_type=2 2 2 2 2 2 2
left_child=1 2 3 -1 -5 6 -4
right_child=-2 -3 5 4 -6 -7 -8
leaf_value=-0.092303026258125226 0.113324983626459 0.022873665978610104 -0.091005670979895315 -0.091824339770703353 -0.091443501035714275 -0.09084527918064926 -0.090985769847789666
leaf_weight=0.95932975038885904 5.4813629835844049 1.716640632599592 0.87722522020339988 1.0435897894203661 0.70219773612916481 2.3503698259592056 0.66875811293721199
leaf_count=24 39 39 35 30 23 108 28
internal_value=0.00427965 -0.0675777 -0.0913111 -0.0918952 -0.0916712 -0.0909055 -0.0909971
internal_weight=13.7995 8.31811 6.60147 2.70512 1.74579 3.89635 1.54598
internal_count=326 287 248 77 53 171 63
is_linear=0
shrinkage=0.1


Tree=89
num_leaves=4
num_cat=0
split_feature=0 3 1
split_gain=4.30754 1.63878 0.9722
threshold=6.5000000000000009 7.5000000000000009 6.5000000000000009
decision_type=2 2 2
left_child=-1 2 -2
right_child=1 -3 -4
leaf_value=-0.08999248030294571 0.013135042779780266 0.26451295816835929 0.13078358330666862
leaf_weight=2.2235336727462709 0.44176355237141229 0.53219959139823902 0.8852479187771678
leaf_count=247 41 3 35
internal_value=0.00393249 0.116263 0.0568066
internal_weight=4.08274 1.85921 1.32701
internal_count=326 79 76
is_linear=0
shrinkage=0.1


Tree=90
num_leaves=3
num_cat=0
split_feature=0 3
split_gain=0.104804 0.0148381
threshold=2.5000000000000004 5.5000000000000009
decision_type=2 2
left_child=-1 -2
right_child=1 -3
leaf_value=-0.089819008979250825 -0.0072714564931095176 0.0091141040322735255
leaf_weight=0.13732168171554837 1.2129593770951035 1.0152225601486859
leaf_count=12 128 186
internal_value=-0.00503116 0.000194267
internal_weight=2.3655 2.22818
internal_count=326 314
is_linear=0
shrinkage=0.1


Tree=91
num_leaves=1
num_cat=0
split_feature=
split_gain=
threshold=
decision_type=
left_child=
right_child=
leaf_value=0
leaf_weight=
leaf_count=326
internal_value=
internal_weight=
internal_count=
is_linear=0
shrinkage=1


Tree=92
num_leaves=1
num_cat=0
split_feature=
split_gain=
threshold=
decision_type=
left_child=
right_child=
leaf_value=0
leaf_weight=
leaf_count=326
internal_value=
internal_weight=
internal_count=
is_linear=0
shrinkage=1


Tree=93
num_leaves=2
num_cat=0
split_feature=2
split_gain=1.71615
threshold=3.5000000000000004
decision_type=2
left_child=-1
right_child=-2
leaf_value=-0.060170671948005287 0.00058422449464728781
leaf_weight=5.093551129102706 53.313546761870384
leaf_count=24 302
internal_value=-0.00471407
internal_weight=58.4071
internal_count=326
is_linear=0
shrinkage=0.1


Tree=94
num_leaves=5
num_cat=0
split_feature=2 1 0 1
split_gain=8.21472 2.03987 0.493026 0.121993
threshold=4.5000000000000009 4.5000000000000009 4.5000000000000009 3.5000000000000004
decision_type=2 2 2 2
left_child=1 3 -2 -1
right_child=2 -3 -4 -5
leaf_value=-0.10597496572037071 -0.0061425559000654684 -0.026731539206366839 0.022190795034040284 -0.082048462748432097
leaf_weight=5.9331649243831617 7.1714406609535208 3.5728235095739356 42.762872882187366 3.3252659738063812
leaf_count=40 30 18 219 19
internal_value=-0.000217164 -0.0715847 0.0181216 -0.0973815
internal_weight=62.7656 12.8313 49.9343 9.25843
internal_count=326 77 249 59
is_linear=0
shrinkage=0.1


Tree=95
num_leaves=7
num_cat=0
split_feature=0 3 0 1 0 1
split_gain=20.7907 9.06587 4.16109 0.910347 0.0618464 0.0880643
threshold=4.5000000000000009 5.5000000000000009 6.5000000000000009 5.5000000000000009 3.5000000000000004 3.5000000000000004
decision_type=2 2 2 2 2 2
left_child=4 2 -2 -3 -1 -6
right_child=1 3 -4 -5 5 -7
leaf_value=-0.11348846567778592 -0.036315516101509973 0.035743262328645442 0.010101013691481715 0.067269442476884087 -0.10662721501409321 -0.088968056640584464
leaf_weight=5.5116019695997212 10.402629062533377 13.899836137890814 3.5796755552291861 26.856567770242691 4.0765451043844223 4.0509020090103149
leaf_count=32 64 59 15 107 25 24
internal_value=0.00515561 0.0326803 -0.0363155 0.0565175 -0.105311 -0.099766
internal_weight=68.3778 54.7387 13.9823 40.7564 13.639 8.12745
internal_count=326 245 79 166 81 49
is_linear=0
shrinkage=0.1


Tree=96
num_leaves=8
num_cat=0
split_feature=2 0 3 0 3 3 1
split_gain=16.6917 4.66269 3.67509 0.515183 0.490659 0.264201 0.000873106
threshold=5.5000000000000009 5.5000000000000009 6.5000000000000009 5.5000000000000009 5.5000000000000009 5.5000000000000009 3.5000000000000004
decision_type=2 2 2 2 2 2 2
left_child=3 -2 5 6 -5 -3 -1
right_child=1 2 -4 4 -6 -7 -8
leaf_value=-0.098005993612634776 -0.010463261416916232 0.03686381886313287 0.12203382538447789 -0.075676981880810346 -0.021758356064682582 0.063765503586104638 -0.096025384367678046
leaf_weight=4.1556838378310186 2.7077178210020092 1.5677725188434131 10.246480569243431 1.8387169465422619 2.3375109545886517 4.9620307050645351 4.7924954183399677
leaf_count=50 30 18 42 25 25 64 72
internal_value=0.00376348 0.0624835 0.0841909 -0.08341 -0.0544088 0.0368638 -0.0969452
internal_weight=32.6084 19.484 16.7763 13.1244 4.17623 6.5298 8.94818
internal_count=326 154 124 172 50 82 122
is_linear=0
shrinkage=0.1


Tree=97
num_leaves=5
num_cat=0
split_feature=2 3 1 3
split_gain=10.3783 3.38424 0.840166 0.337078
threshold=6.5000000000000009 6.5000000000000009 7.5000000000000009 6.5000000000000009
decision_type=2 2 2 2
left_child=1 2 -1 -2
right_child=3 -3 -4 -5
leaf_value=-0.092995641316853922 0.10730254565809925 0.04342514026014465 -0.018808322441398458 0.16498988388547986
leaf_weight=6.9617515169084054 1.8539496138691909 1.7061660960316656 0.76200466975569714 2.2328012622892857
leaf_count=242 22 32 8 22
internal_value=0.0057153 -0.0519698 -0.0810418 0.13882
internal_weight=13.5167 9.42992 7.72376 4.08675
internal_count=326 282 250 44
is_linear=0
shrinkage=0.1


Tree=98
num_leaves=5
num_cat=0
split_feature=2 2 2 0
split_gain=3.84631 2.96541e-06 6.83591e-07 1.42303e-07
threshold=6.5000000000000009 4.5000000000000009 3.5000000000000004 4.5000000000000009
decision_type=2 2 2 2
left_child=1 2 -1 -4
right_child=-2 -3 3 -5
leaf_value=-0.08984018717932496 0.10671900043422296 -0.089468924441137493 -0.089689350449629779 -0.089592408777860733
leaf_weight=0.2820185078307994 1.9243382010608909 1.2971089642960576 0.29825608897954226 0.19739939086139202
leaf_count=24 44 205 30 23
internal_value=0.00488677 -0.0895615 -0.0897159 -0.0896452
internal_weight=3.99912 2.07478 0.777674 0.495655
internal_count=326 282 77 53
is_linear=0
shrinkage=0.1


Tree=99
num_leaves=2
num_cat=0
split_feature=3
split_gain=0.033406
threshold=5.5000000000000009
decision_type=2
left_child=-1
right_child=-2
leaf_value=-0.015731562206377097 0.0082128838956876619
leaf_weight=1.351076420163736 1.0244663322810081
leaf_count=138 188
internal_value=-0.00540538
internal_weight=2.37554
internal_count=326
is_linear=0
shrinkage=0.1


Tree=100
num_leaves=1
num_cat=0
split_feature=
split_gain=
threshold=
decision_type=
left_child=
right_child=
leaf_value=0
leaf_weight=
leaf_count=326
internal_value=
internal_weight=
internal_count=
is_linear=0
shrinkage=1


Tree=101
num_leaves=1
num_cat=0
split_feature=
split_gain=
threshold=
decision_type=
left_child=
right_child=
leaf_value=0
leaf_weight=
leaf_count=326
internal_value=
internal_weight=
internal_count=
is_linear=0
shrinkage=1


Tree=102
num_leaves=2
num_cat=0
split_feature=2
split_gain=1.72969
threshold=3.5000000000000004
decision_type=2
left_child=-1
right_child=-2
leaf_value=-0.060574033323969302 0.00034919261005508909
leaf_weight=5.1094091534614554 53.003651671111584
leaf_count=24 302
internal_value=-0.00500729
internal_weight=58.1131
internal_count=326
is_linear=0
shrinkage=0.1


Tree=103
num_leaves=4
num_cat=0
split_feature=1 2 2
split_gain=7.9704 2.37648 0.618792
threshold=3.5000000000000004 4.5000000000000009 4.5000000000000009
decision_type=2 2 2
left_child=2 -2 -1
right_child=1 -3 -4
leaf_value=-0.1050071590600405 -0.034401154341104127 0.023519388201469118 -0.052937324659709906
leaf_weight=5.6949370950460416 6.7852073013782492 46.035193845629692 3.8086483627557755
leaf_count=40 37 233 16
internal_value=0.000168447 0.0153374 -0.0841397
internal_weight=62.324 52.8204 9.50359
internal_count=326 270 56
is_linear=0
shrinkage=0.1


Tree=104
num_leaves=7
num_cat=0
split_feature=2 0 3 2 1 2
split_gain=19.2036 6.72514 3.01798 1.26949 0.727427 0.00418773
threshold=4.5000000000000009 4.5000000000000009 5.5000000000000009 5.5000000000000009 5.5000000000000009 3.5000000000000004
decision_type=2 2 2 2 2 2
left_child=5 -2 3 -3 -4 -1
right_child=1 2 4 -5 -6 -7
leaf_value=-0.11035581235598302 -0.038738687059510113 0.0017084621542638651 0.03572803126807586 0.028057114051835731 0.063959480575395716 -0.1064627634401701
leaf_weight=4.1920728981494877 4.7971198707818976 4.1351068168878538 13.795334607362745 5.8498286306858063 26.970200568437576 8.1060137748718262
leaf_count=24 30 32 58 22 107 53
internal_value=0.00527924 0.0303124 0.0421556 0.00170846 0.0544058 -0.10779
internal_weight=67.8457 55.5476 50.7505 9.98494 40.7655 12.2981
internal_count=326 249 219 54 165 77
is_linear=0
shrinkage=0.1


Tree=105
num_leaves=6
num_cat=0
split_feature=0 3 3 0 1
split_gain=14.9623 6.88345 1.91874 1.881 0.541897
threshold=5.5000000000000009 5.5000000000000009 6.5000000000000009 7.5000000000000009 5.5000000000000009
decision_type=2 2 2 2 2
left_child=4 -2 3 -3 -1
right_child=1 2 -4 -5 -6
leaf_value=-0.099135252705607038 -0.018738980315918009 0.031136044281688608 0.10622883808654718 0.072298406442089846 -0.034793836560775136
leaf_weight=9.6014099530875665 3.3464573584497002 4.2419592328369626 11.212171524763107 2.3885623067617416 1.5156154707074154
leaf_count=131 43 67 45 19 21
internal_value=0.00359143 0.0528854 0.0810111 0.038368 -0.0903634
internal_weight=32.3062 21.1892 17.8427 6.63052 11.117
internal_count=326 174 131 86 152
is_linear=0
shrinkage=0.1


Tree=106
num_leaves=7
num_cat=0
split_feature=0 3 2 2 0 3
split_gain=9.20183 1.70475 0.000141281 3.26011e-05 6.28007e-06 7.4177e-07
threshold=7.5000000000000009 6.5000000000000009 4.5000000000000009 3.5000000000000004 4.5000000000000009 5.5000000000000009
decision_type=2 2 2 2 2 2
left_child=1 2 3 -1 -5 -4
right_child=-2 -3 5 4 -6 -7
leaf_value=-0.092123591206699204 0.10364421234843001 0.019360489377473852 -0.090706895146538499 -0.091533668050129205 -0.091148685370500415 -0.090610247412679659
leaf_weight=0.91160637885332119 5.6863704845309258 1.7432438693940637 1.3276307489722967 0.9460334237664938 0.61764037422835827 1.9761517075821757
leaf_count=24 39 39 63 30 23 108
internal_value=0.0076455 -0.0649232 -0.0910771 -0.0916483 -0.0913712 -0.0906491
internal_weight=13.2087 7.52231 5.77906 2.47528 1.56367 3.30378
internal_count=326 287 248 77 53 171
is_linear=0
shrinkage=0.1


Tree=107
num_leaves=5
num_cat=0
split_feature=3 2 2 0
split_gain=3.72441 1.97301e-06 3.87447e-07 1.41852e-07
threshold=6.5000000000000009 3.5000000000000004 4.5000000000000009 4.5000000000000009
decision_type=2 2 2 2
left_child=1 -1 3 -3
right_child=-2 2 -4 -5
leaf_value=-0.089817166690900327 0.10633305368023108 -0.089650577433651457 -0.089498456776102908 -0.089551958211000426
leaf_weight=0.27520555164665017 1.9253957867622373 0.28402054123580445 1.2120402746368197 0.18544390192255378
leaf_count=24 54 30 195 23
internal_value=0.00759194 -0.089569 -0.0895283 -0.0896055
internal_weight=3.88211 1.95671 1.6815 0.469464
internal_count=326 272 248 53
is_linear=0
shrinkage=0.1


Tree=108
num_leaves=2
num_cat=0
split_feature=3
split_gain=0.0389876
threshold=5.5000000000000009
decision_type=2
left_child=-1
right_child=-2
leaf_value=-0.01662511379630862 0.0092559502879882606
leaf_weight=1.3671747890766712 1.0135611050063742
leaf_count=138 188
internal_value=-0.00560666
internal_weight=2.38074
internal_count=326
is_linear=0
shrinkage=0.1


Tree=109
num_leaves=1
num_cat=0
split_feature=
split_gain=
threshold=
decision_type=
left_child=
right_child=
leaf_value=0
leaf_weight=
leaf_count=326
internal_value=
internal_weight=
internal_count=
is_linear=0
shrinkage=1


Tree=110
num_leaves=1
num_cat=0
split_feature=
split_gain=
threshold=
decision_type=
left_child=
right_child=
leaf_value=0
leaf_weight=
leaf_count=326
internal_value=
internal_weight=
internal_count=
is_linear=0
shrinkage=1


Tree=111
num_leaves=2
num_cat=0
split_feature=2
split_gain=1.74944
threshold=3.5000000000000004
decision_type=2
left_child=-1
right_child=-2
leaf_value=-0.060859405561099034 0.00037071982528772513
leaf_weight=5.1205662488937369 52.595100551843643
leaf_count=24 302
internal_value=-0.00506165
internal_weight=57.7157
internal_count=326
is_linear=0
shrinkage=0.1


Tree=112
num_leaves=4
num_cat=0
split_feature=1 2 2
split_gain=7.42831 2.35056 0.646416
threshold=3.5000000000000004 4.5000000000000009 4.5000000000000009
decision_type=2 2 2
left_child=2 -2 -1
right_child=1 -3 -4
leaf_value=-0.1041258572972948 -0.033505237686811455 0.023327997361120692 -0.050216362660173278
leaf_weight=5.4607961326837522 6.782708376646041 45.904225818812847 3.7527895420789719
leaf_count=40 37 233 16
internal_value=0.000671073 0.0151575 -0.082168
internal_weight=61.9005 52.6869 9.21359
internal_count=326 270 56
is_linear=0
shrinkage=0.1


Tree=113
num_leaves=8
num_cat=0
split_feature=0 3 0 1 0 3 2
split_gain=17.7315 7.44715 3.97777 0.819884 1.76948 0.0734874 0.000420168
threshold=4.5000000000000009 5.5000000000000009 6.5000000000000009 5.5000000000000009 5.5000000000000009 5.5000000000000009 3.5000000000000004
decision_type=2 2 2 2 2 2 2
left_child=5 2 -2 4 -3 6 -1
right_child=1 3 -4 -5 -6 -7 -8
leaf_value=-0.10817431064573127 -0.03627767286341365 0.0081442137826712013 0.0081442137826712013 0.060969245886079639 0.046091116667365171 -0.090762485073667298 -0.1067241137265062
leaf_weight=3.1311423629522306 10.056012146174906 5.2912936657667151 3.5833159387111655 27.040068581700325 8.7906288504600507 3.9327566623687735 5.5200193077325821
leaf_count=19 64 23 15 107 36 22 40
internal_value=0.00494381 0.0295412 -0.034491 0.0507794 0.031213 -0.102097 -0.107249
internal_weight=67.3452 54.7613 13.6393 41.122 14.0819 12.5839 8.65116
internal_count=326 245 79 166 59 81 59
is_linear=0
shrinkage=0.1


Tree=114
num_leaves=9
num_cat=0
split_feature=2 0 3 0 3 2 1 2
split_gain=14.0846 3.58428 2.83792 0.493522 0.46629 0.327815 0.000769026 3.85395e-06
threshold=5.5000000000000009 5.5000000000000009 6.5000000000000009 5.5000000000000009 5.5000000000000009 6.5000000000000009 3.5000000000000004 3.5000000000000004
decision_type=2 2 2 2 2 2 2 2
left_child=3 -2 5 6 -5 -3 7 -1
right_child=1 2 -4 4 -6 -7 -8 -9
leaf_value=-0.097127298315777946 -0.012974855722220286 0.030182092254875972 0.10558524695143041 -0.074530651623211902 -0.02139082560939198 0.067883669603153202 -0.095051709894083111 -0.096925352640558377
leaf_weight=1.7443143203854581 2.506677363067868 4.9702262319624433 10.676427364349365 1.725660555064678 2.30929359421134 1.7077979668974874 4.1667410507798195 2.0622975938022137
leaf_count=20 30 61 42 25 25 21 72 30
internal_value=0.00392712 0.0556192 0.073339 -0.0815689 -0.0530709 0.0301821 -0.0959904 -0.0970179
internal_weight=31.8694 19.8611 17.3545 12.0083 4.03495 6.67802 7.97335 3.80661
internal_count=326 154 124 172 50 82 122 50
is_linear=0
shrinkage=0.1


Tree=115
num_leaves=5
num_cat=0
split_feature=2 3 1 3
split_gain=8.45336 3.15169 0.802083 0.278015
threshold=6.5000000000000009 6.5000000000000009 7.5000000000000009 6.5000000000000009
decision_type=2 2 2 2
left_child=1 2 -1 -2
right_child=3 -3 -4 -5
leaf_value=-0.092832841602310923 0.095054491004786093 0.037538127742125039 -0.021015647202171108 0.14608642230455815
leaf_weight=6.155793051235376 1.9335645157843835 1.7128584682941435 0.7652088040485977 2.383495457470417
leaf_count=242 22 32 8 22
internal_value=0.00897539 -0.0481535 -0.0795694 0.12323
internal_weight=12.9509 8.63386 6.921 4.31706
internal_count=326 282 250 44
is_linear=0
shrinkage=0.1


Tree=116
num_leaves=4
num_cat=0
split_feature=0 3 1
split_gain=3.60003 1.0303 0.872631
threshold=6.5000000000000009 7.5000000000000009 6.5000000000000009
decision_type=2 2 2
left_child=-1 2 -2
right_child=1 -3 -4
leaf_value=-0.089900980832040456 0.0076134361304830978 0.21323540632979882 0.12081148838533462
leaf_weight=1.8531994074583056 0.40643284772522725 0.60558216273784626 0.92241780366748571
leaf_count=247 41 3 35
internal_value=0.00970483 0.105128 0.0558612
internal_weight=3.78763 1.93443 1.32885
internal_count=326 79 76
is_linear=0
shrinkage=0.1


Tree=117
num_leaves=3
num_cat=0
split_feature=0 3
split_gain=0.109641 0.0285334
threshold=2.5000000000000004 5.5000000000000009
decision_type=2 2
left_child=-1 -2
right_child=1 -3
leaf_value=-0.089884948118340108 -0.010422410433605292 0.012307653729262173
leaf_weight=0.14603247214108739 1.2601307891309264 0.98315224156249303
leaf_count=12 128 186
internal_value=-0.00592614 -0.000460621
internal_weight=2.38932 2.24328
internal_count=326 314
is_linear=0
shrinkage=0.1


Tree=118
num_leaves=1
num_cat=0
split_feature=
split_gain=
threshold=
decision_type=
left_child=
right_child=
leaf_value=0
leaf_weight=
leaf_count=326
internal_value=
internal_weight=
internal_count=
is_linear=0
shrinkage=1


Tree=119
num_leaves=1
num_cat=0
split_feature=
split_gain=
threshold=
decision_type=
left_child=
right_child=
leaf_value=0
leaf_weight=
leaf_count=326
internal_value=
internal_weight=
internal_count=
is_linear=0
shrinkage=1


Tree=120
num_leaves=2
num_cat=0
split_feature=2
split_gain=1.73059
threshold=3.5000000000000004
decision_type=2
left_child=-1
right_child=-2
leaf_value=-0.060819104805895356 0.0001164765818382122
leaf_weight=5.1168697327375403 52.281614795327187
leaf_count=24 302
internal_value=-0.00531571
internal_weight=57.3985
internal_count=326
is_linear=0
shrinkage=0.1


Tree=121
num_leaves=4
num_cat=0
split_feature=1 2 2
split_gain=6.89285 2.22842 0.652441
threshold=3.5000000000000004 4.5000000000000009 4.5000000000000009
decision_type=2 2 2
left_child=2 -2 -1
right_child=1 -3 -4
leaf_value=-0.10323963496200238 -0.032952916821786825 0.022486470214501175 -0.048407268139137073
leaf_weight=5.2214846760034543 6.7458113282918921 45.880393587052822 3.7132638394832611
leaf_count=40 37 233 16
internal_value=0.000758036 0.0145456 -0.0804514
internal_weight=61.561 52.6262 8.93475
internal_count=326 270 56
is_linear=0
shrinkage=0.1


Tree=122
num_leaves=8
num_cat=0
split_feature=2 1 3 2 2 1 2
split_gain=16.7379 5.8549 2.43188 1.25379 0.945403 0.170521 0.00408837
threshold=4.5000000000000009 4.5000000000000009 5.5000000000000009 5.5000000000000009 5.5000000000000009 5.5000000000000009 3.5000000000000004
decision_type=2 2 2 2 2 2 2
left_child=6 4 3 -3 -2 -4 -1
right_child=1 2 5 -5 -6 -7 -8
leaf_value=-0.10828633189340818 -0.038923619423199572 0.0018795672487408295 0.042819731634562389 0.027978472138947875 0.0018795672487408295 0.058177059993533425 -0.10429278373328491
leaf_weight=3.9284571856260282 5.2380487248301488 3.6053008213639242 9.863111734390257 5.3047508746385574 4.2942574173212051 27.083902671933174 7.377909854054451
leaf_count=24 37 29 40 20 16 107 53
internal_value=0.00519971 0.0278331 0.0426828 0.00187957 -0.0389236 0.0540774 -0.10568
internal_weight=66.6957 55.3894 45.8571 8.91005 9.53231 36.947 11.3064
internal_count=326 249 196 49 53 147 77
is_linear=0
shrinkage=0.1


Tree=123
num_leaves=7
num_cat=0
split_feature=3 0 3 0 2 3
split_gain=12.8749 6.47853 1.30462 1.89847 0.000350141 1.17861e-05
threshold=5.5000000000000009 5.5000000000000009 6.5000000000000009 6.5000000000000009 3.5000000000000004 4.5000000000000009
decision_type=2 2 2 2 2 2
left_child=4 -2 3 -3 -1 -6
right_child=1 2 -4 -5 5 -7
leaf_value=-0.096771385018848174 -0.025102773984823967 0.023949012690766516 0.093306755986140771 0.065516117832149931 -0.095498603931473441 -0.095170148853752926
leaf_weight=1.8468818068504349 4.058902874588969 2.8130669854581365 11.559289619326591 3.8409459516406059 1.3372295163571832 5.9693492725491524
leaf_count=22 57 49 45 37 20 96
internal_value=0.00430198 0.0453357 0.0730008 0.0377255 -0.0955412 -0.0952303
internal_weight=31.4257 22.2722 18.2133 6.65401 9.15346 7.30658
internal_count=326 188 131 86 138 116
is_linear=0
shrinkage=0.1


Tree=124
num_leaves=8
num_cat=0
split_feature=0 3 2 2 0 0 3
split_gain=7.86515 1.61563 0.000118618 3.77289e-05 4.88749e-06 1.75386e-07 1.87437e-08
threshold=7.5000000000000009 6.5000000000000009 4.5000000000000009 3.5000000000000004 4.5000000000000009 4.5000000000000009 5.5000000000000009
decision_type=2 2 2 2 2 2 2
left_child=1 2 3 -1 -5 -4 -7
right_child=-2 -3 5 4 -6 6 -8
leaf_value=-0.091929919629214707 0.096128293479919844 0.017042283760369027 -0.090484627263075726 -0.091242175759904426 -0.090921236245373419 -0.090432787244455373 -0.090413981598075274
leaf_weight=0.85969793796539318 5.8445331305265427 1.7616532482206819 0.53874379768967662 0.84693565033376217 0.5443869587033987 0.853584728203714 1.3981099864467978
leaf_count=24 39 39 28 30 23 49 94
internal_value=0.0110483 -0.0620437 -0.090869 -0.0914091 -0.0910873 -0.0904334 -0.0904211
internal_weight=12.6476 6.80311 5.04146 2.25102 1.39132 2.79044 2.25169
internal_count=326 287 248 77 53 171 143
is_linear=0
shrinkage=0.1


Tree=125
num_leaves=5
num_cat=0
split_feature=2 2 2 0
split_gain=3.23549 2.55952e-06 6.11173e-07 1.17069e-07
threshold=6.5000000000000009 3.5000000000000004 4.5000000000000009 4.5000000000000009
decision_type=2 2 2 2
left_child=1 -1 3 -3
right_child=-2 2 -4 -5
leaf_value=-0.089767540275292934 0.098028643565299042 -0.089571472900168758 -0.089385958511300906 -0.089463280373834914
leaf_weight=0.26049422938376698 1.9842602307908235 0.25490768905729044 1.0361515593249349 0.1645847181789577
leaf_count=24 44 30 205 23
internal_value=0.0110681 -0.0894789 -0.0894272 -0.089529
internal_weight=3.7004 1.71614 1.45564 0.419492
internal_count=326 282 258 53
is_linear=0
shrinkage=0.1


Tree=126
num_leaves=2
num_cat=0
split_feature=3
split_gain=0.0486169
threshold=5.5000000000000009
decision_type=2
left_child=-1
right_child=-2
leaf_value=-0.018184970013831923 0.010712239161194174
leaf_weight=1.3961691737640651 0.99863641569390882
leaf_count=138 188
internal_value=-0.0061348
internal_weight=2.39481
internal_count=326
is_linear=0
shrinkage=0.1


Tree=127
num_leaves=1
num_cat=0
split_feature=
split_gain=
threshold=
decision_type=
left_child=
right_child=
leaf_value=0
leaf_weight=
leaf_count=326
internal_value=
internal_weight=
internal_count=
is_linear=0
shrinkage=1


Tree=128
num_leaves=2
num_cat=0
split_feature=0
split_gain=0.000790097
threshold=2.5000000000000004
decision_type=2
left_child=-1
right_child=-2
leaf_value=-0.013157822283081164 -0.011121454962431851
leaf_weight=2.0631389319896725 24.907910810783505
leaf_count=12 314
internal_value=-0.0112772
internal_weight=26.971
internal_count=326
is_linear=0
shrinkage=0.1


Tree=129
num_leaves=2
num_cat=0
split_feature=2
split_gain=1.72066
threshold=3.5000000000000004
decision_type=2
left_child=-1
right_child=-2
leaf_value=-0.060749886807416532 5.2271307331295505e-05
leaf_weight=5.1130326539278022 51.879317339509726
leaf_count=24 302
internal_value=-0.00540256
internal_weight=56.9923
internal_count=326
is_linear=0
shrinkage=0.1


Tree=130
num_leaves=5
num_cat=0
split_feature=2 0 0 2
split_gain=6.58928 1.98682 0.842557 0.0013521
threshold=4.5000000000000009 4.5000000000000009 4.5000000000000009 3.5000000000000004
decision_type=2 2 2 2
left_child=1 3 -2 -1
right_child=2 -3 -4 -5
leaf_value=-0.10456974224544598 -0.013967170910564443 -0.024544742045169807 0.022622389521338923 -0.1016802242031124
leaf_weight=2.9451585710048658 7.4023786932229987 5.1879506707191467 42.007918357849121 3.5975715667009354
leaf_count=21 30 26 219 30
internal_value=0.00114495 -0.0662302 0.0171407 -0.102981
internal_weight=61.141 11.7307 49.4103 6.54273
internal_count=326 77 249 51
is_linear=0
shrinkage=0.1


Tree=131
num_leaves=8
num_cat=0
split_feature=2 0 3 2 1 2 2
split_gain=15.3821 5.41853 2.32013 1.27181 0.601474 0.787707 0.0041789
threshold=4.5000000000000009 4.5000000000000009 5.5000000000000009 5.5000000000000009 5.5000000000000009 5.5000000000000009 3.5000000000000004
decision_type=2 2 2 2 2 2 2
left_child=6 -2 3 -3 5 -4 -1
right_child=1 2 4 -5 -6 -7 -8
leaf_value=-0.10717441183052759 -0.039074275651333916 -0.0012697441940789367 0.022903892776707856 0.022903892776707856 0.055765373111548569 0.042992045070373811 -0.10304264502258345
leaf_weight=3.7807268351316434 4.4307131916284552 3.9918924719095212 6.0776609629392606 5.8722488731145859 27.10011450946331 7.8878272324800491 6.9436316937208176
leaf_count=24 30 32 28 22 107 30 53
internal_value=0.00511614 0.0263507 0.0365348 -0.00126974 0.0470775 0.0302187 -0.104499
internal_weight=66.0848 55.3605 50.9297 9.86414 41.0656 13.9655 10.7244
internal_count=326 249 219 54 165 58 77
is_linear=0
shrinkage=0.1


Tree=132
num_leaves=9
num_cat=0
split_feature=2 3 0 0 3 1 2 2
split_gain=12.0968 2.34906 1.95594 0.503356 0.422757 0.000829309 1.20206e-05 1.31431e-06
threshold=5.5000000000000009 6.5000000000000009 6.5000000000000009 5.5000000000000009 5.5000000000000009 3.5000000000000004 3.5000000000000004 4.5000000000000009
decision_type=2 2 2 2 2 2 2 2
left_child=3 2 -2 5 -5 6 -1 -7
right_child=1 -3 -4 4 -6 7 -8 -9
leaf_value=-0.096577654068912666 -0.014333116819750042 0.077978516335120665 0.0427035051119114 -0.072765617852561304 -0.020842388148649419 -0.094293607729794213 -0.096207445878462819 -0.094173122457191782
leaf_weight=1.647289440035822 3.2923955433070669 12.353706166148186 4.3448261991143227 1.512951407581568 2.2820148393511772 1.6813961640000343 1.8758229501545427 1.9616925977170467
leaf_count=20 63 49 42 25 25 28 30 44
internal_value=0.00473432 0.051026 0.00742849 -0.0796922 -0.0502446 -0.0952866 -0.0963805 -0.0942287
internal_weight=30.9521 19.9909 7.63722 10.9612 3.79497 7.1662 3.52311 3.64309
internal_count=326 154 105 172 50 122 50 72
is_linear=0
shrinkage=0.1


Tree=133
num_leaves=8
num_cat=0
split_feature=0 2 3 2 2 0 0
split_gain=7.10117 3.97743 0.610073 0.000117517 3.82682e-05 4.00349e-06 7.3097e-07
threshold=6.5000000000000009 6.5000000000000009 6.5000000000000009 4.5000000000000009 3.5000000000000004 4.5000000000000009 4.5000000000000009
decision_type=2 2 2 2 2 2 2
left_child=2 -2 3 4 -1 -6 -5
right_child=1 -3 -4 6 5 -7 -8
leaf_value=-0.091831810152926394 0.0031500127655474499 0.14801631331458262 -0.010283843475473934 -0.090359698820724865 -0.091102405816734872 -0.090778519088001677 -0.090221302819403687
leaf_weight=0.83345209993422043 3.1348839569836855 3.8157632146030664 1.2085172012448309 0.49728985037654672 0.79894254729151726 0.49250710010528564 1.6410135738551614
leaf_count=24 52 27 27 28 30 22 116
internal_value=0.0122158 0.0792987 -0.0729987 -0.0907769 -0.0913035 -0.0909626 -0.0902535
internal_weight=12.4224 6.95065 5.47172 4.26321 2.1249 1.29145 2.1383
internal_count=326 79 247 220 76 52 144
is_linear=0
shrinkage=0.1


Tree=134
num_leaves=4
num_cat=0
split_feature=0 3 1
split_gain=3.0924 0.752498 0.777031
threshold=6.5000000000000009 7.5000000000000009 6.5000000000000009
decision_type=2 2 2
left_child=-1 2 -2
right_child=1 -3 -4
leaf_value=-0.089802360795997849 0.0031741592408266461 0.18416763278084819 0.11077558768653742
leaf_weight=1.6173750294838103 0.38191604171879612 0.6538538485765456 0.96466488856822252
leaf_count=247 41 3 35
internal_value=0.0130187 0.0961507 0.0534126
internal_weight=3.61781 2.00043 1.34658
internal_count=326 79 76
is_linear=0
shrinkage=0.1


Tree=135
num_leaves=3
num_cat=0
split_feature=0 3
split_gain=0.108837 0.0363996
threshold=2.5000000000000004 5.5000000000000009
decision_type=2 2
left_child=-1 -2
right_child=1 -3
leaf_value=-0.089896367596216165 -0.0120872898636384 0.013561115803782019
leaf_weight=0.14686534553766284 1.2863576060626658 0.97098088392522175
leaf_count=12 128 186
internal_value=-0.00648184 -0.00105478
internal_weight=2.4042 2.25734
internal_count=326 314
is_linear=0
shrinkage=0.1


Tree=136
num_leaves=1
num_cat=0
split_feature=
split_gain=
threshold=
decision_type=
left_child=
right_child=
leaf_value=0
leaf_weight=
leaf_count=326
internal_value=
internal_weight=
internal_count=
is_linear=0
shrinkage=1


Tree=137
num_leaves=2
num_cat=0
split_feature=0
split_gain=0.00789236
threshold=2.5000000000000004
decision_type=2
left_child=-1
right_child=-2
leaf_value=-0.017319952227544601 -0.010973351673577885
leaf_weight=2.1277277916669872 24.768767422065139
leaf_count=12 314
internal_value=-0.0114754
internal_weight=26.8965
internal_count=326
is_linear=0
shrinkage=0.1


Tree=138
num_leaves=2
num_cat=0
split_feature=2
split_gain=1.70512
threshold=3.5000000000000004
decision_type=2
left_child=-1
right_child=-2
leaf_value=-0.060778572861623761 -0.00023322827088126591
leaf_weight=5.113239347934722 51.509790189564228
leaf_count=24 302
internal_value=-0.00570067
internal_weight=56.623
internal_count=326
is_linear=0
shrinkage=0.1


Tree=139
num_leaves=5
num_cat=0
split_feature=2 0 0 2
split_gain=6.24092 1.88662 0.849445 0.00145285
threshold=4.5000000000000009 4.5000000000000009 4.5000000000000009 3.5000000000000004
decision_type=2 2 2 2
left_child=1 3 -2 -1
right_child=2 -3 -4 -5
leaf_value=-0.10382508627571636 -0.014277535279971026 -0.024040947941849428 0.022457052130613886 -0.10076192057162958
leaf_weight=2.8444962203502637 7.4085420072078696 5.2091337442398071 41.874688468873501 3.3981396704912186
leaf_count=21 30 26 219 30
internal_value=0.00148265 -0.0650168 0.0169349 -0.102158
internal_weight=60.735 11.4518 49.2832 6.24264
internal_count=326 77 249 51
is_linear=0
shrinkage=0.1


Tree=140
num_leaves=6
num_cat=0
split_feature=2 3 0 0 2
split_gain=14.3087 7.45268 2.4862 0.084215 0.00440939
threshold=5.5000000000000009 5.5000000000000009 5.5000000000000009 5.5000000000000009 3.5000000000000004
decision_type=2 2 2 2 2
left_child=1 4 -3 -2 -1
right_child=3 2 -4 -5 -6
leaf_value=-0.10536429125837646 0.033457477754225327 -0.053692522254387226 -0.0052480305117589311 0.044888010771010151 -0.10117709556667867
leaf_weight=3.2630121111869821 8.0989060103893262 5.6759453415870667 5.949151411652565 31.572004407644272 10.97035378962755
leaf_count=22 30 33 25 124 92
internal_value=0.0048279 -0.0530505 -0.00524803 0.0425544 -0.102137
internal_weight=65.5294 25.8585 11.6251 39.6709 14.2334
internal_count=326 172 58 154 114
is_linear=0
shrinkage=0.1


Tree=141
num_leaves=6
num_cat=0
split_feature=0 3 3 0 1
split_gain=11.335 5.10105 0.892455 1.69288 0.686293
threshold=5.5000000000000009 5.5000000000000009 6.5000000000000009 6.5000000000000009 5.5000000000000009
decision_type=2 2 2 2 2
left_child=4 -2 3 -3 -1
right_child=1 2 -4 -5 -6
leaf_value=-0.098194370457993785 -0.020788276045145954 0.023669889738161073 0.084648555467343317 0.061674832913973889 -0.020788276045145954
leaf_weight=7.9119292199611682 2.8961206041276482 2.7016690783202657 11.757146507501602 3.8988780453801155 1.2426066137850282
leaf_count=131 43 49 45 37 21
internal_value=0.00569102 0.0457605 0.0681281 0.0387011 -0.087337
internal_weight=30.4084 21.2538 18.3577 6.60055 9.15454
internal_count=326 174 131 86 152
is_linear=0
shrinkage=0.1


Tree=142
num_leaves=4
num_cat=0
split_feature=2 1 3
split_gain=6.4218 3.60721 3.81836
threshold=5.5000000000000009 7.5000000000000009 6.5000000000000009
decision_type=2 2 2
left_child=-1 2 -2
right_child=1 -3 -4
leaf_value=-0.092256641077386334 -0.01463237092935934 0.19580376476351105 0.11153713646005009
leaf_weight=3.929206259548665 3.4014967498369497 1.6398677946999667 3.235923308879137
leaf_count=172 97 14 43
internal_value=0.0130182 0.0629919 0.0301789
internal_weight=12.2065 8.27729 6.63742
internal_count=326 154 140
is_linear=0
shrinkage=0.1


Tree=143
num_leaves=5
num_cat=0
split_feature=3 2 3 2
split_gain=2.93642 1.53189e-06 2.33261e-08 9.19692e-10
threshold=6.5000000000000009 3.5000000000000004 5.5000000000000009 4.5000000000000009
decision_type=2 2 2 2
left_child=1 -1 3 -3
right_child=-2 2 -4 -5
leaf_value=-0.089717585342864212 0.094103486908409029 -0.089461615707696077 -0.08943104883562536 -0.089454308566150401
leaf_weight=0.24577966146171126 1.9999493954237548 0.33998465817421653 0.60868143406696618 0.34911778895184398
leaf_count=24 54 48 132 68
internal_value=0.0141303 -0.0894887 -0.0894453 -0.0894579
internal_weight=3.54351 1.54356 1.29778 0.689102
internal_count=326 272 248 116
is_linear=0
shrinkage=0.1


Tree=144
num_leaves=2
num_cat=0
split_feature=3
split_gain=0.0545535
threshold=5.5000000000000009
decision_type=2
left_child=-1
right_child=-2
leaf_value=-0.019575284531759628 0.010938132455676711
leaf_weight=1.422879404621199 0.996107275946997
leaf_count=138 188
internal_value=-0.00701026
internal_weight=2.41899
internal_count=326
is_linear=0
shrinkage=0.1


Tree=145
num_leaves=1
num_cat=0
split_feature=
split_gain=
threshold=
decision_type=
left_child=
right_child=
leaf_value=0
leaf_weight=
leaf_count=326
internal_value=
internal_weight=
internal_count=
is_linear=0
shrinkage=1


Tree=146
num_leaves=2
num_cat=0
split_feature=0
split_gain=0.0192403
threshold=2.5000000000000004
decision_type=2
left_child=-1
right_child=-2
leaf_value=-0.020881512040862551 -0.011088615494373635
leaf_weight=2.1836588531732586 24.6968535175547
leaf_count=12 314
internal_value=-0.0118841
internal_weight=26.8805
internal_count=326
is_linear=0
shrinkage=0.1


Tree=147
num_leaves=2
num_cat=0
split_feature=2
split_gain=1.65811
threshold=3.5000000000000004
decision_type=2
left_child=-1
right_child=-2
leaf_value=-0.060629896869288637 -0.00086992300475337596
leaf_weight=5.1054366677999488 51.250666987150908
leaf_count=24 302
internal_value=-0.00628372
internal_weight=56.3561
internal_count=326
is_linear=0
shrinkage=0.1


Tree=148
num_leaves=4
num_cat=0
split_feature=1 2 2
split_gain=5.96028 1.94542 0.588152
threshold=3.5000000000000004 4.5000000000000009 4.5000000000000009
decision_type=2 2 2
left_child=2 -2 -1
right_child=1 -3 -4
leaf_value=-0.10138156389372076 -0.031858992430416733 0.021151372893161536 -0.047795999481596227
leaf_weight=4.5957666710019094 6.5680050626397124 45.571548819541931 3.6952541917562485
leaf_count=40 37 233 16
internal_value=0.00125735 0.0137808 -0.0774988
internal_weight=60.4306 52.1396 8.29102
internal_count=326 270 56
is_linear=0
shrinkage=0.1


Tree=149
num_leaves=8
num_cat=0
split_feature=0 3 0 1 0 3 0
split_gain=13.9037 5.08787 3.69079 0.632128 1.5011 0.0851271 0.000156991
threshold=4.5000000000000009 5.5000000000000009 6.5000000000000009 5.5000000000000009 5.5000000000000009 5.5000000000000009 3.5000000000000004
decision_type=2 2 2 2 2 2 2
left_child=5 2 -2 4 -3 6 -1
right_child=1 3 -4 -5 -6 -7 -8
leaf_value=-0.10460219412898344 -0.035556626119091585 0.0074434544695016428 0.0074434544695016428 0.052729754512515672 0.039669708674204558 -0.085154327456929649 -0.10366124043273593
leaf_weight=3.1459643170237523 9.0228149294853193 5.2618384659290305 3.5773006826639167 26.985269412398338 8.8478513062000257 3.5500397682189941 4.0632500946521759
leaf_count=25 64 23 15 107 36 22 34
internal_value=0.00592635 0.0267167 -0.0288747 0.0437616 0.0266097 -0.09783 -0.104072
internal_weight=64.4543 53.6951 12.6001 41.095 14.1097 10.7593 7.20921
internal_count=326 245 79 166 59 81 59
is_linear=0
shrinkage=0.1


Tree=150
num_leaves=9
num_cat=0
split_feature=2 3 0 0 1 1 2 2
split_gain=10.776 1.85307 1.79075 0.471545 0.0434903 0.000585199 5.55696e-05 2.22475e-06
threshold=5.5000000000000009 6.5000000000000009 6.5000000000000009 5.5000000000000009 5.5000000000000009 3.5000000000000004 3.5000000000000004 4.5000000000000009
decision_type=2 2 2 2 2 2 2 2
left_child=3 2 -2 5 -5 6 -1 -7
right_child=1 -3 -4 4 -6 7 -8 -9
leaf_value=-0.095989203530119346 -0.014739107530675805 0.072284689438521552 0.04080995772184124 -0.058803916374561477 -0.036804089113009815 -0.093730841126167086 -0.095153735180294685 -0.093563831990051638
leaf_weight=1.5394564867019673 3.0847009159624585 12.451139852404594 4.4044138491153717 2.1953977271914487 1.5212021619081495 1.5143096596002579 1.6487628221511839 1.6853457521647215
leaf_count=20 63 49 42 30 20 28 30 44
internal_value=0.00601013 0.0486423 0.00933523 -0.0781205 -0.0497994 -0.0945983 -0.0955571 -0.0936429
internal_weight=30.0447 19.9403 7.48911 10.1045 3.7166 6.38787 3.18822 3.19966
internal_count=326 154 105 172 50 122 50 72
is_linear=0
shrinkage=0.1


Tree=151
num_leaves=9
num_cat=0
split_feature=0 2 3 1 2 2 0 0
split_gain=5.89526 2.93387 0.589044 0.454442 0.000109889 3.10982e-05 3.26206e-06 6.10936e-07
threshold=6.5000000000000009 6.5000000000000009 6.5000000000000009 7.5000000000000009 3.5000000000000004 4.5000000000000009 4.5000000000000009 4.5000000000000009
decision_type=2 2 2 2 2 2 2 2
left_child=2 3 4 -2 -1 6 -6 -7
right_child=1 -3 -4 -5 5 7 -8 -9
leaf_value=-0.091645509106971168 -0.00023839569022538477 0.12599546242130777 -0.010361498538621703 0.061261954398630164 -0.090853851404096603 -0.09016173073078719 -0.090505993597669837 -0.090025825754565914
leaf_weight=0.7831172272562984 1.8821519054472446 4.1057980339974165 1.2096819803118704 1.2079785484820604 0.71324032917618774 0.4336094046011566 0.43338510580360889 1.394632928073406
leaf_count=24 42 27 27 10 30 28 22 116
internal_value=0.0127345 0.0705779 -0.0710546 -0.000238396 -0.0905916 -0.0903141 -0.0907224 -0.0900581
internal_weight=12.1636 7.19593 4.96767 3.09013 3.75798 2.97487 1.14663 1.82824
internal_count=326 79 247 52 220 196 52 144
is_linear=0
shrinkage=0.1


Tree=152
num_leaves=4
num_cat=0
split_feature=0 3 1
split_gain=2.71065 0.586653 0.698104
threshold=6.5000000000000009 7.5000000000000009 6.5000000000000009
decision_type=2 2 2
left_child=-1 2 -2
right_child=1 -3 -4
leaf_value=-0.089720716847465298 0.0001636415972048222 0.16527385986766618 0.10325968512506561
leaf_weight=1.4226068691350522 0.35783690586686157 0.68780840933322895 0.99817288806661963
leaf_count=247 41 3 35
internal_value=0.0162716 0.090048 0.0518912
internal_weight=3.46643 2.04382 1.35601
internal_count=326 79 76
is_linear=0
shrinkage=0.1


Tree=153
num_leaves=3
num_cat=0
split_feature=0 3
split_gain=0.106768 0.0406231
threshold=2.5000000000000004 5.5000000000000009
decision_type=2 2
left_child=-1 -2
right_child=1 -3
leaf_value=-0.089904691565375949 -0.013494432137749052 0.013496388909187612
leaf_weight=0.14707956183701787 1.3092864148784431 0.97129691764712323
leaf_count=12 128 186
internal_value=-0.00732483 -0.00199908
internal_weight=2.42766 2.28058
internal_count=326 314
is_linear=0
shrinkage=0.1


Tree=154
num_leaves=1
num_cat=0
split_feature=
split_gain=
threshold=
decision_type=
left_child=
right_child=
leaf_value=0
leaf_weight=
leaf_count=326
internal_value=
internal_weight=
internal_count=
is_linear=0
shrinkage=1


Tree=155
num_leaves=2
num_cat=0
split_feature=0
split_gain=0.034312
threshold=2.5000000000000004
decision_type=2
left_child=-1
right_child=-2
leaf_value=-0.023980030928151236 -0.01103266453279533
leaf_weight=2.2327349781990078 24.58373543433845
leaf_count=12 314
internal_value=-0.0121107
internal_weight=26.8165
internal_count=326
is_linear=0
shrinkage=0.1


Tree=156
num_leaves=2
num_cat=0
split_feature=2
split_gain=1.61389
threshold=3.5000000000000004
decision_type=2
left_child=-1
right_child=-2
leaf_value=-0.060277518003218858 -0.001213512866776213
leaf_weight=5.0884781777858725 50.928056251257658
leaf_count=24 302
internal_value=-0.00657882
internal_weight=56.0165
internal_count=326
is_linear=0
shrinkage=0.1


Tree=157
num_leaves=4
num_cat=0
split_feature=1 2 2
split_gain=5.49571 1.82342 0.596941
threshold=3.5000000000000004 4.5000000000000009 4.5000000000000009
decision_type=2 2 2
left_child=2 -2 -1
right_child=1 -3 -4
leaf_value=-0.10066524908135194 -0.031337798503472007 0.020210610979861418 -0.045922828500174609
leaf_weight=4.3798823505640012 6.5261558815836898 45.548975002020597 3.6536547094583511
leaf_count=40 37 233 16
internal_value=0.00121647 0.0130928 -0.0757684
internal_weight=60.1087 52.0751 8.03354
internal_count=326 270 56
is_linear=0
shrinkage=0.1


Tree=158
num_leaves=8
num_cat=0
split_feature=2 1 3 0 2 1 2
split_gain=12.8213 4.63692 1.64503 1.71956 0.839862 0.117265 0.00387033
threshold=4.5000000000000009 4.5000000000000009 5.5000000000000009 6.5000000000000009 5.5000000000000009 5.5000000000000009 3.5000000000000004
decision_type=2 2 2 2 2 2 2
left_child=6 4 3 -3 -2 -4 -1
right_child=1 2 5 -5 -6 -7 -8
leaf_value=-0.10473933688813444 -0.038671562479817657 -0.0004765510758989511 0.037583050148080756 0.02320162268093201 -0.0004765510758989511 0.050299162542463562 -0.1005130322272025
leaf_weight=3.4127650707960111 4.7385549023747426 5.1073078364133817 9.9193650484085065 3.4347573220729828 4.2761182934045792 26.969273656606674 5.9352810382843018
leaf_count=24 37 35 40 14 16 107 53
internal_value=0.00613662 0.0247128 0.0377185 -0.000476551 -0.0386716 0.0468798 -0.102056
internal_weight=63.7934 54.4454 45.4307 8.54207 9.01467 36.8886 9.34805
internal_count=326 249 196 49 53 147 77
is_linear=0
shrinkage=0.1


Tree=159
num_leaves=7
num_cat=0
split_feature=3 0 3 0 2 3
split_gain=10.4268 4.9846 0.639592 1.67585 0.000267559 4.26141e-06
threshold=5.5000000000000009 5.5000000000000009 6.5000000000000009 6.5000000000000009 3.5000000000000004 4.5000000000000009
decision_type=2 2 2 2 2 2
left_child=4 -2 3 -3 -1 -6
right_child=1 2 -4 -5 5 -7
leaf_value=-0.095635854438072501 -0.026352682896400755 0.019053050850954836 0.078306989547740111 0.058849590439233927 -0.094361907220281802 -0.094143640048051647
leaf_weight=1.6158976443111921 3.5633018296211985 2.5801156498491773 11.868468374013901 3.976698063313961 1.0980913937091825 4.8243579380214214
leaf_count=22 57 49 45 37 20 96
internal_value=0.00699575 0.0417899 0.0644588 0.0393922 -0.0944953 -0.0941841
internal_weight=29.5269 21.9886 18.4253 6.55681 7.53835 5.92245
internal_count=326 188 131 86 138 116
is_linear=0
shrinkage=0.1


Tree=160
num_leaves=4
num_cat=0
split_feature=2 1 3
split_gain=5.47121 2.46992 3.24699
threshold=5.5000000000000009 7.5000000000000009 6.5000000000000009
decision_type=2 2 2
left_child=-1 2 -2
right_child=1 -3 -4
leaf_value=-0.092089598745978454 -0.017817251363942493 0.15929821723844353 0.093735826979334178
leaf_weight=3.5021025808528075 3.2634722879156453 1.8315643239766357 3.3968084901571274
leaf_count=172 97 14 43
internal_value=0.0130817 0.0564551 0.0281734
internal_weight=11.9939 8.49185 6.66028
internal_count=326 154 140
is_linear=0
shrinkage=0.1


Tree=161
num_leaves=4
num_cat=0
split_feature=3 2 3
split_gain=2.57502 1.4368e-06 3.98846e-08
threshold=6.5000000000000009 3.5000000000000004 5.5000000000000009
decision_type=2 2 2
left_child=1 -1 -3
right_child=-2 2 -4
leaf_value=-0.089666308121458024 0.08821981391853545 -0.089409734259096207 -0.089372016804422263
leaf_weight=0.23051505023613605 2.0420913537964225 0.60745105962268986 0.52067592786625028
leaf_count=24 54 116 132
internal_value=0.0172426 -0.0894388 -0.0893923
internal_weight=3.40073 1.35864 1.12813
internal_count=326 272 248
is_linear=0
shrinkage=0.1


Tree=162
num_leaves=2
num_cat=0
split_feature=3
split_gain=0.0589539
threshold=5.5000000000000009
decision_type=2
left_child=-1
right_child=-2
leaf_value=-0.020494155719208571 0.011168681904769343
leaf_weight=1.4408959362190219 0.99351345829199988
leaf_count=138 188
internal_value=-0.00757215
internal_weight=2.43441
internal_count=326
is_linear=0
shrinkage=0.1


Tree=163
num_leaves=1
num_cat=0
split_feature=
split_gain=
threshold=
decision_type=
left_child=
right_child=
leaf_value=0
leaf_weight=
leaf_count=326
internal_value=
internal_weight=
internal_count=
is_linear=0
shrinkage=1


Tree=164
num_leaves=2
num_cat=0
split_feature=0
split_gain=0.0519505
threshold=2.5000000000000004
decision_type=2
left_child=-1
right_child=-2
leaf_value=-0.026753784154105665 -0.010959977660790543
leaf_weight=2.2764928340911892 24.458777054212987
leaf_count=12 314
internal_value=-0.0123048
internal_weight=26.7353
internal_count=326
is_linear=0
shrinkage=0.1


Tree=165
num_leaves=2
num_cat=0
split_feature=2
split_gain=1.57918
threshold=3.5000000000000004
decision_type=2
left_child=-1
right_child=-2
leaf_value=-0.05995358003299292 -0.0014308287618121185
leaf_weight=5.0737430602312079 50.541414141654968
leaf_count=24 302
internal_value=-0.00676983
internal_weight=55.6152
internal_count=326
is_linear=0
shrinkage=0.1


Tree=166
num_leaves=5
num_cat=0
split_feature=2 0 0 2
split_gain=5.10687 1.78589 0.95873 0.00127801
threshold=4.5000000000000009 4.5000000000000009 4.5000000000000009 3.5000000000000004
decision_type=2 2 2 2
left_child=1 3 -2 -1
right_child=2 -3 -4 -5
leaf_value=-0.1022752487254302 -0.017916948750636329 -0.023101721566843082 0.020973971972513428 -0.09923419674660848
leaf_weight=2.5808694660663587 7.4791554659605017 5.1301783174276352 41.5693034902215 2.9747790619730949
leaf_count=21 30 26 219 30
internal_value=0.00139607 -0.0612471 0.0150437 -0.100647
internal_weight=59.7343 10.6858 49.0485 5.55565
internal_count=326 77 249 51
is_linear=0
shrinkage=0.1


Tree=167
num_leaves=6
num_cat=0
split_feature=0 2 3 3 0
split_gain=12.0107 4.17454 3.81411 0.10239 7.38724e-05
threshold=4.5000000000000009 5.5000000000000009 5.5000000000000009 5.5000000000000009 3.5000000000000004
decision_type=2 2 2 2 2
left_child=3 2 -2 4 -1
right_child=1 -3 -4 -5 -6
leaf_value=-0.10298979017418664 -0.035246617345479951 0.042664363110107829 0.011780613494573667 -0.081028405068060638 -0.10231186986942226
leaf_weight=2.8532007187604886 6.3473005220293972 37.945996016263962 9.0280033648014069 3.3137668967247009 3.6813686043024063
leaf_count=25 57 148 40 22 34
internal_value=0.00611398 0.0248536 -0.0191031 -0.0953468 -0.102608
internal_weight=63.1696 53.3213 15.3753 9.84834 6.53457
internal_count=326 245 97 81 59
is_linear=0
shrinkage=0.1


Tree=168
num_leaves=7
num_cat=0
split_feature=3 0 1 3 2 3
split_gain=9.60286 4.63485 0.607909 1.464 0.000323036 2.19912e-06
threshold=5.5000000000000009 5.5000000000000009 6.5000000000000009 6.5000000000000009 3.5000000000000004 4.5000000000000009
decision_type=2 2 2 2 2 2
left_child=4 -2 3 -3 -1 -6
right_child=1 2 -4 -5 5 -7
leaf_value=-0.095355452497471696 -0.02699433494871889 0.017284833459255779 0.084834550704324399 0.066163940656199779 -0.093855974165452868 -0.093693083461554957
leaf_weight=1.5575460307300115 3.4855550881475237 4.2602170519530791 6.9958930462598792 7.3098258972167969 1.0180079638957975 4.4596529677510262
leaf_count=22 57 61 43 27 20 96
internal_value=0.0076417 0.040096 0.061564 0.0474933 -0.0940847 -0.0937234
internal_weight=29.0867 22.0515 18.5659 11.57 7.03521 5.47766
internal_count=326 188 131 88 138 116
is_linear=0
shrinkage=0.1


Tree=169
num_leaves=5
num_cat=0
split_feature=3 0 1 3
split_gain=5.19433 3.00952 0.397977 0.402354
threshold=5.5000000000000009 7.5000000000000009 5.5000000000000009 6.5000000000000009
decision_type=2 2 2 2
left_child=-1 2 -2 -4
right_child=1 -3 3 -5
leaf_value=-0.096309658365503231 -0.021526577728565047 0.096542362940341617 0.0031562551487530678 0.037507892605888285
leaf_weight=3.1643751859664926 1.3981606243178233 5.6581846997141838 0.55066798860207167 1.1156310848891735
leaf_count=138 77 34 52 25
internal_value=0.0134414 0.0532565 -0.0215266 0.0278391
internal_weight=11.887 8.72264 3.06446 1.6663
internal_count=326 188 154 77
is_linear=0
shrinkage=0.1


Tree=170
num_leaves=5
num_cat=0
split_feature=2 2 2 0
split_gain=2.45233 1.61293e-06 1.65313e-08 3.42341e-08
threshold=6.5000000000000009 3.5000000000000004 4.5000000000000009 4.5000000000000009
decision_type=2 2 2 2
left_child=1 -1 3 -3
right_child=-2 2 -4 -5
leaf_value=-0.089640743067031167 0.087040981618071778 -0.089396275500051053 -0.089336639806937512 -0.089350357357595667
leaf_weight=0.2229685666970912 2.0521439220756292 0.19017504714429356 0.74399550596717745 0.12144822394475341
leaf_count=24 44 30 205 23
internal_value=0.0193109 -0.0893964 -0.0893447 -0.0893641
internal_weight=3.33073 1.27859 1.05562 0.311623
internal_count=326 282 258 53
is_linear=0
shrinkage=0.1


Tree=171
num_leaves=3
num_cat=0
split_feature=0 3
split_gain=0.105189 0.0445028
threshold=2.5000000000000004 5.5000000000000009
decision_type=2 2
left_child=-1 -2
right_child=1 -3
leaf_value=-0.089909992898124472 -0.014476883139667156 0.013719662047018561
leaf_weight=0.14671146497130427 1.3255739286541941 0.96888472884893406
leaf_count=12 128 186
internal_value=-0.0078193 -0.00257028
internal_weight=2.44117 2.29446
internal_count=326 314
is_linear=0
shrinkage=0.1


Tree=172
num_leaves=1
num_cat=0
split_feature=
split_gain=
threshold=
decision_type=
left_child=
right_child=
leaf_value=0
leaf_weight=
leaf_count=326
internal_value=
internal_weight=
internal_count=
is_linear=0
shrinkage=1


Tree=173
num_leaves=2
num_cat=0
split_feature=0
split_gain=0.069175
threshold=2.5000000000000004
decision_type=2
left_child=-1
right_child=-2
leaf_value=-0.029049143073733654 -0.010948941991789776
leaf_weight=2.3119497597217586 24.348005414940417
leaf_count=12 314
internal_value=-0.0125186
internal_weight=26.66
internal_count=326
is_linear=0
shrinkage=0.1


Tree=174
num_leaves=2
num_cat=0
split_feature=2
split_gain=1.52948
threshold=3.5000000000000004
decision_type=2
left_child=-1
right_child=-2
leaf_value=-0.059455147590553363 -0.0017206808523554731
leaf_weight=5.0503661334514609 50.176314447075129
leaf_count=24 302
internal_value=-0.00700038
internal_weight=55.2267
internal_count=326
is_linear=0
shrinkage=0.1


Tree=175
num_leaves=4
num_cat=0
split_feature=1 2 2
split_gain=4.89088 1.62733 0.578861
threshold=3.5000000000000004 4.5000000000000009 4.5000000000000009
decision_type=2 2 2
left_child=2 -2 -1
right_child=1 -3 -4
leaf_value=-0.099572960677405925 -0.03036388933507277 0.019262453310424289 -0.044337172847016659
leaf_weight=3.9890486449003211 6.3993549942970267 45.339394096285105 3.6181872338056564
leaf_count=40 37 233 16
internal_value=0.00156583 0.0125737 -0.0733015
internal_weight=59.346 51.7387 7.60724
internal_count=326 270 56
is_linear=0
shrinkage=0.1


Tree=176
num_leaves=5
num_cat=0
split_feature=2 0 1 2
split_gain=11.2845 4.15698 3.92231 0.00330892
threshold=4.5000000000000009 5.5000000000000009 5.5000000000000009 3.5000000000000004
decision_type=2 2 2 2
left_child=3 2 -2 -1
right_child=1 -3 -4 -5
leaf_value=-0.10322732841838478 -0.038746350008123175 0.040363795657062815 0.009366177196889992 -0.099150597408533866
leaf_weight=3.1723534688353521 11.064295217394827 39.012276701629162 3.9004202485084525 5.346262089908123
leaf_count=24 68 164 17 53
internal_value=0.00629511 0.0231761 -0.0216314 -0.100669
internal_weight=62.4956 53.977 14.9647 8.51862
internal_count=326 249 85 77
is_linear=0
shrinkage=0.1


Tree=177
num_leaves=9
num_cat=0
split_feature=2 3 0 0 1 1 2 2
split_gain=9.02747 1.165 1.67572 0.473932 0.0448398 0.000539965 5.2736e-05 9.89787e-07
threshold=5.5000000000000009 6.5000000000000009 6.5000000000000009 5.5000000000000009 5.5000000000000009 3.5000000000000004 3.5000000000000004 4.5000000000000009
decision_type=2 2 2 2 2 2 2 2
left_child=3 2 -2 5 -5 6 -1 -7
right_child=1 -3 -4 4 -6 7 -8 -9
leaf_value=-0.09526019648520638 -0.014904226391312524 0.064101164189444435 0.038872695937192912 -0.056004359086809258 -0.032786476779870739 -0.092898508982090178 -0.094395372749476181 -0.092775945823944841
leaf_weight=1.4002006985247155 2.8428113758564004 12.579325675964355 4.3495009019970894 2.022237710654736 1.4130024462938306 1.2669347748160362 1.4203512482345102 1.3729361351579428
leaf_count=20 63 49 42 30 20 28 30 44
internal_value=0.00810581 0.0457465 0.0136442 -0.0755549 -0.0464542 -0.0938627 -0.0948247 -0.0928348
internal_weight=28.6673 19.7716 7.19231 8.89566 3.43524 5.46042 2.82055 2.63987
internal_count=326 154 105 172 50 122 50 72
is_linear=0
shrinkage=0.1


Tree=178
num_leaves=4
num_cat=0
split_feature=2 1 3
split_gain=4.76015 1.77245 2.82482
threshold=5.5000000000000009 7.5000000000000009 6.5000000000000009
decision_type=2 2 2
left_child=-1 2 -2
right_child=1 -3 -4
leaf_value=-0.091956457580977161 -0.020007186928244117 0.13504787911426128 0.081166995734187508
leaf_weight=3.1308976816944787 3.1592240710742754 1.9791508661583064 3.5117322038859129
leaf_count=172 97 14 43
internal_value=0.0136999 0.0519421 0.0272861
internal_weight=11.781 8.65011 6.67096
internal_count=326 154 140
is_linear=0
shrinkage=0.1


Tree=179
num_leaves=3
num_cat=0
split_feature=0 3
split_gain=2.28925 0.440725
threshold=6.5000000000000009 7.5000000000000009
decision_type=2 2
left_child=-1 -2
right_child=1 -3
leaf_value=-0.089670585633540814 0.050735746897634895 0.14744856654414393
leaf_weight=1.1893608267419042 1.359495672513731 0.72113601863384236
leaf_count=247 76 3
internal_value=0.0209954 0.0842559
internal_weight=3.26999 2.08063
internal_count=326 79
is_linear=0
shrinkage=0.1


Tree=180
num_leaves=2
num_cat=0
split_feature=3
split_gain=0.0592066
threshold=5.5000000000000009
decision_type=2
left_child=-1
right_child=-2
leaf_value=-0.021050602736166456 0.010580334559617353
leaf_weight=1.4517005125526341 0.99897463154047716
leaf_count=138 188
internal_value=-0.00815681
internal_weight=2.45068
internal_count=326
is_linear=0
shrinkage=0.1


Tree=181
num_leaves=1
num_cat=0
split_feature=
split_gain=
threshold=
decision_type=
left_child=
right_child=
leaf_value=0
leaf_weight=
leaf_count=326
internal_value=
internal_weight=
internal_count=
is_linear=0
shrinkage=1


Tree=182
num_leaves=2
num_cat=0
split_feature=0
split_gain=0.0873578
threshold=2.5000000000000004
decision_type=2
left_child=-1
right_child=-2
leaf_value=-0.0312357728774392 -0.011025360061109804
leaf_weight=2.3454895466566112 24.258787825703621
leaf_count=12 314
internal_value=-0.0128072
internal_weight=26.6043
internal_count=326
is_linear=0
shrinkage=0.1


Tree=183
num_leaves=2
num_cat=0
split_feature=2
split_gain=1.47957
threshold=3.5000000000000004
decision_type=2
left_child=-1
right_child=-2
leaf_value=-0.058995012121377866 -0.0020880216564821805
leaf_weight=5.0297811180353156 49.854827094823122
leaf_count=24 302
internal_value=-0.00730314
internal_weight=54.8846
internal_count=326
is_linear=0
shrinkage=0.1


Tree=184
num_leaves=5
num_cat=0
split_feature=0 3 2 0
split_gain=4.58094 4.97879 0.633897 0.00976616
threshold=4.5000000000000009 5.5000000000000009 4.5000000000000009 3.5000000000000004
decision_type=2 2 2 2
left_child=1 3 -2 -1
right_child=2 -3 -4 -5
leaf_value=-0.1114466626376009 -0.017348025541206936 -0.017995663654120763 0.020080273171985089 -0.10422305595971122
leaf_weight=2.907805569469927 5.0804654359817496 4.4466299861669532 41.387243796139956 5.252182349562645
leaf_count=25 26 22 219 34
internal_value=0.00148366 -0.0519794 0.0159881 -0.106797
internal_weight=59.0743 12.6066 46.4677 8.15999
internal_count=326 81 245 59
is_linear=0
shrinkage=0.1


Tree=185
num_leaves=8
num_cat=0
split_feature=2 1 3 0 2 1 2
split_gain=10.498 3.71336 1.62305 1.49878 0.870263 0.122651 0.0031639
threshold=4.5000000000000009 4.5000000000000009 5.5000000000000009 6.5000000000000009 5.5000000000000009 5.5000000000000009 3.5000000000000004
decision_type=2 2 2 2 2 2 2
left_child=6 4 3 -3 -2 -4 -1
right_child=1 2 5 -5 -6 -7 -8
leaf_value=-0.10243463847219095 -0.038657242114608914 -0.0017304908343781123 0.033744789441669566 0.020743646359681452 -0.0017304908343781123 0.046746962993017081 -0.098345030865466157
leaf_weight=3.0417495444416982 4.4099569320678693 5.011456646025179 9.9578744024038297 3.509796068072319 4.2244383543729782 26.728843688964844 5.0035620033740997
leaf_count=24 37 35 40 14 16 107 53
internal_value=0.00665607 0.0225767 0.0340538 -0.00173049 -0.0375148 0.0432178 -0.0998912
internal_weight=61.8877 53.8424 45.208 8.52125 8.6344 36.6867 8.04531
internal_count=326 249 196 49 53 147 77
is_linear=0
shrinkage=0.1


Tree=186
num_leaves=6
num_cat=0
split_feature=0 2 3 1 2
split_gain=8.5731 2.67018 0.920672 0.809604 0.480442
threshold=5.5000000000000009 5.5000000000000009 6.5000000000000009 5.5000000000000009 6.5000000000000009
decision_type=2 2 2 2 2
left_child=3 -2 4 -1 -3
right_child=1 2 -4 -5 -6
leaf_value=-0.09792816387931616 -0.021340785336402626 0.018068024976713077 0.074699283204656769 -0.021340785336402626 0.050908413532960987
leaf_weight=6.3127613421529558 3.3029547594487694 4.7163167558610448 11.234918639063835 1.0042917374521492 1.6571126617491243
leaf_count=131 50 61 42 21 21
internal_value=0.00894178 0.0415407 0.0574768 -0.0842223 0.0271175
internal_weight=28.2284 20.9113 17.6083 7.31705 6.37343
internal_count=326 174 124 152 82
is_linear=0
shrinkage=0.1


Tree=187
num_leaves=4
num_cat=0
split_feature=3 0 2
split_gain=4.50922 2.60597 1.74733
threshold=5.5000000000000009 6.5000000000000009 6.5000000000000009
decision_type=2 2 2
left_child=-1 -2 -3
right_child=1 2 -4
leaf_value=-0.095833897006878221 -0.023244967142303539 0.029118280072409339 0.12266799137429947
leaf_weight=2.8223004830069849 2.2182605220004898 2.5522131873294711 4.072006331756711
leaf_count=138 124 40 24
internal_value=0.0142181 0.049344 0.0814815
internal_weight=11.6648 8.84248 6.62422
internal_count=326 188 64
is_linear=0
shrinkage=0.1


Tree=188
num_leaves=4
num_cat=0
split_feature=3 2 3
split_gain=2.19431 9.67124e-07 3.46529e-08
threshold=6.5000000000000009 3.5000000000000004 5.5000000000000009
decision_type=2 2 2
left_child=1 -1 -3
right_child=-2 2 -4
leaf_value=-0.089588859126149722 0.083763550324635894 -0.089367774104976663 -0.089328929557495051
leaf_weight=0.20753241749480389 2.0674952378030866 0.50193705304991454 0.4233623951440677
leaf_count=24 54 116 132
internal_value=0.0224704 -0.0893938 -0.08935
internal_weight=3.20033 1.13283 0.925299
internal_count=326 272 248
is_linear=0
shrinkage=0.1


Tree=189
num_leaves=3
num_cat=0
split_feature=0 3
split_gain=0.102939 0.0451069
threshold=2.5000000000000004 5.5000000000000009
decision_type=2 2
left_child=-1 -2
right_child=1 -3
leaf_value=-0.089914562602261119 -0.01527645802839063 0.012996413656958365
leaf_weight=0.14608104340732131 1.3389703950379046 0.97533136408310372
leaf_count=12 128 186
internal_value=-0.00850019 -0.00336124
internal_weight=2.46038 2.3143
internal_count=326 314
is_linear=0
shrinkage=0.1


Tree=190
num_leaves=1
num_cat=0
split_feature=
split_gain=
threshold=
decision_type=
left_child=
right_child=
leaf_value=0
leaf_weight=
leaf_count=326
internal_value=
internal_weight=
internal_count=
is_linear=0
shrinkage=1


Tree=191
num_leaves=2
num_cat=0
split_feature=0
split_gain=0.103015
threshold=2.5000000000000004
decision_type=2
left_child=-1
right_child=-2
leaf_value=-0.033071706211559436 -0.011235700816554568
leaf_weight=2.3723671287298229 24.193058543838561
leaf_count=12 314
internal_value=-0.0131857
internal_weight=26.5654
internal_count=326
is_linear=0
shrinkage=0.1


Tree=192
num_leaves=2
num_cat=0
split_feature=2
split_gain=1.41888
threshold=3.5000000000000004
decision_type=2
left_child=-1
right_child=-2
leaf_value=-0.058478581281903523 -0.0026143399088698832
leaf_weight=5.0060692131519309 49.525266529992223
leaf_count=24 302
internal_value=-0.00774277
internal_weight=54.5313
internal_count=326
is_linear=0
shrinkage=0.1


Tree=193
num_leaves=4
num_cat=0
split_feature=1 3 2
split_gain=4.27397 1.67768 1.48814
threshold=3.5000000000000004 5.5000000000000009 4.5000000000000009
decision_type=2 2 2
left_child=1 -1 -2
right_child=2 -3 -4
leaf_value=-0.10755157993937912 -0.028981034301509164 -0.028981034301509164 0.018560073703857479
leaf_weight=4.6901784986257544 6.2999199926853171 2.4969833269715309 45.161976110190153
leaf_count=42 37 14 233
internal_value=0.00209243 -0.0701429 0.0121808
internal_weight=58.6491 7.18716 51.4619
internal_count=326 56 270
is_linear=0
shrinkage=0.1


Tree=194
num_leaves=8
num_cat=0
split_feature=0 3 0 1 2 3 0
split_gain=9.96629 3.58454 3.17356 0.50431 0.995817 0.123653 3.70161e-05
threshold=4.5000000000000009 5.5000000000000009 6.5000000000000009 5.5000000000000009 5.5000000000000009 5.5000000000000009 3.5000000000000004
decision_type=2 2 2 2 2 2 2
left_child=5 2 -2 4 -3 6 -1
right_child=1 3 -4 -5 -6 -7 -8
leaf_value=-0.10136272365092568 -0.03472969569011676 0.0057275016276153896 0.0057275016276153896 0.045102845005944844 0.033417678260852658 -0.076067023367733674 -0.10084895937826135
leaf_weight=2.4804076105356199 8.180225767195223 6.274621516466139 3.6363819986581793 26.641354888677597 7.856591984629631 3.026296891272068 3.2266533225774765
leaf_count=25 64 29 15 107 30 22 34
internal_value=0.00651946 0.022948 -0.025548 0.037003 0.0217325 -0.0924074 -0.101072
internal_weight=61.3225 52.5892 11.8166 40.7726 14.1312 8.73336 5.70706
internal_count=326 245 79 166 59 81 59
is_linear=0
shrinkage=0.1


Tree=195
num_leaves=7
num_cat=0
split_feature=3 0 1 3 2 3
split_gain=8.32804 3.85717 0.48953 1.09411 0.000197795 8.53343e-07
threshold=5.5000000000000009 5.5000000000000009 6.5000000000000009 6.5000000000000009 3.5000000000000004 4.5000000000000009
decision_type=2 2 2 2 2 2
left_child=4 -2 3 -3 -1 -6
right_child=1 2 -4 -5 5 -7
leaf_value=-0.094569844159051925 -0.027297741990209057 0.015178190126574433 0.078293452245397716 0.061569295466133413 -0.093299541787241133 -0.093190403249730769
leaf_weight=1.3880685716867471 3.1591682285070446 4.0853872820734995 7.091031774878501 7.3405111283063889 0.88242125138640393 3.8082966506481171
leaf_count=22 57 61 43 27 20 96
internal_value=0.00991763 0.0389258 0.0576541 0.0448451 -0.0935212 -0.0932109
internal_weight=27.7549 21.6761 18.5169 11.4259 6.07879 4.69072
internal_count=326 188 131 88 138 116
is_linear=0
shrinkage=0.1


Tree=196
num_leaves=6
num_cat=0
split_feature=2 3 1 2 1
split_gain=4.17899 1.42168 1.56521 0.0504828 0.00207331
threshold=5.5000000000000009 6.5000000000000009 7.5000000000000009 6.5000000000000009 6.5000000000000009
decision_type=2 2 2 2 2
left_child=-1 2 3 -2 -3
right_child=1 4 -4 -5 -6
leaf_value=-0.091744278138874313 -0.021525092225429521 0.084928581892981803 0.046836693143686228 0.012166636880662272 0.089210624751568282
leaf_weight=2.7991312406957158 1.5168569688685221 2.075788389891386 1.1288763927295802 1.513130584731698 2.4836599230766296
leaf_count=172 78 31 8 19 18
internal_value=0.0145628 0.0486941 0.00641226 -0.0215251 0.0872611
internal_weight=11.5174 8.71831 4.15886 3.02999 4.55945
internal_count=326 154 105 97 49
is_linear=0
shrinkage=0.1


Tree=197
num_leaves=4
num_cat=0
split_feature=2 2 1
split_gain=2.07968 1.24752e-06 3.49243e-12
threshold=6.5000000000000009 3.5000000000000004 3.5000000000000004
decision_type=2 2 2
left_child=1 -1 -3
right_child=-2 2 -4
leaf_value=-0.089563572556044302 0.082693699724376471 -0.089286762737918926 -0.089286251316403886
leaf_weight=0.19999185902997874 2.0775767441373318 0.16518579516559839 0.69669690344016999
leaf_count=24 44 36 222
internal_value=0.0245062 -0.0893386 -0.0892863
internal_weight=3.13945 1.06187 0.861883
internal_count=326 282 258
is_linear=0
shrinkage=0.1


Tree=198
num_leaves=2
num_cat=0
split_feature=3
split_gain=0.0615218
threshold=5.5000000000000009
decision_type=2
left_child=-1
right_child=-2
leaf_value=-0.021742384378046497 0.010427861851525094
leaf_weight=1.4655712922103705 1.0001185727305708
leaf_count=138 188
internal_value=-0.00869368
internal_weight=2.46569
internal_count=326
is_linear=0
shrinkage=0.1


Tree=199
num_leaves=1
num_cat=0
split_feature=
split_gain=
threshold=
decision_type=
left_child=
right_child=
leaf_value=0
leaf_weight=
leaf_count=326
internal_value=
internal_weight=
internal_count=
is_linear=0
shrinkage=1


Tree=200
num_leaves=2
num_cat=0
split_feature=0
split_gain=0.118503
threshold=2.5000000000000004
decision_type=2
left_child=-1
right_child=-2
leaf_value=-0.034619644603051239 -0.01129115822107828
leaf_weight=2.3938120156526592 24.096012884750962
leaf_count=12 314
internal_value=-0.0133993
internal_weight=26.4898
internal_count=326
is_linear=0
shrinkage=0.1


Tree=201
num_leaves=2
num_cat=0
split_feature=2
split_gain=1.35963
threshold=3.5000000000000004
decision_type=2
left_child=-1
right_child=-2
leaf_value=-0.057776589193169074 -0.0029131694171848038
leaf_weight=4.9738601148128501 49.181721081957221
leaf_count=24 302
internal_value=-0.00795204
internal_weight=54.1556
internal_count=326
is_linear=0
shrinkage=0.1


Tree=202
num_leaves=5
num_cat=0
split_feature=2 1 0 2
split_gain=3.91402 1.69075 0.829052 0.115147
threshold=4.5000000000000009 4.5000000000000009 4.5000000000000009 3.5000000000000004
decision_type=2 2 2 2
left_child=1 3 -2 -1
right_child=2 -3 -4 -5
leaf_value=-0.10472320487092901 -0.017091188823394936 -0.021146283575899517 0.019191282846150518 -0.077261266789937499
leaf_weight=2.5336565077304822 7.4350614398717871 3.3230727016925812 41.172508575022221 3.8421872444450855
leaf_count=22 30 18 219 37
internal_value=0.00206803 -0.055934 0.0136415 -0.0881742
internal_weight=58.3065 9.69892 48.6076 6.37584
internal_count=326 77 249 59
is_linear=0
shrinkage=0.1


Tree=203
num_leaves=6
num_cat=0
split_feature=2 0 1 2 2
split_gain=9.23847 3.34755 3.55707 0.00256215 3.9425e-05
threshold=4.5000000000000009 5.5000000000000009 5.5000000000000009 3.5000000000000004 5.5000000000000009
decision_type=2 2 2 2 2
left_child=3 2 -2 -1 -3
right_child=1 4 -4 -5 -6
leaf_value=-0.10110873696346219 -0.03875789972011201 0.036324367679596396 0.0083688502727849983 -0.09725836109135487 0.036574947253232841
leaf_weight=2.8114551305770865 10.624794334173201 7.8745515123009673 3.8702386021614066 4.4854587092995644 30.985113650560379
leaf_count=24 68 40 17 53 124
internal_value=0.0067929 0.0212261 -0.0197865 -0.0987419 0.0365242
internal_weight=60.6516 53.3547 14.495 7.29691 38.8597
internal_count=326 249 85 77 164
is_linear=0
shrinkage=0.1


Tree=204
num_leaves=7
num_cat=0
split_feature=3 0 1 3 2 3
split_gain=7.68574 3.59391 0.405991 0.997488 0.000217329 5.50632e-07
threshold=5.5000000000000009 5.5000000000000009 6.5000000000000009 6.5000000000000009 3.5000000000000004 4.5000000000000009
decision_type=2 2 2 2 2 2
left_child=4 -2 3 -3 -1 -6
right_child=1 2 -4 -5 5 -7
leaf_value=-0.094308055592496665 -0.027836140474439931 0.013722876615694164 0.07386942371490049 0.058711543076810362 -0.092921436686721204 -0.092830348191997897
leaf_weight=1.3309361152350927 3.0858133956789997 4.0605890490114707 7.2048673406243315 7.3580711781978607 0.81750302575528611 3.5261073522269726
leaf_count=22 57 61 43 27 20 96
internal_value=0.0104322 0.0375178 0.0552819 0.0435537 -0.0931901 -0.0928475
internal_weight=27.3839 21.7093 18.6235 11.4187 5.67455 4.34361
internal_count=326 188 131 88 138 116
is_linear=0
shrinkage=0.1


Tree=205
num_leaves=6
num_cat=0
split_feature=3 1 3 1 2
split_gain=4.01543 2.36246 1.58659 0.806152 0.0641404
threshold=5.5000000000000009 5.5000000000000009 6.5000000000000009 7.5000000000000009 6.5000000000000009
decision_type=2 2 2 2 2
left_child=-1 4 3 -3 -2
right_child=1 2 -4 -5 -6
leaf_value=-0.095530349374641943 -0.024112692057968333 0.025912333741863042 0.11762705988333229 0.071769696812597664 0.025912333741863042
leaf_weight=2.5307963509112605 1.3554747868329267 1.7502250680699944 3.9303725529462099 1.1904446184635162 0.62650152854621399
leaf_count=138 76 60 39 8 5
internal_value=0.0155505 0.047305 0.0759374 0.0259123 -0.0241127
internal_weight=11.3838 8.85302 6.87104 2.94067 1.98198
internal_count=326 188 107 68 81
is_linear=0
shrinkage=0.1


Tree=206
num_leaves=3
num_cat=0
split_feature=0 3
split_gain=1.97198 0.320016
threshold=6.5000000000000009 7.5000000000000009
decision_type=2 2
left_child=-1 -2
right_child=1 -3
leaf_value=-0.089627206275037799 0.052007695117289282 0.1336317520348482
leaf_weight=0.99877623398788307 1.3444828880019488 0.7473049908876418
leaf_count=247 76 3
internal_value=0.0259725 0.0811684
internal_weight=3.09056 2.09179
internal_count=326 79
is_linear=0
shrinkage=0.1


Tree=207
num_leaves=2
num_cat=0
split_feature=3
split_gain=0.0606572
threshold=5.5000000000000009
decision_type=2
left_child=-1
right_child=-2
leaf_value=-0.021917028118579096 0.0099703733365533401
leaf_weight=1.4689179351553323 1.0044762815232386
leaf_count=138 188
internal_value=-0.00896716
internal_weight=2.47339
internal_count=326
is_linear=0
shrinkage=0.1


Tree=208
num_leaves=1
num_cat=0
split_feature=
split_gain=
threshold=
decision_type=
left_child=
right_child=
leaf_value=0
leaf_weight=
leaf_count=326
internal_value=
internal_weight=
internal_count=
is_linear=0
shrinkage=1


Tree=209
num_leaves=2
num_cat=0
split_feature=0
split_gain=0.131406
threshold=2.5000000000000004
decision_type=2
left_child=-1
right_child=-2
leaf_value=-0.035942659041201995 -0.011453183164432721
leaf_weight=2.4110257774591473 24.016656583175063
leaf_count=12 314
internal_value=-0.0136874
internal_weight=26.4277
internal_count=326
is_linear=0
shrinkage=0.1


Tree=210
num_leaves=2
num_cat=0
split_feature=2
split_gain=1.30849
threshold=3.5000000000000004
decision_type=2
left_child=-1
right_child=-2
leaf_value=-0.057203515189598333 -0.003246967015256209
leaf_weight=4.950038641691207 48.839004905894399
leaf_count=24 302
internal_value=-0.00821242
internal_weight=53.789
internal_count=326
is_linear=0
shrinkage=0.1


Tree=211
num_leaves=4
num_cat=0
split_feature=3 1 2
split_gain=3.79305 2.62837 0.0790492
threshold=4.5000000000000009 3.5000000000000004 4.5000000000000009
decision_type=2 2 2
left_child=-1 -2 -3
right_child=1 2 -4
leaf_value=-0.081795417489736302 -0.03592036980987811 0.0050050194375553221 0.019201126070121761
leaf_weight=4.9239015243947497 5.4649078957736483 4.3132711350917807 43.29166179522872
leaf_count=32 41 27 226
internal_value=0.00216473 0.00995468 0.0179149
internal_weight=57.9937 53.0698 47.6049
internal_count=326 294 253
is_linear=0
shrinkage=0.1


Tree=212
num_leaves=8
num_cat=0
split_feature=0 3 0 1 2 3 0
split_gain=8.67771 3.25205 2.93727 0.459198 0.928205 0.144182 1.10181e-05
threshold=4.5000000000000009 5.5000000000000009 6.5000000000000009 5.5000000000000009 5.5000000000000009 5.5000000000000009 3.5000000000000004
decision_type=2 2 2 2 2 2 2
left_child=5 2 -2 4 -3 6 -1
right_child=1 3 -4 -5 -6 -7 -8
leaf_value=-0.10008754405281813 -0.033906839467063847 0.0054487254480451736 0.0054487254480451736 0.043275637128625671 0.032097824407086174 -0.071766823767789686 -0.099792317234936104
leaf_weight=2.2365004941821089 7.8998077064752561 6.2439069002866727 3.6703731939196587 26.431654438376427 7.840034693479538 2.8141193464398384 2.907592698931694
leaf_count=25 64 29 15 107 30 22 34
internal_value=0.00729156 0.0221515 -0.024607 0.0355044 0.02092 -0.0899651 -0.0999207
internal_weight=60.044 52.0858 11.5702 40.5156 14.0839 7.95821 5.14409
internal_count=326 245 79 166 59 81 59
is_linear=0
shrinkage=0.1


Tree=213
num_leaves=8
num_cat=0
split_feature=3 0 1 3 1 2 3
split_gain=7.08626 3.42914 0.346673 0.906707 0.0708598 0.000235787 7.54102e-07
threshold=5.5000000000000009 5.5000000000000009 6.5000000000000009 6.5000000000000009 5.5000000000000009 3.5000000000000004 4.5000000000000009
decision_type=2 2 2 2 2 2 2
left_child=5 -2 3 4 -3 -1 -7
right_child=1 2 -4 -5 -6 6 -8
leaf_value=-0.094066608070001334 -0.028330171337702971 0.012542359830497242 0.070440642889257873 0.056479040601508469 0.034510700216002853 -0.09259635296281199 -0.092485617453277061
leaf_weight=1.2777752429246927 3.0482542924582985 1.7429093867540375 7.2920246571302405 7.3651600331068039 2.2847033850848675 0.75856790877878655 3.2487268559634686
leaf_count=22 57 28 43 27 33 20 96
internal_value=0.0109685 0.0362234 0.0534149 0.0425174 0.0125424 -0.0928837 -0.0925066
internal_weight=27.0181 21.7331 18.6848 11.3928 4.02761 5.28507 4.00729
internal_count=326 188 131 88 61 138 116
is_linear=0
shrinkage=0.1


Tree=214
num_leaves=6
num_cat=0
split_feature=2 1 3 1 0
split_gain=3.647 1.29021 1.98206 0.846257 0.0623352
threshold=5.5000000000000009 5.5000000000000009 6.5000000000000009 7.5000000000000009 7.5000000000000009
decision_type=2 2 2 2 2
left_child=-1 4 3 -3 -2
right_child=1 2 -4 -5 -6
leaf_value=-0.091573762326623842 -0.023196476104636942 0.019809223286365182 0.11096106139684558 0.06538514234160539 0.014560964025543511
leaf_weight=2.5002254550345251 0.77336231805383959 2.1870408253744245 4.0205109007656574 1.1374425459653141 0.74408120661973953
leaf_count=172 37 67 37 8 5
internal_value=0.0150895 0.0451808 0.0628149 0.0198092 -0.0231965
internal_weight=11.3627 8.86244 7.34499 3.32448 1.51744
internal_count=326 154 112 75 42
is_linear=0
shrinkage=0.1


Tree=215
num_leaves=5
num_cat=0
split_feature=3 3 2 3
split_gain=1.90552 0.236147 5.1144e-07 6.52624e-08
threshold=6.5000000000000009 7.5000000000000009 3.5000000000000004 5.5000000000000009
decision_type=2 2 2 2
left_child=2 -2 -1 -4
right_child=1 -3 3 -5
leaf_value=-0.089512396675977657 0.055914580863292054 0.12594708938223292 -0.0893535973419496 -0.089294932777440661
leaf_weight=0.18486105650663409 1.3092720897402617 0.76154267787933339 0.41931485035456717 0.34619625861523673
leaf_count=24 51 3 116 132
internal_value=0.0278676 0.0816691 -0.0893631 -0.0893271
internal_weight=3.02119 2.07081 0.950372 0.765511
internal_count=326 54 272 248
is_linear=0
shrinkage=0.1


Tree=216
num_leaves=3
num_cat=0
split_feature=0 3
split_gain=0.103515 0.0454598
threshold=2.5000000000000004 5.5000000000000009
decision_type=2 2
left_child=-1 -2
right_child=1 -3
leaf_value=-0.089946942230738514 -0.015744836701951696 0.012576356017664056
leaf_weight=0.14847145229578051 1.3464606555644425 0.9787536046351305
leaf_count=12 128 186
internal_value=-0.00899274 -0.00382358
internal_weight=2.47369 2.32521
internal_count=326 314
is_linear=0
shrinkage=0.1


Tree=217
num_leaves=1
num_cat=0
split_feature=
split_gain=
threshold=
decision_type=
left_child=
right_child=
leaf_value=0
leaf_weight=
leaf_count=326
internal_value=
internal_weight=
internal_count=
is_linear=0
shrinkage=1


Tree=218
num_leaves=2
num_cat=0
split_feature=0
split_gain=0.141099
threshold=2.5000000000000004
decision_type=2
left_child=-1
right_child=-2
leaf_value=-0.036722575595671957 -0.011378092679120745
leaf_weight=2.4190015047788647 23.896123338956386
leaf_count=12 314
internal_value=-0.0137079
internal_weight=26.3151
internal_count=326
is_linear=0
shrinkage=0.1


Tree=219
num_leaves=2
num_cat=0
split_feature=2
split_gain=1.24012
threshold=3.5000000000000004
decision_type=2
left_child=-1
right_child=-2
leaf_value=-0.05613456266297262 -0.0033618471385178164
leaf_weight=4.9031513184308997 48.491643005982041
leaf_count=24 302
internal_value=-0.00820787
internal_weight=53.3948
internal_count=326
is_linear=0
shrinkage=0.1


Tree=220
num_leaves=5
num_cat=0
split_feature=0 3 2 0
split_gain=3.72142 4.53405 0.435389 0.0177802
threshold=4.5000000000000009 5.5000000000000009 4.5000000000000009 3.5000000000000004
decision_type=2 2 2 2
left_child=1 3 -2 -1
right_child=2 -3 -4 -5
leaf_value=-0.1110207822571006 -0.013255638493582123 -0.016560422829519174 0.018204044710542332 -0.10072858439124924
leaf_weight=2.5687365718185884 4.9281054958701125 4.4767136722803116 40.985166046768427 4.8432071357965469
leaf_count=25 26 22 219 34
internal_value=0.0019157 -0.0479482 0.0148273 -0.104296
internal_weight=57.8019 11.8887 45.9133 7.41194
internal_count=326 81 245 59
is_linear=0
shrinkage=0.1


Tree=221
num_leaves=8
num_cat=0
split_feature=2 1 3 0 2 1 2
split_gain=8.25281 2.79513 1.28701 1.22504 0.89226 0.0998685 0.00202412
threshold=4.5000000000000009 4.5000000000000009 5.5000000000000009 6.5000000000000009 5.5000000000000009 5.5000000000000009 3.5000000000000004
decision_type=2 2 2 2 2 2 2
left_child=6 4 3 -3 -2 -4 -1
right_child=1 2 5 -5 -6 -7 -8
leaf_value=-0.099931525163043128 -0.03846551870956641 -0.0012023648820665312 0.030303031873699357 0.018818391004863759 -0.0012023648820665312 0.042064747685228616 -0.09634545023522853
leaf_weight=2.5882491841912261 3.9966222755610925 4.7914709299802762 9.9471252262592298 3.5705427080392838 4.1475025862455368 26.323717802762985 4.0165182389318943
leaf_count=24 37 35 40 14 16 107 53
internal_value=0.00763165 0.0208197 0.0306502 -0.00120236 -0.0330549 0.0388391 -0.0977507
internal_weight=59.3817 52.777 44.6329 8.36201 8.14412 36.2708 6.60477
internal_count=326 249 196 49 53 147 77
is_linear=0
shrinkage=0.1


Tree=222
num_leaves=8
num_cat=0
split_feature=2 1 0 3 1 1 2
split_gain=6.76637 0.675337 0.473052 0.367447 0.0474723 0.00035011 3.52757e-05
threshold=5.5000000000000009 5.5000000000000009 5.5000000000000009 6.5000000000000009 5.5000000000000009 3.5000000000000004 3.5000000000000004
decision_type=2 2 2 2 2 2 2
left_child=2 -2 5 -3 -4 6 -1
right_child=1 3 4 -5 -6 -7 -8
leaf_value=-0.094099576531396875 0.0071906515443540351 0.031265993722366478 -0.051601470845023326 0.0637782278148602 -0.026366288757939851 -0.091878971161216419 -0.093305922360615662
leaf_weight=1.1626037135720282 4.2690633852034834 5.3950165119022104 1.8006171863526108 9.7735469043254852 1.2721388582140205 1.9252368938177822 1.080527340993285
leaf_count=20 42 75 30 37 20 72 30
internal_value=0.011588 0.042326 -0.0709234 0.0522146 -0.041154 -0.0928682 -0.0937173
internal_weight=26.6788 19.4376 7.24112 15.1686 3.07276 4.16837 2.24313
internal_count=326 154 172 112 50 122 50
is_linear=0
shrinkage=0.1


Tree=223
num_leaves=6
num_cat=0
split_feature=3 0 2 1 3
split_gain=3.47708 2.07124 1.22418 0.000950453 1.21179e-06
threshold=5.5000000000000009 6.5000000000000009 6.5000000000000009 5.5000000000000009 4.5000000000000009
decision_type=2 2 2 2 2
left_child=4 3 -3 -2 -1
right_child=1 2 -4 -5 -6
leaf_value=-0.095565173397486228 -0.026350915475135062 0.021740345427282527 0.10231493348422238 -4.8476599945896471e-05 -0.095406998577872978
leaf_weight=0.69807465653866629 1.0447025410830959 2.5559115097858012 4.3433466162532568 1.0841495352797208 1.5819252994842827
leaf_count=32 71 40 24 53 106
internal_value=0.0148872 0.0427536 0.0698316 -0.0263509 -0.0954554
internal_weight=11.3081 9.02811 6.89926 2.12885 2.28
internal_count=326 188 64 124 138
is_linear=0
shrinkage=0.1


Tree=224
num_leaves=4
num_cat=0
split_feature=2 3 1
split_gain=1.83577 1.41124 0.580059
threshold=7.5000000000000009 7.5000000000000009 6.5000000000000009
decision_type=2 2 2
left_child=1 2 -1
right_child=-2 -3 -4
leaf_value=-0.090028638986883125 0.28424948696748648 0.1193960767786799 0.020421208151111828
leaf_weight=1.0616431825328625 0.25858992338180531 0.77342121303081501 0.86121224029920984
leaf_count=270 2 3 51
internal_value=0.0297327 0.00532296 -0.0405601
internal_weight=2.95487 2.69628 1.92286
internal_count=326 324 321
is_linear=0
shrinkage=0.1


Tree=225
num_leaves=2
num_cat=0
split_feature=3
split_gain=0.0603996
threshold=5.5000000000000009
decision_type=2
left_child=-1
right_child=-2
leaf_value=-0.022140353046301037 0.0096332426107778989
leaf_weight=1.4730536343995484 1.0074465248035265
leaf_count=138 188
internal_value=-0.00923562
internal_weight=2.4805
internal_count=326
is_linear=0
shrinkage=0.1


Tree=226
num_leaves=1
num_cat=0
split_feature=
split_gain=
threshold=
decision_type=
left_child=
right_child=
leaf_value=0
leaf_weight=
leaf_count=326
internal_value=
internal_weight=
internal_count=
is_linear=0
shrinkage=1


Tree=227
num_leaves=2
num_cat=0
split_feature=0
split_gain=0.151941
threshold=2.5000000000000004
decision_type=2
left_child=-1
right_child=-2
leaf_value=-0.037810817115541615 -0.011568657872178534
leaf_weight=2.4315828979015377 23.820979407522827
leaf_count=12 314
internal_value=-0.0139993
internal_weight=26.2526
internal_count=326
is_linear=0
shrinkage=0.1


Tree=228
num_leaves=2
num_cat=0
split_feature=2
split_gain=1.17895
threshold=3.5000000000000004
decision_type=2
left_child=-1
right_child=-2
leaf_value=-0.055416380743288522 -0.0037891077083049489
leaf_weight=4.8707325905561438 48.142601598054171
leaf_count=24 302
internal_value=-0.00853249
internal_weight=53.0133
internal_count=326
is_linear=0
shrinkage=0.1


Tree=229
num_leaves=4
num_cat=0
split_feature=1 3 2
split_gain=3.30445 1.56508 1.14811
threshold=3.5000000000000004 5.5000000000000009 4.5000000000000009
decision_type=2 2 2
left_child=1 -1 -2
right_child=2 -3 -4
leaf_value=-0.10534093066314228 -0.026797484118923035 -0.026797484118923035 0.016578932704881762
leaf_weight=4.0474604852497569 6.0764419287443152 2.4634937793016434 44.804543044418097
leaf_count=42 37 14 233
internal_value=0.0024497 -0.0646283 0.0110333
internal_weight=57.3919 6.51095 50.881
internal_count=326 56 270
is_linear=0
shrinkage=0.1


Tree=230
num_leaves=6
num_cat=0
split_feature=0 2 3 3 0
split_gain=7.60503 2.80675 2.93547 0.160336 4.93643e-06
threshold=4.5000000000000009 5.5000000000000009 5.5000000000000009 5.5000000000000009 3.5000000000000004
decision_type=2 2 2 2 2
left_child=3 2 -2 4 -1
right_child=1 -3 -4 -5 -6
leaf_value=-0.099271057309694141 -0.0334953889002177 0.035549423400396789 0.0095512776949237526 -0.068303223934737631 -0.099063517791596181
leaf_weight=2.0247159637510768 5.2673017233610127 37.161180846393108 9.1386658549308777 2.6366851255297661 2.6409567967057228
leaf_count=25 57 148 40 22 34
internal_value=0.00749816 0.0210236 -0.0164469 -0.0880143 -0.0991536
internal_weight=58.8695 51.5671 14.406 7.30236 4.66567
internal_count=326 245 97 81 59
is_linear=0
shrinkage=0.1


Tree=231
num_leaves=7
num_cat=0
split_feature=3 0 1 3 2 3
split_gain=6.39628 3.11138 0.295482 0.78946 0.000169343 1.0092e-06
threshold=5.5000000000000009 5.5000000000000009 6.5000000000000009 6.5000000000000009 3.5000000000000004 4.5000000000000009
decision_type=2 2 2 2 2 2
left_child=4 -2 3 -3 -1 -6
right_child=1 2 -4 -5 5 -7
leaf_value=-0.093575717899130231 -0.028424303936425272 0.011621730847660182 0.067291097904444638 0.054412193527736699 -0.092297861323022118 -0.092163028496606458
leaf_weight=1.1676322706043745 2.8971097227185991 3.9667694233357924 7.3425736092030993 7.3525589555501938 0.68689583055675063 2.8935692254453897
leaf_count=22 57 61 43 27 20 96
internal_value=0.0125408 0.0356813 0.0516678 0.0415333 -0.0925299 -0.0921889
internal_weight=26.3071 21.559 18.6619 11.3193 4.7481 3.58047
internal_count=326 188 131 88 138 116
is_linear=0
shrinkage=0.1


Tree=232
num_leaves=7
num_cat=0
split_feature=3 1 3 1 2 3
split_gain=3.18632 1.90099 1.1378 0.737432 0.0932498 1.98782e-07
threshold=5.5000000000000009 5.5000000000000009 6.5000000000000009 7.5000000000000009 6.5000000000000009 4.5000000000000009
decision_type=2 2 2 2 2 2
left_child=5 4 3 -3 -2 -1
right_child=1 2 -4 -5 -6 -7
leaf_value=-0.09489599994093495 -0.026791325880471367 0.019318058193264528 0.098694785717627243 0.059006421955445892 0.019318058193264528 -0.094829775505406236
leaf_weight=0.65568904764950375 1.2429591398686151 1.7377534606494009 4.2214625049382448 1.1995187336578965 0.63759142905473698 1.4680878398939967
leaf_count=32 76 60 39 8 5 106
internal_value=0.0153711 0.0412676 0.0654274 0.0193181 -0.0267913 -0.0948502
internal_weight=11.1631 9.03929 7.15873 2.93727 1.88055 2.12378
internal_count=326 188 107 68 81 138
is_linear=0
shrinkage=0.1


Tree=233
num_leaves=5
num_cat=0
split_feature=3 3 2 3
split_gain=1.67294 0.149572 4.27453e-07 9.7006e-08
threshold=6.5000000000000009 7.5000000000000009 3.5000000000000004 5.5000000000000009
decision_type=2 2 2 2
left_child=2 -2 -1 -4
right_child=1 -3 3 -5
leaf_value=-0.089459852902667406 0.058057119280233861 0.11348321000527949 -0.089315812679241435 -0.089238407282892174
leaf_weight=0.1691896854899827 1.2853727736510339 0.78375206887722004 0.36622861074283719 0.2901928893988952
leaf_count=24 51 3 116 132
internal_value=0.0310307 0.0790517 -0.0893181 -0.0892816
internal_weight=2.89474 2.06912 0.825611 0.656422
internal_count=326 54 272 248
is_linear=0
shrinkage=0.1


Tree=234
num_leaves=3
num_cat=0
split_feature=0 3
split_gain=0.10106 0.0449799
threshold=2.5000000000000004 5.5000000000000009
decision_type=2 2
left_child=-1 -2
right_child=1 -3
leaf_value=-0.08994045730171947 -0.016068230848324438 0.012041214846018132
leaf_weight=0.14617660734802518 1.3516449115704747 0.98346513940487046
leaf_count=12 128 186
internal_value=-0.0092789 -0.00422953
internal_weight=2.48129 2.33511
internal_count=326 314
is_linear=0
shrinkage=0.1


Tree=235
num_leaves=1
num_cat=0
split_feature=
split_gain=
threshold=
decision_type=
left_child=
right_child=
leaf_value=0
leaf_weight=
leaf_count=326
internal_value=
internal_weight=
internal_count=
is_linear=0
shrinkage=1


Tree=236
num_leaves=2
num_cat=0
split_feature=0
split_gain=0.160733
threshold=2.5000000000000004
decision_type=2
left_child=-1
right_child=-2
leaf_value=-0.038515015178575779 -0.011547240477211448
leaf_weight=2.437393099069598 23.701569029595703
leaf_count=12 314
internal_value=-0.0140619
internal_weight=26.139
internal_count=326
is_linear=0
shrinkage=0.1


Tree=237
num_leaves=2
num_cat=0
split_feature=2
split_gain=1.12392
threshold=3.5000000000000004
decision_type=2
left_child=-1
right_child=-2
leaf_value=-0.054508059421338156 -0.0038878162886081761
leaf_weight=4.8297613263130179 47.75802948884666
leaf_count=24 302
internal_value=-0.00853687
internal_weight=52.5878
internal_count=326
is_linear=0
shrinkage=0.1


Tree=238
num_leaves=4
num_cat=0
split_feature=3 1 2
split_gain=3.26164 2.11453 0.0574154
threshold=4.5000000000000009 3.5000000000000004 4.5000000000000009
decision_type=2 2 2
left_child=-1 -2 -3
right_child=1 2 -4
leaf_value=-0.077901425261517859 -0.034112206529862125 0.0055681471485068499 0.017711777765292907
leaf_weight=4.6281396336853495 5.1271897740662089 4.2812374830245963 42.980745933949947
leaf_count=32 41 27 226
internal_value=0.0025682 0.00967701 0.0166117
internal_weight=57.0173 52.3892 47.262
internal_count=326 294 253
is_linear=0
shrinkage=0.1


Tree=239
num_leaves=6
num_cat=0
split_feature=2 0 1 2 2
split_gain=7.23907 2.59275 3.16533 0.00156308 4.81451e-06
threshold=4.5000000000000009 5.5000000000000009 5.5000000000000009 3.5000000000000004 5.5000000000000009
decision_type=2 2 2 2 2
left_child=3 2 -2 -1 -3
right_child=1 4 -4 -5 -6
leaf_value=-0.098841811209653588 -0.03870659065826916 0.032726868866274995 0.0075583113603247187 -0.095534556987676975 0.03281438489851795
leaf_weight=2.374494455754756 10.033351544290779 7.9153942465782157 3.8052185401320449 3.5890313535928726 30.537518821656704
leaf_count=24 68 40 17 53 124
internal_value=0.00753373 0.0194382 -0.0176797 -0.0968514 0.0327964
internal_weight=58.255 52.2915 13.8386 5.96353 38.4529
internal_count=326 249 85 77 164
is_linear=0
shrinkage=0.1


Tree=240
num_leaves=6
num_cat=0
split_feature=1 3 1 3 1
split_gain=6.02148 2.93136 0.277435 0.662863 0.0609822
threshold=4.5000000000000009 5.5000000000000009 6.5000000000000009 6.5000000000000009 5.5000000000000009
decision_type=2 2 2 2 2
left_child=-1 -2 3 4 -3
right_child=1 2 -4 -5 -6
leaf_value=-0.095344258591294945 -0.030405008248674554 0.0088518382161446307 0.063258368379133234 0.05101000221209312 0.025456143073342714
leaf_weight=4.272976208478215 2.0957722608000067 1.4966460447758447 7.4756544902920714 8.1541748493909836 2.4657097216695547
leaf_count=112 67 29 45 32 41
internal_value=0.0131572 0.0345342 0.0481087 0.0387616 0.00885184
internal_weight=25.9609 21.688 19.5922 12.1165 3.96236
internal_count=326 214 147 102 70
is_linear=0
shrinkage=0.1


Tree=241
num_leaves=5
num_cat=0
split_feature=2 1 3 2
split_gain=3.01245 1.15375 1.49901 0.214731
threshold=5.5000000000000009 7.5000000000000009 6.5000000000000009 6.5000000000000009
decision_type=2 2 2 2
left_child=-1 2 3 -2
right_child=1 -3 -4 -5
leaf_value=-0.091448262986935647 -0.025325906155501534 0.10430149725808731 0.060172519965695274 0.01576663659798868
leaf_weight=2.1318516978062698 1.3217283519916219 2.1691117407754064 4.0084915421903133 1.4716452192515135
leaf_count=172 78 14 43 19
internal_value=0.0154042 0.0407965 0.0205447 -0.0253259
internal_weight=11.1028 8.97098 6.80187 2.79337
internal_count=326 154 140 97
is_linear=0
shrinkage=0.1


Tree=242
num_leaves=3
num_cat=0
split_feature=0 3
split_gain=1.59023 0.114675
threshold=6.5000000000000009 7.5000000000000009
decision_type=2 2
left_child=-1 -2
right_child=1 -3
leaf_value=-0.089524274559294001 0.059755961234684442 0.10820857811325289
leaf_weight=0.7763591832481328 1.2727297868113967 0.79269865155220021
leaf_count=247 76 3
internal_value=0.0324891 0.0783518
internal_weight=2.84179 2.06543
internal_count=326 79
is_linear=0
shrinkage=0.1


Tree=243
num_leaves=2
num_cat=0
split_feature=3
split_gain=0.0569781
threshold=5.5000000000000009
decision_type=2
left_child=-1
right_child=-2
leaf_value=-0.021937442516228943 0.0088791673303145191
leaf_weight=1.468039275845513 1.0146754782763308
leaf_count=138 188
internal_value=-0.00934282
internal_weight=2.48271
internal_count=326
is_linear=0
shrinkage=0.1


Tree=244
num_leaves=1
num_cat=0
split_feature=
split_gain=
threshold=
decision_type=
left_child=
right_child=
leaf_value=0
leaf_weight=
leaf_count=326
internal_value=
internal_weight=
internal_count=
is_linear=0
shrinkage=1


Tree=245
num_leaves=2
num_cat=0
split_feature=0
split_gain=0.167413
threshold=2.5000000000000004
decision_type=2
left_child=-1
right_child=-2
leaf_value=-0.039007587909542916 -0.01149251908105553
leaf_weight=2.4400765597820309 23.584671505261213
leaf_count=12 314
internal_value=-0.0140723
internal_weight=26.0247
internal_count=326
is_linear=0
shrinkage=0.1


Tree=246
num_leaves=2
num_cat=0
split_feature=2
split_gain=1.06501
threshold=3.5000000000000004
decision_type=2
left_child=-1
right_child=-2
leaf_value=-0.05347378593050367 -0.003972961937478682
leaf_weight=4.7849832922220221 47.418696945533156
leaf_count=24 302
internal_value=-0.0085102
internal_weight=52.2037
internal_count=326
is_linear=0
shrinkage=0.1


Tree=247
num_leaves=5
num_cat=0
split_feature=0 3 2 0
split_gain=3.13311 4.14365 0.378316 0.0264779
threshold=4.5000000000000009 5.5000000000000009 4.5000000000000009 3.5000000000000004
decision_type=2 2 2 2
left_child=1 3 -2 -1
right_child=2 -3 -4 -5
leaf_value=-0.11041108309810582 -0.012229975887961477 -0.015286836809526494 0.01722914442431386 -0.097300477574242955
leaf_weight=2.3404234498739225 4.8833515271544448 4.5122792087495327 40.620731081813574 4.5064995735883713
leaf_count=25 26 22 219 34
internal_value=0.00233977 -0.0446414 0.0140677 -0.101782
internal_weight=56.8633 11.3592 45.5041 6.84692
internal_count=326 81 245 59
is_linear=0
shrinkage=0.1


Tree=248
num_leaves=8
num_cat=0
split_feature=2 1 3 0 2 1 2
split_gain=6.74346 2.29012 1.29984 1.01909 0.871978 0.123358 0.00140877
threshold=4.5000000000000009 4.5000000000000009 5.5000000000000009 6.5000000000000009 5.5000000000000009 5.5000000000000009 3.5000000000000004
decision_type=2 2 2 2 2 2 2
left_child=6 4 3 -3 -2 -4 -1
right_child=1 2 5 -5 -6 -7 -8
leaf_value=-0.09823740452450401 -0.038522189861044512 -0.0012191276965252296 0.027005426558246243 0.017621752980740698 -0.0012191276965252296 0.040093389121037742 -0.095001739323197387
leaf_weight=2.2557242289185515 3.7409097068011752 4.7123130559921247 9.9662366807460767 3.6066214144229889 4.1045901924371719 25.959546230733395 3.3349931202828884
leaf_count=24 37 35 40 14 16 107 53
internal_value=0.00806125 0.0192629 0.0280923 -0.00121913 -0.0305305 0.0364626 -0.0963073
internal_weight=57.6809 52.0902 44.2447 8.31893 7.8455 35.9258 5.59072
internal_count=326 249 196 49 53 147 77
is_linear=0
shrinkage=0.1


Tree=249
num_leaves=6
num_cat=0
split_feature=0 2 1 3 2
split_gain=5.64191 1.8396 0.891798 0.399879 0.369444
threshold=5.5000000000000009 5.5000000000000009 5.5000000000000009 6.5000000000000009 6.5000000000000009
decision_type=2 2 2 2 2
left_child=2 -2 -1 4 -3
right_child=1 3 -4 -5 -6
leaf_value=-0.09682698187719499 -0.020420094737234499 0.014689695748847709 -0.020420094737234499 0.061058349453507466 0.045260297231974035
leaf_weight=4.579247995279732 2.9004290532320764 4.5273409467190513 0.77859301678836335 11.240872710943222 1.6956982016563413
leaf_count=131 50 61 21 42 21
internal_value=0.0132216 0.0372442 -0.0780844 0.0497995 0.0294622
internal_weight=25.7222 20.3643 5.35784 17.4639 6.22304
internal_count=326 174 152 124 82
is_linear=0
shrinkage=0.1


Tree=250
num_leaves=4
num_cat=0
split_feature=0 3 2
split_gain=2.79281 1.11258 1.10573
threshold=5.5000000000000009 6.5000000000000009 6.5000000000000009
decision_type=2 2 2
left_child=-1 2 -2
right_child=1 -3 -4
leaf_value=-0.091039445958264548 -0.025782795583770748 0.072620021943640173 0.037405684543306728
leaf_weight=2.0046510729007432 2.1924173319712263 4.7659236490726471 2.0447467397898436
leaf_count=152 108 45 21
internal_value=0.0157057 0.0394739 0.00219135
internal_weight=11.0077 9.00309 4.23716
internal_count=326 174 129
is_linear=0
shrinkage=0.1


Tree=251
num_leaves=3
num_cat=0
split_feature=2 2
split_gain=1.51021 4.81044e-07
threshold=6.5000000000000009 3.5000000000000004
decision_type=2 2
left_child=1 -1
right_child=-2 -3
leaf_value=-0.089409292712251856 0.077280384311617226 -0.089210724586886947
leaf_weight=0.15409501269459758 2.0627303400542587 0.58578387997113168
leaf_count=24 44 258
internal_value=0.0333164 -0.0892521
internal_weight=2.80261 0.739879
internal_count=326 282
is_linear=0
shrinkage=0.1


Tree=252
num_leaves=2
num_cat=0
split_feature=3
split_gain=0.055675
threshold=5.5000000000000009
decision_type=2
left_child=-1
right_child=-2
leaf_value=-0.021972846782008032 0.0084508924264588853
leaf_weight=1.4684665405657145 1.0188180023105813
leaf_count=138 188
internal_value=-0.00951096
internal_weight=2.48728
internal_count=326
is_linear=0
shrinkage=0.1


Tree=253
num_leaves=1
num_cat=0
split_feature=
split_gain=
threshold=
decision_type=
left_child=
right_child=
leaf_value=0
leaf_weight=
leaf_count=326
internal_value=
internal_weight=
internal_count=
is_linear=0
shrinkage=1


Tree=254
num_leaves=2
num_cat=0
split_feature=0
split_gain=0.172396
threshold=2.5000000000000004
decision_type=2
left_child=-1
right_child=-2
leaf_value=-0.03956506433033221 -0.011655660253574713
leaf_weight=2.4432994872331646 23.503914835862815
leaf_count=12 314
internal_value=-0.0142837
internal_weight=25.9472
internal_count=326
is_linear=0
shrinkage=0.1


Tree=255
num_leaves=2
num_cat=0
split_feature=2
split_gain=1.00563
threshold=3.5000000000000004
decision_type=2
left_child=-1
right_child=-2
leaf_value=-0.052630929916720942 -0.0043410884555648713
leaf_weight=4.7473382204771033 47.076415935531259
leaf_count=24 302
internal_value=-0.0087647
internal_weight=51.8238
internal_count=326
is_linear=0
shrinkage=0.1


Tree=256
num_leaves=5
num_cat=0
split_feature=2 1 0 2
split_gain=2.82019 1.60386 0.516379 0.126601
threshold=4.5000000000000009 4.5000000000000009 4.5000000000000009 3.5000000000000004
decision_type=2 2 2 2
left_child=1 3 -2 -1
right_child=2 -3 -4 -5
leaf_value=-0.10402361977110425 -0.012259053229383558 -0.018636913448980559 0.01671833354537957 -0.072973805331989702
leaf_weight=2.1626727879047376 7.2496682405471793 3.1894047558307648 40.528850670903921 3.3430534601211548
leaf_count=22 30 18 219 37
internal_value=0.00278826 -0.0495953 0.0123215 -0.0851703
internal_weight=56.4736 8.69513 47.7785 5.50573
internal_count=326 77 249 59
is_linear=0
shrinkage=0.1


Tree=257
num_leaves=8
num_cat=0
split_feature=0 3 0 1 2 3 1
split_gain=6.27439 2.41645 2.49348 0.417237 0.756384 0.183619 4.50558e-09
threshold=4.5000000000000009 5.5000000000000009 6.5000000000000009 5.5000000000000009 5.5000000000000009 5.5000000000000009 3.5000000000000004
decision_type=2 2 2 2 2 2 2
left_child=5 2 -2 4 -3 6 -1
right_child=1 3 -4 -5 -6 -7 -8
leaf_value=-0.098262888802203449 -0.032800600394920269 0.0044318604941817495 0.0044318604941817495 0.038545349374541016 0.027831143021872475 -0.063342156706371083 -0.098255819809128786
leaf_weight=2.6680285930633536 7.1889127343893033 6.1981577798724157 3.6956143826246262 25.850849896669388 7.813631609082222 2.4044832214713097 1.3618869408965109
leaf_count=38 64 29 15 107 30 22 21
internal_value=0.00781538 0.0196106 -0.0221495 0.0310132 0.0171169 -0.0852118 -0.0982605
internal_weight=57.1816 50.7472 10.8845 39.8626 14.0118 6.4344 4.02992
internal_count=326 245 79 166 59 81 59
is_linear=0
shrinkage=0.1


Tree=258
num_leaves=8
num_cat=0
split_feature=3 0 1 2 3 2 3
split_gain=5.43969 2.46631 0.212373 0.618475 0.208797 0.000101538 1.7754e-06
threshold=5.5000000000000009 5.5000000000000009 6.5000000000000009 6.5000000000000009 6.5000000000000009 3.5000000000000004 4.5000000000000009
decision_type=2 2 2 2 2 2 2
left_child=5 -2 3 4 -3 -1 -7
right_child=1 2 -4 -5 -6 6 -8
leaf_value=-0.092903254860840903 -0.028795160941541789 0.0095264925837078018 0.060889717745880881 0.050013081568851293 0.034037597966446606 -0.091901202973005969 -0.091709028225959985
leaf_weight=1.0130861662328268 2.5954466965049532 3.200700484216215 7.4859263449907294 3.3026646748185158 4.7032003402709961 0.59901767037808928 2.4345124009996653
leaf_count=22 57 52 43 19 17 20 96
internal_value=0.0142434 0.0344461 0.0478481 0.0391364 0.0191873 -0.0920365 -0.091747
internal_weight=25.3346 21.2879 18.6925 11.2066 7.9039 4.04662 3.03353
internal_count=326 188 131 88 69 138 116
is_linear=0
shrinkage=0.1


Tree=259
num_leaves=6
num_cat=0
split_feature=3 0 1 0 3
split_gain=2.72198 1.73421 0.363737 0.0516275 3.99284e-06
threshold=5.5000000000000009 7.5000000000000009 5.5000000000000009 6.5000000000000009 4.5000000000000009
decision_type=2 2 2 2 2
left_child=4 2 -2 -4 -1
right_child=1 -3 3 -5 -6
leaf_value=-0.095036341618159548 -0.027782056921816824 0.069426157088050874 -0.00026569988124926181 0.022586290916659153 -0.094718402412756725
leaf_weight=0.57997459312900956 1.1097135748714193 6.135827362537384 1.0841323430649934 0.72101629711687554 1.2384678185917437
leaf_count=32 77 34 53 24 106
internal_value=0.0168244 0.0392557 -0.0242536 0.01733 -0.0948198
internal_weight=10.8691 9.05069 2.91486 1.80515 1.81844
internal_count=326 188 154 77 138
is_linear=0
shrinkage=0.1


Tree=260
num_leaves=5
num_cat=0
split_feature=3 3 3 2
split_gain=1.40682 0.088637 1.92946e-07 4.80972e-08
threshold=6.5000000000000009 7.5000000000000009 5.5000000000000009 3.5000000000000004
decision_type=2 2 2 2
left_child=2 -2 3 -1
right_child=1 -3 -4 -5
leaf_value=-0.089389409931265887 0.058741344164817827 0.10112201801400163 -0.089230350147460308 -0.089317845564565207
leaf_weight=0.1357057900168005 1.2769341636449101 0.80434167385101307 0.25323525856947526 0.30494584934785962
leaf_count=22 51 3 134 116
internal_value=0.0340093 0.07512 -0.0892999 -0.0893399
internal_weight=2.77516 2.08128 0.693887 0.440652
internal_count=326 54 272 138
is_linear=0
shrinkage=0.1


Tree=261
num_leaves=3
num_cat=0
split_feature=0 3
split_gain=0.100917 0.0408103
threshold=2.5000000000000004 5.5000000000000009
decision_type=2 2
left_child=-1 -2
right_child=1 -3
leaf_value=-0.089963815822598964 -0.015876201807606974 0.010830579774947401
leaf_weight=0.14695361163467202 1.3473163237795236 0.9945216440828516
leaf_count=12 128 186
internal_value=-0.00957876 -0.00453448
internal_weight=2.48879 2.34184
internal_count=326 314
is_linear=0
shrinkage=0.1


Tree=262
num_leaves=1
num_cat=0
split_feature=
split_gain=
threshold=
decision_type=
left_child=
right_child=
leaf_value=0
leaf_weight=
leaf_count=326
internal_value=
internal_weight=
internal_count=
is_linear=0
shrinkage=1


Tree=263
num_leaves=2
num_cat=0
split_feature=0
split_gain=0.175685
threshold=2.5000000000000004
decision_type=2
left_child=-1
right_child=-2
leaf_value=-0.039908122482291156 -0.011725364834162351
leaf_weight=2.442766577005389 23.40446368791163
leaf_count=12 314
internal_value=-0.0143889
internal_weight=25.8472
internal_count=326
is_linear=0
shrinkage=0.1


Tree=264
num_leaves=2
num_cat=0
split_feature=2
split_gain=0.956332
threshold=3.5000000000000004
decision_type=2
left_child=-1
right_child=-2
leaf_value=-0.05177288861325801 -0.0044987306583321634
leaf_weight=4.7105076014995566 46.73313001729548
leaf_count=24 302
internal_value=-0.00882745
internal_weight=51.4436
internal_count=326
is_linear=0
shrinkage=0.1


Tree=265
num_leaves=4
num_cat=0
split_feature=3 1 2
split_gain=2.71573 1.82048 0.0254199
threshold=4.5000000000000009 3.5000000000000004 4.5000000000000009
decision_type=2 2 2
left_child=-1 -2 -3
right_child=1 2 -4
leaf_value=-0.073231346129541644 -0.032037497047163223 0.0081015900644501107 0.016262832291717027
leaf_weight=4.3357847817242137 4.9138958118855944 4.1910478621721259 42.700552523136139
leaf_count=32 41 27 226
internal_value=0.00279356 0.00915635 0.0155334
internal_weight=56.1413 51.8055 46.8916
internal_count=326 294 253
is_linear=0
shrinkage=0.1


Tree=266
num_leaves=7
num_cat=0
split_feature=2 0 1 2 2 2
split_gain=5.94235 2.11752 2.89104 0.108636 0.00186623 0.00107151
threshold=4.5000000000000009 5.5000000000000009 5.5000000000000009 5.5000000000000009 5.5000000000000009 3.5000000000000004
decision_type=2 2 2 2 2 2
left_child=5 2 3 -2 -3 -1
right_child=1 4 -4 -5 -6 -7
leaf_value=-0.097347822580176185 -0.038731159438547436 0.028790264135795482 0.0070594829465942324 -0.015835838245976602 0.030509925320136688 -0.094383147088080876
leaf_weight=2.0627302676439276 4.8569793626666051 7.9794486388564101 3.7632102593779555 4.8006840646266937 30.176605679094791 2.9807915911078453
leaf_count=24 49 40 17 19 124 53
internal_value=0.00800282 0.0181333 -0.0160313 -0.0387312 0.0301503 -0.0955957
internal_weight=56.6204 51.5769 13.4209 9.65766 38.1561 5.04352
internal_count=326 249 85 68 164 77
is_linear=0
shrinkage=0.1


Tree=267
num_leaves=8
num_cat=0
split_feature=3 0 1 2 3 2 3
split_gain=5.05805 2.3252 0.176776 0.57706 0.191299 9.98103e-05 1.53229e-06
threshold=5.5000000000000009 5.5000000000000009 6.5000000000000009 6.5000000000000009 6.5000000000000009 3.5000000000000004 4.5000000000000009
decision_type=2 2 2 2 2 2 2
left_child=5 -2 3 4 -3 -1 -7
right_child=1 2 -4 -5 -6 6 -8
leaf_value=-0.092698944591727381 -0.028979959308084714 0.0088541738988335977 0.058520895120796813 0.048614538176909076 0.032968924915676316 -0.091668691439164146 -0.091483193535940199
leaf_weight=0.96501769870519938 2.5342874666675952 3.1681017242372054 7.5404879227280608 3.3068442307412624 4.7057657837867737 0.55520728230476413 2.2497437857091427
leaf_count=22 57 52 43 19 17 20 96
internal_value=0.0149282 0.0338618 0.0466883 0.0387082 0.019081 -0.0918217 -0.0915199
internal_weight=25.0255 21.2555 18.7212 11.1807 7.87387 3.76997 2.80495
internal_count=326 188 131 88 69 138 116
is_linear=0
shrinkage=0.1


Tree=268
num_leaves=6
num_cat=0
split_feature=2 1 3 1 0
split_gain=2.55082 0.99945 1.25114 0.721562 0.0827041
threshold=5.5000000000000009 5.5000000000000009 6.5000000000000009 7.5000000000000009 7.5000000000000009
decision_type=2 2 2 2 2
left_child=-1 4 3 -3 -2
right_child=1 2 -4 -5 -6
leaf_value=-0.091224051837951917 -0.025951542853090859 0.014009956829870114 0.089014949085512829 0.051512452957691468 0.012073620801418574
leaf_weight=1.797442375682295 0.68514404492452541 2.0186148369684815 4.3622725419700146 1.152109361253679 0.73008418083190918
leaf_count=172 37 67 37 8 5
internal_value=0.0174845 0.039321 0.0539715 0.01401 -0.0259515
internal_weight=10.7457 8.94822 7.533 3.17072 1.41523
internal_count=326 154 112 75 42
is_linear=0
shrinkage=0.1


Tree=269
num_leaves=3
num_cat=0
split_feature=0 3
split_gain=1.31364 0.0699382
threshold=6.5000000000000009 7.5000000000000009
decision_type=2 2
left_child=-1 -2
right_child=1 -3
leaf_value=-0.089484498476426449 0.058687520956296951 0.096225530843304402
leaf_weight=0.65026739137829315 1.2776719563989902 0.81161755323410023
leaf_count=247 76 3
internal_value=0.034638 0.0732698
internal_weight=2.73956 2.08929
internal_count=326 79
is_linear=0
shrinkage=0.1


Tree=270
num_leaves=3
num_cat=0
split_feature=3 0
split_gain=0.0522433 0.589197
threshold=5.5000000000000009 4.5000000000000009
decision_type=2 2
left_child=1 -1
right_child=-2 -3
leaf_value=-0.090371615021935095 0.0077480819911536023 -0.0069722350577989456
leaf_weight=0.8926433068700137 1.0256160074495708 0.56925444724038243
leaf_count=59 188 79
internal_value=-0.00955401 -0.0216926
internal_weight=2.48751 1.4619
internal_count=326 138
is_linear=0
shrinkage=0.1


Tree=271
num_leaves=1
num_cat=0
split_feature=
split_gain=
threshold=
decision_type=
left_child=
right_child=
leaf_value=0
leaf_weight=
leaf_count=326
internal_value=
internal_weight=
internal_count=
is_linear=0
shrinkage=1


Tree=272
num_leaves=2
num_cat=0
split_feature=0
split_gain=0.177296
threshold=2.5000000000000004
decision_type=2
left_child=-1
right_child=-2
leaf_value=-0.039957206009455799 -0.011613074004548933
leaf_weight=2.437977313995364 23.278609225526452
leaf_count=12 314
internal_value=-0.0143001
internal_weight=25.7166
internal_count=326
is_linear=0
shrinkage=0.1


Tree=273
num_leaves=2
num_cat=0
split_feature=2
split_gain=0.902224
threshold=3.5000000000000004
decision_type=2
left_child=-1
right_child=-2
leaf_value=-0.050640829129203035 -0.0044898229796666682
leaf_weight=4.6615459173917762 46.397786433808506
leaf_count=24 302
internal_value=-0.00870326
internal_weight=51.0593
internal_count=326
is_linear=0
shrinkage=0.1


Tree=274
num_leaves=5
num_cat=0
split_feature=0 3 2 0
split_gain=2.55631 3.82253 0.278999 0.0324933
threshold=4.5000000000000009 5.5000000000000009 4.5000000000000009 3.5000000000000004
decision_type=2 2 2 2
left_child=1 3 -2 -1
right_child=2 -3 -4 -5
leaf_value=-0.10931512419803231 -0.0097743308690992695 -0.013979572597615134 0.01574641821037906 -0.094149523680020511
leaf_weight=2.1204838305711728 4.7927435040473929 4.5115749388933182 40.329197058454156 4.2330935671925545
leaf_count=25 26 22 219 34
internal_value=0.00255022 -0.0409948 0.0130357 -0.099211
internal_weight=55.9871 10.8652 45.1219 6.35358
internal_count=326 81 245 59
is_linear=0
shrinkage=0.1


Tree=275
num_leaves=7
num_cat=0
split_feature=2 0 1 2 2 2
split_gain=5.50406 1.87407 2.80817 0.182853 0.006534 0.000944817
threshold=4.5000000000000009 5.5000000000000009 5.5000000000000009 5.5000000000000009 5.5000000000000009 3.5000000000000004
decision_type=2 2 2 2 2 2
left_child=5 2 3 -2 -3 -1
right_child=1 4 -4 -5 -6 -7
leaf_value=-0.096816265158958303 -0.038707022542696361 0.02645909180528205 0.0071768454717343333 -0.015765088535481014 0.029666368054676436 -0.093943293407650924
leaf_weight=1.9530002996325482 4.7246326766908151 8.053504101932047 3.7663550153374663 4.7873064577579498 30.063823416829109 2.7657003104686737
leaf_count=24 49 40 17 19 124 53
internal_value=0.00822862 0.0177183 -0.014635 -0.038707 0.0289887 -0.0951324
internal_weight=56.1143 51.3956 13.2783 9.51194 38.1173 4.7187
internal_count=326 249 85 68 164 77
is_linear=0
shrinkage=0.1


Tree=276
num_leaves=6
num_cat=0
split_feature=1 2 3 2 0
split_gain=4.88133 2.02316 0.351778 0.305543 2.9605e-05
threshold=4.5000000000000009 5.5000000000000009 6.5000000000000009 6.5000000000000009 6.5000000000000009
decision_type=2 2 2 2 2
left_child=-1 4 3 -3 -2
right_child=1 2 -4 -5 -6
leaf_value=-0.094358212456580381 -0.030409601210459616 0.010807992521361753 0.056570785754864697 0.041964706739912122 -0.010210541144407743
leaf_weight=3.4709032503888038 2.1156478514894874 4.5366218369454154 11.85219132900238 1.7841270193457601 0.98891959339380253
leaf_count=112 66 70 46 22 10
internal_value=0.0156017 0.033539 0.0464105 0.0273586 -0.0304096
internal_weight=24.7484 21.2775 18.1729 6.32075 3.10457
internal_count=326 214 138 92 76
is_linear=0
shrinkage=0.1


Tree=277
num_leaves=6
num_cat=0
split_feature=3 0 2 1 3
split_gain=2.41814 1.48604 0.878926 0.0604271 1.27472e-05
threshold=5.5000000000000009 6.5000000000000009 6.5000000000000009 5.5000000000000009 4.5000000000000009
decision_type=2 2 2 2 2
left_child=4 3 -3 -2 -1
right_child=1 2 -4 -5 -6
leaf_value=-0.095101372428510744 -0.028588278429178805 0.015146789093482877 0.085328841235204123 0.00011562262904519241 -0.094504728710577787
leaf_weight=0.53051599441096242 0.86600458016618898 2.5713577335700393 4.5498550683259964 1.0788996207993475 1.1016982062719762
leaf_count=32 71 40 24 53 106
internal_value=0.0173496 0.0375221 0.0588819 -0.0285883 -0.0946987
internal_weight=10.6983 9.06612 7.12121 1.9449 1.63221
internal_count=326 188 64 124 138
is_linear=0
shrinkage=0.1


Tree=278
num_leaves=3
num_cat=0
split_feature=2 2
split_gain=1.24324 2.77313e-07
threshold=6.5000000000000009 3.5000000000000004
decision_type=2 2
left_child=1 -1
right_child=-2 -3
leaf_value=-0.089339064334863869 0.07252231118329823 -0.089176054673203733
leaf_weight=0.13317708834074471 2.0860902238637209 0.48234433162724599
leaf_count=24 44 258
internal_value=0.0356737 -0.0892113
internal_weight=2.70161 0.615521
internal_count=326 282
is_linear=0
shrinkage=0.1


Tree=279
num_leaves=2
num_cat=0
split_feature=3
split_gain=0.0412
threshold=5.5000000000000009
decision_type=2
left_child=-1
right_child=-2
leaf_value=-0.019124290177988557 0.007174859336276933
leaf_weight=1.4100964346434923 1.0313772157533092
leaf_count=138 188
internal_value=-0.00801447
internal_weight=2.44147
internal_count=326
is_linear=0
shrinkage=0.1


Tree=280
num_leaves=1
num_cat=0
split_feature=
split_gain=
threshold=
decision_type=
left_child=
right_child=
leaf_value=0
leaf_weight=
leaf_count=326
internal_value=
internal_weight=
internal_count=
is_linear=0
shrinkage=1


Tree=281
num_leaves=2
num_cat=0
split_feature=0
split_gain=0.177709
threshold=2.5000000000000004
decision_type=2
left_child=-1
right_child=-2
leaf_value=-0.040185410723926965 -0.011791480239162377
leaf_weight=2.4356283247470882 23.202243821229786
leaf_count=12 314
internal_value=-0.0144889
internal_weight=25.6379
internal_count=326
is_linear=0
shrinkage=0.1


Tree=282
num_leaves=2
num_cat=0
split_feature=2
split_gain=0.847609
threshold=3.5000000000000004
decision_type=2
left_child=-1
right_child=-2
leaf_value=-0.049780984886564503 -0.0048670420702033442
leaf_weight=4.6233343482017508 46.081998622044921
leaf_count=24 302
internal_value=-0.00896231
internal_weight=50.7053
internal_count=326
is_linear=0
shrinkage=0.1


Tree=283
num_leaves=5
num_cat=0
split_feature=2 1 0 2
split_gain=2.31621 1.52767 0.379824 0.132356
threshold=4.5000000000000009 4.5000000000000009 4.5000000000000009 3.5000000000000004
decision_type=2 2 2 2
left_child=1 3 -2 -1
right_child=2 -3 -4 -5
leaf_value=-0.10347225345354548 -0.0098772376146284285 -0.017387262035861693 0.015127726482723085 -0.070386741027556751
leaf_weight=1.9772412553429584 7.1540789008140555 3.1352270916104317 40.266125690191984 3.112397700548172
leaf_count=22 30 18 219 37
internal_value=0.00285848 -0.0461299 0.0113553 -0.0832399
internal_weight=55.6451 8.22487 47.4202 5.08964
internal_count=326 77 249 59
is_linear=0
shrinkage=0.1


Tree=284
num_leaves=7
num_cat=0
split_feature=0 3 0 1 2 3
split_gain=5.21067 2.16331 2.22285 0.37885 0.689864 0.205843
threshold=4.5000000000000009 5.5000000000000009 6.5000000000000009 5.5000000000000009 5.5000000000000009 5.5000000000000009
decision_type=2 2 2 2 2 2
left_child=5 2 -2 4 -3 -1
right_child=1 3 -4 -5 -6 -7
leaf_value=-0.097548614913925302 -0.031804333506621867 0.0040246884703780605 0.0040246884703780605 0.036767099033264861 0.026508235498948398 -0.058450574139567384
leaf_weight=3.4707862809300414 6.824822533875702 6.1309608891606313 3.7111155390739441 25.513896077871323 7.7723534256219864 2.2001624293625355
leaf_count=59 64 29 15 107 30 22
internal_value=0.0084586 0.0187711 -0.0214807 0.02953 0.0162494 -0.0823797
internal_weight=55.6241 49.9531 10.5359 39.4172 13.9033 5.67095
internal_count=326 245 79 166 59 81
is_linear=0
shrinkage=0.1


Tree=285
num_leaves=6
num_cat=0
split_feature=1 2 3 2 0
split_gain=4.51767 1.85323 0.28666 0.277091 0.0223579
threshold=4.5000000000000009 5.5000000000000009 6.5000000000000009 6.5000000000000009 6.5000000000000009
decision_type=2 2 2 2 2
left_child=-1 4 3 -3 -2
right_child=1 2 -4 -5 -6
leaf_value=-0.093982281638056053 -0.030575613944305607 0.011678636358340282 0.054177677974689781 0.04098143400475688 -0.0081084776251387734
leaf_weight=3.2383729824796346 2.0667501930147441 4.5054721292108306 11.854533851146698 1.798242565244436 0.97286588698625553
leaf_count=112 66 70 46 22 10
internal_value=0.0160253 0.0328311 0.0450154 0.0277852 -0.0305756
internal_weight=24.4362 21.1979 18.1582 6.30371 3.03962
internal_count=326 214 138 92 76
is_linear=0
shrinkage=0.1


Tree=286
num_leaves=5
num_cat=0
split_feature=0 3 1 2
split_gain=2.2828 0.811549 0.939692 0.219211
threshold=5.5000000000000009 6.5000000000000009 7.5000000000000009 6.5000000000000009
decision_type=2 2 2 2
left_child=-1 2 3 -2
right_child=1 -3 -4 -5
leaf_value=-0.09083598695632944 -0.026582456609676203 0.065109121595933503 0.034840125692518022 0.0041288345414209086
leaf_weight=1.6353178070858128 1.2649477482773346 4.8857774380594492 1.3419727566651998 1.443122461438179
leaf_count=152 101 45 10 18
internal_value=0.0177915 0.0376711 0.00457113 -0.0265825
internal_weight=10.5711 8.93582 4.05004 2.70807
internal_count=326 174 129 119
is_linear=0
shrinkage=0.1


Tree=287
num_leaves=4
num_cat=0
split_feature=3 3 3
split_gain=1.18573 0.0536287 2.09913e-07
threshold=6.5000000000000009 7.5000000000000009 5.5000000000000009
decision_type=2 2 2
left_child=2 -2 -1
right_child=1 -3 -4
leaf_value=-0.089339376099645484 0.058852527895632591 0.091665105122156171 -0.089214803654639477
leaf_weight=0.37366351723903823 1.2737708798376846 0.8179580271244048 0.21202022596844472
leaf_count=138 51 3 134
internal_value=0.0364698 0.0716837 -0.0892943
internal_weight=2.67741 2.09173 0.585684
internal_count=326 54 272
is_linear=0
shrinkage=0.1


Tree=288
num_leaves=3
num_cat=0
split_feature=3 0
split_gain=0.0400403 0.574984
threshold=5.5000000000000009 4.5000000000000009
decision_type=2 2
left_child=1 -1
right_child=-2 -3
leaf_value=-0.090303961074283012 0.0067718832711038393 -0.0061773897759407649
leaf_weight=0.84584132488816999 1.0353377358987925 0.56403483590111136
leaf_count=59 188 79
internal_value=-0.00816086 -0.0191267
internal_weight=2.44521 1.40988
internal_count=326 138
is_linear=0
shrinkage=0.1


Tree=289
num_leaves=1
num_cat=0
split_feature=
split_gain=
threshold=
decision_type=
left_child=
right_child=
leaf_value=0
leaf_weight=
leaf_count=326
internal_value=
internal_weight=
internal_count=
is_linear=0
shrinkage=1


Tree=290
num_leaves=2
num_cat=0
split_feature=0
split_gain=0.177833
threshold=2.5000000000000004
decision_type=2
left_child=-1
right_child=-2
leaf_value=-0.040247064875555377 -0.011812019076234172
leaf_weight=2.4308931827545193 23.096105298725888
leaf_count=12 314
internal_value=-0.0145198
internal_weight=25.527
internal_count=326
is_linear=0
shrinkage=0.1


Tree=291
num_leaves=2
num_cat=0
split_feature=2
split_gain=0.803696
threshold=3.5000000000000004
decision_type=2
left_child=-1
right_child=-2
leaf_value=-0.048872727690177253 -0.0049558023897777071
leaf_weight=4.5846234560012809 45.749859035946429
leaf_count=24 302
internal_value=-0.00895589
internal_weight=50.3345
internal_count=326
is_linear=0
shrinkage=0.1


Tree=292
num_leaves=4
num_cat=0
split_feature=3 1 2
split_gain=2.23838 1.56004 0.00747881
threshold=4.5000000000000009 3.5000000000000004 4.5000000000000009
decision_type=2 2 2
left_child=-1 -2 -3
right_child=1 2 -4
leaf_value=-0.068599928413856689 -0.030038606436564714 0.010306261949812903 0.014772711408535498
leaf_weight=4.061508532613515 4.7158690169453612 4.1122860908508292 42.429063962772489
leaf_count=32 41 27 226
internal_value=0.00286036 0.00852272 0.0143781
internal_weight=55.3187 51.2572 46.5414
internal_count=326 294 253
is_linear=0
shrinkage=0.1


Tree=293
num_leaves=7
num_cat=0
split_feature=1 3 0 1 2 3
split_gain=4.89072 2.57158 2.5384 0.263212 0.929006 0.010671
threshold=3.5000000000000004 5.5000000000000009 6.5000000000000009 5.5000000000000009 5.5000000000000009 5.5000000000000009
decision_type=2 2 2 2 2 2
left_child=5 2 -2 4 -3 -1
right_child=1 3 -4 -5 -6 -7
leaf_value=-0.097089158991131908 -0.037744649083042883 0.0021124423792892619 0.0021124423792892619 0.035357911527235018 0.026842891462107651 -0.087133700579348258
leaf_weight=2.4876147694885722 7.4699878431856614 6.4146645292639715 3.7122702971100807 25.393719792366028 7.7084129452705383 1.898272320628166
leaf_count=42 81 36 15 107 31 14
internal_value=0.00852708 0.017291 -0.0250466 0.0292715 0.0183279 -0.0927803
internal_weight=55.0849 50.6991 11.1823 39.5168 14.1231 4.38589
internal_count=326 270 96 174 67 56
is_linear=0
shrinkage=0.1


Tree=294
num_leaves=8
num_cat=0
split_feature=3 0 1 2 3 2 3
split_gain=4.38854 2.00596 0.137549 0.496502 0.106702 4.83678e-05 1.75666e-06
threshold=5.5000000000000009 5.5000000000000009 6.5000000000000009 6.5000000000000009 6.5000000000000009 3.5000000000000004 4.5000000000000009
decision_type=2 2 2 2 2 2 2
left_child=5 -2 3 4 -3 -1 -7
right_child=1 2 -4 -5 -6 6 -8
leaf_value=-0.092133366205393294 -0.02899242762969937 0.0080138807495906579 0.055397244788325986 0.046637263355475966 0.02876931777235375 -0.091418252647819817 -0.09120601411972605
leaf_weight=0.83117761649191679 2.3422553893178728 2.9976763613522071 7.5657204762101165 3.3197636380791664 4.6738693118095398 0.48894487693905841 1.9266521157696843
leaf_count=22 57 52 43 19 17 20 96
internal_value=0.0166871 0.0334905 0.0450202 0.0378773 0.019121 -0.0914754 -0.091249
internal_weight=24.1461 20.8993 18.557 10.9913 7.67155 3.24677 2.4156
internal_count=326 188 131 88 69 138 116
is_linear=0
shrinkage=0.1


Tree=295
num_leaves=7
num_cat=0
split_feature=3 1 3 1 2 3
split_gain=2.16689 1.32329 0.634836 0.633864 0.130613 1.68853e-05
threshold=5.5000000000000009 5.5000000000000009 6.5000000000000009 7.5000000000000009 6.5000000000000009 4.5000000000000009
decision_type=2 2 2 2 2 2
left_child=5 4 3 -3 -2 -1
right_child=1 2 -4 -5 -6 -7
leaf_value=-0.094783788363861615 -0.028554096663548252 0.013512882893626574 0.078665950553181166 0.048446916543292598 0.013512882893626574 -0.094059689167666771
leaf_weight=0.48076660372316904 0.98997001117095151 1.6147251010406762 4.549883970990777 1.197415579110384 0.64294798113405704 0.9754377796780318
leaf_count=32 76 60 39 8 5 106
internal_value=0.0188696 0.0371906 0.0555799 0.0182279 -0.0285541 -0.0942988
internal_weight=10.4511 8.99494 7.36202 2.81214 1.63292 1.4562
internal_count=326 188 107 68 81 138
is_linear=0
shrinkage=0.1


Tree=296
num_leaves=4
num_cat=0
split_feature=2 0 3
split_gain=1.14564 0.748111 0.287705
threshold=7.5000000000000009 6.5000000000000009 7.5000000000000009
decision_type=2 2 2
left_child=1 -1 -3
right_child=-2 2 -4
leaf_value=-0.089451021449298951 0.2181818485115351 0.0073962884137996196 0.087764705123888495
leaf_weight=0.54573968087788749 0.30818262696266163 0.971126355580054 0.82284116744995117
leaf_count=247 2 74 3
internal_value=0.0369434 0.0130709 0.044259
internal_weight=2.64789 2.33971 1.79397
internal_count=326 324 77
is_linear=0
shrinkage=0.1


Tree=297
num_leaves=2
num_cat=0
split_feature=3
split_gain=0.0308963
threshold=5.5000000000000009
decision_type=2
left_child=-1
right_child=-2
leaf_value=-0.016332700027039466 0.0065919817891593379
leaf_weight=1.3574898967053743 1.0369888159330001
leaf_count=138 188
internal_value=-0.00640459
internal_weight=2.39448
internal_count=326
is_linear=0
shrinkage=0.1


Tree=298
num_leaves=1
num_cat=0
split_feature=
split_gain=
threshold=
decision_type=
left_child=
right_child=
leaf_value=0
leaf_weight=
leaf_count=326
internal_value=
internal_weight=
internal_count=
is_linear=0
shrinkage=1


Tree=299
num_leaves=2
num_cat=0
split_feature=0
split_gain=0.174941
threshold=2.5000000000000004
decision_type=2
left_child=-1
right_child=-2
leaf_value=-0.039952205847197775 -0.011689488414559426
leaf_weight=2.4208837822079685 22.973703926429152
leaf_count=12 314
internal_value=-0.0143838
internal_weight=25.3946
internal_count=326
is_linear=0
shrinkage=0.1


Tree=300
num_leaves=2
num_cat=0
split_feature=1
split_gain=0.836018
threshold=2.5000000000000004
decision_type=2
left_child=-1
right_child=-2
leaf_value=-0.051047683518747715 -0.0048539499401172225
leaf_weight=4.2852236479520789 45.701577115803957
leaf_count=19 307
internal_value=-0.008814
internal_weight=49.9868
internal_count=326
is_linear=0
shrinkage=0.1


Tree=301
num_leaves=4
num_cat=0
split_feature=1 3 2
split_gain=2.10044 1.37256 0.666514
threshold=3.5000000000000004 5.5000000000000009 4.5000000000000009
decision_type=2 2 2
left_child=1 -1 -2
right_child=2 -3 -4
leaf_value=-0.10288601891173757 -0.023187531771057084 -0.023446637526145977 0.013196496694485997
leaf_weight=3.0999265685677519 5.6865288726985446 2.4350637383759022 43.934904895722866
leaf_count=42 37 14 233
internal_value=0.00250945 -0.0559202 0.00902695
internal_weight=55.1564 5.53499 49.6214
internal_count=326 56 270
is_linear=0
shrinkage=0.1


Tree=302
num_leaves=6
num_cat=0
split_feature=2 2 3 2 0
split_gain=4.66632 1.57505 2.05759 0.000553067 0.000433881
threshold=4.5000000000000009 5.5000000000000009 5.5000000000000009 3.5000000000000004 5.5000000000000009
decision_type=2 2 2 2 2
left_child=3 2 -2 -1 -3
right_child=1 4 -4 -5 -6
leaf_value=-0.095696349185095356 -0.038674367474616937 0.026840784092916788 0.0074659476402383022 -0.093331954196239686 0.02768798363393335
leaf_weight=1.6946410872042168 3.4402462691068623 7.593406915664672 9.8520516902208328 2.377006771042943 29.645694844424725
leaf_count=24 44 30 51 53 124
internal_value=0.0086691 0.0169673 -0.0125833 -0.094316 0.0275152
internal_weight=54.603 50.5314 13.2923 4.07165 37.2391
internal_count=326 249 95 77 154
is_linear=0
shrinkage=0.1


Tree=303
num_leaves=8
num_cat=0
split_feature=3 0 1 2 3 2 3
split_gain=4.08742 1.89409 0.11565 0.46196 0.0958109 4.47965e-05 2.04715e-06
threshold=5.5000000000000009 5.5000000000000009 6.5000000000000009 6.5000000000000009 6.5000000000000009 3.5000000000000004 4.5000000000000009
decision_type=2 2 2 2 2 2 2
left_child=5 -2 3 4 -3 -1 -7
right_child=1 2 -4 -5 -6 6 -8
leaf_value=-0.091943207590440057 -0.029037911363086345 0.007609774888473881 0.053731586767172004 0.045709780872072753 0.028320892434572916 -0.091253741700205657 -0.091016515312964119
leaf_weight=0.78544114902615847 2.2872171401977566 2.9689755141735095 7.6086038723587981 3.3273655287921429 4.6763388812541962 0.45754824951291095 1.7747882488183677
leaf_count=22 57 52 43 19 17 20 96
internal_value=0.0174871 0.0332179 0.0442575 0.037688 0.0193167 -0.0912937 -0.0910651
internal_weight=23.8863 20.8685 18.5813 10.9727 7.64531 3.01778 2.23234
internal_count=326 188 131 88 69 138 116
is_linear=0
shrinkage=0.1


Tree=304
num_leaves=5
num_cat=0
split_feature=2 1 3 2
split_gain=2.06309 0.822122 0.952395 0.294253
threshold=5.5000000000000009 7.5000000000000009 6.5000000000000009 6.5000000000000009
decision_type=2 2 2 2
left_child=-1 2 3 -2
right_child=1 -3 -4 -5
leaf_value=-0.091171981220928622 -0.027024403892982343 0.08929576029878751 0.048728663810982009 0.010852129958999835
leaf_weight=1.4579096573870636 1.0784782618284208 2.2573636882007122 4.1777874045073986 1.42268983181566
leaf_count=172 78 14 43 19
internal_value=0.0191283 0.0371232 0.0194898 -0.0270244
internal_weight=10.3942 8.93632 6.67896 2.50117
internal_count=326 154 140 97
is_linear=0
shrinkage=0.1


Tree=305
num_leaves=4
num_cat=0
split_feature=3 3 3
split_gain=1.02544 0.0359783 2.07679e-07
threshold=6.5000000000000009 7.5000000000000009 5.5000000000000009
decision_type=2 2 2
left_child=2 -2 -1
right_child=1 -3 -4
leaf_value=-0.089308087073611014 0.058112642044760389 0.084914311822017086 -0.089174793225160753
leaf_weight=0.33049417746951837 1.2719529742607849 0.82619470357894886 0.18085192056605592
leaf_count=138 51 3 134
internal_value=0.0377196 0.0686664 -0.0892609
internal_weight=2.60949 2.09815 0.511346
internal_count=326 54 272
is_linear=0
shrinkage=0.1


Tree=306
num_leaves=2
num_cat=0
split_feature=3
split_gain=0.0299973
threshold=5.5000000000000009
decision_type=2
left_child=-1
right_child=-2
leaf_value=-0.016319402850359085 0.0062500534891805201
leaf_weight=1.3570871402043851 1.0403493338671976
leaf_count=138 188
internal_value=-0.00652556
internal_weight=2.39744
internal_count=326
is_linear=0
shrinkage=0.1


Tree=307
num_leaves=1
num_cat=0
split_feature=
split_gain=
threshold=
decision_type=
left_child=
right_child=
leaf_value=0
leaf_weight=
leaf_count=326
internal_value=
internal_weight=
internal_count=
is_linear=0
shrinkage=1


Tree=308
num_leaves=3
num_cat=0
split_feature=2 0
split_gain=0.37583 0.210592
threshold=2.5000000000000004 2.5000000000000004
decision_type=2 2
left_child=-1 -2
right_child=1 -3
leaf_value=-0.063275543785966865 -0.037238864464266531 -0.0086641856392222077
leaf_weight=1.471694797277453 1.4609750062227274 22.339424707228318
leaf_count=6 8 312
internal_value=-0.0142346 -0.0112022
internal_weight=25.2721 23.8004
internal_count=326 320
is_linear=0
shrinkage=0.1


Tree=309
num_leaves=2
num_cat=0
split_feature=1
split_gain=0.778225
threshold=2.5000000000000004
decision_type=2
left_child=-1
right_child=-2
leaf_value=-0.049509138501589611 -0.0048292603080462961
leaf_weight=4.2646012008190146 45.392455278895795
leaf_count=19 307
internal_value=-0.00866642
internal_weight=49.6571
internal_count=326
is_linear=0
shrinkage=0.1


Tree=310
num_leaves=5
num_cat=0
split_feature=0 3 2 1
split_gain=1.98384 3.47844 0.164624 0.155265
threshold=4.5000000000000009 5.5000000000000009 4.5000000000000009 4.5000000000000009
decision_type=2 2 2 2
left_child=1 3 -2 -1
right_child=2 -3 -4 -5
leaf_value=-0.10878743588177842 -0.0060258300988312585 -0.012617449783168963 0.013844413774969498 -0.074171777614500473
leaf_weight=3.7810613717883808 4.6561895012855521 4.5094527080655098 39.893381191417575 1.9713602662086485
leaf_count=48 26 22 219 11
internal_value=0.00263682 -0.0370025 0.0117676 -0.0969246
internal_weight=54.8114 10.2619 44.5496 5.75242
internal_count=326 81 245 59
is_linear=0
shrinkage=0.1


Tree=311
num_leaves=7
num_cat=0
split_feature=1 3 0 1 2 0
split_gain=4.40955 2.21881 2.38539 0.268211 0.823227 0.0179573
threshold=3.5000000000000004 5.5000000000000009 6.5000000000000009 5.5000000000000009 5.5000000000000009 4.5000000000000009
decision_type=2 2 2 2 2 2
left_child=5 2 -2 4 -3 -1
right_child=1 3 -4 -5 -6 -7
leaf_value=-0.096527664436559218 -0.037435807576762334 0.0021746605489577592 0.0021746605489577592 0.033940694550567169 0.025327844762232127 -0.082665009459084449
leaf_weight=2.6126459892839184 7.1166432444006187 6.3933279663324338 3.702268473803997 25.14487811177969 7.7186810672283173 1.4547268487513063
leaf_count=47 81 36 15 107 31 9
internal_value=0.00856463 0.016698 -0.0233991 0.0277484 0.016715 -0.0915696
internal_weight=54.1432 50.0758 10.8189 39.2569 14.112 4.06737
internal_count=326 270 96 174 67 56
is_linear=0
shrinkage=0.1


Tree=312
num_leaves=6
num_cat=0
split_feature=1 2 3 2 0
split_gain=3.90669 1.58732 0.227057 0.201904 0.0327395
threshold=4.5000000000000009 5.5000000000000009 6.5000000000000009 6.5000000000000009 6.5000000000000009
decision_type=2 2 2 2 2
left_child=-1 4 3 -3 -2
right_child=1 2 -4 -5 -6
leaf_value=-0.093436908603951305 -0.030306633097105153 0.014533859992683092 0.052008448119855735 0.040216673542175126 -0.0088700063300653428
leaf_weight=2.7765033077448633 1.8830298781394987 4.3781167659908542 11.777253523468971 1.870152600109577 0.9697248376905917
leaf_count=112 66 70 46 22 10
internal_value=0.0180037 0.0328236 0.0438336 0.0284249 -0.0303066
internal_weight=23.6548 20.8783 18.0255 6.24827 2.85275
internal_count=326 214 138 92 76
is_linear=0
shrinkage=0.1


Tree=313
num_leaves=5
num_cat=0
split_feature=0 3 2 1
split_gain=1.9663 0.538748 0.876402 0.0965996
threshold=5.5000000000000009 6.5000000000000009 6.5000000000000009 7.5000000000000009
decision_type=2 2 2 2
left_child=-1 2 3 -2
right_child=1 -3 -4 -5
leaf_value=-0.090762669005359439 -0.02701095915552125 0.058289904879665157 0.033492131641158752 0.0032405862428187522
leaf_weight=1.399376661982388 1.1184013187885264 5.0409530904144049 1.998617303557694 0.75614532176405203
leaf_count=152 101 45 21 7
internal_value=0.0194406 0.0367408 0.00869436 -0.027011
internal_weight=10.3135 8.91412 3.87316 1.87455
internal_count=326 174 129 108
is_linear=0
shrinkage=0.1


Tree=314
num_leaves=3
num_cat=0
split_feature=2 2
split_gain=0.957467 9.63768e-08
threshold=6.5000000000000009 3.5000000000000004
decision_type=2 2
left_child=1 -1
right_child=-2 -3
leaf_value=-0.089253449894901804 0.067073747486959226 -0.08914602143345518
leaf_weight=0.10747746052220497 2.1064794326666743 0.37446659879060462
leaf_count=24 44 258
internal_value=0.0379824 -0.08917
internal_weight=2.58842 0.481944
internal_count=326 282
is_linear=0
shrinkage=0.1


Tree=315
num_leaves=3
num_cat=0
split_feature=3 0
split_gain=0.0285404 0.560471
threshold=5.5000000000000009 4.5000000000000009
decision_type=2 2
left_child=1 -1
right_child=-2 -3
leaf_value=-0.09023301309761135 0.0056266816123172643 -0.005360997294560319
leaf_weight=0.80083222081884764 1.0466803085873833 0.55668159411288798
leaf_count=59 188 79
internal_value=-0.00678157 -0.0163487
internal_weight=2.40419 1.35751
internal_count=326 138
is_linear=0
shrinkage=0.1


Tree=316
num_leaves=1
num_cat=0
split_feature=
split_gain=
threshold=
decision_type=
left_child=
right_child=
leaf_value=0
leaf_weight=
leaf_count=326
internal_value=
internal_weight=
internal_count=
is_linear=0
shrinkage=1


Tree=317
num_leaves=2
num_cat=0
split_feature=0
split_gain=0.174343
threshold=2.5000000000000004
decision_type=2
left_child=-1
right_child=-2
leaf_value=-0.039767506701900782 -0.011547557725296134
leaf_weight=2.4217885807156589 22.79786284500733
leaf_count=12 314
internal_value=-0.0142575
internal_weight=25.2197
internal_count=326
is_linear=0
shrinkage=0.1


Tree=318
num_leaves=2
num_cat=0
split_feature=2
split_gain=0.7919
threshold=3.5000000000000004
decision_type=2
left_child=-1
right_child=-2
leaf_value=-0.048445662874437988 -0.0047480089392159808
leaf_weight=4.5698487162590018 44.840395101346076
leaf_count=24 302
internal_value=-0.00878951
internal_weight=49.4102
internal_count=326
is_linear=0
shrinkage=0.1


Tree=319
num_leaves=4
num_cat=0
split_feature=3 1 2
split_gain=1.89073 1.28953 0.00343235
threshold=4.5000000000000009 3.5000000000000004 4.5000000000000009
decision_type=2 2 2
left_child=-1 -2 -3
right_child=1 2 -4
leaf_value=-0.064954873372607025 -0.028490095161949055 0.010439527140373741 0.013472862576054997
leaf_weight=3.8232740852981797 4.4865825567394486 4.0934567749500266 42.055160272866488
leaf_count=32 41 27 226
internal_value=0.00285464 0.00797468 0.0132038
internal_weight=54.4585 50.6352 46.1486
internal_count=326 294 253
is_linear=0
shrinkage=0.1


Tree=320
num_leaves=6
num_cat=0
split_feature=0 2 3 2 2
split_gain=4.21123 1.50268 2.12993 0.298625 7.84413e-05
threshold=4.5000000000000009 5.5000000000000009 5.5000000000000009 5.5000000000000009 3.5000000000000004
decision_type=2 2 2 2 2
left_child=3 2 -2 4 -1
right_child=1 -3 -4 -5 -6
leaf_value=-0.094472423244892759 -0.030947456010140453 0.028233627313956483 0.0084091033132311123 -0.037046207949873095 -0.093498579115466635
leaf_weight=1.2575642503798001 3.9522190578281853 35.719811640679836 9.0991109237074852 1.2381795495748518 2.4164305198937654
leaf_count=21 57 148 40 6 54
internal_value=0.00873466 0.0176234 -0.0114154 -0.0795183 -0.0938319
internal_weight=53.6833 48.7711 13.0513 4.91217 3.67399
internal_count=326 245 97 81 75
is_linear=0
shrinkage=0.1


Tree=321
num_leaves=8
num_cat=0
split_feature=3 2 1 0 3 2 3
split_gain=3.6531 1.39415 0.27508 0.0559066 0.00367469 2.76792e-05 1.36497e-06
threshold=5.5000000000000009 5.5000000000000009 5.5000000000000009 6.5000000000000009 6.5000000000000009 3.5000000000000004 4.5000000000000009
decision_type=2 2 2 2 2 2 2
left_child=5 3 -3 -2 -4 -1 -7
right_child=1 2 4 -5 -6 6 -8
leaf_value=-0.091598201625399611 -0.029180829737938476 0.018181753941898877 0.046757833925028365 -0.0030446997254066546 0.050157871530746294 -0.091029718095238091 -0.090825142286202643
leaf_weight=0.69954913482070269 1.820168338716033 3.6174067165702608 4.7472767401486609 0.91189882904291142 9.6205190569162369 0.4106059521436688 1.5856057442724705
leaf_count=22 50 34 59 8 37 20 96
internal_value=0.0184465 0.0326953 0.042829 -0.0291808 0.0490345 -0.0910569 -0.0908672
internal_weight=23.413 20.7173 17.9852 2.73207 14.3678 2.69576 1.99621
internal_count=326 188 130 58 96 138 116
is_linear=0
shrinkage=0.1


Tree=322
num_leaves=6
num_cat=0
split_feature=3 0 1 0 3
split_gain=1.89353 1.24472 0.324369 0.0332754 3.95385e-05
threshold=5.5000000000000009 7.5000000000000009 5.5000000000000009 6.5000000000000009 4.5000000000000009
decision_type=2 2 2 2 2
left_child=4 2 -2 -4 -1
right_child=1 -3 3 -5 -6
leaf_value=-0.095312206682719225 -0.029027200723522519 0.061139800711400794 0.0011202394525524106 0.020620026074291101 -0.094128950964758665
leaf_weight=0.42792662000283666 0.88107908610254382 6.2277503982186317 1.0648373276926575 0.77850878704339255 0.8303954959847033
leaf_count=32 77 34 53 24 106
internal_value=0.0203317 0.0364769 -0.0198997 0.0143641 -0.0945313
internal_weight=10.2105 8.95218 2.72443 1.84335 1.25832
internal_count=326 188 154 77 138
is_linear=0
shrinkage=0.1


Tree=323
num_leaves=3
num_cat=0
split_feature=0 3
split_gain=0.904283 0.0302381
threshold=6.5000000000000009 7.5000000000000009
decision_type=2 2
left_child=-1 -2
right_child=1 -3
leaf_value=-0.089418285188092889 0.05602856731761742 0.080502530404529385
leaf_weight=0.45738596589944824 1.285807208856568 0.83115753531455983
leaf_count=247 76 3
internal_value=0.0380887 0.0656375
internal_weight=2.57435 2.11696
internal_count=326 79
is_linear=0
shrinkage=0.1


Tree=324
num_leaves=2
num_cat=0
split_feature=3
split_gain=0.0205074
threshold=5.5000000000000009
decision_type=2
left_child=-1
right_child=-2
leaf_value=-0.013352431604566626 0.0054274025837081873
leaf_weight=1.3053582049906256 1.0485423916252328
leaf_count=138 188
internal_value=-0.00498698
internal_weight=2.3539
internal_count=326
is_linear=0
shrinkage=0.1


Tree=325
num_leaves=1
num_cat=0
split_feature=
split_gain=
threshold=
decision_type=
left_child=
right_child=
leaf_value=0
leaf_weight=
leaf_count=326
internal_value=
internal_weight=
internal_count=
is_linear=0
shrinkage=1


Tree=326
num_leaves=2
num_cat=0
split_feature=0
split_gain=0.169737
threshold=2.5000000000000004
decision_type=2
left_child=-1
right_child=-2
leaf_value=-0.039261562729039405 -0.011341856785808152
leaf_weight=2.4089550301432636 22.660706952679902
leaf_count=12 314
internal_value=-0.0140247
internal_weight=25.0697
internal_count=326
is_linear=0
shrinkage=0.1


Tree=327
num_leaves=2
num_cat=0
split_feature=1
split_gain=0.760201
threshold=2.5000000000000004
decision_type=2
left_child=-1
right_child=-2
leaf_value=-0.049049573820985085 -0.0046994839064516281
leaf_weight=4.2298322468996039 44.798175202682614
leaf_count=19 307
internal_value=-0.00852573
internal_weight=49.028
internal_count=326
is_linear=0
shrinkage=0.1


Tree=328
num_leaves=5
num_cat=0
split_feature=0 3 1 2
split_gain=1.68993 3.22685 0.166801 0.156004
threshold=4.5000000000000009 5.5000000000000009 4.5000000000000009 4.5000000000000009
decision_type=2 2 2 2
left_child=1 2 -1 -2
right_child=3 -3 -4 -5
leaf_value=-0.10753679562714601 -0.0061989690976646077 -0.011668707381867999 -0.070851935674232688 0.013154191423123483
leaf_weight=3.5274079721420986 4.6544536650180808 4.5285768061876297 1.9108701497316358 39.620560938492417
leaf_count=48 26 22 11 219
internal_value=0.00274502 -0.0344571 -0.0946467 0.0111197
internal_weight=54.2419 9.96685 5.43828 44.275
internal_count=326 81 59 245
is_linear=0
shrinkage=0.1


Tree=329
num_leaves=7
num_cat=0
split_feature=1 3 0 1 2 0
split_gain=3.91815 1.95429 2.24825 0.261719 0.748177 0.0206988
threshold=3.5000000000000004 5.5000000000000009 6.5000000000000009 5.5000000000000009 5.5000000000000009 4.5000000000000009
decision_type=2 2 2 2 2 2
left_child=5 2 -2 4 -3 -1
right_child=1 3 -4 -5 -6 -7
leaf_value=-0.095822821343380576 -0.036872437258156983 0.0022970769175213123 0.0022970769175213123 0.032729232100435719 0.024194169765625235 -0.080495088835661185
leaf_weight=2.3114369884133334 6.8411194700747711 6.3605422154068929 3.6932567581534386 24.897338904440403 7.6900051683187485 1.4236728213727472
leaf_count=47 81 36 15 107 31 9
internal_value=0.00878076 0.0162356 -0.021977 0.0265711 0.0156591 -0.0899805
internal_weight=53.2174 49.4823 10.5344 38.9479 14.0505 3.73511
internal_count=326 270 96 174 67 56
is_linear=0
shrinkage=0.1


Tree=330
num_leaves=6
num_cat=0
split_feature=1 2 3 2 3
split_gain=3.49292 1.28586 0.184594 0.177617 0.0709722
threshold=4.5000000000000009 5.5000000000000009 6.5000000000000009 6.5000000000000009 5.5000000000000009
decision_type=2 2 2 2 2
left_child=-1 4 3 -3 -2
right_child=1 2 -4 -5 -6
leaf_value=-0.093223445966796381 -0.03062340791253957 0.014555926695501695 0.04901728375121911 0.038394125114276541 -0.01163386015197939
leaf_weight=2.4967565219849375 0.71159062068909706 4.3710905592888603 11.752460837364197 1.9004208501428363 1.9909580620005725
leaf_count=112 47 70 46 22 29
internal_value=0.0185163 0.0319766 0.0416245 0.027771 -0.0306234
internal_weight=23.2233 20.7265 18.024 6.27151 2.70255
internal_count=326 214 138 92 76
is_linear=0
shrinkage=0.1


Tree=331
num_leaves=6
num_cat=0
split_feature=2 1 3 1 2
split_gain=1.76394 0.720587 0.756334 0.593793 0.151878
threshold=5.5000000000000009 5.5000000000000009 6.5000000000000009 7.5000000000000009 6.5000000000000009
decision_type=2 2 2 2 2
left_child=-1 4 3 -3 -2
right_child=1 2 -4 -5 -6
leaf_value=-0.091128868664799689 -0.027401720771100115 0.010300640688101362 0.073327396713984069 0.041814018701042711 0.010300640688101362
leaf_weight=1.2372036022134132 0.62649739789776304 1.8208264780696481 4.6262575685977936 1.1604562811553478 0.64266831055283546
leaf_count=172 37 67 37 8 5
internal_value=0.0207343 0.0363254 0.048003 0.0103006 -0.0274017
internal_weight=10.1139 8.87671 7.60754 2.98128 1.26917
internal_count=326 154 112 75 42
is_linear=0
shrinkage=0.1


Tree=332
num_leaves=4
num_cat=0
split_feature=3 3 3
split_gain=0.846919 0.0245068 2.17549e-07
threshold=6.5000000000000009 7.5000000000000009 5.5000000000000009
decision_type=2 2 2
left_child=2 -2 -1
right_child=1 -3 -4
leaf_value=-0.08931557642987964 0.05557328859880039 0.077577176829971506 -0.089167344889856434
leaf_weight=0.27955527635640498 1.2880932570551524 0.83380904793739308 0.15330464913859032
leaf_count=138 51 3 134
internal_value=0.0382148 0.0642198 -0.0892631
internal_weight=2.55476 2.1219 0.43286
internal_count=326 54 272
is_linear=0
shrinkage=0.1


Tree=333
num_leaves=3
num_cat=0
split_feature=0 3
split_gain=0.108432 0.0117218
threshold=2.5000000000000004 5.5000000000000009
decision_type=2 2
left_child=-1 -2
right_child=1 -3
leaf_value=-0.089983966879357336 -0.0065673326015998658 0.0080141999587853684
leaf_weight=0.14204958500340614 1.1989100254140796 1.0206156378262674
leaf_count=12 128 186
internal_value=-0.00528309 0.000137767
internal_weight=2.36158 2.21953
internal_count=326 314
is_linear=0
shrinkage=0.1


Tree=334
num_leaves=1
num_cat=0
split_feature=
split_gain=
threshold=
decision_type=
left_child=
right_child=
leaf_value=0
leaf_weight=
leaf_count=326
internal_value=
internal_weight=
internal_count=
is_linear=0
shrinkage=1


Tree=335
num_leaves=2
num_cat=0
split_feature=0
split_gain=0.171206
threshold=2.5000000000000004
decision_type=2
left_child=-1
right_child=-2
leaf_value=-0.039280583172957358 -0.011241690052971749
leaf_weight=2.4102151468396213 22.573342052986845
leaf_count=12 314
internal_value=-0.0139467
internal_weight=24.9836
internal_count=326
is_linear=0
shrinkage=0.1


Tree=336
num_leaves=2
num_cat=0
split_feature=2
split_gain=0.743101
threshold=3.5000000000000004
decision_type=2
left_child=-1
right_child=-2
leaf_value=-0.04725255125229446 -0.0046859054879796191
leaf_weight=4.5200474411249152 44.256771656684577
leaf_count=24 302
internal_value=-0.00863047
internal_weight=48.7768
internal_count=326
is_linear=0
shrinkage=0.1


Tree=337
num_leaves=4
num_cat=0
split_feature=1 3 2
split_gain=1.62986 1.18949 0.545272
threshold=3.5000000000000004 5.5000000000000009 4.5000000000000009
decision_type=2 2 2
left_child=1 -1 -2
right_child=2 -3 -4
leaf_value=-0.10115040109573757 -0.020999046621502593 -0.021284136022169522 0.012320933867415883
leaf_weight=2.5697250794619313 5.539859026670455 2.4851064421236515 43.292630139738321
leaf_count=42 37 14 233
internal_value=0.00294551 -0.0511092 0.00854091
internal_weight=53.8873 5.05483 48.8325
internal_count=326 56 270
is_linear=0
shrinkage=0.1


Tree=338
num_leaves=7
num_cat=0
split_feature=2 0 1 2 2 2
split_gain=3.736 1.34948 2.36715 0.289172 0.000193835 0.000171952
threshold=4.5000000000000009 5.5000000000000009 5.5000000000000009 5.5000000000000009 3.5000000000000004 5.5000000000000009
decision_type=2 2 2 2 2 2
left_child=4 2 3 -2 -1 -3
right_child=1 5 -4 -5 -6 -7
leaf_value=-0.094285972068902546 -0.038737685229588321 0.025055100150580212 0.0064245990586488796 -0.01615654308546972 -0.092736370509770405 0.02558115384374085
leaf_weight=1.3645699694752684 4.0702419206500036 7.9004740118980399 3.6058685146272174 4.7496212124824524 1.9763297941535711 29.102675959467888
leaf_count=24 49 40 17 19 53 124
internal_value=0.00897638 0.0158939 -0.0126196 -0.0387377 -0.0933693 0.0254688
internal_weight=52.7698 49.4289 12.4257 8.81986 3.3409 37.0031
internal_count=326 249 85 68 77 164
is_linear=0
shrinkage=0.1


Tree=339
num_leaves=8
num_cat=0
split_feature=3 2 1 1 3 2 3
split_gain=3.24572 1.15198 0.24549 0.0780549 0.00359139 1.59071e-05 1.34424e-06
threshold=5.5000000000000009 5.5000000000000009 5.5000000000000009 5.5000000000000009 6.5000000000000009 3.5000000000000004 4.5000000000000009
decision_type=2 2 2 2 2 2 2
left_child=5 3 -3 -2 -4 -1 -7
right_child=1 2 4 -5 -6 6 -8
leaf_value=-0.091289152980375737 -0.029489373853596613 0.017495698702722658 0.044495249100515825 -0.00057170619946672 0.047843164859512989 -0.090870755934179925 -0.090657254695104647
leaf_weight=0.62180953286588492 1.6744579961523443 3.5909801498055485 4.8157315701246235 0.93506998009979714 9.5746936649084091 0.37273665890097585 1.4121883185580373
leaf_count=22 47 34 59 11 37 20 96
internal_value=0.0190312 0.0318748 0.040886 -0.0294894 0.0467228 -0.0908536 -0.0907018
internal_weight=22.9977 20.5909 17.9814 2.60953 14.3904 2.40673 1.78492
internal_count=326 188 130 58 96 138 116
is_linear=0
shrinkage=0.1


Tree=340
num_leaves=6
num_cat=0
split_feature=3 0 1 0 3
split_gain=1.67755 1.05994 0.325962 0.02753 5.07599e-05
threshold=5.5000000000000009 7.5000000000000009 5.5000000000000009 6.5000000000000009 4.5000000000000009
decision_type=2 2 2 2 2
left_child=4 2 -2 -4 -1
right_child=1 -3 3 -5 -6
leaf_value=-0.09525852065109558 -0.029526255522677777 0.05761712334186693 0.0024358390824381114 0.019906818924919301 -0.093845668140410621
leaf_weight=0.38869536155834861 0.8148174688685671 6.2921400144696236 1.0500493261497466 0.78253017039969552 0.73538745113182813
leaf_count=32 77 34 53 24 106
internal_value=0.0208039 0.0352817 -0.0178035 0.0149398 -0.0943342
internal_weight=10.0636 8.93954 2.6474 1.83258 1.12408
internal_count=326 188 154 77 138
is_linear=0
shrinkage=0.1


Tree=341
num_leaves=3
num_cat=0
split_feature=0 3
split_gain=0.78475 0.0216555
threshold=6.5000000000000009 7.5000000000000009
decision_type=2 2
left_child=-1 -2
right_child=1 -3
leaf_value=-0.089369732550326098 0.054933471056185179 0.075587853576670583
leaf_weight=0.4015640012075895 1.2936885443632493 0.83544093370437611
leaf_count=247 76 3
internal_value=0.0388543 0.063038
internal_weight=2.53069 2.12913
internal_count=326 79
is_linear=0
shrinkage=0.1


Tree=342
num_leaves=2
num_cat=0
split_feature=3
split_gain=0.0195223
threshold=5.5000000000000009
decision_type=2
left_child=-1
right_child=-2
leaf_value=-0.013657831947849792 0.0046100891827021801
leaf_weight=1.3101969652343544 1.0568924581457393
leaf_count=138 188
internal_value=-0.00550131
internal_weight=2.36709
internal_count=326
is_linear=0
shrinkage=0.1


Tree=343
num_leaves=1
num_cat=0
split_feature=
split_gain=
threshold=
decision_type=
left_child=
right_child=
leaf_value=0
leaf_weight=
leaf_count=326
internal_value=
internal_weight=
internal_count=
is_linear=0
shrinkage=1


Tree=344
num_leaves=2
num_cat=0
split_feature=0
split_gain=0.16654
threshold=2.5000000000000004
decision_type=2
left_child=-1
right_child=-2
leaf_value=-0.038851250262255173 -0.011130062255168934
leaf_weight=2.3986626788973835 22.457293138140813
leaf_count=12 314
internal_value=-0.0138052
internal_weight=24.856
internal_count=326
is_linear=0
shrinkage=0.1


Tree=345
num_leaves=2
num_cat=0
split_feature=1
split_gain=0.728524
threshold=2.5000000000000004
decision_type=2
left_child=-1
right_child=-2
leaf_value=-0.048350859343407812 -0.0047184283847332481
leaf_weight=4.1891502290964118 44.229193593375385
leaf_count=19 307
internal_value=-0.0084935
internal_weight=48.4183
internal_count=326
is_linear=0
shrinkage=0.1


Tree=346
num_leaves=4
num_cat=0
split_feature=3 1 2
split_gain=1.59392 1.0427 0.00151347
threshold=4.5000000000000009 3.5000000000000004 4.5000000000000009
decision_type=2 2 2
left_child=-1 -2 -3
right_child=1 2 -4
leaf_value=-0.061240060712989756 -0.026824942718906238 0.010355865992705906 0.012373816621561012
leaf_weight=3.60716988146305 4.2517852615565053 4.080712739378213 41.659149685874581
leaf_count=32 41 27 226
internal_value=0.00295794 0.00759018 0.0121938
internal_weight=53.5988 49.9916 45.7399
internal_count=326 294 253
is_linear=0
shrinkage=0.1


Tree=347
num_leaves=6
num_cat=0
split_feature=0 2 3 2 2
split_gain=3.48378 1.30379 1.91687 0.302641 2.46513e-05
threshold=4.5000000000000009 5.5000000000000009 5.5000000000000009 5.5000000000000009 3.5000000000000004
decision_type=2 2 2 2 2
left_child=3 2 -2 4 -1
right_child=1 -3 -4 -5 -6
leaf_value=-0.093473843303295778 -0.029795428238904666 0.026911980463252723 0.0082496810747213715 -0.034208187215055967 -0.092879411216487837
leaf_weight=1.0528844669461244 3.647437967360017 35.298036180436611 9.0879208147525787 1.2124672830104826 2.0677511785179377
leaf_count=21 57 148 40 6 54
internal_value=0.00926903 0.0170159 -0.0104126 -0.0766068 -0.09308
internal_weight=52.3665 48.0334 12.7354 4.3331 3.12064
internal_count=326 245 97 81 75
is_linear=0
shrinkage=0.1


Tree=348
num_leaves=7
num_cat=0
split_feature=1 2 3 0 0 3
split_gain=3.13039 1.03367 0.155825 0.819664 0.0788039 0.096245
threshold=4.5000000000000009 5.5000000000000009 6.5000000000000009 6.5000000000000009 6.5000000000000009 6.5000000000000009
decision_type=2 2 2 2 2 2
left_child=-1 4 3 -3 5 -2
right_child=1 2 -4 -5 -6 -7
leaf_value=-0.093040385795931935 -0.030911817002369148 0.0057772056932981876 0.046498123069961914 0.036747582159966811 -0.0011641737856387538 -0.01603799539400395
leaf_weight=2.2489627338945892 1.0814119279384642 2.1063417326658973 11.716472715139389 4.1948298346251249 0.91308562830090512 0.57465247809886921
leaf_count=112 63 50 46 42 10 3
internal_value=0.0189794 0.0312168 0.0396782 0.026997 -0.0281237 -0.0309118
internal_weight=22.8358 20.5868 18.0176 6.30117 2.56915 1.65606
internal_count=326 214 138 92 76 66
is_linear=0
shrinkage=0.1


Tree=349
num_leaves=5
num_cat=0
split_feature=0 3 2 1
split_gain=1.58405 0.427843 0.789496 0.1191
threshold=5.5000000000000009 6.5000000000000009 6.5000000000000009 7.5000000000000009
decision_type=2 2 2 2
left_child=-1 2 3 -2
right_child=1 -3 -4 -5
leaf_value=-0.090538828135436025 -0.027597409365289524 0.054237467632031036 0.031997491854586571 0.0022000412446485235
leaf_weight=1.1268992823315791 1.0324542063754032 5.0910643571987748 1.978520356118679 0.74834526819176983
leaf_count=152 101 45 21 7
internal_value=0.021126 0.035344 0.00975752 -0.0275974
internal_weight=9.97728 8.85038 3.75932 1.7808
internal_count=326 174 129 108
is_linear=0
shrinkage=0.1


Tree=350
num_leaves=5
num_cat=0
split_feature=2 3 3 3
split_gain=0.750145 0.525204 0.175567 2.17789e-07
threshold=7.5000000000000009 6.5000000000000009 7.5000000000000009 5.5000000000000009
decision_type=2 2 2 2
left_child=1 3 -3 -1
right_child=-2 2 -4 -5
leaf_value=-0.089304049380737729 0.17426301547623155 0.010053045169681045 0.072970892351176403 -0.089146353427396879
leaf_weight=0.24941075078095387 0.35147765278816212 0.94295081950258441 0.83732041716575623 0.13497231858491432
leaf_count=138 2 49 3 134
internal_value=0.0387593 0.0167573 0.0396454 -0.0892487
internal_weight=2.51613 2.16465 1.78027 0.384383
internal_count=326 324 52 272
is_linear=0
shrinkage=0.1


Tree=351
num_leaves=3
num_cat=0
split_feature=3 0
split_gain=0.0182019 0.544201
threshold=5.5000000000000009 4.5000000000000009
decision_type=2 2
left_child=1 -1
right_child=-2 -3
leaf_value=-0.090178520928198266 0.0041552117496081236 -0.0046585588514981794
leaf_weight=0.75797011563554428 1.0615725171810479 0.54899083415511996
leaf_count=59 188 79
internal_value=-0.0055717 -0.0134723
internal_weight=2.36853 1.30696
internal_count=326 138
is_linear=0
shrinkage=0.1


Tree=352
num_leaves=1
num_cat=0
split_feature=
split_gain=
threshold=
decision_type=
left_child=
right_child=
leaf_value=0
leaf_weight=
leaf_count=326
internal_value=
internal_weight=
internal_count=
is_linear=0
shrinkage=1


Tree=353
num_leaves=2
num_cat=0
split_feature=0
split_gain=0.166689
threshold=2.5000000000000004
decision_type=2
left_child=-1
right_child=-2
leaf_value=-0.038498984562049615 -0.010737095178448289
leaf_weight=2.3947834745049503 22.322817853651941
leaf_count=12 314
internal_value=-0.0134268
internal_weight=24.7176
internal_count=326
is_linear=0
shrinkage=0.1


Tree=354
num_leaves=2
num_cat=0
split_feature=2
split_gain=0.6995
threshold=3.5000000000000004
decision_type=2
left_child=-1
right_child=-2
leaf_value=-0.045867019093311791 -0.0043028598291251132
leaf_weight=4.4628619700670233 43.664072486571968
leaf_count=24 302
internal_value=-0.00815715
internal_weight=48.1269
internal_count=326
is_linear=0
shrinkage=0.1


Tree=355
num_leaves=5
num_cat=0
split_feature=2 1 0 2
split_gain=1.43043 1.39768 0.222779 0.138404
threshold=4.5000000000000009 4.5000000000000009 4.5000000000000009 3.5000000000000004
decision_type=2 2 2 2
left_child=1 3 -2 -1
right_child=2 -3 -4 -5
leaf_value=-0.10335739600852534 -0.0072017897507534083 -0.014498799630172258 0.012276978256026555 -0.065971351309983481
leaf_weight=1.5563242584466923 6.9055902510881415 2.994243711233139 39.21033376082778 2.7222468834370375
leaf_count=22 30 18 219 37
internal_value=0.00285984 -0.0383577 0.00936015 -0.0795705
internal_weight=53.3887 7.27281 46.1159 4.27857
internal_count=326 77 249 59
is_linear=0
shrinkage=0.1


Tree=356
num_leaves=7
num_cat=0
split_feature=1 3 0 1 2 0
split_gain=3.37462 1.6824 2.06892 0.245252 0.673383 0.022186
threshold=3.5000000000000004 5.5000000000000009 6.5000000000000009 5.5000000000000009 5.5000000000000009 4.5000000000000009
decision_type=2 2 2 2 2 2
left_child=5 2 -2 4 -3 -1
right_child=1 3 -4 -5 -6 -7
leaf_value=-0.095150257899506333 -0.036216708095846394 0.0024925471523487871 0.0024925471523487871 0.031405201975708424 0.023095395855438145 -0.078581994329227328
leaf_weight=1.9446290917694562 6.4613638631999475 6.2865907847881299 3.6785278469324112 24.524732924997807 7.6315727978944778 1.3830032907426355
leaf_count=47 81 36 15 107 31 9
internal_value=0.00915803 0.0158309 -0.020403 0.0253881 0.0147856 -0.0882643
internal_weight=51.9104 48.5828 10.1399 38.4429 13.9182 3.32763
internal_count=326 270 96 174 67 56
is_linear=0
shrinkage=0.1


Tree=357
num_leaves=7
num_cat=0
split_feature=1 2 3 0 0 3
split_gain=2.87346 0.943936 0.146061 0.765116 0.08055 0.110058
threshold=4.5000000000000009 5.5000000000000009 6.5000000000000009 6.5000000000000009 6.5000000000000009 6.5000000000000009
decision_type=2 2 2 2 2 2
left_child=-1 4 3 -3 5 -2
right_child=1 2 -4 -5 -6 -7
leaf_value=-0.092730111850788097 -0.031124588853031643 0.0058875544181159955 0.045127723192991367 0.035698037860087961 -0.00046130598498711408 -0.015792947419009381
leaf_weight=2.0847786185331669 1.0512939048931031 2.0792669560760269 11.698421120643616 4.248644445091486 0.9085891805589198 0.56903398782014836
leaf_count=112 63 50 46 42 10 3
internal_value=0.0191352 0.0304809 0.0385074 0.0262684 -0.0267323 -0.0311246
internal_weight=22.64 20.5552 18.0263 6.32791 2.52892 1.62033
internal_count=326 214 138 92 76 66
is_linear=0
shrinkage=0.1


Tree=358
num_leaves=6
num_cat=0
split_feature=2 1 3 1 2
split_gain=1.50216 0.614191 0.637974 0.564604 0.149535
threshold=5.5000000000000009 5.5000000000000009 6.5000000000000009 7.5000000000000009 6.5000000000000009
decision_type=2 2 2 2 2
left_child=-1 4 3 -3 -2
right_child=1 2 -4 -5 -6
leaf_value=-0.091104454162586931 -0.027842185885406559 0.0090269840415705665 0.068718608879802537 0.038992365844853633 0.0090269840415705665
leaf_weight=1.0498802082147456 0.56087124976329306 1.7746769869700074 4.7018681950867176 1.1548366248607635 0.64120976906269789
leaf_count=172 37 67 37 8 5
internal_value=0.0219797 0.0354201 0.0458962 0.00926612 -0.0278422
internal_weight=9.88334 8.83346 7.63138 2.92951 1.20208
internal_count=326 154 112 75 42
is_linear=0
shrinkage=0.1


Tree=359
num_leaves=3
num_cat=0
split_feature=2 0
split_gain=0.69474 8.25069e-09
threshold=6.5000000000000009 2.5000000000000004
decision_type=2 2
left_child=1 -1
right_child=-2 -3
leaf_value=-0.08917933935639949 0.060671385408940251 -0.089130768816138267
leaf_weight=0.039219548692927098 2.1269917611498386 0.32307757633680012
leaf_count=12 44 270
internal_value=0.0388681 -0.089136
internal_weight=2.48929 0.362297
internal_count=326 282
is_linear=0
shrinkage=0.1


Tree=360
num_leaves=2
num_cat=0
split_feature=3
split_gain=0.0118133
threshold=5.5000000000000009
decision_type=2
left_child=-1
right_child=-2
leaf_value=-0.010509202148041659 0.0037995287428560184
leaf_weight=1.2589768883772197 1.0651563176361376
leaf_count=138 188
internal_value=-0.00395147
internal_weight=2.32413
internal_count=326
is_linear=0
shrinkage=0.1


Tree=361
num_leaves=1
num_cat=0
split_feature=
split_gain=
threshold=
decision_type=
left_child=
right_child=
leaf_value=0
leaf_weight=
leaf_count=326
internal_value=
internal_weight=
internal_count=
is_linear=0
shrinkage=1


Tree=362
num_leaves=3
num_cat=0
split_feature=2 0
split_gain=0.399904 0.202994
threshold=2.5000000000000004 2.5000000000000004
decision_type=2 2
left_child=-1 -2
right_child=1 -3
leaf_value=-0.06393016247721596 -0.037054853018507909 -0.0076710925007755434
leaf_weight=1.4722357392311121 1.4310706108808542 21.708535262849182
leaf_count=6 8 312
internal_value=-0.0133948 -0.0101795
internal_weight=24.6118 23.1396
internal_count=326 320
is_linear=0
shrinkage=0.1


Tree=363
num_leaves=2
num_cat=0
split_feature=1
split_gain=0.700679
threshold=2.5000000000000004
decision_type=2
left_child=-1
right_child=-2
leaf_value=-0.047410316430448241 -0.0043900596250072465
leaf_weight=4.1453179419040671 43.668868707027286
leaf_count=19 307
internal_value=-0.00811976
internal_weight=47.8142
internal_count=326
is_linear=0
shrinkage=0.1


Tree=364
num_leaves=3
num_cat=0
split_feature=3 1
split_gain=1.36235 0.974787
threshold=4.5000000000000009 3.5000000000000004
decision_type=2 2
left_child=-1 -2
right_child=1 -3
leaf_value=-0.057877421342975757 -0.025375626002288616 0.011617412874534503
leaf_weight=3.4481825549155465 4.1950734239071599 45.429610252380371
leaf_count=32 41 253
internal_value=0.00290284 0.00712617
internal_weight=53.0729 49.6247
internal_count=326 294
is_linear=0
shrinkage=0.1


Tree=365
num_leaves=5
num_cat=0
split_feature=1 2 3 0
split_gain=3.06242 1.54925 2.05836 0.0339083
threshold=3.5000000000000004 5.5000000000000009 5.5000000000000009 4.5000000000000009
decision_type=2 2 2 2
left_child=3 2 -2 -1
right_child=1 -3 -4 -5
leaf_value=-0.094721661880506722 -0.035083501766037174 0.026602780676586692 0.0065065138815010087 -0.073821668620511677
leaf_weight=1.8175523262470954 3.8665479272603962 35.123267240822315 9.3259023241698742 1.3549768477678297
leaf_count=47 73 150 47 9
internal_value=0.00937896 0.0156283 -0.0135898 -0.0857953
internal_weight=51.4882 48.3157 13.1925 3.17253
internal_count=326 270 120 56
is_linear=0
shrinkage=0.1


Tree=366
num_leaves=8
num_cat=0
split_feature=3 2 1 1 3 2 3
split_gain=2.77931 0.812217 0.210478 0.0978843 0.00421954 3.57395e-06 1.12348e-06
threshold=5.5000000000000009 5.5000000000000009 5.5000000000000009 5.5000000000000009 6.5000000000000009 3.5000000000000004 4.5000000000000009
decision_type=2 2 2 2 2 2 2
left_child=5 3 -3 -2 -4 -1 -7
right_child=1 2 4 -5 -6 6 -8
leaf_value=-0.090899137664095617 -0.029969805179884554 0.016220884386559067 0.041045064692222487 0.0045915584608469803 0.044654528231819091 -0.090747931744165233 -0.090552580429462307
leaf_weight=0.52185631915927233 1.5175999612547486 3.543272269889715 4.9134467728435967 0.89920584112405766 9.5024501532316208 0.32942266389727559 1.2266546690370888
leaf_count=22 47 34 59 11 37 20 96
internal_value=0.0194979 0.0307331 0.0380572 -0.023692 0.0434243 -0.0906727 -0.0905967
internal_weight=22.4539 20.376 17.9592 2.41681 14.4159 2.07793 1.55608
internal_count=326 188 130 58 96 138 116
is_linear=0
shrinkage=0.1


Tree=367
num_leaves=6
num_cat=0
split_feature=3 0 1 0 3
split_gain=1.44687 0.887212 0.310319 0.0228588 4.38058e-05
threshold=5.5000000000000009 7.5000000000000009 5.5000000000000009 6.5000000000000009 4.5000000000000009
decision_type=2 2 2 2 2
left_child=4 2 -2 -4 -1
right_child=1 -3 3 -5 -6
leaf_value=-0.095199085454808097 -0.029800685547266881 0.054769865060187231 0.0035945558678710065 0.019838867496310173 -0.093788094042378978
leaf_weight=0.33964353497140187 0.7207437963224933 6.3224895298480988 1.0366000782232729 0.79399773920886207 0.62478120508603752
leaf_count=32 77 34 53 24 106
internal_value=0.0220411 0.0346836 -0.0150921 0.0148837 -0.094285
internal_weight=9.83826 8.87383 2.55134 1.8306 0.964425
internal_count=326 188 154 77 138
is_linear=0
shrinkage=0.1


Tree=368
num_leaves=4
num_cat=0
split_feature=3 3 3
split_gain=0.644685 0.0147792 1.92092e-07
threshold=6.5000000000000009 7.5000000000000009 5.5000000000000009
decision_type=2 2 2
left_child=2 -2 -1
right_child=1 -3 -4
leaf_value=-0.089291055272018388 0.052804248763039623 0.069827676946744383 -0.089132968387664394
leaf_weight=0.21906063772621598 1.2999660025816413 0.83921313285827626 0.1184104400454089
leaf_count=138 51 3 134
internal_value=0.0392181 0.0594826 -0.0892356
internal_weight=2.47665 2.13918 0.337471
internal_count=326 54 272
is_linear=0
shrinkage=0.1


Tree=369
num_leaves=2
num_cat=0
split_feature=3
split_gain=0.011244
threshold=5.5000000000000009
decision_type=2
left_child=-1
right_child=-2
leaf_value=-0.010532276387238498 0.0034130125287465209
leaf_weight=1.2592408582568171 1.069037918030517
leaf_count=138 188
internal_value=-0.00412924
internal_weight=2.32828
internal_count=326
is_linear=0
shrinkage=0.1


Tree=370
num_leaves=1
num_cat=0
split_feature=
split_gain=
threshold=
decision_type=
left_child=
right_child=
leaf_value=0
leaf_weight=
leaf_count=326
internal_value=
internal_weight=
internal_count=
is_linear=0
shrinkage=1


Tree=371
num_leaves=2
num_cat=0
split_feature=0
split_gain=0.148573
threshold=2.5000000000000004
decision_type=2
left_child=-1
right_child=-2
leaf_value=-0.036828115065803878 -0.010475249592207551
leaf_weight=2.368267938494685 22.134388252394274
leaf_count=12 314
internal_value=-0.0130223
internal_weight=24.5027
internal_count=326
is_linear=0
shrinkage=0.1


Tree=372
num_leaves=2
num_cat=0
split_feature=2
split_gain=0.665286
threshold=3.5000000000000004
decision_type=2
left_child=-1
right_child=-2
leaf_value=-0.044701425586250614 -0.0039479116575685319
leaf_weight=4.4157648533582678 43.134792860597372
leaf_count=24 302
internal_value=-0.00773247
internal_weight=47.5506
internal_count=326
is_linear=0
shrinkage=0.1


Tree=373
num_leaves=5
num_cat=0
split_feature=0 3 1 2
split_gain=1.32785 2.89263 0.172497 0.0785959
threshold=4.5000000000000009 5.5000000000000009 4.5000000000000009 4.5000000000000009
decision_type=2 2 2 2
left_child=1 2 -1 -2
right_child=3 -3 -4 -5
leaf_value=-0.10716854692638374 -0.0022757109914322889 -0.010474451862458689 -0.068444786010974576 0.011671663281025819
leaf_weight=3.046078169718383 4.5081976130604735 4.5360732637345791 1.8483729399740694 38.929596094414592
leaf_count=48 26 22 11 219
internal_value=0.0028398 -0.031173 -0.0925446 0.0102241
internal_weight=52.8683 9.43052 4.89445 43.4378
internal_count=326 81 59 245
is_linear=0
shrinkage=0.1


Tree=374
num_leaves=6
num_cat=0
split_feature=0 2 3 2 2
split_gain=2.87726 1.0751 1.7332 0.295019 5.27335e-06
threshold=4.5000000000000009 5.5000000000000009 5.5000000000000009 5.5000000000000009 3.5000000000000004
decision_type=2 2 2 2 2
left_child=3 2 -2 4 -1
right_child=1 -3 -4 -5 -6
leaf_value=-0.092661506667469487 -0.02888177066339298 0.02510301765764102 0.007986284411669535 -0.032629938237792692 -0.092361629596199327
leaf_weight=0.87599589303135794 3.3562576957046959 34.840680129826069 9.0963429659605026 1.1961566507816317 1.7738672699779272
leaf_count=21 57 148 40 6 54
internal_value=0.00932491 0.0160891 -0.00913045 -0.0738527 -0.0924608
internal_weight=51.1393 47.2933 12.4526 3.84602 2.64986
internal_count=326 245 97 81 75
is_linear=0
shrinkage=0.1


Tree=375
num_leaves=7
num_cat=0
split_feature=0 1 2 3 2 0
split_gain=2.58306 0.927355 0.537931 0.0988932 0.130106 0.0228401
threshold=5.5000000000000009 5.5000000000000009 5.5000000000000009 6.5000000000000009 6.5000000000000009 6.5000000000000009
decision_type=2 2 2 2 2 2
left_child=1 -1 5 4 -4 -2
right_child=2 -3 3 -5 -6 -7
leaf_value=-0.097941302267179675 -0.016058993210718586 -0.016058993210718586 0.016994622572005201 0.044871232372903899 0.036948255833943469 6.6834023018734573e-05
leaf_weight=2.5009351703338356 1.2280311584472685 0.58422743715345848 4.2394741023890683 10.911577224731445 1.9235292337834833 0.91211723349988449
leaf_count=131 39 21 61 42 21 11
internal_value=0.0195904 -0.065346 0.033228 0.0391517 0.0290253 -0.0140326
internal_weight=22.2999 3.08516 19.2147 17.0746 6.163 2.14015
internal_count=326 152 174 124 82 50
is_linear=0
shrinkage=0.1


Tree=376
num_leaves=5
num_cat=0
split_feature=2 1 3 1
split_gain=1.33073 0.547634 0.57495 0.547908
threshold=5.5000000000000009 5.5000000000000009 6.5000000000000009 7.5000000000000009
decision_type=2 2 2 2
left_child=-1 -2 3 -3
right_child=1 2 -4 -5
leaf_value=-0.091060277846144178 -0.028360490538960604 0.0078499268041783265 0.065497434183688905 0.037266884479493577
leaf_weight=0.93602174008265215 1.1655671963235343 1.7533349900040776 4.7502318099141121 1.1541318828240037
leaf_count=172 42 67 37 8
internal_value=0.0223121 0.0343393 0.0440603 0.00903633
internal_weight=9.75929 8.82327 7.6577 2.90747
internal_count=326 154 112 75
is_linear=0
shrinkage=0.1


Tree=377
num_leaves=3
num_cat=0
split_feature=0 3
split_gain=0.605796 0.0122684
threshold=6.5000000000000009 7.5000000000000009
decision_type=2 2
left_child=-1 -2
right_child=1 -3
leaf_value=-0.089342397434204066 0.052148368428009843 0.067642114952365218
leaf_weight=0.31968744759069556 1.3045021697762424 0.84025108814239491
leaf_count=247 76 3
internal_value=0.0390768 0.0582184
internal_weight=2.46444 2.14475
internal_count=326 79
is_linear=0
shrinkage=0.1


Tree=378
num_leaves=3
num_cat=0
split_feature=3 0
split_gain=0.0111245 0.527998
threshold=5.5000000000000009 4.5000000000000009
decision_type=2 2
left_child=1 -1
right_child=-2 -3
leaf_value=-0.090115626633120088 0.0031121664889941052 -0.0038139981702652089
leaf_weight=0.71704651555046461 1.0721057088230734 0.54532229516189545
leaf_count=59 188 79
internal_value=-0.00437849 -0.0107402
internal_weight=2.33447 1.26237
internal_count=326 138
is_linear=0
shrinkage=0.1


Tree=379
num_leaves=1
num_cat=0
split_feature=
split_gain=
threshold=
decision_type=
left_child=
right_child=
leaf_value=0
leaf_weight=
leaf_count=326
internal_value=
internal_weight=
internal_count=
is_linear=0
shrinkage=1


Tree=380
num_leaves=2
num_cat=0
split_feature=2
split_gain=0.368322
threshold=2.5000000000000004
decision_type=2
left_child=-1
right_child=-2
leaf_value=-0.061706610675219646 -0.0098047480628588
leaf_weight=1.4539509713649774 22.940344535280019
leaf_count=6 320
internal_value=-0.0128982
internal_weight=24.3943
internal_count=326
is_linear=0
shrinkage=0.1


Tree=381
num_leaves=2
num_cat=0
split_feature=1
split_gain=0.664769
threshold=2.5000000000000004
decision_type=2
left_child=-1
right_child=-2
leaf_value=-0.046213332331408036 -0.0040951351202301051
leaf_weight=4.1040242612361899 43.126368752680719
leaf_count=19 307
internal_value=-0.00775494
internal_weight=47.2304
internal_count=326
is_linear=0
shrinkage=0.1


Tree=382
num_leaves=4
num_cat=0
split_feature=1 3 2
split_gain=1.2368 1.05709 0.400501
threshold=3.5000000000000004 5.5000000000000009 4.5000000000000009
decision_type=2 2 2
left_child=1 -1 -2
right_child=2 -3 -4
leaf_value=-0.10006806189817415 -0.017784345691464622 -0.019116091586410443 0.011211795805383241
leaf_weight=2.1304634418338528 5.3642805553972712 2.4928565919399261 42.530361657962203
leaf_count=42 37 14 233
internal_value=0.00319626 -0.0461964 0.00796418
internal_weight=52.518 4.62332 47.8946
internal_count=326 56 270
is_linear=0
shrinkage=0.1


Tree=383
num_leaves=8
num_cat=0
split_feature=0 3 0 1 2 2 2
split_gain=2.64514 1.04275 1.58131 0.346923 0.38976 0.291295 5.59059e-06
threshold=4.5000000000000009 5.5000000000000009 6.5000000000000009 5.5000000000000009 5.5000000000000009 5.5000000000000009 3.5000000000000004
decision_type=2 2 2 2 2 2 2
left_child=5 2 -2 4 -3 6 -1
right_child=1 3 -4 -5 -6 -7 -8
leaf_value=-0.092420559792306081 -0.028530023246421378 0.0041952350994570314 0.0041952350994570314 0.030142292092543918 0.020179787198447909 -0.032020042046622392 -0.09210150465652972
leaf_weight=0.82338618487119597 5.5897602774202806 6.0733485966920835 3.6521103978157043 24.139443926513195 7.6233273446559906 1.1916499733924868 1.6492045326158404
leaf_count=21 64 29 15 107 30 6 54
internal_value=0.00920427 0.015574 -0.014539 0.0229294 0.0102173 -0.0726341 -0.0922078
internal_weight=50.7422 47.078 9.24187 37.8361 13.6967 3.66424 2.47259
internal_count=326 245 79 166 59 81 75
is_linear=0
shrinkage=0.1


Tree=384
num_leaves=7
num_cat=0
split_feature=3 2 1 1 3 3
split_gain=2.45994 0.669958 0.159514 0.0924922 0.00502046 1.68646e-06
threshold=5.5000000000000009 5.5000000000000009 5.5000000000000009 5.5000000000000009 6.5000000000000009 4.5000000000000009
decision_type=2 2 2 2 2 2
left_child=5 3 -3 -2 -4 -1
right_child=1 2 4 -5 -6 -7
leaf_value=-0.090650698440645938 -0.030138195676869109 0.017570992030324414 0.038857362363411085 0.0058243453112257274 0.042780902147501881 -0.090441707606723834
leaf_weight=0.55102449050173397 1.4359617899172037 3.4795028315857079 4.982538349926469 0.89123109728097905 9.4404293298721313 1.2902146962005645
leaf_count=32 47 34 59 11 37 106
internal_value=0.0201559 0.0302279 0.0367892 -0.0202464 0.0414255 -0.0905043
internal_weight=22.0709 20.2297 17.9025 2.32719 14.423 1.84124
internal_count=326 188 130 58 96 138
is_linear=0
shrinkage=0.1


Tree=385
num_leaves=6
num_cat=0
split_feature=3 0 1 0 3
split_gain=1.27544 0.765521 0.303179 0.0196168 4.67548e-05
threshold=5.5000000000000009 7.5000000000000009 5.5000000000000009 6.5000000000000009 4.5000000000000009
decision_type=2 2 2 2 2
left_child=4 2 -2 -4 -1
right_child=1 -3 3 -5 -6
leaf_value=-0.094980626773701768 -0.030087490596151647 0.052203073307835329 0.004535388134740883 0.019501544536397811 -0.093439132545720241
leaf_weight=0.30637423065491098 0.66519469872582559 6.365584023296833 1.0264510547276584 0.7978805734310298 0.54996752575971186
leaf_count=32 77 34 53 24 106
internal_value=0.0225459 0.0338157 -0.0132 0.0152009 -0.0939906
internal_weight=9.71145 8.85511 2.48953 1.82433 0.856342
internal_count=326 188 154 77 138
is_linear=0
shrinkage=0.1


Tree=386
num_leaves=4
num_cat=0
split_feature=1 2 0
split_gain=0.584418 0.374936 0.206371
threshold=5.5000000000000009 7.5000000000000009 8.5000000000000018
decision_type=2 2 2
left_child=-1 2 -2
right_child=1 -3 -4
leaf_value=-0.090581636273050978 0.01922848398706356 0.14740977114661899 0.092834607556099
leaf_weight=0.30315697571495581 1.349965789500857 0.38310492038726796 0.41276952164480452
leaf_count=184 135 2 5
internal_value=0.0393852 0.0577465 0.0382594
internal_weight=2.449 2.14584 1.76274
internal_count=326 142 140
is_linear=0
shrinkage=0.1


Tree=387
num_leaves=2
num_cat=0
split_feature=3
split_gain=0.00616451
threshold=5.5000000000000009
decision_type=2
left_child=-1
right_child=-2
leaf_value=-0.0075518002029672853 0.0028469296416669932
leaf_weight=1.214246294111945 1.0746046175772788
leaf_count=138 188
internal_value=-0.00266965
internal_weight=2.28885
internal_count=326
is_linear=0
shrinkage=0.1


Tree=388
num_leaves=1
num_cat=0
split_feature=
split_gain=
threshold=
decision_type=
left_child=
right_child=
leaf_value=0
leaf_weight=
leaf_count=326
internal_value=
internal_weight=
internal_count=
is_linear=0
shrinkage=1


Tree=389
num_leaves=3
num_cat=0
split_feature=2 0
split_gain=0.335747 0.203028
threshold=2.5000000000000004 2.5000000000000004
decision_type=2 2
left_child=-1 -2
right_child=1 -3
leaf_value=-0.059535460193666005 -0.034617216862780825 -0.0070987716352373586
leaf_weight=1.4367876648902917 1.4344766587018991 21.423239485127851
leaf_count=6 8 312
internal_value=-0.0126463 -0.00969897
internal_weight=24.2945 22.8577
internal_count=326 320
is_linear=0
shrinkage=0.1


Tree=390
num_leaves=2
num_cat=0
split_feature=2
split_gain=0.613947
threshold=3.5000000000000004
decision_type=2
left_child=-1
right_child=-2
leaf_value=-0.043323820796344059 -0.0039229133791641828
leaf_weight=4.3592730462551108 42.616980733349919
leaf_count=24 302
internal_value=-0.00757921
internal_weight=46.9763
internal_count=326
is_linear=0
shrinkage=0.1


Tree=391
num_leaves=3
num_cat=0
split_feature=3 1
split_gain=1.15037 0.794048
threshold=4.5000000000000009 3.5000000000000004
decision_type=2 2
left_child=-1 -2
right_child=1 -3
leaf_value=-0.05431778948533901 -0.023662168129996684 0.010974726903681703
leaf_weight=3.2642893455922595 3.9890626929700366 44.967850856482983
leaf_count=32 41 253
internal_value=0.00316096 0.00699345
internal_weight=52.2212 48.9569
internal_count=326 294
is_linear=0
shrinkage=0.1


Tree=392
num_leaves=6
num_cat=0
split_feature=0 2 3 2 2
split_gain=2.39855 0.977362 1.58616 0.300381 6.15013e-06
threshold=4.5000000000000009 5.5000000000000009 5.5000000000000009 5.5000000000000009 3.5000000000000004
decision_type=2 2 2 2 2
left_child=3 2 -2 4 -1
right_child=1 -3 -4 -5 -6
leaf_value=-0.092182597228671406 -0.02783498889491717 0.023883535203134663 0.0074837757563623823 -0.029727343276385446 -0.091836036168285118
leaf_weight=0.77084701322019045 3.2036999613046619 34.549887359142303 9.122340552508831 1.1716390550136568 1.5253115268424151
leaf_count=21 57 148 40 6 54
internal_value=0.00932207 0.0152589 -0.00891598 -0.0709289 -0.0919524
internal_weight=50.3437 46.8759 12.326 3.4678 2.29616
internal_count=326 245 97 81 75
is_linear=0
shrinkage=0.1


Tree=393
num_leaves=7
num_cat=0
split_feature=1 2 3 0 0 3
split_gain=2.32619 0.609823 0.120157 0.640211 0.0772023 0.160654
threshold=4.5000000000000009 5.5000000000000009 6.5000000000000009 6.5000000000000009 6.5000000000000009 6.5000000000000009
decision_type=2 2 2 2 2 2
left_child=-1 4 3 -3 5 -2
right_child=1 2 -4 -5 -6 -7
leaf_value=-0.092374657910396049 -0.031329264226306719 0.0086201574594884957 0.042022523317963398 0.033469304207277506 0.0047489637677312017 -0.013290150229287759
leaf_weight=1.691018223529684 0.88030107226223042 2.0759431114420304 11.552905723452568 4.2942415438592434 0.87544381991028775 0.54911081492900848
leaf_count=112 63 50 46 42 10 3
internal_value=0.020297 0.0297161 0.0359426 0.0249161 -0.0187023 -0.0313293
internal_weight=21.919 20.2279 17.9231 6.37018 2.30486 1.42941
internal_count=326 214 138 92 76 66
is_linear=0
shrinkage=0.1


Tree=394
num_leaves=5
num_cat=0
split_feature=0 3 2 1
split_gain=1.2114 0.279565 0.694557 0.149572
threshold=5.5000000000000009 6.5000000000000009 6.5000000000000009 7.5000000000000009
decision_type=2 2 2 2
left_child=-1 2 3 -2
right_child=1 -3 -4 -5
leaf_value=-0.090359642293045925 -0.028189022939301894 0.048869854203228591 0.030728708237424608 0.0012698426490613563
leaf_weight=0.86033892573323179 0.92976647370960386 5.1754115521907806 1.9442837182432413 0.72755485540255904
leaf_count=152 101 45 21 7
internal_value=0.0228815 0.0339816 0.0125876 -0.028189
internal_weight=9.63736 8.77702 3.60161 1.65732
internal_count=326 174 129 108
is_linear=0
shrinkage=0.1


Tree=395
num_leaves=3
num_cat=0
split_feature=2 0
split_gain=0.539001 6.19991e-10
threshold=6.5000000000000009 2.5000000000000004
decision_type=2 2
left_child=1 -1
right_child=-2 -3
leaf_value=-0.089122097611184947 0.056381060347355988 -0.08910719306732523
leaf_weight=0.031302225892432367 2.1537025642464869 0.25747978974686703
leaf_count=12 44 270
internal_value=0.0391794 -0.0891088
internal_weight=2.44248 0.288782
internal_count=326 282
is_linear=0
shrinkage=0.1


Tree=396
num_leaves=2
num_cat=0
split_feature=3
split_gain=0.00611176
threshold=5.5000000000000009
decision_type=2
left_child=-1
right_child=-2
leaf_value=-0.0077761753537837763 0.0025647502781449092
leaf_weight=1.2173803722253072 1.0773299853317437
leaf_count=138 188
internal_value=-0.00292128
internal_weight=2.29471
internal_count=326
is_linear=0
shrinkage=0.1


Tree=397
num_leaves=1
num_cat=0
split_feature=
split_gain=
threshold=
decision_type=
left_child=
right_child=
leaf_value=0
leaf_weight=
leaf_count=326
internal_value=
internal_weight=
internal_count=
is_linear=0
shrinkage=1


Tree=398
num_leaves=2
num_cat=0
split_feature=0
split_gain=0.129137
threshold=2.5000000000000004
decision_type=2
left_child=-1
right_child=-2
leaf_value=-0.034678693379132333 -0.0099347611520533355
leaf_weight=2.3346288874745396 21.84091494360473
leaf_count=12 314
internal_value=-0.0123243
internal_weight=24.1755
internal_count=326
is_linear=0
shrinkage=0.1


Tree=399
num_leaves=2
num_cat=0
split_feature=1
split_gain=0.623029
threshold=2.5000000000000004
decision_type=2
left_child=-1
right_child=-2
leaf_value=-0.044609079775007561 -0.0036255761576766926
leaf_weight=4.063083127140998 42.598006353713572
leaf_count=19 307
internal_value=-0.00719428
internal_weight=46.6611
internal_count=326
is_linear=0
shrinkage=0.1


Tree=400
num_leaves=5
num_cat=0
split_feature=0 3 1 2
split_gain=1.15509 2.61357 0.174703 0.0664035
threshold=4.5000000000000009 5.5000000000000009 4.5000000000000009 4.5000000000000009
decision_type=2 2 2 2
left_child=1 2 -1 -2
right_child=3 -3 -4 -5
leaf_value=-0.10653161170378743 -0.0015560762773466406 -0.0096402963600263885 -0.066392750635636974 0.011317517895605415
leaf_weight=2.724911052733658 4.4728067070245734 4.5683172456920147 1.8010694980621336 38.452651176601648
leaf_count=48 26 22 11 219
internal_value=0.00311727 -0.0292567 -0.0905587 0.0099761
internal_weight=52.0198 9.0943 4.52598 42.9255
internal_count=326 81 59 245
is_linear=0
shrinkage=0.1


Tree=401
num_leaves=8
num_cat=0
split_feature=0 3 0 1 2 2 2
split_gain=2.16318 0.929799 1.44853 0.372898 0.34338 0.306731 6.94527e-06
threshold=4.5000000000000009 5.5000000000000009 6.5000000000000009 5.5000000000000009 5.5000000000000009 5.5000000000000009 3.5000000000000004
decision_type=2 2 2 2 2 2 2
left_child=5 2 -2 4 -3 6 -1
right_child=1 3 -4 -5 -6 -7 -8
leaf_value=-0.091973201133238591 -0.027224649689887762 0.0038834096573836575 0.0038834096573836575 0.029242829094058721 0.018891965010445596 -0.02769639446910499 -0.091591780674505116
leaf_weight=0.72284669615328256 5.4494549259543401 6.0922423526644689 3.6364932507276535 23.903097413480282 7.5892020687460899 1.1538561880588534 1.4059426691383121
leaf_count=21 64 29 15 107 30 6 54
internal_value=0.00924818 0.0147671 -0.0139402 0.021707 0.0085411 -0.0692164 -0.0917213
internal_weight=49.9531 46.6705 9.08595 37.5845 13.6814 3.28265 2.12879
internal_count=326 245 79 166 59 81 75
is_linear=0
shrinkage=0.1


Tree=402
num_leaves=7
num_cat=0
split_feature=3 2 1 1 3 3
split_gain=2.17842 0.523951 0.142244 0.0866686 0.00573791 1.09645e-06
threshold=5.5000000000000009 5.5000000000000009 5.5000000000000009 5.5000000000000009 6.5000000000000009 4.5000000000000009
decision_type=2 2 2 2 2 2
left_child=5 3 -3 -2 -4 -1
right_child=1 2 4 -5 -6 -7
leaf_value=-0.090498741890550599 -0.030518154841125196 0.016815662915054805 0.036680133151039719 0.0082457144477596812 0.040860360283989074 -0.090320611362885217
leaf_weight=0.49392241472378606 1.3572232825681596 3.4568983959034112 5.0493323542177651 0.87549350596964348 9.3901157975196838 1.1503264480270445
leaf_count=32 47 34 59 11 37 106
internal_value=0.0202976 0.0293378 0.0350364 -0.0163393 0.0393986 -0.0903741
internal_weight=21.7733 20.1291 17.8963 2.23272 14.4394 1.64425
internal_count=326 188 130 58 96 138
is_linear=0
shrinkage=0.1


Tree=403
num_leaves=7
num_cat=0
split_feature=3 1 3 1 2 3
split_gain=1.1406 0.674605 0.326547 0.514926 0.168181 2.86298e-05
threshold=5.5000000000000009 5.5000000000000009 6.5000000000000009 7.5000000000000009 6.5000000000000009 4.5000000000000009
decision_type=2 2 2 2 2 2
left_child=5 4 3 -3 -2 -1
right_child=1 2 -4 -5 -6 -7
leaf_value=-0.094556292021341914 -0.030032205642760025 0.0075111951783740144 0.060540118005041048 0.038797475160539024 0.0075111951783740144 -0.093281313051056899
leaf_weight=0.27562330756336528 0.64127667469437966 1.4938985288608819 4.8492878219112754 1.1880438663065434 0.62676408048719168 0.48786353110335767
leaf_count=32 76 60 39 8 5 106
internal_value=0.0235041 0.0336772 0.0450546 0.0170548 -0.0300322 -0.0937416
internal_weight=9.56276 8.79927 7.53123 2.68194 1.26804 0.763487
internal_count=326 188 107 68 81 138
is_linear=0
shrinkage=0.1


Tree=404
num_leaves=4
num_cat=0
split_feature=3 3 3
split_gain=0.511685 0.0129019 2.49766e-07
threshold=6.5000000000000009 7.5000000000000009 5.5000000000000009
decision_type=2 2 2
left_child=2 -2 -1
right_child=1 -3 -4
leaf_value=-0.089325695565678015 0.049107281330696188 0.06495253644070588 -0.089127068614918994
leaf_weight=0.17798061856592573 1.3179390297445936 0.84228572249412526 0.098258365476795007
leaf_count=138 51 3 134
internal_value=0.0388979 0.0552854 -0.089255
internal_weight=2.43646 2.16022 0.276239
internal_count=326 54 272
is_linear=0
shrinkage=0.1


Tree=405
num_leaves=3
num_cat=0
split_feature=0 3
split_gain=0.1141 0.00216313
threshold=2.5000000000000004 5.5000000000000009
decision_type=2 2
left_child=-1 -2
right_child=1 -3
leaf_value=-0.090046144869994238 -0.00050482047813227477 0.005830392987664264
leaf_weight=0.14182289550080929 1.1181822202634069 1.0404716042976359
leaf_count=12 128 186
internal_value=-0.00315966 0.00254875
internal_weight=2.30048 2.15865
internal_count=326 314
is_linear=0
shrinkage=0.1


Tree=406
num_leaves=1
num_cat=0
split_feature=
split_gain=
threshold=
decision_type=
left_child=
right_child=
leaf_value=0
leaf_weight=
leaf_count=326
internal_value=
internal_weight=
internal_count=
is_linear=0
shrinkage=1


Tree=407
num_leaves=2
num_cat=0
split_feature=0
split_gain=0.126504
threshold=2.5000000000000004
decision_type=2
left_child=-1
right_child=-2
leaf_value=-0.034242481855667424 -0.0097220356058141319
leaf_weight=2.3292995765805271 21.753572160028853
leaf_count=12 314
internal_value=-0.0120937
internal_weight=24.0829
internal_count=326
is_linear=0
shrinkage=0.1


Tree=408
num_leaves=2
num_cat=0
split_feature=2
split_gain=0.562001
threshold=3.5000000000000004
decision_type=2
left_child=-1
right_child=-2
leaf_value=-0.041665590327368968 -0.003679921963687795
leaf_weight=4.2916167825460425 42.1360211414285
leaf_count=24 302
internal_value=-0.00719119
internal_weight=46.4276
internal_count=326
is_linear=0
shrinkage=0.1


Tree=409
num_leaves=5
num_cat=0
split_feature=2 1 0 0
split_gain=0.993287 1.29109 0.128929 0.079741
threshold=4.5000000000000009 4.5000000000000009 4.5000000000000009 4.5000000000000009
decision_type=2 2 2 2
left_child=1 3 -2 -1
right_child=2 -3 -4 -5
leaf_value=-0.093472649480580303 -0.0041376207822097048 -0.011981836709141862 0.010916400178007674 -0.064079215083096275
leaf_weight=1.6089628450572484 6.6808750182390204 2.905117854475975 38.32495700288564 2.1647069007158279
leaf_count=45 30 18 219 14
internal_value=0.00334134 -0.0326454 0.00868171 -0.0766116
internal_weight=51.6846 6.67879 45.0058 3.77367
internal_count=326 77 249 59
is_linear=0
shrinkage=0.1


Tree=410
num_leaves=8
num_cat=0
split_feature=1 2 3 0 3 1 2
split_gain=2.01595 1.2042 0.816817 0.746104 0.113105 0.102172 2.27147e-05
threshold=4.5000000000000009 5.5000000000000009 5.5000000000000009 6.5000000000000009 5.5000000000000009 5.5000000000000009 3.5000000000000004
decision_type=2 2 2 2 2 2 2
left_child=1 4 3 -2 6 -4 -1
right_child=2 -3 5 -5 -6 -7 -8
leaf_value=-0.092610099007479185 -0.0089133323737000236 -0.0089133323737000236 0.016454743527757328 0.0080730402094497718 -0.059333006149304729 0.028596827973213682 -0.091900561160043262
leaf_weight=0.72141061909496595 4.2730270847678176 3.9430987983942032 9.7792666181921941 3.5703611522912979 2.3047411795705557 23.787808500230312 1.2045201733708379
leaf_count=20 53 16 40 14 29 107 47
internal_value=0.0093 -0.0360849 0.0182583 -0.00891333 -0.0742797 0.0250594 -0.0921663
internal_weight=49.5842 8.17377 41.4105 7.84339 4.23067 33.5671 1.92593
internal_count=326 112 214 67 96 147 67
is_linear=0
shrinkage=0.1


Tree=411
num_leaves=7
num_cat=0
split_feature=1 2 3 0 0 3
split_gain=2.06931 0.474866 0.116802 0.563972 0.0672028 0.189565
threshold=4.5000000000000009 5.5000000000000009 6.5000000000000009 6.5000000000000009 6.5000000000000009 6.5000000000000009
decision_type=2 2 2 2 2 2
left_child=-1 4 3 -3 5 -2
right_child=1 2 -4 -5 -6 -7
leaf_value=-0.092204963002245732 -0.031564392732872697 0.0098899669785229277 0.040488147015909574 0.032069579739887069 0.0071288100209680131 -0.010754688869133059
leaf_weight=1.5124756305012876 0.80743232648819974 2.069696501828731 11.516223192214966 4.3457121718674898 0.86136243119835842 0.53908683359622955
leaf_count=112 63 50 46 42 10 3
internal_value=0.0206042 0.0290762 0.0344643 0.023651 -0.0146844 -0.0286382
internal_weight=21.652 20.1395 17.9316 6.41541 2.20788 1.34652
internal_count=326 214 138 92 76 66
is_linear=0
shrinkage=0.1


Tree=412
num_leaves=5
num_cat=0
split_feature=2 1 3 2
split_gain=1.09976 0.438954 0.543496 0.333002
threshold=5.5000000000000009 7.5000000000000009 6.5000000000000009 6.5000000000000009
decision_type=2 2 2 2
left_child=-1 2 3 -2
right_child=1 -3 -4 -5
leaf_value=-0.091176920803060321 -0.028779038190915374 0.070496886306788867 0.040965741440970468 0.01021276125260105
leaf_weight=0.76809200173011127 0.82466260949149561 2.3583479803055525 4.2199122430756688 1.353634225204587
leaf_count=172 78 14 43 19
internal_value=0.023555 0.0336188 0.0200258 -0.0205402
internal_weight=9.52465 8.75656 6.39821 2.1783
internal_count=326 154 140 97
is_linear=0
shrinkage=0.1


Tree=413
num_leaves=4
num_cat=0
split_feature=1 2 0
split_gain=0.489852 0.270217 0.161903
threshold=5.5000000000000009 7.5000000000000009 8.5000000000000018
decision_type=2 2 2
left_child=-1 2 -2
right_child=1 -3 -4
leaf_value=-0.090613524671670373 0.020348141616773334 0.12787461086914861 0.082735298723138895
leaf_weight=0.26002433358371524 1.3344854581446273 0.40879210829734791 0.42006685817614187
leaf_count=184 135 2 5
internal_value=0.0390682 0.0546553 0.037596
internal_weight=2.42337 2.16334 1.75455
internal_count=326 142 140
is_linear=0
shrinkage=0.1


Tree=414
num_leaves=3
num_cat=0
split_feature=3 0
split_gain=0.00632656 0.509057
threshold=5.5000000000000009 4.5000000000000009
decision_type=2 2
left_child=1 -1
right_child=-2 -3
leaf_value=-0.090062333974770314 0.0021052796936672285 -0.0031406145905841323
leaf_weight=0.67823286913335346 1.0818061812169615 0.54793482541572303
leaf_count=59 188 79
internal_value=-0.00346874 -0.00838651
internal_weight=2.30797 1.22617
internal_count=326 138
is_linear=0
shrinkage=0.1


Tree=415
num_leaves=1
num_cat=0
split_feature=
split_gain=
threshold=
decision_type=
left_child=
right_child=
leaf_value=0
leaf_weight=
leaf_count=326
internal_value=
internal_weight=
internal_count=
is_linear=0
shrinkage=1


Tree=416
num_leaves=2
num_cat=0
split_feature=0
split_gain=0.120257
threshold=2.5000000000000004
decision_type=2
left_child=-1
right_child=-2
leaf_value=-0.033552031088425832 -0.0095760730327626529
leaf_weight=2.3157030567526844 21.654612734215334
leaf_count=12 314
internal_value=-0.0118923
internal_weight=23.9703
internal_count=326
is_linear=0
shrinkage=0.1


Tree=417
num_leaves=2
num_cat=0
split_feature=1
split_gain=0.569438
threshold=2.5000000000000004
decision_type=2
left_child=-1
right_child=-2
leaf_value=-0.043067175086453788 -0.0036290318235633542
leaf_weight=4.0096631795167914 42.117091747466475
leaf_count=19 307
internal_value=-0.00705727
internal_weight=46.1268
internal_count=326
is_linear=0
shrinkage=0.1


Tree=418
num_leaves=3
num_cat=0
split_feature=3 1
split_gain=0.952493 0.683304
threshold=4.5000000000000009 3.5000000000000004
decision_type=2 2
left_child=-1 -2
right_child=1 -3
leaf_value=-0.050408921821138278 -0.021761596432485972 0.010570675021379951
leaf_weight=3.0871099159121504 3.8412657454609862 44.4377162437886
leaf_count=32 41 253
internal_value=0.00344231 0.00688573
internal_weight=51.3661 48.279
internal_count=326 294
is_linear=0
shrinkage=0.1


Tree=419
num_leaves=6
num_cat=0
split_feature=0 2 3 2 2
split_gain=1.87678 0.848465 1.39692 0.299809 4.73471e-06
threshold=4.5000000000000009 5.5000000000000009 5.5000000000000009 5.5000000000000009 3.5000000000000004
decision_type=2 2 2 2 2
left_child=3 2 -2 4 -1
right_child=1 -3 -4 -5 -6
leaf_value=-0.091621837471556528 -0.02621506021777625 0.02250109334299373 0.0070777742529625825 -0.026480700349167316 -0.091286992880274212
leaf_weight=0.6397312078624956 2.9766989126801464 34.095543131232262 9.0982379615306854 1.1435747891664505 1.2423823373392222
leaf_count=21 57 148 40 6 54
internal_value=0.00943378 0.0144338 -0.00834554 -0.0668639 -0.0914008
internal_weight=49.1962 46.1705 12.0749 3.02569 1.88211
internal_count=326 245 97 81 75
is_linear=0
shrinkage=0.1


Tree=420
num_leaves=8
num_cat=0
split_feature=3 1 2 2 0 1 3
split_gain=1.94717 0.469557 0.966234 0.624065 0.182221 0.465935 5.34464e-07
threshold=5.5000000000000009 7.5000000000000009 6.5000000000000009 5.5000000000000009 6.5000000000000009 5.5000000000000009 4.5000000000000009
decision_type=2 2 2 2 2 2 2
left_child=6 2 3 -2 5 -5 -1
right_child=1 -3 -4 4 -6 -7 -8
leaf_value=-0.090353764352921903 -0.030675998562891896 0.070714470483822553 0.047007952494519632 -0.0072355684021248607 0.025958889726562736 0.014137656754290679 -0.09022215025770991
leaf_weight=0.4401937443763041 1.8444999516941649 2.3689851462841025 6.6074125785380593 2.0333580588921905 4.3803269490599632 2.7937958166003227 1.0316442609764636
leaf_count=32 56 14 36 26 26 30 106
internal_value=0.0207514 0.0289095 0.0233014 0.00490983 0.0162049 0.00231642 -0.0902615
internal_weight=21.5002 20.0284 17.6594 11.052 9.20748 4.82715 1.47184
internal_count=326 188 174 138 82 56 138
is_linear=0
shrinkage=0.1


Tree=421
num_leaves=4
num_cat=0
split_feature=0 0 3
split_gain=1.03571 0.242564 0.34243
threshold=5.5000000000000009 7.5000000000000009 6.5000000000000009
decision_type=2 2 2
left_child=-1 2 -2
right_child=1 -3 -4
leaf_value=-0.090312313529956986 -0.028492432280675464 0.042563767943025341 0.022914015560358297
leaf_weight=0.73448135587386865 0.47025026450864804 6.6825261488556862 1.5828236676752567
leaf_count=152 105 39 30
internal_value=0.0237382 0.0333274 0.00326426
internal_weight=9.47008 8.7356 2.05307
internal_count=326 174 135
is_linear=0
shrinkage=0.1


Tree=422
num_leaves=3
num_cat=0
split_feature=0 3
split_gain=0.44765 0.0157711
threshold=6.5000000000000009 7.5000000000000009
decision_type=2 2
left_child=-1 -2
right_child=1 -3
leaf_value=-0.089317116213911737 0.04672323937266188 0.064209074301404198
leaf_weight=0.24410157123929854 1.3288462269119921 0.84305125474929798
leaf_count=247 76 3
internal_value=0.0390799 0.0535106
internal_weight=2.416 2.1719
internal_count=326 79
is_linear=0
shrinkage=0.1


Tree=423
num_leaves=2
num_cat=0
split_feature=3
split_gain=0.00258698
threshold=5.5000000000000009
decision_type=2
left_child=-1
right_child=-2
leaf_value=-0.0048904143942429075 0.0018812282233433956
leaf_weight=1.1764366186689588 1.0840000012685775
leaf_count=138 188
internal_value=-0.00164305
internal_weight=2.26044
internal_count=326
is_linear=0
shrinkage=0.1


Tree=424
num_leaves=1
num_cat=0
split_feature=
split_gain=
threshold=
decision_type=
left_child=
right_child=
leaf_value=0
leaf_weight=
leaf_count=326
internal_value=
internal_weight=
internal_count=
is_linear=0
shrinkage=1


Tree=425
num_leaves=2
num_cat=0
split_feature=0
split_gain=0.117624
threshold=2.5000000000000004
decision_type=2
left_child=-1
right_child=-2
leaf_value=-0.032942785239181038 -0.0091885935047072917
leaf_weight=2.3079336062073734 21.539299619267695
leaf_count=12 314
internal_value=-0.0114875
internal_weight=23.8472
internal_count=326
is_linear=0
shrinkage=0.1


Tree=426
num_leaves=2
num_cat=0
split_feature=1
split_gain=0.516958
threshold=2.5000000000000004
decision_type=2
left_child=-1
right_child=-2
leaf_value=-0.041136847708518602 -0.0034490147460467021
leaf_weight=3.9858162701129904 41.900454086717218
leaf_count=19 307
internal_value=-0.00672269
internal_weight=45.8863
internal_count=326
is_linear=0
shrinkage=0.1


Tree=427
num_leaves=4
num_cat=0
split_feature=0 1 2
split_gain=0.945753 2.3844 0.0405501
threshold=4.5000000000000009 3.5000000000000004 4.5000000000000009
decision_type=2 2 2
left_child=1 -1 -2
right_child=2 -3 -4
leaf_value=-0.10730965556166833 0.00042017412656664144 -0.008538547285263513 0.010559571606331898
leaf_weight=2.7364880051463825 4.4007377773523322 6.0222077164798975 38.027282619848847
leaf_count=47 26 34 219
internal_value=0.00333194 -0.026585 0.00950789
internal_weight=51.1867 8.7587 42.428
internal_count=326 81 245
is_linear=0
shrinkage=0.1


Tree=428
num_leaves=7
num_cat=0
split_feature=1 2 3 0 0 1
split_gain=1.69255 1.07235 0.758148 0.673063 0.518088 0.109465
threshold=4.5000000000000009 5.5000000000000009 5.5000000000000009 6.5000000000000009 5.5000000000000009 5.5000000000000009
decision_type=2 2 2 2 2 2
left_child=1 4 3 -2 -1 -4
right_child=2 -3 5 -5 -6 -7
leaf_value=-0.09459442000536511 -0.0079809581643523458 -0.0079809581643523458 0.015112884020543726 0.0080139048774860062 -0.039883369246843492 0.02770187905904738
leaf_weight=3.0469601247459646 4.1921919891610733 3.9270798563957214 9.7745367065072042 3.5554625391960144 0.82386628910899151 23.544686421751976
leaf_count=89 53 16 40 14 7 107
internal_value=0.0093191 -0.0333909 0.017429 -0.00798096 -0.0717858 0.0240088
internal_weight=48.8648 7.79791 41.0669 7.74765 3.87083 33.3192
internal_count=326 112 214 67 96 147
is_linear=0
shrinkage=0.1


Tree=429
num_leaves=7
num_cat=0
split_feature=1 2 3 0 0 3
split_gain=1.82835 0.357945 0.103559 0.487857 0.0486829 0.220476
threshold=4.5000000000000009 5.5000000000000009 6.5000000000000009 6.5000000000000009 6.5000000000000009 6.5000000000000009
decision_type=2 2 2 2 2 2
left_child=-1 4 3 -3 5 -2
right_child=1 2 -4 -5 -6 -7
leaf_value=-0.091974459995569552 -0.031831666658555018 0.011155429734222136 0.03859762232486403 0.030676812431451962 0.0077913004928163434 -0.0076597875116816514
leaf_weight=1.3487212815089176 0.73482356220484069 2.0521821184083828 11.479501590132713 4.3902421575039625 0.85695955716073502 0.52360109239816666
leaf_count=112 63 50 46 42 10 3
internal_value=0.0207253 0.0283111 0.032903 0.022756 -0.0105921 -0.0231109
internal_weight=21.386 20.0373 17.9219 6.44242 2.11538 1.25842
internal_count=326 214 138 92 76 66
is_linear=0
shrinkage=0.1


Tree=430
num_leaves=7
num_cat=0
split_feature=3 1 3 1 2 3
split_gain=1.01088 0.58226 0.274703 0.479224 0.169345 4.99027e-05
threshold=5.5000000000000009 5.5000000000000009 6.5000000000000009 7.5000000000000009 6.5000000000000009 4.5000000000000009
decision_type=2 2 2 2 2 2
left_child=5 4 3 -3 -2 -1
right_child=1 2 -4 -5 -6 -7
leaf_value=-0.095181464659812434 -0.030322883785406242 0.0067081171630251485 0.057726039705224053 0.037695562181172287 0.0067081171630251485 -0.093393822850449434
leaf_weight=0.24788747180719006 0.58105858752969453 1.4421598336193711 4.9025277839973569 1.1877083778381348 0.62496826145797968 0.42199479707051069
leaf_count=32 76 60 39 8 5 106
internal_value=0.0243339 0.0334096 0.0437391 0.0176651 -0.0303229 -0.0940553
internal_weight=9.40831 8.73842 7.5324 2.62987 1.20603 0.669882
internal_count=326 188 107 68 81 138
is_linear=0
shrinkage=0.1


Tree=431
num_leaves=4
num_cat=0
split_feature=3 3 3
split_gain=0.432618 0.0123103 2.76605e-07
threshold=6.5000000000000009 7.5000000000000009 5.5000000000000009
decision_type=2 2 2
left_child=2 -2 -1
right_child=1 -3 -4
leaf_value=-0.089334821325668154 0.047073628950819353 0.062531381490875962 -0.089108994900976887
leaf_weight=0.15274354365828946 1.3238672169391068 0.84343308210372914 0.084104165383905638
leaf_count=138 51 3 134
internal_value=0.039066 0.0530892 -0.0892546
internal_weight=2.40415 2.1673 0.236848
internal_count=326 54 272
is_linear=0
shrinkage=0.1


Tree=432
num_leaves=3
num_cat=0
split_feature=3 0
split_gain=0.00225769 0.489065
threshold=5.5000000000000009 4.5000000000000009
decision_type=2 2
left_child=1 -1
right_child=-2 -3
leaf_value=-0.089983053435877494 0.0011629636521737854 -0.0019918979060918676
leaf_weight=0.63318401901051424 1.0918316245079038 0.54671726992819458
leaf_count=59 188 79
internal_value=-0.0021142 -0.00514676
internal_weight=2.27173 1.1799
internal_count=326 138
is_linear=0
shrinkage=0.1


Tree=433
num_leaves=1
num_cat=0
split_feature=
split_gain=
threshold=
decision_type=
left_child=
right_child=
leaf_value=0
leaf_weight=
leaf_count=326
internal_value=
internal_weight=
internal_count=
is_linear=0
shrinkage=1


Tree=434
num_leaves=2
num_cat=0
split_feature=0
split_gain=0.115384
threshold=2.5000000000000004
decision_type=2
left_child=-1
right_child=-2
leaf_value=-0.0324854555409579 -0.0089296163567492339
leaf_weight=2.3026403188705471 21.452591715147719
leaf_count=12 314
internal_value=-0.0112129
internal_weight=23.7552
internal_count=326
is_linear=0
shrinkage=0.1


Tree=435
num_leaves=2
num_cat=0
split_feature=2
split_gain=0.513433
threshold=3.5000000000000004
decision_type=2
left_child=-1
right_child=-2
leaf_value=-0.039855301818477774 -0.0032357809935853903
leaf_weight=4.2183379828929892 41.458245438057929
leaf_count=24 302
internal_value=-0.00661768
internal_weight=45.6766
internal_count=326
is_linear=0
shrinkage=0.1


Tree=436
num_leaves=4
num_cat=0
split_feature=0 1 2
split_gain=0.806955 2.23625 0.0429529
threshold=4.5000000000000009 3.5000000000000004 4.5000000000000009
decision_type=2 2 2
left_child=1 -1 -2
right_child=2 -3 -4
leaf_value=-0.10602554947484928 -0.0002516942375076925 -0.0077381356356719267 0.010164793155166638
leaf_weight=2.5660441452637297 4.4204267710447303 6.016147430986166 37.89739007409662
leaf_count=47 26 34 219
internal_value=0.00340645 -0.024553 0.00907671
internal_weight=50.9 8.58219 42.3178
internal_count=326 81 245
is_linear=0
shrinkage=0.1


Tree=437
num_leaves=6
num_cat=0
split_feature=0 2 3 2 2
split_gain=1.58961 0.740435 1.29906 0.292831 3.16781e-06
threshold=4.5000000000000009 5.5000000000000009 5.5000000000000009 5.5000000000000009 3.5000000000000004
decision_type=2 2 2 2 2
left_child=3 2 -2 4 -1
right_child=1 -3 -4 -5 -6
leaf_value=-0.091268959484575196 -0.025078942695228187 0.021469474938723004 0.0069580695761438912 -0.025078942695228187 -0.090975707435054315
leaf_weight=0.55867647565901202 2.8353221900761101 33.818519625812769 9.0424186140298843 1.1304992139339447 1.0813617790117858
leaf_count=21 57 148 40 6 54
internal_value=0.00946635 0.0139256 -0.00755334 -0.0640835 -0.0910756
internal_weight=48.4668 45.6963 11.8777 2.77054 1.64004
internal_count=326 245 97 81 75
is_linear=0
shrinkage=0.1


Tree=438
num_leaves=9
num_cat=0
split_feature=3 1 2 2 0 1 3 3
split_gain=1.72298 0.401678 0.848233 0.55128 0.15827 0.465458 0.0282512 3.10655e-07
threshold=5.5000000000000009 7.5000000000000009 6.5000000000000009 5.5000000000000009 6.5000000000000009 5.5000000000000009 6.5000000000000009 4.5000000000000009
decision_type=2 2 2 2 2 2 2 2
left_child=7 2 3 6 5 -5 -2 -1
right_child=1 -3 -4 4 -6 -7 -8 -9
leaf_value=-0.090223785831218192 -0.030955550054159033 0.066636453991176278 0.044814786727897654 -0.0075599735609175323 0.025193944286183691 0.014019406494304471 -0.0075599735609175323 -0.090117467582153568
leaf_weight=0.3923051669262374 0.94008635915816252 2.3968905676156274 6.612745512276887 1.9991305302828548 4.4033111557364464 2.7795073334127665 0.81238940730690956 0.91777600278146565
leaf_count=32 51 14 36 26 26 30 5 106
internal_value=0.0209409 0.0282382 0.0229931 0.0055731 0.0158356 0.00284487 -0.0309556 -0.0901493
internal_weight=21.2541 19.9441 17.5472 10.9344 9.18195 4.77864 1.75248 1.31008
internal_count=326 188 174 138 82 56 56 138
is_linear=0
shrinkage=0.1


Tree=439
num_leaves=5
num_cat=0
split_feature=2 0 3 3
split_gain=0.943367 0.381736 0.239689 8.83344e-06
threshold=5.5000000000000009 7.5000000000000009 6.5000000000000009 6.5000000000000009
decision_type=2 2 2 2
left_child=3 2 -2 -1
right_child=1 -3 -4 -5
leaf_value=-0.091335760261163981 -0.029061156229789498 0.045217938565859574 0.017786046045925655 -0.090194160582098087
leaf_weight=0.58001443347893733 0.42306477250531149 6.5225503593683243 1.7712674774229527 0.076748885214328766
leaf_count=167 83 37 34 5
internal_value=0.0243722 0.03308 -0.00299929 -0.0912024
internal_weight=9.37365 8.71688 2.19433 0.656763
internal_count=326 154 117 172
is_linear=0
shrinkage=0.1


Tree=440
num_leaves=4
num_cat=0
split_feature=1 2 0
split_gain=0.41392 0.197687 0.121161
threshold=5.5000000000000009 7.5000000000000009 8.5000000000000018
decision_type=2 2 2
left_child=-1 2 -2
right_child=1 -3 -4
leaf_value=-0.090560104601743074 0.022281568466080117 0.11330106890858747 0.075418306699510357
leaf_weight=0.22292725132865632 1.313350695614645 0.42937415838241566 0.42635063093621273
leaf_count=184 135 2 5
internal_value=0.0391976 0.0525335 0.0375355
internal_weight=2.392 2.16908 1.7397
internal_count=326 142 140
is_linear=0
shrinkage=0.1


Tree=441
num_leaves=2
num_cat=0
split_feature=3
split_gain=0.000348573
threshold=5.5000000000000009
decision_type=2
left_child=-1
right_child=-2
leaf_value=-0.0017155228343768494 0.00078517559307018307
leaf_weight=1.1344929201295602 1.0958000871614784
leaf_count=138 188
internal_value=-0.000486866
internal_weight=2.23029
internal_count=326
is_linear=0
shrinkage=0.1


Tree=442
num_leaves=1
num_cat=0
split_feature=
split_gain=
threshold=
decision_type=
left_child=
right_child=
leaf_value=0
leaf_weight=
leaf_count=326
internal_value=
internal_weight=
internal_count=
is_linear=0
shrinkage=1


Tree=443
num_leaves=3
num_cat=0
split_feature=2 0
split_gain=0.321908 0.181406
threshold=2.5000000000000004 2.5000000000000004
decision_type=2 2
left_child=-1 -2
right_child=1 -3
leaf_value=-0.057305577804967416 -0.032682986767075144 -0.0055948134628652051
leaf_weight=1.4116851389408136 1.3911182209849382 20.843230216996744
leaf_count=6 8 312
internal_value=-0.0110004 -0.0080604
internal_weight=23.646 22.2343
internal_count=326 320
is_linear=0
shrinkage=0.1


Tree=444
num_leaves=2
num_cat=0
split_feature=1
split_gain=0.51033
threshold=2.5000000000000004
decision_type=2
left_child=-1
right_child=-2
leaf_value=-0.040839003277364172 -0.0032021934695020608
leaf_weight=3.9456568434834471 41.445203556213528
leaf_count=19 307
internal_value=-0.00647382
internal_weight=45.3909
internal_count=326
is_linear=0
shrinkage=0.1


Tree=445
num_leaves=5
num_cat=0
split_feature=2 1 0 0
split_gain=0.78471 1.18257 0.0742271 0.0711446
threshold=4.5000000000000009 4.5000000000000009 4.5000000000000009 4.5000000000000009
decision_type=2 2 2 2
left_child=1 2 -1 -2
right_child=3 -3 -4 -5
leaf_value=-0.092865594847633542 -0.0013292167501563262 -0.01046641566472007 -0.062720833010019447 0.0099930241398474198
leaf_weight=1.3290109615772956 6.5058124139904967 2.9008719548583031 2.1196065470576286 37.767044992186129
leaf_count=45 30 18 14 219
internal_value=0.00361422 -0.0292621 -0.0743379 0.00832924
internal_weight=50.6223 6.34949 3.44862 44.2729
internal_count=326 77 59 249
is_linear=0
shrinkage=0.1


Tree=446
num_leaves=5
num_cat=0
split_feature=0 3 2 2
split_gain=1.43784 3.38062 0.660625 0.00895931
threshold=5.5000000000000009 5.5000000000000009 5.5000000000000009 5.5000000000000009
decision_type=2 2 2 2
left_child=1 -1 -3 -2
right_child=3 2 -4 -5
leaf_value=-0.10486601755476735 0.016702667738716669 -0.051999701284643318 -8.736422376156433e-05 0.020487459983541786
leaf_weight=3.5212260726839295 8.0874782279133779 3.0767794493585807 5.8821785449981689 27.595612540841103
leaf_count=95 50 33 24 124
internal_value=0.00941141 -0.0198044 -8.73642e-05 0.0196296
internal_weight=48.1633 12.4802 8.95896 35.6831
internal_count=326 152 57 174
is_linear=0
shrinkage=0.1


Tree=447
num_leaves=7
num_cat=0
split_feature=0 1 1 2 3 0
split_gain=1.59413 0.917112 0.246081 0.567937 0.509655 0.000468205
threshold=5.5000000000000009 5.5000000000000009 7.5000000000000009 6.5000000000000009 6.5000000000000009 4.5000000000000009
decision_type=2 2 2 2 2 2
left_child=1 5 3 4 -2 -1
right_child=2 -3 -4 -5 -6 -7
leaf_value=-0.10139427553376271 -0.013203358004859065 -0.013203358004859065 0.059951096345679758 0.043011538524827704 0.026641028639700155 -0.098132402248056722
leaf_weight=1.0567524726502626 4.6582271568477207 0.53410757798701514 2.4676865218207231 6.6696857139468184 5.0143625140190125 0.75404776236973692
leaf_count=77 101 21 16 38 19 54
internal_value=0.0208243 -0.0569233 0.0305166 0.026072 0.0102705 -0.100036
internal_weight=21.1549 2.34491 18.81 16.3423 9.67259 1.8108
internal_count=326 152 174 158 120 131
is_linear=0
shrinkage=0.1


Tree=448
num_leaves=7
num_cat=0
split_feature=3 1 3 1 2 3
split_gain=0.907804 0.533056 0.247174 0.465569 0.171751 4.02926e-05
threshold=5.5000000000000009 5.5000000000000009 6.5000000000000009 7.5000000000000009 6.5000000000000009 4.5000000000000009
decision_type=2 2 2 2 2 2
left_child=5 4 3 -3 -2 -1
right_child=1 2 -4 -5 -6 -7
leaf_value=-0.095030045136627855 -0.030507486308084808 0.0065286605381209839 0.055876816743754935 0.036844557740491543 0.0065286605381209839 -0.093337526099708745
leaf_weight=0.22373541782144535 0.55500127410050282 1.4297533279750496 4.9343107026070356 1.1776228025555611 0.62132696621119976 0.37879032589262351
leaf_count=32 76 60 39 8 5 106
internal_value=0.0247465 0.032951 0.0427168 0.0178123 -0.0296595 -0.093966
internal_weight=9.32054 8.71802 7.54169 2.60738 1.17633 0.602526
internal_count=326 188 107 68 81 138
is_linear=0
shrinkage=0.1


Tree=449
num_leaves=2
num_cat=0
split_feature=2
split_gain=0.379911
threshold=6.5000000000000009
decision_type=2
left_child=-1
right_child=-2
leaf_value=-0.089086170037579793 0.051724603880604896
leaf_weight=0.21013997722184319 2.1725093460991047
leaf_count=282 44
internal_value=0.0393057
internal_weight=2.38265
internal_count=326
is_linear=0
shrinkage=0.1


Tree=450
num_leaves=2
num_cat=0
split_feature=3
split_gain=0.000400339
threshold=5.5000000000000009
decision_type=2
left_child=-1
right_child=-2
leaf_value=-0.0024109641715724236 0.00026041873775829331
leaf_weight=1.143326400080696 1.1014180821221087
leaf_count=138 188
internal_value=-0.00110021
internal_weight=2.24474
internal_count=326
is_linear=0
shrinkage=0.1


Tree=451
num_leaves=1
num_cat=0
split_feature=
split_gain=
threshold=
decision_type=
left_child=
right_child=
leaf_value=0
leaf_weight=
leaf_count=326
internal_value=
internal_weight=
internal_count=
is_linear=0
shrinkage=1


Tree=452
num_leaves=3
num_cat=0
split_feature=0 1
split_gain=0.0956309 0.0007554
threshold=2.5000000000000004 2.5000000000000004
decision_type=2 2
left_child=-1 -2
right_child=1 -3
leaf_value=-0.030361790912919618 -0.010876960418102264 -0.0086038415103662832
leaf_weight=2.2700600847601917 1.5788387097418333 19.746813482837752
leaf_count=12 8 306
internal_value=-0.0108492 -0.00877213
internal_weight=23.5957 21.3257
internal_count=326 314
is_linear=0
shrinkage=0.1


Tree=453
num_leaves=2
num_cat=0
split_feature=2
split_gain=0.467216
threshold=3.5000000000000004
decision_type=2
left_child=-1
right_child=-2
leaf_value=-0.03836035090126827 -0.0031847742819046815
leaf_weight=4.1584085822105399 41.064495821017772
leaf_count=24 302
internal_value=-0.00641929
internal_weight=45.2229
internal_count=326
is_linear=0
shrinkage=0.1


Tree=454
num_leaves=3
num_cat=0
split_feature=3 1
split_gain=0.811443 0.435184
threshold=4.5000000000000009 3.5000000000000004
decision_type=2 2
left_child=-1 -2
right_child=1 -3
leaf_value=-0.047535584393112416 -0.020478851172489859 0.0093496314873082222
leaf_weight=2.9429533667862406 3.5167035404592744 43.928656569682062
leaf_count=32 41 253
internal_value=0.00341736 0.00657788
internal_weight=50.3883 47.4454
internal_count=326 294
is_linear=0
shrinkage=0.1


Tree=455
num_leaves=8
num_cat=0
split_feature=1 1 3 0 2 1 2
split_gain=1.27554 1.04966 0.671999 0.549205 0.449961 0.122285 0.0147253
threshold=4.5000000000000009 3.5000000000000004 5.5000000000000009 6.5000000000000009 5.5000000000000009 5.5000000000000009 5.5000000000000009
decision_type=2 2 2 2 2 2 2
left_child=1 6 3 -2 -3 -4 -1
right_child=2 4 5 -5 -6 -7 -8
leaf_value=-0.09305260217818967 -0.0059840273692190055 -0.045877136070567592 0.013630377613217282 0.0085249227183591524 -0.0059840273692190055 0.026984646995765013 -0.076741304902550739
leaf_weight=1.2396641029044979 4.0168738942593327 2.1209480566903949 9.7378347516059858 3.5354040414094925 2.8863272368907928 23.177655283361673 0.99986013770103443
leaf_count=52 53 44 40 14 12 107 4
internal_value=0.00987499 -0.028762 0.0167939 -0.00598403 -0.00598403 0.0230339 -0.0857702
internal_weight=47.7146 7.2468 40.4678 7.55228 5.00728 32.9155 2.23952
internal_count=326 112 214 67 56 147 56
is_linear=0
shrinkage=0.1


Tree=456
num_leaves=7
num_cat=0
split_feature=0 1 1 2 3 0
split_gain=1.39162 0.898522 0.20129 0.494382 0.445164 0.000431999
threshold=5.5000000000000009 5.5000000000000009 7.5000000000000009 6.5000000000000009 6.5000000000000009 4.5000000000000009
decision_type=2 2 2 2 2 2
left_child=1 5 3 4 -2 -1
right_child=2 -3 -4 -5 -6 -7
leaf_value=-0.1005834409483406 -0.01170610988690407 -0.01170610988690407 0.056679891245937308 0.041431343040865834 0.026334885195291632 -0.097328915100940994
leaf_weight=0.9837388778105407 4.5577207419555688 0.52963953744620074 2.4965296653099349 6.689469462260603 5.0127437114715576 0.69671275978907943
leaf_count=77 101 21 16 38 19 54
internal_value=0.0213985 -0.0536543 0.030242 0.0261828 0.0112384 -0.0992341
internal_weight=20.9666 2.21009 18.7565 16.2599 9.57046 1.68045
internal_count=326 152 174 158 120 131
is_linear=0
shrinkage=0.1


Tree=457
num_leaves=4
num_cat=0
split_feature=0 0 3
split_gain=0.859534 0.196028 0.301355
threshold=5.5000000000000009 7.5000000000000009 6.5000000000000009
decision_type=2 2 2
left_child=-1 2 -2
right_child=1 -3 -4
leaf_value=-0.090271070066422043 -0.028698214605336853 0.041099756671009249 0.023271627446192995
leaf_weight=0.60634929995285425 0.40273512172279713 6.6840478964149952 1.6014492753893137
leaf_count=152 105 39 30
internal_value=0.024841 0.0328746 0.0054435
internal_weight=9.29458 8.68823 2.00418
internal_count=326 174 135
is_linear=0
shrinkage=0.1


Tree=458
num_leaves=4
num_cat=0
split_feature=3 3 3
split_gain=0.366335 0.0140028 3.00818e-07
threshold=6.5000000000000009 7.5000000000000009 5.5000000000000009
decision_type=2 2 2
left_child=2 -2 -1
right_child=1 -3 -4
leaf_value=-0.089351755164645219 0.045108336969822756 0.061578354427656093 -0.089097222310053237
leaf_weight=0.12978289593593251 1.3303265518916307 0.84352675080299366 0.072297393326152815
leaf_count=138 51 3 134
internal_value=0.0395272 0.0514992 -0.0892607
internal_weight=2.37593 2.17385 0.20208
internal_count=326 54 272
is_linear=0
shrinkage=0.1


Tree=459
num_leaves=2
num_cat=0
split_feature=0
split_gain=0.110941
threshold=2.5000000000000004
decision_type=2
left_child=-1
right_child=-2
leaf_value=-0.090054502370763373 0.0041335165121106137
leaf_weight=0.13289617188274894 2.1194634168641642
leaf_count=12 314
internal_value=-0.00142387
internal_weight=2.25236
internal_count=326
is_linear=0
shrinkage=0.1


Tree=460
num_leaves=1
num_cat=0
split_feature=
split_gain=
threshold=
decision_type=
left_child=
right_child=
leaf_value=0
leaf_weight=
leaf_count=326
internal_value=
internal_weight=
internal_count=
is_linear=0
shrinkage=1


Tree=461
num_leaves=3
num_cat=0
split_feature=0 1
split_gain=0.0883667 0.00133042
threshold=2.5000000000000004 2.5000000000000004
decision_type=2 2
left_child=-1 -2
right_child=1 -3
leaf_value=-0.02932899693477696 -0.011286486366206182 -0.0082712066454142651
leaf_weight=2.2519898787140873 1.581065777689221 19.646277781808749
leaf_count=12 8 306
internal_value=-0.010494 -0.00849579
internal_weight=23.4793 21.2273
internal_count=326 314
is_linear=0
shrinkage=0.1


Tree=462
num_leaves=2
num_cat=0
split_feature=1
split_gain=0.469285
threshold=2.5000000000000004
decision_type=2
left_child=-1
right_child=-2
leaf_value=-0.039274986360666571 -0.0029964608893059612
leaf_weight=3.9045626968145362 41.077763384208083
leaf_count=19 307
internal_value=-0.00614551
internal_weight=44.9823
internal_count=326
is_linear=0
shrinkage=0.1


Tree=463
num_leaves=4
num_cat=0
split_feature=0 1 2
split_gain=0.679533 2.02417 0.0219895
threshold=4.5000000000000009 3.5000000000000004 4.5000000000000009
decision_type=2 2 2
left_child=1 -1 -2
right_child=2 -3 -4
leaf_value=-0.10502482632868881 0.0017164140500876088 -0.0071860028096031696 0.0092267190256883087
leaf_weight=2.3273670338094217 4.3503275364637366 6.0073261819779873 37.538273682817817
leaf_count=47 26 34 219
internal_value=0.00325815 -0.0228187 0.00844674
internal_weight=50.2233 8.33469 41.8886
internal_count=326 81 245
is_linear=0
shrinkage=0.1


Tree=464
num_leaves=5
num_cat=0
split_feature=3 0 1 1
split_gain=1.13971 2.95532 0.448828 0.117583
threshold=5.5000000000000009 5.5000000000000009 4.5000000000000009 5.5000000000000009
decision_type=2 2 2 2
left_child=1 -1 -2 -4
right_child=2 -3 3 -5
leaf_value=-0.10364026196678888 -0.0015876821179760039 -0.0015876821179760039 0.012913555401315727 0.026021559857886761
leaf_weight=3.1814842661842686 4.9277415294200173 6.5016873944550753 9.7356915846467 23.035041715949774
leaf_count=95 41 43 40 107
internal_value=0.00978302 -0.0208187 0.0176433 0.0221274
internal_weight=47.3816 9.68317 37.6985 32.7707
internal_count=326 138 188 147
is_linear=0
shrinkage=0.1


Tree=465
num_leaves=7
num_cat=0
split_feature=0 1 1 2 3 0
split_gain=1.19993 0.885144 0.16537 0.427403 0.383343 0.000383064
threshold=5.5000000000000009 5.5000000000000009 7.5000000000000009 6.5000000000000009 6.5000000000000009 4.5000000000000009
decision_type=2 2 2 2 2 2
left_child=1 5 3 4 -2 -1
right_child=2 -3 -4 -5 -6 -7
leaf_value=-0.09976354908107396 -0.0094725710033459198 -0.010008752381215567 0.053889655625306579 0.040117621267710853 0.026194450991633419 -0.096580148310188851
leaf_weight=0.91272438154556146 4.455932657932868 0.51821767818182696 2.5193853904493144 6.7010284587740889 5.0105800628662109 0.64520342578180134
leaf_count=77 101 21 16 38 19 54
internal_value=0.0220462 -0.0500766 0.0300591 0.0263456 0.0122713 -0.0984452
internal_weight=20.7631 2.07615 18.6869 16.1675 9.46651 1.55793
internal_count=326 152 174 158 120 131
is_linear=0
shrinkage=0.1


Tree=466
num_leaves=6
num_cat=0
split_feature=2 1 3 2 3
split_gain=0.80876 0.338993 0.439935 0.356256 9.76054e-06
threshold=5.5000000000000009 7.5000000000000009 6.5000000000000009 6.5000000000000009 6.5000000000000009
decision_type=2 2 2 2 2
left_child=4 2 3 -2 -1
right_child=1 -3 -4 -5 -6
leaf_value=-0.091340861594503692 -0.029232452657573883 0.064879448341438592 0.039072211901528146 0.010965484034557492 -0.090066906036299618
leaf_weight=0.49228410009527657 0.76901024562539366 2.379913714248687 4.2338472967967391 1.3053103433921933 0.068509786389768124
leaf_count=167 78 14 43 19 5
internal_value=0.0252075 0.0327203 0.0205875 -0.0171412 -0.0911852
internal_weight=9.24888 8.68808 6.30817 2.07432 0.560794
internal_count=326 154 140 97 172
is_linear=0
shrinkage=0.1


Tree=467
num_leaves=4
num_cat=0
split_feature=1 2 0
split_gain=0.348853 0.145561 0.0945865
threshold=5.5000000000000009 7.5000000000000009 8.5000000000000018
decision_type=2 2 2
left_child=-1 2 -2
right_child=1 -3 -4
leaf_value=-0.090509473550188346 0.023784756170354734 0.10153143468563626 0.069517853433009771
leaf_weight=0.19040148331623674 1.2999989204545275 0.44676199555397023 0.43007849130663078
leaf_count=184 135 2 5
internal_value=0.0392915 0.0506448 0.0375043
internal_weight=2.36724 2.17684 1.73008
internal_count=326 142 140
is_linear=0
shrinkage=0.1


Tree=468
num_leaves=3
num_cat=0
split_feature=3 0
split_gain=0.000486716 0.465507
threshold=5.5000000000000009 4.5000000000000009
decision_type=2 2
left_child=1 -1
right_child=-2 -3
leaf_value=-0.089937302431535027 -0.00033797644203171373 -0.0018051303956268157
leaf_weight=0.5996382865123453 1.1076842796173876 0.55476528452709317
leaf_count=59 188 79
internal_value=-0.00183543 -0.00327228
internal_weight=2.26209 1.1544
internal_count=326 138
is_linear=0
shrinkage=0.1


Tree=469
num_leaves=1
num_cat=0
split_feature=
split_gain=
threshold=
decision_type=
left_child=
right_child=
leaf_value=0
leaf_weight=
leaf_count=326
internal_value=
internal_weight=
internal_count=
is_linear=0
shrinkage=1


Tree=470
num_leaves=3
num_cat=0
split_feature=2 0
split_gain=0.293045 0.16796
threshold=2.5000000000000004 2.5000000000000004
decision_type=2 2
left_child=-1 -2
right_child=1 -3
leaf_value=-0.054795015094441138 -0.031102156026326586 -0.0050237659421337238
leaf_weight=1.3873450160026575 1.3730719909071947 20.638085395214148
leaf_count=6 8 312
internal_value=-0.0102189 -0.0074093
internal_weight=23.3985 22.0112
internal_count=326 320
is_linear=0
shrinkage=0.1


Tree=471
num_leaves=2
num_cat=0
split_feature=1
split_gain=0.434464
threshold=2.5000000000000004
decision_type=2
left_child=-1
right_child=-2
leaf_value=-0.037998392108218711 -0.0030130400470753031
leaf_weight=3.8867957890033713 40.917997239856049
leaf_count=19 307
internal_value=-0.006048
internal_weight=44.8048
internal_count=326
is_linear=0
shrinkage=0.1


Tree=472
num_leaves=4
num_cat=0
split_feature=2 0 0
split_gain=0.614355 1.10693 0.0520882
threshold=4.5000000000000009 4.5000000000000009 4.5000000000000009
decision_type=2 2 2
left_child=1 -1 -2
right_child=2 -3 -4
leaf_value=-0.095225951821787128 -0.00092045953157835641 -0.0095319722962143652 0.0088145217312416979
leaf_weight=1.7456856053322543 6.4427019432187072 4.3698049299418926 37.415835140272975
leaf_count=51 30 26 219
internal_value=0.00324423 -0.0264484 0.00738448
internal_weight=49.974 6.11549 43.8585
internal_count=326 77 249
is_linear=0
shrinkage=0.1


Tree=473
num_leaves=5
num_cat=0
split_feature=2 3 1 0
split_gain=1.02101 2.67579 0.00391205 0.0491169
threshold=5.5000000000000009 5.5000000000000009 6.5000000000000009 5.5000000000000009
decision_type=2 2 2 2
left_child=1 -1 3 -2
right_child=2 -3 -4 -5
leaf_value=-0.093206604018758576 0.01043207797821274 0.0022947708116162189 0.020489331793277207 0.019325238754072889
leaf_weight=3.3179876198992106 6.6199515014886883 9.4445970673114061 10.338809996843336 17.283568222075701
leaf_count=114 28 58 50 76
internal_value=0.00986642 -0.0142746 0.0188641 0.0181611
internal_weight=47.0049 12.7626 34.2423 23.9035
internal_count=326 172 154 104
is_linear=0
shrinkage=0.1


Tree=474
num_leaves=7
num_cat=0
split_feature=0 1 1 2 3 0
split_gain=1.02334 0.871107 0.14223 0.37441 0.333287 0.000335513
threshold=5.5000000000000009 5.5000000000000009 7.5000000000000009 6.5000000000000009 6.5000000000000009 4.5000000000000009
decision_type=2 2 2 2 2 2
left_child=1 5 3 4 -2 -1
right_child=2 -3 -4 -5 -6 -7
leaf_value=-0.098956142097259614 -0.0074417367150778919 -0.0082096415321612493 0.051860803911949228 0.039129920163579426 0.026117617868099508 -0.095854910577374469
leaf_weight=0.84900281368755048 4.3693852478172683 0.50763969589024771 2.5401958632282904 6.7131237089633933 5.0096605271100998 0.59217233210802078
leaf_count=77 101 21 16 38 19 54
internal_value=0.0226588 -0.0462896 0.0298703 0.026399 0.0131053 -0.0976819
internal_weight=20.5812 1.94881 18.6324 16.0922 9.37905 1.44118
internal_count=326 152 174 158 120 131
is_linear=0
shrinkage=0.1


Tree=475
num_leaves=5
num_cat=0
split_feature=1 3 1 2
split_gain=0.602886 0.423123 0.430267 0.411072
threshold=5.5000000000000009 6.5000000000000009 7.5000000000000009 6.5000000000000009
decision_type=2 2 2 2
left_child=3 2 -2 -1
right_child=1 -3 -4 -5
leaf_value=-0.090646471974627982 -0.00040986385407243978 0.05354379486659655 0.029496335261223069 -0.00040986385407243978
leaf_weight=0.72142153792083241 1.5966194616048597 4.9815337872132659 1.294084437773563 0.617456772364676
leaf_count=179 92 39 11 5
internal_value=0.0253325 0.0358832 0.00544888 -0.036703
internal_weight=9.21112 7.87224 2.8907 1.33888
internal_count=326 142 103 184
is_linear=0
shrinkage=0.1


Tree=476
num_leaves=3
num_cat=0
split_feature=0 3
split_gain=0.328527 0.0155798
threshold=6.5000000000000009 7.5000000000000009
decision_type=2 2
left_child=-1 -2
right_child=1 -3
leaf_value=-0.089314109001760331 0.043501348920540743 0.060867252631168468
leaf_weight=0.18289615275352877 1.3341116463707297 0.84309062361717213
leaf_count=247 76 3
internal_value=0.0394124 0.050226
internal_weight=2.3601 2.1772
internal_count=326 79
is_linear=0
shrinkage=0.1


Tree=477
num_leaves=1
num_cat=0
split_feature=
split_gain=
threshold=
decision_type=
left_child=
right_child=
leaf_value=0
leaf_weight=
leaf_count=326
internal_value=
internal_weight=
internal_count=
is_linear=0
shrinkage=1


Tree=478
num_leaves=1
num_cat=0
split_feature=
split_gain=
threshold=
decision_type=
left_child=
right_child=
leaf_value=0
leaf_weight=
leaf_count=326
internal_value=
internal_weight=
internal_count=
is_linear=0
shrinkage=1


Tree=479
num_leaves=3
num_cat=0
split_feature=0 1
split_gain=0.075202 0.00518082
threshold=2.5000000000000004 2.5000000000000004
decision_type=2 2
left_child=-1 -2
right_child=1 -3
leaf_value=-0.027505630893118416 -0.013655747168173854 -0.0077391522942694829
leaf_weight=2.2279259860515621 1.6014798730611826 19.506924055691343
leaf_count=12 8 306
internal_value=-0.0100323 -0.00818804
internal_weight=23.3363 21.1084
internal_count=326 314
is_linear=0
shrinkage=0.1


Tree=480
num_leaves=2
num_cat=0
split_feature=2
split_gain=0.420819
threshold=3.5000000000000004
decision_type=2
left_child=-1
right_child=-2
leaf_value=-0.036468599594085563 -0.0027847005035393398
leaf_weight=4.0824241712689391 40.541481081396341
leaf_count=24 302
internal_value=-0.00586628
internal_weight=44.6239
internal_count=326
is_linear=0
shrinkage=0.1


Tree=481
num_leaves=5
num_cat=0
split_feature=2 1 0 0
split_gain=0.52999 1.07927 0.0704911 0.0538857
threshold=4.5000000000000009 4.5000000000000009 4.5000000000000009 4.5000000000000009
decision_type=2 2 2 2
left_child=1 2 -1 -2
right_child=3 -3 -4 -5
leaf_value=-0.092213485432457803 -0.0014633926197990805 -0.008893692831202572 -0.060653595587977595 0.008430273218655018
leaf_weight=1.0779545074328774 6.4582995921373358 2.8467556312680244 2.0605864226818085 37.295643610879779
leaf_count=45 30 18 14 219
internal_value=0.00315207 -0.0247573 -0.0714931 0.00696992
internal_weight=49.7392 5.9853 3.13854 43.7539
internal_count=326 77 59 249
is_linear=0
shrinkage=0.1


Tree=482
num_leaves=5
num_cat=0
split_feature=0 3 2 2
split_gain=0.960526 2.76751 0.630981 0.00182595
threshold=5.5000000000000009 5.5000000000000009 5.5000000000000009 5.5000000000000009
decision_type=2 2 2 2
left_child=1 -1 -3 -2
right_child=3 2 -4 -5
leaf_value=-0.1030668587514994 0.016967114347495676 -0.048741870490151024 0.0017076051489808509 0.018690795247834537
leaf_weight=2.8124167453497639 7.9535897616296998 2.942106254398821 5.8657286465167999 27.038101695477962
leaf_count=95 50 33 24 124
internal_value=0.0100266 -0.0148838 0.00170761 0.018299
internal_weight=46.6119 11.6203 8.80783 34.9917
internal_count=326 152 57 174
is_linear=0
shrinkage=0.1


Tree=483
num_leaves=7
num_cat=0
split_feature=0 1 1 2 3 0
split_gain=0.864755 0.852985 0.118794 0.329671 0.290477 0.000293498
threshold=5.5000000000000009 5.5000000000000009 7.5000000000000009 6.5000000000000009 6.5000000000000009 4.5000000000000009
decision_type=2 2 2 2 2 2
left_child=1 5 3 4 -2 -1
right_child=2 -3 -4 -5 -6 -7
leaf_value=-0.098242827578385691 -0.0057639614073904553 -0.0065473763073399171 0.049428584040434188 0.037837385710135431 0.025737827602836601 -0.095222741019852772
leaf_weight=0.78917797957547253 4.3004723261110538 0.5012043910101055 2.5638022706843904 6.7281914558261624 5.008704885840416 0.54332551883999258
leaf_count=77 101 21 16 38 19 54
internal_value=0.0229826 -0.0425362 0.0294414 0.0262462 0.0136383 -0.0970114
internal_weight=20.4349 1.83371 18.6012 16.0374 9.30918 1.3325
internal_count=326 152 174 158 120 131
is_linear=0
shrinkage=0.1


Tree=484
num_leaves=5
num_cat=0
split_feature=0 2 1 0
split_gain=0.532387 0.758316 0.306594 3.22021e-06
threshold=6.5000000000000009 6.5000000000000009 5.5000000000000009 5.5000000000000009
decision_type=2 2 2 2
left_child=2 -2 3 -1
right_child=1 -3 -4 -5
leaf_value=-0.090085121517743949 0.0043273378718181738 0.060992669386736746 0.0039325371471440945 -0.089461115600957861
leaf_weight=0.42222285320167419 2.8155543158063665 4.8086695866659284 1.0298057360923847 0.10284415486967191
leaf_count=131 52 27 75 41
internal_value=0.025554 0.0364298 -0.0277751 -0.0899629
internal_weight=9.1791 7.62422 1.55487 0.525067
internal_count=326 79 247 172
is_linear=0
shrinkage=0.1


Tree=485
num_leaves=4
num_cat=0
split_feature=3 3 3
split_gain=0.313145 0.01315 3.11943e-07
threshold=6.5000000000000009 7.5000000000000009 5.5000000000000009
decision_type=2 2 2
left_child=2 -2 -1
right_child=1 -3 -4
leaf_value=-0.089361182927684177 0.043705523485612935 0.05966541893489892 -0.089082505325784989
leaf_weight=0.11211628548335317 1.3317264598445038 0.84309181571006764 0.062591281799541321
leaf_count=138 51 3 134
internal_value=0.0395453 0.0498925 -0.0892613
internal_weight=2.34953 2.17482 0.174708
internal_count=326 54 272
is_linear=0
shrinkage=0.1


Tree=486
num_leaves=1
num_cat=0
split_feature=
split_gain=
threshold=
decision_type=
left_child=
right_child=
leaf_value=0
leaf_weight=
leaf_count=326
internal_value=
internal_weight=
internal_count=
is_linear=0
shrinkage=1


Tree=487
num_leaves=1
num_cat=0
split_feature=
split_gain=
threshold=
decision_type=
left_child=
right_child=
leaf_value=0
leaf_weight=
leaf_count=326
internal_value=
internal_weight=
internal_count=
is_linear=0
shrinkage=1


Tree=488
num_leaves=3
num_cat=0
split_feature=0 1
split_gain=0.0691012 0.00519995
threshold=2.5000000000000004 2.5000000000000004
decision_type=2 2
left_child=-1 -2
right_child=1 -3
leaf_value=-0.026640537526025139 -0.01354669022441541 -0.0076125227144996357
leaf_weight=2.2128752544522312 1.5980429202318216 19.440060855820775
leaf_count=12 8 306
internal_value=-0.00983134 -0.00806328
internal_weight=23.251 21.0381
internal_count=326 314
is_linear=0
shrinkage=0.1


Tree=489
num_leaves=2
num_cat=0
split_feature=1
split_gain=0.392184
threshold=2.5000000000000004
decision_type=2
left_child=-1
right_child=-2
leaf_value=-0.036341943239353511 -0.0029097443319197926
leaf_weight=3.8410752490162841 40.563488798448816
leaf_count=19 307
internal_value=-0.00580169
internal_weight=44.4046
internal_count=326
is_linear=0
shrinkage=0.1


Tree=490
num_leaves=4
num_cat=0
split_feature=0 1 2
split_gain=0.505268 1.87007 0.00700021
threshold=4.5000000000000009 3.5000000000000004 4.5000000000000009
decision_type=2 2 2
left_child=1 -1 -2
right_child=2 -3 -4
leaf_value=-0.1046356001873172 0.0037032319116160001 -0.0061837476854763856 0.0079698694607478523
leaf_weight=2.0848578959703428 4.2888962402939788 5.9314998053014278 37.186047952622175
leaf_count=47 26 34 219
internal_value=0.00308652 -0.0198962 0.00752866
internal_weight=49.4913 8.01636 41.4749
internal_count=326 81 245
is_linear=0
shrinkage=0.1


Tree=491
num_leaves=8
num_cat=0
split_feature=1 1 3 0 2 1 2
split_gain=0.866065 1.00758 0.42804 0.442092 0.331454 0.125377 0.0191929
threshold=4.5000000000000009 3.5000000000000004 5.5000000000000009 6.5000000000000009 5.5000000000000009 5.5000000000000009 5.5000000000000009
decision_type=2 2 2 2 2 2 2
left_child=1 6 3 -2 -3 -4 -1
right_child=2 4 5 -5 -6 -7 -8
leaf_value=-0.092678007302725351 -0.0033472379716444874 -0.043179356686597399 0.011486695819544901 0.0088304877329551043 -0.0033472379716444874 0.025080751960275122 -0.073018093364817391
leaf_weight=1.0099233468063165 3.6681995950639239 1.8780666324310002 9.6863847449421865 3.5071096271276474 2.8527355790138245 22.646583326160908 0.97689212858676899
leaf_count=52 53 44 40 14 12 107 4
internal_value=0.0104281 -0.0227667 0.0160722 -0.00334724 -0.00334724 0.0210082 -0.0830115
internal_weight=46.2259 6.71762 39.5083 7.17531 4.7308 32.333 1.98682
internal_count=326 112 214 67 56 147 56
is_linear=0
shrinkage=0.1


Tree=492
num_leaves=7
num_cat=0
split_feature=0 1 1 2 3 0
split_gain=0.730882 0.831523 0.0918837 0.299402 0.246364 0.000255349
threshold=5.5000000000000009 5.5000000000000009 7.5000000000000009 6.5000000000000009 6.5000000000000009 4.5000000000000009
decision_type=2 2 2 2 2 2
left_child=1 5 3 4 -2 -1
right_child=2 -3 -4 -5 -6 -7
leaf_value=-0.097599637192304911 -0.0041354280697461299 -0.0049610980139099927 0.046499104696245977 0.036331587514962349 0.025120588811019497 -0.09466947613666056
leaf_weight=0.73251536232419556 4.2348636765964347 0.49961424060165871 2.5813624719157806 6.7246196437627068 5.0027345567941666 0.50069125858135521
leaf_count=77 101 21 16 38 19 54
internal_value=0.0231911 -0.038917 0.0289948 0.0261641 0.0139096 -0.09641
internal_weight=20.2764 1.73282 18.5436 15.9622 9.2376 1.23321
internal_count=326 152 174 158 120 131
is_linear=0
shrinkage=0.1


Tree=493
num_leaves=5
num_cat=0
split_feature=1 3 1 2
split_gain=0.481345 0.396516 0.390856 0.381417
threshold=5.5000000000000009 6.5000000000000009 7.5000000000000009 6.5000000000000009
decision_type=2 2 2 2
left_child=3 2 -2 -1
right_child=1 -3 -4 -5
leaf_value=-0.090454805986717748 0.0011004258609607354 0.051626333268678541 0.028340509301109176 0.0011004258609607354
leaf_weight=0.62112116542994023 1.5926174799096771 5.0093518886715174 1.2861838771495968 0.6173224775120616
leaf_count=179 92 39 11 5
internal_value=0.0255303 0.0346299 0.00505469 -0.032429
internal_weight=9.1266 7.88815 2.8788 1.23844
internal_count=326 142 103 184
is_linear=0
shrinkage=0.1


Tree=494
num_leaves=4
num_cat=0
split_feature=1 2 0
split_gain=0.299606 0.110975 0.0717206
threshold=5.5000000000000009 7.5000000000000009 8.5000000000000018
decision_type=2 2 2
left_child=-1 2 -2
right_child=1 -3 -4
leaf_value=-0.090435188647265852 0.025973926565591533 0.093460691145703934 0.065779109788189072
leaf_weight=0.16385968558461206 1.2818241221139035 0.45898923277854908 0.43269374186638732
leaf_count=184 135 2 5
internal_value=0.0399585 0.0497888 0.0380975
internal_weight=2.33737 2.17351 1.71452
internal_count=326 142 140
is_linear=0
shrinkage=0.1


Tree=495
num_leaves=2
num_cat=0
split_feature=0
split_gain=2.08783e-05
threshold=4.5000000000000009
decision_type=2
left_child=-1
right_child=-2
leaf_value=-0.0015839684753716323 -0.00097418099907262037
leaf_weight=1.1185628836974504 1.1274138775333993
leaf_count=81 245
internal_value=-0.00127787
internal_weight=2.24598
internal_count=326
is_linear=0
shrinkage=0.1


Tree=496
num_leaves=1
num_cat=0
split_feature=
split_gain=
threshold=
decision_type=
left_child=
right_child=
leaf_value=0
leaf_weight=
leaf_count=326
internal_value=
internal_weight=
internal_count=
is_linear=0
shrinkage=1


Tree=497
num_leaves=3
num_cat=0
split_feature=0 1
split_gain=0.0670881 0.00880591
threshold=2.5000000000000004 2.5000000000000004
decision_type=2 2
left_child=-1 -2
right_child=1 -3
leaf_value=-0.026099553620542351 -0.01486660999658806 -0.0071755438579157536
leaf_weight=2.2062912136316326 1.6127388440072561 19.352506032038946
leaf_count=12 8 306
internal_value=-0.0095127 -0.00776717
internal_weight=23.1715 20.9652
internal_count=326 314
is_linear=0
shrinkage=0.1


Tree=498
num_leaves=2
num_cat=0
split_feature=2
split_gain=0.370592
threshold=3.5000000000000004
decision_type=2
left_child=-1
right_child=-2
leaf_value=-0.034631654704918434 -0.0027573011904880543
leaf_weight=4.0113851726055136 40.227100221905857
leaf_count=24 302
internal_value=-0.00564755
internal_weight=44.2385
internal_count=326
is_linear=0
shrinkage=0.1


Tree=499
num_leaves=4
num_cat=0
split_feature=0 1 2
split_gain=0.428495 1.74668 0.00892409
threshold=4.5000000000000009 3.5000000000000004 4.5000000000000009
decision_type=2 2 2
left_child=1 -1 -2
right_child=2 -3 -4
leaf_value=-0.10351192108317286 0.0029486029556516722 -0.0054648062077252493 0.0077562055166004078
leaf_weight=1.9496081378310908 4.3099680542945853 5.9319098554551601 37.070133723318577
leaf_count=47 26 34 219
internal_value=0.00318516 -0.0181851 0.00725547
internal_weight=49.2616 7.88152 41.3801
internal_count=326 81 245
is_linear=0
shrinkage=0.1


Tree=500
num_leaves=5
num_cat=0
split_feature=2 3 1 0
split_gain=0.72097 2.42185 0.00621784 0.0350609
threshold=5.5000000000000009 5.5000000000000009 6.5000000000000009 5.5000000000000009
decision_type=2 2 2 2
left_child=1 -1 3 -2
right_child=2 -3 -4 -5
leaf_value=-0.092872088686731191 0.010595829371248568 0.0036436991563482957 0.019908015716366741 0.018428881321660477
leaf_weight=2.8630403885617826 6.5562735050916698 9.301749799400568 10.162880055606363 17.057265836745501
leaf_count=114 28 58 50 76
internal_value=0.0103218 -0.0105525 0.0178399 0.0169497
internal_weight=45.9412 12.1648 33.7764 23.6135
internal_count=326 172 154 104
is_linear=0
shrinkage=0.1


Tree=501
num_leaves=6
num_cat=0
split_feature=2 0 3 3 0
split_gain=0.694157 0.56225 0.341689 0.046152 0.635524
threshold=5.5000000000000009 7.5000000000000009 6.5000000000000009 6.5000000000000009 6.5000000000000009
decision_type=2 2 2 2 2
left_child=1 2 -1 4 -2
right_child=3 -3 -4 -5 -6
leaf_value=-0.090424271128258654 0.0025897825118547744 0.0025897825118547744 -0.027192843231062504 0.034512632697746314 0.029187402526553354
leaf_weight=1.3301748555968549 2.0302883464610213 0.37325763702392567 0.8134841639548539 11.249086193740368 4.3438503071665764
leaf_count=165 63 2 5 49 42
internal_value=0.0236445 -0.0254809 -0.0569755 0.0306605 0.0238622
internal_weight=20.1401 2.51692 2.14366 17.6232 6.37414
internal_count=326 172 170 154 105
is_linear=0
shrinkage=0.1


Tree=502
num_leaves=3
num_cat=0
split_feature=0 3
split_gain=0.468379 0.487019
threshold=7.5000000000000009 6.5000000000000009
decision_type=2 2
left_child=1 -1
right_child=-2 -3
leaf_value=-0.089602407907037371 0.039395169057082548 0.013780451908044895
leaf_weight=0.60528931903536443 6.6649622358381748 1.8320169034413993
leaf_count=248 39 39
internal_value=0.0256775 -0.0118343
internal_weight=9.10227 2.43731
internal_count=326 287
is_linear=0
shrinkage=0.1


Tree=503
num_leaves=2
num_cat=0
split_feature=2
split_gain=0.279778
threshold=6.5000000000000009
decision_type=2
left_child=-1
right_child=-2
leaf_value=-0.089072675497777393 0.049328347176055422
leaf_weight=0.15658343241375439 2.1736216616409365
leaf_count=282 44
internal_value=0.0400282
internal_weight=2.33021
internal_count=326
is_linear=0
shrinkage=0.1


Tree=504
num_leaves=4
num_cat=0
split_feature=0 3 3
split_gain=0.000182393 0.445239 3.51087e-07
threshold=4.5000000000000009 5.5000000000000009 4.5000000000000009
decision_type=2 2 2
left_child=1 2 -1
right_child=-2 -3 -4
leaf_value=-0.089992977434255758 -0.00069823236686205453 -0.0015978869326911897 -0.089831543344609258
leaf_weight=0.21763767069205664 1.1238376086257629 0.55843941681087017 0.35358933545649052
leaf_count=20 245 22 39
internal_value=-0.00160021 -0.00249754 -0.089893
internal_weight=2.2535 1.12967 0.571227
internal_count=326 81 59
is_linear=0
shrinkage=0.1


Tree=505
num_leaves=1
num_cat=0
split_feature=
split_gain=
threshold=
decision_type=
left_child=
right_child=
leaf_value=0
leaf_weight=
leaf_count=326
internal_value=
internal_weight=
internal_count=
is_linear=0
shrinkage=1


Tree=506
num_leaves=3
num_cat=0
split_feature=0 1
split_gain=0.0615676 0.00954578
threshold=2.5000000000000004 2.5000000000000004
decision_type=2 2
left_child=-1 -2
right_child=1 -3
leaf_value=-0.025187343303421313 -0.014954332906496035 -0.006947738282809892
leaf_weight=2.1907746866345432 1.6137296892702604 19.276355532056186
leaf_count=12 8 306
internal_value=-0.00923879 -0.00756624
internal_weight=23.0809 20.8901
internal_count=326 314
is_linear=0
shrinkage=0.1


Tree=507
num_leaves=2
num_cat=0
split_feature=1
split_gain=0.3797
threshold=2.5000000000000004
decision_type=2
left_child=-1
right_child=-2
leaf_value=-0.035675012031015606 -0.0026291560315045235
leaf_weight=3.8061635792255393 40.207137346500531
leaf_count=19 307
internal_value=-0.00548688
internal_weight=44.0133
internal_count=326
is_linear=0
shrinkage=0.1


Tree=508
num_leaves=4
num_cat=0
split_feature=2 1 0
split_gain=0.42118 0.976559 0.0181457
threshold=4.5000000000000009 4.5000000000000009 4.5000000000000009
decision_type=2 2 2
left_child=1 -1 -2
right_child=2 -3 -4
leaf_value=-0.069107567098004863 0.0016639638017525199 -0.0077547779646245478 0.0074685851224150978
leaf_weight=2.9114461494609705 6.3048762157559386 2.8630898110568523 36.932628948241472
leaf_count=59 30 18 219
internal_value=0.00323441 -0.0221317 0.00662216
internal_weight=49.012 5.77454 43.2375
internal_count=326 77 249
is_linear=0
shrinkage=0.1


Tree=509
num_leaves=8
num_cat=0
split_feature=1 1 3 0 2 1 2
split_gain=0.70217 0.931661 0.351262 0.391734 0.276937 0.125422 0.0272109
threshold=4.5000000000000009 3.5000000000000004 5.5000000000000009 6.5000000000000009 5.5000000000000009 5.5000000000000009 5.5000000000000009
decision_type=2 2 2 2 2 2 2
left_child=1 6 3 -2 -3 -4 -1
right_child=2 4 5 -5 -6 -7 -8
leaf_value=-0.092380162067920213 -0.0021535658334068744 -0.041026688392079257 0.010523064857628085 0.0089435983701765531 -0.0021535658334068744 0.024149471218936406 -0.068303546064504547
leaf_weight=0.9055662634782482 3.5265800049528471 1.7754348115995524 9.6707593873143178 3.4839231669902802 2.8594658225774765 22.402017880231142 0.97460561990737915
leaf_count=52 53 44 40 14 12 107 4
internal_value=0.01051 -0.0198836 0.0155765 -0.00215357 -0.00215357 0.0200408 -0.0798998
internal_weight=45.5984 6.51507 39.0833 7.0105 4.6349 32.0728 1.88017
internal_count=326 112 214 67 56 147 56
is_linear=0
shrinkage=0.1


Tree=510
num_leaves=7
num_cat=0
split_feature=0 1 1 3 1 0
split_gain=0.582026 0.820016 0.0760079 0.0904817 0.224476 0.000278553
threshold=5.5000000000000009 5.5000000000000009 7.5000000000000009 6.5000000000000009 5.5000000000000009 4.5000000000000009
decision_type=2 2 2 2 2 2
left_child=1 5 3 4 -2 -1
right_child=2 -3 -4 -5 -6 -7
leaf_value=-0.097634324733206657 -0.0027256953394072139 -0.0027256953394072139 0.04455929708491535 0.03201540588963573 0.024220241871899185 -0.094424457698991604
leaf_weight=0.65775259374641126 1.3733186114113785 0.48443815018981684 2.5967028453014782 9.8092127740383148 4.626123433932662 0.45902648061746731
leaf_count=77 45 21 16 39 74 54
internal_value=0.0236725 -0.0341547 0.0287033 0.0260988 0.0164251 -0.096315
internal_weight=20.0066 1.60122 18.4054 15.8087 5.99944 1.11678
internal_count=326 152 174 158 119 131
is_linear=0
shrinkage=0.1


Tree=511
num_leaves=5
num_cat=0
split_feature=1 2 3 1
split_gain=0.397729 0.365696 0.365437 0.348977
threshold=5.5000000000000009 6.5000000000000009 6.5000000000000009 7.5000000000000009
decision_type=2 2 2 2
left_child=1 -1 3 -2
right_child=2 -3 -4 -5
leaf_value=-0.090395909496026619 0.0025385533604130265 0.0025385533604130265 0.050018997337657273 0.02763581588454446
leaf_weight=0.55555691817426101 1.5662787060136907 0.61135840136557817 5.0368767213076353 1.2920366497710347
leaf_count=179 92 5 39 11
internal_value=0.025758 -0.028735 0.0338121 0.00525263
internal_weight=9.06211 1.16692 7.89519 2.85832
internal_count=326 184 142 103
is_linear=0
shrinkage=0.1


Tree=512
num_leaves=3
num_cat=0
split_feature=0 3
split_gain=0.264904 0.014324
threshold=6.5000000000000009 7.5000000000000009
decision_type=2 2
left_child=-1 -2
right_child=1 -3
leaf_value=-0.089303132451476266 0.041609933125411239 0.058250843122025456
leaf_weight=0.15010931138022021 1.3401966524106685 0.84238582849502552
leaf_count=247 76 3
internal_value=0.039195 0.0480326
internal_weight=2.33269 2.18258
internal_count=326 79
is_linear=0
shrinkage=0.1


Tree=513
num_leaves=1
num_cat=0
split_feature=
split_gain=
threshold=
decision_type=
left_child=
right_child=
leaf_value=0
leaf_weight=
leaf_count=326
internal_value=
internal_weight=
internal_count=
is_linear=0
shrinkage=1


Tree=514
num_leaves=1
num_cat=0
split_feature=
split_gain=
threshold=
decision_type=
left_child=
right_child=
leaf_value=0
leaf_weight=
leaf_count=326
internal_value=
internal_weight=
internal_count=
is_linear=0
shrinkage=1


Tree=515
num_leaves=3
num_cat=0
split_feature=0 1
split_gain=0.0590428 0.0118378
threshold=2.5000000000000004 2.5000000000000004
decision_type=2 2
left_child=-1 -2
right_child=1 -3
leaf_value=-0.02463529529713698 -0.015561753555095793 -0.0066599937455894161
leaf_weight=2.1839715391397503 1.6198956780135656 19.205214809509926
leaf_count=12 8 306
internal_value=-0.00899288 -0.00735242
internal_weight=23.0091 20.8251
internal_count=326 314
is_linear=0
shrinkage=0.1


Tree=516
num_leaves=2
num_cat=0
split_feature=1
split_gain=0.340305
threshold=2.5000000000000004
decision_type=2
left_child=-1
right_child=-2
leaf_value=-0.033989841960986963 -0.0026343738004517511
leaf_weight=3.788757510483264 40.050836003152654
leaf_count=19 307
internal_value=-0.00534421
internal_weight=43.8396
internal_count=326
is_linear=0
shrinkage=0.1


Tree=517
num_leaves=4
num_cat=0
split_feature=0 0 2
split_gain=0.358294 0.184164 0.0022788
threshold=4.5000000000000009 3.5000000000000004 4.5000000000000009
decision_type=2 2 2
left_child=1 -1 -2
right_child=2 -3 -4
leaf_value=-0.041104878818437447 0.0048929795158675132 -0.0067389182823851673 0.0073391269029392074
leaf_weight=2.1693122568540266 4.2479350194334975 5.545977144036442 36.805946355685592
leaf_count=32 26 49 219
internal_value=0.00337027 -0.0164016 0.00708602
internal_weight=48.7692 7.71529 41.0539
internal_count=326 81 245
is_linear=0
shrinkage=0.1


Tree=518
num_leaves=4
num_cat=0
split_feature=0 3 2
split_gain=0.652188 2.46057 7.81752e-05
threshold=5.5000000000000009 5.5000000000000009 5.5000000000000009
decision_type=2 2 2
left_child=1 -1 -2
right_child=2 -3 -4
leaf_value=-0.10263021767308766 0.017021546639788873 0.0033041643909332459 0.017381404374174292
leaf_weight=2.3843683158047488 7.8143050633370867 8.6019460558891279 26.539233408868313
leaf_count=95 50 57 124
internal_value=0.0105171 -0.0106912 0.0172995
internal_weight=45.3399 10.9863 34.3535
internal_count=326 152 174
is_linear=0
shrinkage=0.1


Tree=519
num_leaves=6
num_cat=0
split_feature=2 0 3 3 0
split_gain=0.546576 0.523537 0.3364 0.045056 0.566226
threshold=5.5000000000000009 7.5000000000000009 6.5000000000000009 6.5000000000000009 6.5000000000000009
decision_type=2 2 2 2 2
left_child=1 2 -1 4 -2
right_child=3 -3 -4 -5 -6
leaf_value=-0.090300486735048494 0.0041860335338929468 0.0041860335338929468 -0.024997294500238632 0.0336042523639574 0.02834180957470972
leaf_weight=1.1866750100161909 2.0055220454232776 0.3783227503299712 0.80539770238101471 11.151409894227982 4.3972729966044426
leaf_count=165 63 2 5 49 42
internal_value=0.0236791 -0.0213933 -0.0541806 0.0297654 0.0230794
internal_weight=19.9246 2.3704 1.99207 17.5542 6.4028
internal_count=326 172 170 154 105
is_linear=0
shrinkage=0.1


Tree=520
num_leaves=3
num_cat=0
split_feature=0 3
split_gain=0.387891 0.442889
threshold=7.5000000000000009 6.5000000000000009
decision_type=2 2
left_child=1 -1
right_child=-2 -3
leaf_value=-0.089535143667358402 0.038087118537861675 0.014277356145872208
leaf_weight=0.53045488925999973 6.6857847888022661 1.8242321535944939
leaf_count=248 39 39
internal_value=0.0257944 -0.00910913
internal_weight=9.04047 2.35469
internal_count=326 287
is_linear=0
shrinkage=0.1


Tree=521
num_leaves=4
num_cat=0
split_feature=3 3 3
split_gain=0.25896 0.0117564 3.74372e-07
threshold=6.5000000000000009 7.5000000000000009 5.5000000000000009
decision_type=2 2 2
left_child=2 -2 -1
right_child=1 -3 -4
leaf_value=-0.089412191465787341 0.041892864271440317 0.056977862328802698 -0.08908078571956117
leaf_weight=0.093681590315100371 1.3365142893599116 0.84218591451644886 0.053583113847707864
leaf_count=138 51 3 134
internal_value=0.0390491 0.047724 -0.0892916
internal_weight=2.32596 2.1787 0.147265
internal_count=326 54 272
is_linear=0
shrinkage=0.1


Tree=522
num_leaves=1
num_cat=0
split_feature=
split_gain=
threshold=
decision_type=
left_child=
right_child=
leaf_value=0
leaf_weight=
leaf_count=326
internal_value=
internal_weight=
internal_count=
is_linear=0
shrinkage=1


Tree=523
num_leaves=1
num_cat=0
split_feature=
split_gain=
threshold=
decision_type=
left_child=
right_child=
leaf_value=0
leaf_weight=
leaf_count=326
internal_value=
internal_weight=
internal_count=
is_linear=0
shrinkage=1


Tree=524
num_leaves=3
num_cat=0
split_feature=0 1
split_gain=0.0564604 0.0134328
threshold=2.5000000000000004 2.5000000000000004
decision_type=2 2
left_child=-1 -2
right_child=1 -3
leaf_value=-0.023901880889348522 -0.015433000583228268 -0.0062225632414403325
leaf_weight=2.1742825806140926 1.6228087618947054 19.123934439034201
leaf_count=12 8 306
internal_value=-0.00857083 -0.00696412
internal_weight=22.921 20.7467
internal_count=326 314
is_linear=0
shrinkage=0.1


Tree=525
num_leaves=2
num_cat=0
split_feature=2
split_gain=0.32269
threshold=3.5000000000000004
decision_type=2
left_child=-1
right_child=-2
leaf_value=-0.03240195997280429 -0.0023498885542749658
leaf_weight=3.925836853682994 39.758217312861234
leaf_count=24 302
internal_value=-0.00505063
internal_weight=43.6841
internal_count=326
is_linear=0
shrinkage=0.1


Tree=526
num_leaves=4
num_cat=0
split_feature=2 1 0
split_gain=0.348284 0.902309 0.0154204
threshold=4.5000000000000009 4.5000000000000009 4.5000000000000009
decision_type=2 2 2
left_child=1 -1 -2
right_child=2 -3 -4
leaf_value=-0.066856802847252692 0.001783669270548766 -0.0068572709587333379 0.0071354381571337947
leaf_weight=2.7800899758003643 6.3100328594446173 2.8672571070492268 36.684774990193546
leaf_count=59 30 18 219
internal_value=0.00328327 -0.0200645 0.00635
internal_weight=48.6422 5.64735 42.9948
internal_count=326 77 249
is_linear=0
shrinkage=0.1


Tree=527
num_leaves=4
num_cat=0
split_feature=2 3 1
split_gain=0.604925 2.12635 0.00664284
threshold=5.5000000000000009 5.5000000000000009 6.5000000000000009
decision_type=2 2 2
left_child=1 -1 -2
right_child=2 -3 -4
leaf_value=-0.09260529481744309 0.016564492779156399 0.0042956274866328857 0.019643580271713371
leaf_weight=2.4823650501202765 23.317960627377033 9.2668813280761242 10.016382396221159
leaf_count=114 104 58 50
internal_value=0.0106127 -0.00889845 0.0174897
internal_weight=45.0836 11.7492 33.3343
internal_count=326 172 154
is_linear=0
shrinkage=0.1


Tree=528
num_leaves=7
num_cat=0
split_feature=0 1 1 3 1 0
split_gain=0.451934 0.802406 0.0705009 0.0727126 0.19057 0.00029344
threshold=5.5000000000000009 5.5000000000000009 7.5000000000000009 6.5000000000000009 5.5000000000000009 4.5000000000000009
decision_type=2 2 2 2 2 2
left_child=1 5 3 4 -2 -1
right_child=2 -3 -4 -5 -6 -7
leaf_value=-0.097646966360810036 -0.00071323246143344403 -0.00071323246143344403 0.043179977654363058 0.030745144552514037 0.023737565538780217 -0.094196976049718717
leaf_weight=0.59076916717458761 1.3297895807772881 0.47353461524471629 2.6053424207493654 9.7397527247667313 4.6415623845532537 0.42310692532919347
leaf_count=77 45 21 16 39 74 54
internal_value=0.02364 -0.0293713 0.0279448 0.0254184 0.01673 -0.0962072
internal_weight=19.8039 1.48741 18.3164 15.7111 5.97135 1.01388
internal_count=326 152 174 158 119 131
is_linear=0
shrinkage=0.1


Tree=529
num_leaves=5
num_cat=0
split_feature=1 2 3 1
split_gain=0.32756 0.347957 0.341368 0.309564
threshold=5.5000000000000009 6.5000000000000009 6.5000000000000009 7.5000000000000009
decision_type=2 2 2 2
left_child=1 -1 3 -2
right_child=2 -3 -4 -5
leaf_value=-0.090339515214907087 0.003851326075446135 0.003851326075446135 0.048504047862843271 0.026849139896800087
leaf_weight=0.49739712165319339 1.5445583811379038 0.60651808278635144 5.0602624630555511 1.2974819311639294
leaf_count=179 92 5 39 11
internal_value=0.0257998 -0.0252251 0.0329278 0.00519423
internal_weight=9.00622 1.10392 7.9023 2.84204
internal_count=326 184 142 103
is_linear=0
shrinkage=0.1


Tree=530
num_leaves=4
num_cat=0
split_feature=1 2 3
split_gain=0.243993 0.0851099 0.0590521
threshold=5.5000000000000009 7.5000000000000009 7.5000000000000009
decision_type=2 2 2
left_child=-1 2 -2
right_child=1 -3 -4
leaf_value=-0.090501321991144509 0.017824231196019471 0.084012485615465315 0.05498447949303447
leaf_weight=0.13824081903112562 0.86918558109755417 0.47349104285240162 0.84181129932403564
leaf_count=184 137 2 3
internal_value=0.0383374 0.0464907 0.0361071
internal_weight=2.32273 2.18449 1.711
internal_count=326 142 140
is_linear=0
shrinkage=0.1


Tree=531
num_leaves=2
num_cat=0
split_feature=0
split_gain=2.43277e-05
threshold=4.5000000000000009
decision_type=2
left_child=-1
right_child=-2
leaf_value=-0.001006904685825982 -0.00034612908479932011
leaf_weight=1.1097115604206922 1.11903531383723
leaf_count=81 245
internal_value=-0.000675135
internal_weight=2.22875
internal_count=326
is_linear=0
shrinkage=0.1


Tree=532
num_leaves=1
num_cat=0
split_feature=
split_gain=
threshold=
decision_type=
left_child=
right_child=
leaf_value=0
leaf_weight=
leaf_count=326
internal_value=
internal_weight=
internal_count=
is_linear=0
shrinkage=1


Tree=533
num_leaves=3
num_cat=0
split_feature=2 0
split_gain=0.259255 0.140499
threshold=2.5000000000000004 2.5000000000000004
decision_type=2 2
left_child=-1 -2
right_child=1 -3
leaf_value=-0.050885331956139826 -0.028264349953422904 -0.0034647386885896352
leaf_weight=1.3459438681602502 1.3253695890307451 20.164138441323303
leaf_count=6 8 312
internal_value=-0.00830997 -0.00564337
internal_weight=22.8355 21.4895
internal_count=326 320
is_linear=0
shrinkage=0.1


Tree=534
num_leaves=2
num_cat=0
split_feature=1
split_gain=0.302842
threshold=2.5000000000000004
decision_type=2
left_child=-1
right_child=-2
leaf_value=-0.032048190759541871 -0.0022910596535745042
leaf_weight=3.7422920465469351 39.720027606468648
leaf_count=19 307
internal_value=-0.00485328
internal_weight=43.4623
internal_count=326
is_linear=0
shrinkage=0.1


Tree=535
num_leaves=4
num_cat=0
split_feature=0 0 2
split_gain=0.323743 0.153868 7.31537e-05
threshold=4.5000000000000009 3.5000000000000004 4.5000000000000009
decision_type=2 2 2
left_child=1 -1 -2
right_child=2 -3 -4
leaf_value=-0.038351780838409052 0.0065740039021931042 -0.0066691727541948118 0.0070149877020739037
leaf_weight=2.1203195233829311 4.1934764459729186 5.5327238086611032 36.539897443726659
leaf_count=32 26 49 219
internal_value=0.00342406 -0.015447 0.00696959
internal_weight=48.3864 7.65304 40.7334
internal_count=326 81 245
is_linear=0
shrinkage=0.1


Tree=536
num_leaves=3
num_cat=0
split_feature=0 3
split_gain=0.569161 2.19751
threshold=5.5000000000000009 5.5000000000000009
decision_type=2 2
left_child=1 -1
right_child=-2 -3
leaf_value=-0.1021601268294184 0.017029430821102004 0.0038270147974628294
leaf_weight=2.1228744741529217 34.04528290964663 8.6152595765888673
leaf_count=95 174 57
internal_value=0.0106981 -0.0093754
internal_weight=44.7834 10.7381
internal_count=326 152
is_linear=0
shrinkage=0.1


Tree=537
num_leaves=6
num_cat=0
split_feature=2 0 3 3 0
split_gain=0.421467 0.483328 0.329839 0.0467952 0.499597
threshold=5.5000000000000009 7.5000000000000009 6.5000000000000009 6.5000000000000009 6.5000000000000009
decision_type=2 2 2 2 2
left_child=1 2 -1 4 -2
right_child=3 -3 -4 -5 -6
leaf_value=-0.090189352861369337 0.0056463085253559281 0.0056463085253559281 -0.022827073523752711 0.0326281052566188 0.027268182996746861
leaf_weight=1.0586633001803449 1.9921150651061914 0.38418629765510548 0.79827201366424549 11.04597745090723 4.4578474517911673
leaf_count=165 63 2 5 49 42
internal_value=0.0234461 -0.0173836 -0.0513005 0.0286762 0.0219083
internal_weight=19.7371 2.24112 1.85694 17.4959 6.44996
internal_count=326 172 170 154 105
is_linear=0
shrinkage=0.1


Tree=538
num_leaves=3
num_cat=0
split_feature=0 3
split_gain=0.323197 0.400338
threshold=7.5000000000000009 6.5000000000000009
decision_type=2 2
left_child=1 -1
right_child=-2 -3
leaf_value=-0.089477756135586797 0.036791600538981027 0.014417223675125383
leaf_weight=0.46576057332276843 6.7046457808464766 1.8207033160142601
leaf_count=248 39 39
internal_value=0.0257197 -0.00674654
internal_weight=8.99111 2.28646
internal_count=326 287
is_linear=0
shrinkage=0.1


Tree=539
num_leaves=6
num_cat=0
split_feature=2 3 3 3 1
split_gain=0.0986729 0.191867 0.049443 2.91451e-07 1.95881e-09
threshold=7.5000000000000009 6.5000000000000009 7.5000000000000009 5.5000000000000009 7.5000000000000009
decision_type=2 2 2 2 2
left_child=1 3 -3 -1 -5
right_child=-2 2 -4 4 -6
leaf_value=-0.08937311216774789 0.07854124106807242 0.019708314830186171 0.053106433933609691 -0.089070793043072582 -0.089014083452115894
leaf_weight=0.082947185648663768 0.48191434144973744 0.85487044363981091 0.84142413735389709 0.040187821416111547 0.0071789214598538811
leaf_count=138 2 49 3 126 8
internal_value=0.0382909 0.0276716 0.0366546 -0.0892601 -0.0890622
internal_weight=2.30852 1.82661 1.69629 0.130314 0.0473667
internal_count=326 324 52 272 134
is_linear=0
shrinkage=0.1


Tree=540
num_leaves=2
num_cat=0
split_feature=0
split_gain=0.000176932
threshold=4.5000000000000009
decision_type=2
left_child=-1
right_child=-2
leaf_value=-0.001809795250862411 -2.996315938233717e-05
leaf_weight=1.1191255403682592 1.1150162759149678
leaf_count=81 245
internal_value=-0.000921516
internal_weight=2.23414
internal_count=326
is_linear=0
shrinkage=0.1


Tree=541
num_leaves=1
num_cat=0
split_feature=
split_gain=
threshold=
decision_type=
left_child=
right_child=
leaf_value=0
leaf_weight=
leaf_count=326
internal_value=
internal_weight=
internal_count=
is_linear=0
shrinkage=1


Tree=542
num_leaves=3
num_cat=0
split_feature=0 1
split_gain=0.0408869 0.0134092
threshold=2.5000000000000004 2.5000000000000004
decision_type=2 2
left_child=-1 -2
right_child=1 -3
leaf_value=-0.021123964158092749 -0.013851932144687785 -0.0058241972005039968
leaf_weight=2.1327008530497578 1.6211948432028318 19.012573662097566
leaf_count=12 8 306
internal_value=-0.00794235 -0.0065799
internal_weight=22.7665 20.6338
internal_count=326 314
is_linear=0
shrinkage=0.1


Tree=543
num_leaves=2
num_cat=0
split_feature=2
split_gain=0.288085
threshold=3.5000000000000004
decision_type=2
left_child=-1
right_child=-2
leaf_value=-0.030597864492000248 -0.0019706436147974692
leaf_weight=3.8590722903609267 39.460864361841232
leaf_count=24 302
internal_value=-0.00452084
internal_weight=43.3199
internal_count=326
is_linear=0
shrinkage=0.1


Tree=544
num_leaves=4
num_cat=0
split_feature=2 1 0
split_gain=0.294602 0.832722 0.0115212
threshold=4.5000000000000009 4.5000000000000009 4.5000000000000009
decision_type=2 2 2
left_child=1 -1 -2
right_child=2 -3 -4
leaf_value=-0.064725028553688585 0.002253125292687536 -0.0060570925877167529 0.0068831262124306519
leaf_weight=2.6610662192106238 6.304991401731967 2.876878272742033 36.417130617424846
leaf_count=59 30 18 219
internal_value=0.00338681 -0.018314 0.00619982
internal_weight=48.2601 5.53794 42.7221
internal_count=326 77 249
is_linear=0
shrinkage=0.1


Tree=545
num_leaves=4
num_cat=0
split_feature=2 3 1
split_gain=0.524082 1.90246 0.00861712
threshold=5.5000000000000009 5.5000000000000009 6.5000000000000009
decision_type=2 2 2
left_child=1 -1 -2
right_child=2 -3 -4
leaf_value=-0.092373731281623017 0.016090514992726648 0.0047537187790075378 0.019613249243755362
leaf_weight=2.2038406934589121 23.130711790174246 9.2911608442664146 9.9226944670081121
leaf_count=114 104 58 50
internal_value=0.0107517 -0.00764061 0.017148
internal_weight=44.5484 11.495 33.0534
internal_count=326 172 154
is_linear=0
shrinkage=0.1


Tree=546
num_leaves=7
num_cat=0
split_feature=0 1 1 3 1 0
split_gain=0.33842 0.779148 0.0650508 0.0594836 0.156545 0.000303576
threshold=5.5000000000000009 5.5000000000000009 7.5000000000000009 6.5000000000000009 5.5000000000000009 4.5000000000000009
decision_type=2 2 2 2 2 2
left_child=1 5 3 4 -2 -1
right_child=2 -3 -4 -5 -6 -7
leaf_value=-0.097607741967575767 0.0013273489181792122 0.0013273489181792122 0.041569051985908767 0.029378502039334165 0.023027335676215198 -0.093924489614867657
leaf_weight=0.53064334846567607 1.2892607615794993 0.46601187856867909 2.6165591636672607 9.6632115244865417 4.6714610178023577 0.38694514089729637
leaf_count=77 45 21 16 39 74 54
internal_value=0.0233595 -0.0243216 0.0269763 0.0245324 0.0166762 -0.0960545
internal_weight=19.6241 1.3836 18.2405 15.6239 5.96072 0.917588
internal_count=326 152 174 158 119 131
is_linear=0
shrinkage=0.1


Tree=547
num_leaves=4
num_cat=0
split_feature=2 3 1
split_gain=0.309349 0.463242 0.429536
threshold=6.5000000000000009 6.5000000000000009 7.5000000000000009
decision_type=2 2 2
left_child=1 2 -1
right_child=-2 -3 -4
leaf_value=-0.092307029813647953 0.040887572723041152 0.021920983953836598 -0.0087006798034701838
leaf_weight=0.82625258683401648 5.3790541207417846 2.0026103351265192 0.75227885728236288
leaf_count=242 44 32 8
internal_value=0.0257267 0.0029544 -0.0393223
internal_weight=8.9602 3.58114 1.57853
internal_count=326 282 250
is_linear=0
shrinkage=0.1


Tree=548
num_leaves=4
num_cat=0
split_feature=2 1 0
split_gain=0.0783637 0.183205 0.042706
threshold=7.5000000000000009 5.5000000000000009 8.5000000000000018
decision_type=2 2 2
left_child=1 -1 -3
right_child=-2 2 -4
leaf_value=-0.090338519389058625 0.073201069645276104 0.026104384088567398 0.050659865006564921
leaf_weight=0.12176662330057331 0.49010151624679554 1.2551698334755199 0.43077857878233761
leaf_count=184 2 135 5
internal_value=0.0377343 0.0281187 0.0366742
internal_weight=2.29782 1.80772 1.68595
internal_count=326 324 140
is_linear=0
shrinkage=0.1


Tree=549
num_leaves=2
num_cat=0
split_feature=0
split_gain=0.000277418
threshold=4.5000000000000009
decision_type=2
left_child=-1
right_child=-2
leaf_value=-0.002225811123054628 6.4972725878237711e-07
leaf_weight=1.1241041924804451 1.1144749541708732
leaf_count=81 245
internal_value=-0.00111737
internal_weight=2.23858
internal_count=326
is_linear=0
shrinkage=0.1


Tree=550
num_leaves=1
num_cat=0
split_feature=
split_gain=
threshold=
decision_type=
left_child=
right_child=
leaf_value=0
leaf_weight=
leaf_count=326
internal_value=
internal_weight=
internal_count=
is_linear=0
shrinkage=1


Tree=551
num_leaves=3
num_cat=0
split_feature=0 1
split_gain=0.0369413 0.0121548
threshold=2.5000000000000004 2.5000000000000004
decision_type=2 2
left_child=-1 -2
right_child=1 -3
leaf_value=-0.020257932075047422 -0.013323758143971895 -0.0056690483967378053
leaf_weight=2.1185793653130558 1.6150026954710508 18.950263215403538
leaf_count=12 8 306
internal_value=-0.00768483 -0.00638958
internal_weight=22.6838 20.5653
internal_count=326 314
is_linear=0
shrinkage=0.1


Tree=552
num_leaves=2
num_cat=0
split_feature=1
split_gain=0.27051
threshold=2.5000000000000004
decision_type=2
left_child=-1
right_child=-2
leaf_value=-0.030168783032942889 -0.0018931161213637231
leaf_weight=3.7012051790952674 39.407627883832902
leaf_count=19 307
internal_value=-0.00432079
internal_weight=43.1088
internal_count=326
is_linear=0
shrinkage=0.1


Tree=553
num_leaves=3
num_cat=0
split_feature=0 0
split_gain=0.293193 0.128882
threshold=4.5000000000000009 3.5000000000000004
decision_type=2 2
left_child=1 -1
right_child=-2 -3
leaf_value=-0.035727451525730411 0.0069263130834391453 -0.0064979553889159885
leaf_weight=2.0761572043411425 40.421571941114962 5.5173581712879241
leaf_count=32 245 49
internal_value=0.00353941 -0.0144896
internal_weight=48.0151 7.59352
internal_count=326 81
is_linear=0
shrinkage=0.1


Tree=554
num_leaves=8
num_cat=0
split_feature=1 1 3 0 2 1 2
split_gain=0.528313 0.844353 0.227375 0.316555 0.208657 0.166266 0.0291401
threshold=4.5000000000000009 3.5000000000000004 5.5000000000000009 6.5000000000000009 5.5000000000000009 5.5000000000000009 5.5000000000000009
decision_type=2 2 2 2 2 2 2
left_child=1 6 3 -2 -3 -4 -1
right_child=2 4 5 -5 -6 -7 -8
leaf_value=-0.09231048722541009 -0.00064324295976725399 -0.038431318002844043 0.00901886354501771 0.00901886354501771 -0.00064324295976725399 0.023522784126895312 -0.065859619070218631
leaf_weight=0.73926979023963102 3.1696626306511453 1.629507786594331 9.6201056763529795 3.4312293082475662 2.8373482674360275 21.885451421141624 0.95392795652151108
leaf_count=52 53 44 40 14 12 107 4
internal_value=0.0107464 -0.0164252 0.0151387 -0.000643243 -0.000643243 0.018681 -0.0774084
internal_weight=44.2665 6.16005 38.1064 6.60089 4.46686 31.5056 1.6932
internal_count=326 112 214 67 56 147 56
is_linear=0
shrinkage=0.1


Tree=555
num_leaves=5
num_cat=0
split_feature=2 0 3 3
split_gain=0.319202 0.443025 0.322295 0.0466926
threshold=5.5000000000000009 7.5000000000000009 6.5000000000000009 6.5000000000000009
decision_type=2 2 2 2
left_child=1 2 -1 -2
right_child=3 -3 -4 -5
leaf_value=-0.090089108309795371 0.020774000722101085 0.0069785466198829891 -0.02070155905638257 0.031476708163013442
leaf_weight=0.94594280124875074 6.4964401129400366 0.39066109061241139 0.79176630266010761 10.94172084517777
leaf_count=165 105 2 5 49
internal_value=0.0230273 -0.0135324 -0.0483817 0.0274895
internal_weight=19.5665 2.12837 1.73771 17.4382
internal_count=326 172 170 154
is_linear=0
shrinkage=0.1


Tree=556
num_leaves=4
num_cat=0
split_feature=0 1 0
split_gain=0.281037 0.371604 0.00606435
threshold=7.5000000000000009 5.5000000000000009 6.5000000000000009
decision_type=2 2 2
left_child=1 -1 -3
right_child=-2 2 -4
leaf_value=-0.090274052917660164 0.036535518905701461 0.0080458610686665738 0.016019300268588731
leaf_weight=0.41166262498882167 6.6708726109936833 0.98575028392951913 0.82885156094562262
leaf_count=179 39 75 33
internal_value=0.0262683 -0.00449692 0.0149626
internal_weight=8.89714 2.22626 1.8146
internal_count=326 287 108
is_linear=0
shrinkage=0.1


Tree=557
num_leaves=4
num_cat=0
split_feature=2 0 3
split_gain=0.0616332 0.178965 0.0371457
threshold=7.5000000000000009 6.5000000000000009 7.5000000000000009
decision_type=2 2 2
left_child=1 -1 -3
right_child=-2 2 -4
leaf_value=-0.089286042576595545 0.068762427003538171 0.022259374301749745 0.048865299544526626
leaf_weight=0.11946701617853284 0.49684512615203846 0.83655379043193512 0.8403870165348053
leaf_count=247 2 74 3
internal_value=0.0375898 0.0289682 0.0373927
internal_weight=2.29325 1.79641 1.67694
internal_count=326 324 77
is_linear=0
shrinkage=0.1


Tree=558
num_leaves=2
num_cat=0
split_feature=0
split_gain=0.000533806
threshold=4.5000000000000009
decision_type=2
left_child=-1
right_child=-2
leaf_value=-0.0028507013112329224 0.00023466345431855061
leaf_weight=1.1316762492060664 1.1115107409859772
leaf_count=81 245
internal_value=-0.00132189
internal_weight=2.24319
internal_count=326
is_linear=0
shrinkage=0.1


Tree=559
num_leaves=1
num_cat=0
split_feature=
split_gain=
threshold=
decision_type=
left_child=
right_child=
leaf_value=0
leaf_weight=
leaf_count=326
internal_value=
internal_weight=
internal_count=
is_linear=0
shrinkage=1


Tree=560
num_leaves=3
num_cat=0
split_feature=0 1
split_gain=0.0355758 0.0138352
threshold=2.5000000000000004 2.5000000000000004
decision_type=2 2
left_child=-1 -2
right_child=1 -3
leaf_value=-0.019661903667847772 -0.01284498602834609 -0.0052430199997575977
leaf_weight=2.1110176518559483 1.6206502132117773 18.87570744677214
leaf_count=12 8 306
internal_value=-0.00730116 -0.00602807
internal_weight=22.6074 20.4964
internal_count=326 314
is_linear=0
shrinkage=0.1


Tree=561
num_leaves=2
num_cat=0
split_feature=2
split_gain=0.252426
threshold=3.5000000000000004
decision_type=2
left_child=-1
right_child=-2
leaf_value=-0.028701095231622453 -0.0016753429013846776
leaf_weight=3.7903401032090178 39.184364214772359
leaf_count=24 302
internal_value=-0.004059
internal_weight=42.9747
internal_count=326
is_linear=0
shrinkage=0.1


Tree=562
num_leaves=4
num_cat=0
split_feature=1 0 2
split_gain=0.29535 1.43051 0.0812802
threshold=3.5000000000000004 4.5000000000000009 4.5000000000000009
decision_type=2 2 2
left_child=1 -1 -2
right_child=2 -3 -4
leaf_value=-0.103268251036081 -0.0066490071682133809 -0.0098011471293285423 0.0071293476109057733
leaf_weight=1.7282994142733508 4.7980616064742199 1.59714974835515 39.763340597040951
leaf_count=47 37 9 233
internal_value=0.0035004 -0.0252481 0.00564579
internal_weight=47.8869 3.32545 44.5614
internal_count=326 56 270
is_linear=0
shrinkage=0.1


Tree=563
num_leaves=3
num_cat=0
split_feature=0 3
split_gain=0.456333 1.94665
threshold=5.5000000000000009 5.5000000000000009
decision_type=2 2
left_child=1 -1
right_child=-2 -3
leaf_value=-0.10175171855541765 0.01641054567391554 0.0044349222273461488
leaf_weight=1.8589560722466547 33.626165013760328 8.5606733690947276
leaf_count=95 174 57
internal_value=0.0107446 -0.0075407
internal_weight=44.0458 10.4196
internal_count=326 152
is_linear=0
shrinkage=0.1


Tree=564
num_leaves=7
num_cat=0
split_feature=0 1 1 2 0 0
split_gain=0.245969 0.756764 0.0561197 0.251376 0.309677 0.00030407
threshold=5.5000000000000009 5.5000000000000009 7.5000000000000009 6.5000000000000009 7.5000000000000009 4.5000000000000009
decision_type=2 2 2 2 2 2
left_child=1 5 3 4 -2 -1
right_child=2 -3 -4 -5 -6 -7
leaf_value=-0.097511585952920463 0.0034726225998388581 0.0034726225998388581 0.039568751243211686 0.031668819030316209 0.02178530612431322 -0.0936509233193204
leaf_weight=0.47748795861844218 6.777372460812332 0.4578443025238812 2.6284149778075507 6.6205715499818316 2.1373618636280298 0.35619599008350633
leaf_count=77 106 21 16 38 14 54
internal_value=0.023057 -0.01911 0.0260552 0.0237689 0.0119018 -0.0958621
internal_weight=19.4552 1.29153 18.1637 15.5353 8.91473 0.833684
internal_count=326 152 174 158 120 131
is_linear=0
shrinkage=0.1


Tree=565
num_leaves=5
num_cat=0
split_feature=1 3 2 1
split_gain=0.243983 0.321623 0.300204 0.260061
threshold=5.5000000000000009 6.5000000000000009 6.5000000000000009 7.5000000000000009
decision_type=2 2 2 2
left_child=2 3 -1 -2
right_child=1 -3 -4 -5
leaf_value=-0.090221343255306063 0.0060106570303166285 0.047254186248929277 0.0060106570303166285 0.026632421639622952
leaf_weight=0.39841896801954113 1.5000569306430407 5.0679561300203204 0.60204781452193856 1.2961074015474878
leaf_count=179 92 39 5 11
internal_value=0.0263085 0.0322258 -0.0202045 0.00601066
internal_weight=8.86459 7.86412 1.00047 2.79616
internal_count=326 142 184 103
is_linear=0
shrinkage=0.1


Tree=566
num_leaves=6
num_cat=0
split_feature=2 3 3 3 1
split_gain=0.0490649 0.169429 0.0303295 2.57812e-07 1.89025e-09
threshold=7.5000000000000009 6.5000000000000009 7.5000000000000009 5.5000000000000009 7.5000000000000009
decision_type=2 2 2 2 2
left_child=1 3 -3 -1 -5
right_child=-2 2 -4 4 -6
leaf_value=-0.089362471136783514 0.064781428334176647 0.023544088333845865 0.047094034427153465 -0.089057370692433038 -0.088997932289627255
leaf_weight=0.071654257088085038 0.50281780958175648 0.82790997996926285 0.83981671929359436 0.034744687580314348 0.0063242822616302865
leaf_count=138 2 49 3 126 8
internal_value=0.0371968 0.0294066 0.0374266 -0.089248 -0.0890482
internal_weight=2.28327 1.78045 1.66773 0.112723 0.041069
internal_count=326 324 52 272 134
is_linear=0
shrinkage=0.1


Tree=567
num_leaves=2
num_cat=0
split_feature=0
split_gain=0.000820294
threshold=4.5000000000000009
decision_type=2
left_child=-1
right_child=-2
leaf_value=-0.0034085912895879611 0.00041242920188113379
leaf_weight=1.1385012590326371 1.1092306439168167
leaf_count=81 245
internal_value=-0.00152296
internal_weight=2.24773
internal_count=326
is_linear=0
shrinkage=0.1


Tree=568
num_leaves=1
num_cat=0
split_feature=
split_gain=
threshold=
decision_type=
left_child=
right_child=
leaf_value=0
leaf_weight=
leaf_count=326
internal_value=
internal_weight=
internal_count=
is_linear=0
shrinkage=1


Tree=569
num_leaves=3
num_cat=0
split_feature=0 1
split_gain=0.0323101 0.0140388
threshold=2.5000000000000004 2.5000000000000004
decision_type=2 2
left_child=-1 -2
right_child=1 -3
leaf_value=-0.018883935985767718 -0.01236888898413596 -0.0050499518913877514
leaf_weight=2.0984215140342739 1.6220049895346189 18.814397158508655
leaf_count=12 8 306
internal_value=-0.00706719 -0.00585384
internal_weight=22.5348 20.4364
internal_count=326 314
is_linear=0
shrinkage=0.1


Tree=570
num_leaves=2
num_cat=0
split_feature=1
split_gain=0.253494
threshold=2.5000000000000004
decision_type=2
left_child=-1
right_child=-2
leaf_value=-0.029042152620103318 -0.0015512145183872467
leaf_weight=3.6688030213117591 39.115414580330253
leaf_count=19 307
internal_value=-0.0039086
internal_weight=42.7842
internal_count=326
is_linear=0
shrinkage=0.1


Tree=571
num_leaves=3
num_cat=0
split_feature=0 0
split_gain=0.234543 0.112585
threshold=4.5000000000000009 3.5000000000000004
decision_type=2 2
left_child=1 -1
right_child=-2 -3
leaf_value=-0.032779084173816586 0.0066820100336964245 -0.0051357505764811542
leaf_weight=2.0210409089922896 40.19984527816996 5.4365571774542332
leaf_count=32 245 49
internal_value=0.00366044 -0.0126272
internal_weight=47.6574 7.4576
internal_count=326 81
is_linear=0
shrinkage=0.1


Tree=572
num_leaves=4
num_cat=0
split_feature=2 3 1
split_gain=0.427599 1.67584 0.0109153
threshold=5.5000000000000009 5.5000000000000009 6.5000000000000009
decision_type=2 2 2
left_child=1 -1 -2
right_child=2 -3 -4
leaf_value=-0.092171630179212163 0.01519660233439977 0.0050615101705640507 0.01918576204791575
leaf_weight=1.9243010028731049 22.890659052878618 9.2492107097059488 9.7939041480422002
leaf_count=114 104 58 50
internal_value=0.0106187 -0.00626893 0.016392
internal_weight=43.8581 11.1735 32.6846
internal_count=326 172 154
is_linear=0
shrinkage=0.1


Tree=573
num_leaves=5
num_cat=0
split_feature=2 0 3 3
split_gain=0.228036 0.402408 0.324069 0.0536005
threshold=5.5000000000000009 7.5000000000000009 6.5000000000000009 6.5000000000000009
decision_type=2 2 2 2
left_child=1 2 -1 -2
right_child=3 -3 -4 -5
leaf_value=-0.089978390215824322 0.019874421822319074 0.0092538283533634639 -0.017577292037288219 0.031335247411075226
leaf_weight=0.84047672903398341 6.5345219257869767 0.39411944150924672 0.77781766653060913 10.8670614939183
leaf_count=165 105 2 5 49
internal_value=0.023346 -0.0085239 -0.0444084 0.0270316
internal_weight=19.414 2.01241 1.61829 17.4016
internal_count=326 172 170 154
is_linear=0
shrinkage=0.1


Tree=574
num_leaves=3
num_cat=0
split_feature=0 3
split_gain=0.236929 0.343685
threshold=7.5000000000000009 6.5000000000000009
decision_type=2 2
left_child=1 -1
right_child=-2 -3
leaf_value=-0.089455348618454208 0.035236537973590366 0.015453934140680796
leaf_weight=0.37772240090998832 6.6901995437219739 1.8021478769369423
leaf_count=248 39 39
internal_value=0.0259074 -0.00272448
internal_weight=8.87007 2.17987
internal_count=326 287
is_linear=0
shrinkage=0.1


Tree=575
num_leaves=3
num_cat=0
split_feature=0 1
split_gain=0.0425966 0.462667
threshold=8.5000000000000018 6.5000000000000009
decision_type=2 2
left_child=1 -1
right_child=-2 -3
leaf_value=-0.090834223544012618 0.065747163583503174 0.048246308612290359
leaf_weight=0.26836476824792077 0.42855015276290931 1.5744458492081319
leaf_count=269 5 52
internal_value=0.0373494 0.0307455
internal_weight=2.27136 1.84281
internal_count=326 321
is_linear=0
shrinkage=0.1


Tree=576
num_leaves=2
num_cat=0
split_feature=0
split_gain=0.111638
threshold=2.5000000000000004
decision_type=2
left_child=-1
right_child=-2
leaf_value=-0.090154263880130814 0.0040250870565947533
leaf_weight=0.13382840016856823 2.1149761960332398
leaf_count=12 314
internal_value=-0.00157961
internal_weight=2.2488
internal_count=326
is_linear=0
shrinkage=0.1


Tree=577
num_leaves=1
num_cat=0
split_feature=
split_gain=
threshold=
decision_type=
left_child=
right_child=
leaf_value=0
leaf_weight=
leaf_count=326
internal_value=
internal_weight=
internal_count=
is_linear=0
shrinkage=1


Tree=578
num_leaves=3
num_cat=0
split_feature=2 0
split_gain=0.22332 0.121724
threshold=2.5000000000000004 2.5000000000000004
decision_type=2 2
left_child=-1 -2
right_child=1 -3
leaf_value=-0.046804123579685039 -0.025506212481957433 -0.0021741598720869722
leaf_weight=1.3068595230579401 1.2914026826620126 19.860621647851076
leaf_count=6 8 312
internal_value=-0.00668691 -0.0042083
internal_weight=22.4589 21.152
internal_count=326 320
is_linear=0
shrinkage=0.1


Tree=579
num_leaves=2
num_cat=0
split_feature=1
split_gain=0.224378
threshold=2.5000000000000004
decision_type=2
left_child=-1
right_child=-2
leaf_value=-0.027326851962321472 -0.0013964114856837937
leaf_weight=3.649315617978572 38.996792436111718
leaf_count=19 307
internal_value=-0.00361533
internal_weight=42.6461
internal_count=326
is_linear=0
shrinkage=0.1


Tree=580
num_leaves=4
num_cat=0
split_feature=3 1 0
split_gain=0.688605 0.171691 0.365962
threshold=4.5000000000000009 3.5000000000000004 4.5000000000000009
decision_type=2 2 2
left_child=-1 2 -2
right_child=1 -3 -4
leaf_value=-0.045299369174771245 -0.019352715127875598 0.0082493773956051966 -0.0041513621799415526
leaf_weight=2.7118594702333203 1.4845068571157747 41.817382526118308 1.5063331313431261
leaf_count=32 33 253 8
internal_value=0.00363251 0.00659394 -0.0165521
internal_weight=47.5201 44.8082 2.99084
internal_count=326 294 41
is_linear=0
shrinkage=0.1


Tree=581
num_leaves=8
num_cat=0
split_feature=1 1 3 0 1 2 2
split_gain=0.415005 0.775124 0.172385 0.270844 0.171704 0.16585 0.0340344
threshold=4.5000000000000009 3.5000000000000004 5.5000000000000009 6.5000000000000009 5.5000000000000009 5.5000000000000009 5.5000000000000009
decision_type=2 2 2 2 2 2 2
left_child=1 6 3 -2 -4 -3 -1
right_child=2 5 4 -5 -6 -7 -8
leaf_value=-0.092178673460596827 0.00034753949118232209 -0.035037961114979511 0.0089799192747526835 0.0089799192747526835 0.02265797100394604 0.00034753949118232209 -0.062452934497930636
leaf_weight=0.65157024469226488 3.0147418826818457 1.5451634877827016 9.6076101288199443 3.4052850008010864 21.612854041159153 2.8283412903547287 0.94206532835960388
leaf_count=52 53 44 40 14 107 12 4
internal_value=0.0106561 -0.0138452 0.0145403 0.000347539 0.0176123 0.000347539 -0.0746065
internal_weight=43.6076 5.96714 37.6405 6.42003 31.2205 4.3735 1.59364
internal_count=326 112 214 67 147 56 56
is_linear=0
shrinkage=0.1


Tree=582
num_leaves=7
num_cat=0
split_feature=0 1 1 3 0 0
split_gain=0.179751 0.731771 0.0496427 0.0442161 0.348664 0.000295968
threshold=5.5000000000000009 5.5000000000000009 7.5000000000000009 6.5000000000000009 6.5000000000000009 4.5000000000000009
decision_type=2 2 2 2 2 2
left_child=1 5 3 4 -2 -1
right_child=2 -3 -4 -5 -6 -7
leaf_value=-0.097376668798052624 0.0057834042010378034 0.0057834042010378034 0.038346802402373099 0.027721805682763164 0.022225849595750191 -0.093386623776035127
leaf_weight=0.43067137029720715 1.9683289302047349 0.45536713115870953 2.636850136332213 9.5342756360769272 3.9710133923217654 0.32710181048605591
leaf_count=77 75 21 16 39 44 54
internal_value=0.0231678 -0.0140972 0.025664 0.0235027 0.0167299 -0.0956543
internal_weight=19.3236 1.21314 18.1105 15.4736 5.93934 0.757773
internal_count=326 152 174 158 119 131
is_linear=0
shrinkage=0.1


Tree=583
num_leaves=4
num_cat=0
split_feature=2 3 1
split_gain=0.238862 0.397798 0.398016
threshold=6.5000000000000009 6.5000000000000009 7.5000000000000009
decision_type=2 2 2
left_child=1 2 -1
right_child=-2 -3 -4
leaf_value=-0.092203592341386115 0.039004692074128128 0.022180852324732856 -0.0068047137433743009
leaf_weight=0.71583003038540483 5.37102095130831 1.998309591319412 0.76050484535517171
leaf_count=242 44 32 8
internal_value=0.0257876 0.00535701 -0.0357903
internal_weight=8.84567 3.47464 1.47633
internal_count=326 282 250
is_linear=0
shrinkage=0.1


Tree=584
num_leaves=5
num_cat=0
split_feature=2 3 3 3
split_gain=0.0351859 0.0537709 0.117556 2.20202e-07
threshold=7.5000000000000009 7.5000000000000009 6.5000000000000009 5.5000000000000009
decision_type=2 2 2 2
left_child=1 2 3 -1
right_child=-2 -3 -4 -5
leaf_value=-0.089347849478947708 0.06013310623471764 0.045203142724577684 0.02588068824881061 -0.089038971417136015
leaf_weight=0.063276096012487182 0.50966525077819813 0.83810946345329285 0.8107173047028482 0.036333686848593061
leaf_count=138 2 3 49 134
internal_value=0.0370127 0.0302732 0.0132845 -0.0892352
internal_weight=2.2581 1.74844 0.910327 0.0996098
internal_count=326 324 321 272
is_linear=0
shrinkage=0.1


Tree=585
num_leaves=2
num_cat=0
split_feature=0
split_gain=0.102801
threshold=2.5000000000000004
decision_type=2
left_child=-1
right_child=-2
leaf_value=-0.090061319714840701 0.0034252163546692697
leaf_weight=0.12450877809897098 2.1275372025847901
leaf_count=12 314
internal_value=-0.00174337
internal_weight=2.25205
internal_count=326
is_linear=0
shrinkage=0.1


Tree=586
num_leaves=1
num_cat=0
split_feature=
split_gain=
threshold=
decision_type=
left_child=
right_child=
leaf_value=0
leaf_weight=
leaf_count=326
internal_value=
internal_weight=
internal_count=
is_linear=0
shrinkage=1


Tree=587
num_leaves=3
num_cat=0
split_feature=0 1
split_gain=0.0235802 0.0154723
threshold=2.5000000000000004 2.5000000000000004
decision_type=2 2
left_child=-1 -2
right_child=1 -3
leaf_value=-0.016566722839088884 -0.010961042393839875 -0.0044466948677078667
leaf_weight=2.0666456073522594 1.6312888041138673 18.703608985815663
leaf_count=12 8 306
internal_value=-0.00638966 -0.00535536
internal_weight=22.4015 20.3349
internal_count=326 314
is_linear=0
shrinkage=0.1


Tree=588
num_leaves=2
num_cat=0
split_feature=2
split_gain=0.220713
threshold=3.5000000000000004
decision_type=2
left_child=-1
right_child=-2
leaf_value=-0.026616179941082063 -0.0010987920565761809
leaf_weight=3.7141460031270972 38.799140485469252
leaf_count=24 302
internal_value=-0.0033281
internal_weight=42.5133
internal_count=326
is_linear=0
shrinkage=0.1


Tree=589
num_leaves=4
num_cat=0
split_feature=2 1 0
split_gain=0.237676 0.757649 0.00251691
threshold=4.5000000000000009 4.5000000000000009 4.5000000000000009
decision_type=2 2 2
left_child=1 -1 -2
right_child=2 -3 -4
leaf_value=-0.062361442694344252 0.0042978251453022883 -0.0050014719410894316 0.0064802134542526332
leaf_weight=2.5065227942541233 6.2002262771129599 2.8767385333776474 35.780532554257661
leaf_count=59 30 18 219
internal_value=0.00362121 -0.0161608 0.00615789
internal_weight=47.364 5.38326 41.9808
internal_count=326 77 249
is_linear=0
shrinkage=0.1


Tree=590
num_leaves=3
num_cat=0
split_feature=0 3
split_gain=0.370758 1.71634
threshold=5.5000000000000009 5.5000000000000009
decision_type=2 2
left_child=1 -1
right_child=-2 -3
leaf_value=-0.10127753328064429 0.015701528954853002 0.0047797157121731168
leaf_weight=1.6334373991703603 33.238224365748465 8.5077001266181451
leaf_count=95 174 57
internal_value=0.010595 -0.0061421
internal_weight=43.3794 10.1411
internal_count=326 152
is_linear=0
shrinkage=0.1


Tree=591
num_leaves=5
num_cat=0
split_feature=2 0 3 3
split_gain=0.169079 0.368217 0.313823 0.0516051
threshold=5.5000000000000009 7.5000000000000009 6.5000000000000009 6.5000000000000009
decision_type=2 2 2 2
left_child=1 2 -1 -2
right_child=3 -3 -4 -5
leaf_value=-0.089900913998877979 0.019233586644456822 0.010610904954469801 -0.015462205504950088 0.030483393684445581
leaf_weight=0.75367351458408183 6.5617399442708129 0.39980977773666371 0.7731749527156353 10.770626546815038
leaf_count=165 105 2 5 49
internal_value=0.0231005 -0.0050026 -0.0415353 0.0262244
internal_weight=19.259 1.92666 1.52685 17.3324
internal_count=326 172 170 154
is_linear=0
shrinkage=0.1


Tree=592
num_leaves=4
num_cat=0
split_feature=0 1 0
split_gain=0.20652 0.316114 0.00587208
threshold=7.5000000000000009 5.5000000000000009 6.5000000000000009
decision_type=2 2 2
left_child=1 -1 -3
right_child=-2 2 -4
leaf_value=-0.090190151131704061 0.03501111002139675 0.0091660478805577535 0.017128939817247557
leaf_weight=0.33338994244695674 6.6548997573554516 0.9741824474185703 0.82421991095179692
leaf_count=179 39 75 33
internal_value=0.0263341 -0.00075323 0.0158267
internal_weight=8.78669 2.13179 1.7984
internal_count=326 287 108
is_linear=0
shrinkage=0.1


Tree=593
num_leaves=4
num_cat=0
split_feature=0 2 2
split_gain=0.0341056 0.0441667 0.118627
threshold=8.5000000000000018 7.5000000000000009 6.5000000000000009
decision_type=2 2 2
left_child=1 2 -1
right_child=-2 -3 -4
leaf_value=-0.089053369110909053 0.062097467331060224 0.046437229703591057 0.028663294762771813
leaf_weight=0.092096735432278476 0.42972821685543738 0.51382142305374134 1.2148244014097145
leaf_count=279 5 2 40
internal_value=0.0367576 0.030777 0.020368
internal_weight=2.25047 1.82074 1.30692
internal_count=326 321 319
is_linear=0
shrinkage=0.1


Tree=594
num_leaves=2
num_cat=0
split_feature=0
split_gain=0.000877918
threshold=4.5000000000000009
decision_type=2
left_child=-1
right_child=-2
leaf_value=-0.003731213623084058 0.00021753534178190338
leaf_weight=1.1413085847161712 1.1112305345814091
leaf_count=81 245
internal_value=-0.0017832
internal_weight=2.25254
internal_count=326
is_linear=0
shrinkage=0.1


Tree=595
num_leaves=1
num_cat=0
split_feature=
split_gain=
threshold=
decision_type=
left_child=
right_child=
leaf_value=0
leaf_weight=
leaf_count=326
internal_value=
internal_weight=
internal_count=
is_linear=0
shrinkage=1


Tree=596
num_leaves=3
num_cat=0
split_feature=0 1
split_gain=0.0215654 0.0143162
threshold=2.5000000000000004 2.5000000000000004
decision_type=2 2
left_child=-1 -2
right_child=1 -3
leaf_value=-0.015932771026447055 -0.010559220769124043 -0.0043087385501851729
leaf_weight=2.056499361991885 1.6260593309998537 18.650547591969371
leaf_count=12 8 306
internal_value=-0.0061753 -0.00518567
internal_weight=22.3331 20.2766
internal_count=326 314
is_linear=0
shrinkage=0.1


Tree=597
num_leaves=2
num_cat=0
split_feature=1
split_gain=0.204418
threshold=2.5000000000000004
decision_type=2
left_child=-1
right_child=-2
leaf_value=-0.025880678858178293 -0.0010247861967525784
leaf_weight=3.6179522052407256 38.710995430476032
leaf_count=19 307
internal_value=-0.00314928
internal_weight=42.3289
internal_count=326
is_linear=0
shrinkage=0.1


Tree=598
num_leaves=3
num_cat=0
split_feature=0 0
split_gain=0.218174 0.094964
threshold=4.5000000000000009 3.5000000000000004
decision_type=2 2
left_child=1 -1
right_child=-2 -3
leaf_value=-0.030735096971352696 0.0067157401483666753 -0.0051376336018063226
leaf_weight=1.9799017952755082 39.757695927750319 5.4082759199663997
leaf_count=32 245 49
internal_value=0.00378324 -0.0119973
internal_weight=47.1459 7.38818
internal_count=326 81
is_linear=0
shrinkage=0.1


Tree=599
num_leaves=4
num_cat=0
split_feature=2 3 1
split_gain=0.372258 1.47849 0.00988486
threshold=5.5000000000000009 5.5000000000000009 6.5000000000000009
decision_type=2 2 2
left_child=1 -1 -2
right_child=2 -3 -4
leaf_value=-0.092008963433380705 0.014907192264817607 0.0053639872234261202 0.01872719317701366
leaf_weight=1.6906220649834693 22.620801694691181 9.2076420690864325 9.6696224361658079
leaf_count=114 104 58 50
internal_value=0.0106575 -0.00532315 0.0160511
internal_weight=43.1887 10.8983 32.2904
internal_count=326 172 154
is_linear=0
shrinkage=0.1


Tree=600
num_leaves=6
num_cat=0
split_feature=2 0 3 3 0
split_gain=0.117525 0.339793 0.311808 0.0463444 0.277515
threshold=5.5000000000000009 7.5000000000000009 6.5000000000000009 6.5000000000000009 6.5000000000000009
decision_type=2 2 2 2 2
left_child=1 2 -1 4 -2
right_child=3 -3 -4 -5 -6
leaf_value=-0.089805154396354489 0.012184662294623538 0.012184662294623538 -0.013121708470330777 0.029484241415445447 0.024156238004234332
leaf_weight=0.68854188465047872 1.9941807490540675 0.39920711517333973 0.76488417387008667 10.738772552460432 4.5893635507673025
leaf_count=165 63 2 5 49 42
internal_value=0.022874 -0.00106498 -0.0384281 0.0254343 0.0188282
internal_weight=19.175 1.85263 1.45343 17.3223 6.58354
internal_count=326 172 170 154 105
is_linear=0
shrinkage=0.1


Tree=601
num_leaves=6
num_cat=0
split_feature=2 2 3 1 3
split_gain=0.182754 0.362213 0.189171 0.270964 4.7731e-05
threshold=6.5000000000000009 5.5000000000000009 6.5000000000000009 7.5000000000000009 6.5000000000000009
decision_type=2 2 2 2 2
left_child=1 4 3 -3 -1
right_child=-2 2 -4 -5 -6
leaf_value=-0.093357503295249861 0.037584757827342656 -0.037129328087991409 0.022760424703301904 0.002106606612579423 -0.090136306944210279
leaf_weight=0.26735052978619966 5.3777172225527465 0.54279821139061823 1.9258078499697149 0.59778827615082264 0.05556077603250742
leaf_count=167 44 78 27 5 5
internal_value=0.0261227 0.00793609 0.0185446 -0.0185472 -0.0928033
internal_weight=8.76702 3.38931 3.06639 1.14059 0.322911
internal_count=326 282 110 83 172
is_linear=0
shrinkage=0.1


Tree=602
num_leaves=4
num_cat=0
split_feature=0 2 2
split_gain=0.0276173 0.038233 0.108162
threshold=8.5000000000000018 7.5000000000000009 6.5000000000000009
decision_type=2 2 2
left_child=1 2 -1
right_child=-2 -3 -4
leaf_value=-0.089034789743365692 0.059063304371669526 0.04499516463611837 0.028662334448648897
leaf_weight=0.083437343496370997 0.43182573963713355 0.51608794927597035 1.21616703485779
leaf_count=279 5 2 40
internal_value=0.036333 0.030927 0.0211059
internal_weight=2.24752 1.81569 1.2996
internal_count=326 321 319
is_linear=0
shrinkage=0.1


Tree=603
num_leaves=2
num_cat=0
split_feature=0
split_gain=0.00112504
threshold=4.5000000000000009
decision_type=2
left_child=-1
right_child=-2
leaf_value=-0.0039603166613472775 0.0005108154849797731
leaf_weight=1.1440937691368165 1.1075808260211486
leaf_count=81 245
internal_value=-0.001761
internal_weight=2.25167
internal_count=326
is_linear=0
shrinkage=0.1


Tree=604
num_leaves=1
num_cat=0
split_feature=
split_gain=
threshold=
decision_type=
left_child=
right_child=
leaf_value=0
leaf_weight=
leaf_count=326
internal_value=
internal_weight=
internal_count=
is_linear=0
shrinkage=1


Tree=605
num_leaves=3
num_cat=0
split_feature=0 1
split_gain=0.0207732 0.0150468
threshold=2.5000000000000004 2.5000000000000004
decision_type=2 2
left_child=-1 -2
right_child=1 -3
leaf_value=-0.015419324945604884 -0.010137103851948923 -0.0039369674025636703
leaf_weight=2.0500294938683536 1.628114446997645 18.586191390146269
leaf_count=12 8 306
internal_value=-0.00582762 -0.00485488
internal_weight=22.2643 20.2143
internal_count=326 314
is_linear=0
shrinkage=0.1


Tree=606
num_leaves=2
num_cat=0
split_feature=2
split_gain=0.192918
threshold=3.5000000000000004
decision_type=2
left_child=-1
right_child=-2
leaf_value=-0.024847702223588911 -0.00080204202079323507
leaf_weight=3.6527102515101424 38.549438837449998
leaf_count=24 302
internal_value=-0.00288326
internal_weight=42.2021
internal_count=326
is_linear=0
shrinkage=0.1


Tree=607
num_leaves=4
num_cat=0
split_feature=1 0 2
split_gain=0.216067 1.33017 0.0653343
threshold=3.5000000000000004 4.5000000000000009 4.5000000000000009
decision_type=2 2 2
left_child=1 -1 -2
right_child=2 -3 -4
leaf_value=-0.10224577283447003 -0.0055055040338801466 -0.00794032341147566 0.0069314913951970692
leaf_weight=1.560783599968999 4.7351850494742385 1.603431239724159 39.116259918548167
leaf_count=47 37 9 233
internal_value=0.0037675 -0.0214692 0.00558851
internal_weight=47.0157 3.16421 43.8514
internal_count=326 56 270
is_linear=0
shrinkage=0.1


Tree=608
num_leaves=4
num_cat=0
split_feature=2 3 1
split_gain=0.32927 1.35799 0.0103909
threshold=5.5000000000000009 5.5000000000000009 6.5000000000000009
decision_type=2 2 2
left_child=1 -1 -2
right_child=2 -3 -4
leaf_value=-0.091732949809219713 0.014523911709089281 0.0055973749211236032 0.018447704604394696
leaf_weight=1.5494733371306182 22.561963617801666 9.2187999095767736 9.6295984834432584
leaf_count=114 104 58 50
internal_value=0.0106342 -0.0045029 0.0156977
internal_weight=42.9598 10.7683 32.1916
internal_count=326 172 154
is_linear=0
shrinkage=0.1


Tree=609
num_leaves=7
num_cat=0
split_feature=0 1 1 2 0 0
split_gain=0.117526 0.705527 0.0396675 0.222803 0.213696 0.000332141
threshold=5.5000000000000009 5.5000000000000009 7.5000000000000009 6.5000000000000009 7.5000000000000009 4.5000000000000009
decision_type=2 2 2 2 2 2
left_child=1 5 3 4 -2 -1
right_child=2 -3 -4 -5 -6 -7
leaf_value=-0.097728206584418512 0.0079991916691060146 0.0079991916691060146 0.03589900314118568 0.029272673448875731 0.020177989780352651 -0.093293985741038879
leaf_weight=0.38063074188540003 6.5860916457604635 0.44920619996264577 2.6487285187467924 6.5629905331879845 2.182841420173645 0.30370736971963197
leaf_count=77 106 21 16 38 14 54
internal_value=0.0226298 -0.00860021 0.0245986 0.0226463 0.0110833 -0.0957603
internal_weight=19.1142 1.13354 17.9807 15.3319 8.76893 0.684338
internal_count=326 152 174 158 120 131
is_linear=0
shrinkage=0.1


Tree=610
num_leaves=5
num_cat=0
split_feature=1 3 2 1
split_gain=0.176269 0.284325 0.248128 0.222158
threshold=5.5000000000000009 6.5000000000000009 6.5000000000000009 7.5000000000000009
decision_type=2 2 2 2
left_child=2 3 -1 -2
right_child=1 -3 -4 -5
leaf_value=-0.09009701569400215 0.0078837124251987106 0.045152125224094716 0.0078837124251987106 0.026517918824646713
leaf_weight=0.30970025573333249 1.4500750328297727 5.0930877169594169 0.59936398966237903 1.2753355731838383
leaf_count=179 92 39 5 11
internal_value=0.0262997 0.0311456 -0.0153782 0.00788371
internal_weight=8.72756 7.8185 0.909064 2.72541
internal_count=326 142 184 103
is_linear=0
shrinkage=0.1


Tree=611
num_leaves=4
num_cat=0
split_feature=2 3 0
split_gain=0.0224838 0.0411999 0.109366
threshold=7.5000000000000009 7.5000000000000009 6.5000000000000009
decision_type=2 2 2
left_child=1 2 -1
right_child=-2 -3 -4
leaf_value=-0.089288695037935795 0.054369814592756874 0.042491021423068813 0.027095653537497783
leaf_weight=0.089795641390992609 0.51790040731430043 0.83516839146614075 0.80072043619293254
leaf_count=247 2 3 74
internal_value=0.0360963 0.0306122 0.01536
internal_weight=2.24358 1.72568 0.890516
internal_count=326 324 321
is_linear=0
shrinkage=0.1


Tree=612
num_leaves=2
num_cat=0
split_feature=0
split_gain=0.00136032
threshold=4.5000000000000009
decision_type=2
left_child=-1
right_child=-2
leaf_value=-0.0042446402170391593 0.00067051920891416012
leaf_weight=1.1475438452325764 1.1055369027235427
leaf_count=81 245
internal_value=-0.00183288
internal_weight=2.25308
internal_count=326
is_linear=0
shrinkage=0.1


Tree=613
num_leaves=1
num_cat=0
split_feature=
split_gain=
threshold=
decision_type=
left_child=
right_child=
leaf_value=0
leaf_weight=
leaf_count=326
internal_value=
internal_weight=
internal_count=
is_linear=0
shrinkage=1


Tree=614
num_leaves=3
num_cat=0
split_feature=0 1
split_gain=0.0187611 0.015008
threshold=2.5000000000000004 2.5000000000000004
decision_type=2 2
left_child=-1 -2
right_child=1 -3
leaf_value=-0.014770444365945554 -0.0097385794159109921 -0.0037683277035114324
leaf_weight=2.0398328900337246 1.6296671219170118 18.533359291643137
leaf_count=12 8 306
internal_value=-0.00563129 -0.00470671
internal_weight=22.2029 20.163
internal_count=326 314
is_linear=0
shrinkage=0.1


Tree=615
num_leaves=2
num_cat=0
split_feature=1
split_gain=0.187532
threshold=2.5000000000000004
decision_type=2
left_child=-1
right_child=-2
leaf_value=-0.024619101032565066 -0.00070445110135356588
leaf_weight=3.5848123654723159 38.444397533079609
leaf_count=19 307
internal_value=-0.00274421
internal_weight=42.0292
internal_count=326
is_linear=0
shrinkage=0.1


Tree=616
num_leaves=4
num_cat=0
split_feature=2 1 0
split_gain=0.188411 0.683769 0.000165151
threshold=4.5000000000000009 4.5000000000000009 4.5000000000000009
decision_type=2 2 2
left_child=1 -1 -2
right_child=2 -3 -4
leaf_value=-0.059638986872674854 0.0057408325478693787 -0.0038339205590586078 0.0063032067398901097
leaf_weight=2.3660080777481189 6.1252416595816603 2.8824286386370659 35.40946835745126
leaf_count=59 30 18 219
internal_value=0.00396438 -0.0138881 0.00622027
internal_weight=46.7831 5.24844 41.5347
internal_count=326 77 249
is_linear=0
shrinkage=0.1


Tree=617
num_leaves=3
num_cat=0
split_feature=0 3
split_gain=0.344093 1.49018
threshold=5.5000000000000009 5.5000000000000009
decision_type=2 2
left_child=1 -1
right_child=-2 -3
leaf_value=-0.10121816093593378 0.015458509352692527 0.0048423437589148743
leaf_weight=1.4243911522207771 32.818309016525745 8.5215202216058952
leaf_count=95 174 57
internal_value=0.0105204 -0.00577382
internal_weight=42.7642 9.94591
internal_count=326 152
is_linear=0
shrinkage=0.1


Tree=618
num_leaves=5
num_cat=0
split_feature=2 0 3 3
split_gain=0.0837085 0.30323 0.303108 0.0568893
threshold=5.5000000000000009 7.5000000000000009 6.5000000000000009 6.5000000000000009
decision_type=2 2 2 2
left_child=1 2 -1 -2
right_child=3 -3 -4 -5
leaf_value=-0.089735936122496571 0.017632737137633695 0.013532118481912265 -0.010814284801648644 0.029426914853664173
leaf_weight=0.61761164167546911 6.6336046702344911 0.40894708037376393 0.75867923442274332 10.664722993969917
leaf_count=165 105 2 5 49
internal_value=0.0227764 0.00216018 -0.0351607 0.0249041
internal_weight=19.0836 1.78524 1.37629 17.2983
internal_count=326 172 170 154
is_linear=0
shrinkage=0.1


Tree=619
num_leaves=3
num_cat=0
split_feature=0 3
split_gain=0.174991 0.285843
threshold=7.5000000000000009 6.5000000000000009
decision_type=2 2
left_child=1 -1
right_child=-2 -3
leaf_value=-0.089468874502657517 0.033725324569032038 0.015727755410648858
leaf_weight=0.30172344290622288 6.6437188815325499 1.7947578770108521
leaf_count=248 39 39
internal_value=0.0257768 0.000587964
internal_weight=8.7402 2.09648
internal_count=326 287
is_linear=0
shrinkage=0.1


Tree=620
num_leaves=3
num_cat=0
split_feature=0 2
split_gain=0.022346 0.0291562
threshold=8.5000000000000018 7.5000000000000009
decision_type=2 2
left_child=1 -1
right_child=-2 -3
leaf_value=0.022706164566404129 0.056638443047068845 0.043980407847971636
leaf_weight=1.2824490573666483 0.43225959240226064 0.52042162418365467
leaf_count=319 5 2
internal_value=0.0362183 0.0313224
internal_weight=2.23513 1.80287
internal_count=326 321
is_linear=0
shrinkage=0.1


Tree=621
num_leaves=2
num_cat=0
split_feature=0
split_gain=0.00141981
threshold=4.5000000000000009
decision_type=2
left_child=-1
right_child=-2
leaf_value=-0.0042786222791252057 0.00074373492087718247
leaf_weight=1.1478192538488659 1.1045243442495118
leaf_count=81 245
internal_value=-0.00181571
internal_weight=2.25234
internal_count=326
is_linear=0
shrinkage=0.1


Tree=622
num_leaves=1
num_cat=0
split_feature=
split_gain=
threshold=
decision_type=
left_child=
right_child=
leaf_value=0
leaf_weight=
leaf_count=326
internal_value=
internal_weight=
internal_count=
is_linear=0
shrinkage=1


Tree=623
num_leaves=3
num_cat=0
split_feature=0 1
split_gain=0.0178777 0.0153769
threshold=2.5000000000000004 2.5000000000000004
decision_type=2 2
left_child=-1 -2
right_child=1 -3
leaf_value=-0.01431684861486978 -0.0093981658608984584 -0.0035118068362560585
leaf_weight=2.0342271924018887 1.6310178749263311 18.480601447052322
leaf_count=12 8 306
internal_value=-0.0053831 -0.00447948
internal_weight=22.1458 20.1116
internal_count=326 314
is_linear=0
shrinkage=0.1


Tree=624
num_leaves=2
num_cat=0
split_feature=2
split_gain=0.167719
threshold=3.5000000000000004
decision_type=2
left_child=-1
right_child=-2
leaf_value=-0.023198168492298894 -0.00061192756527421281
leaf_weight=3.5964897647500029 38.295031324028969
leaf_count=24 302
internal_value=-0.00255101
internal_weight=41.8915
internal_count=326
is_linear=0
shrinkage=0.1


Tree=625
num_leaves=3
num_cat=0
split_feature=0 0
split_gain=0.17621 0.0806384
threshold=4.5000000000000009 3.5000000000000004
decision_type=2 2
left_child=1 -1
right_child=-2 -3
leaf_value=-0.027788923449318617 0.0067558877833658318 -0.003881024376364449
leaf_weight=1.9195212910417456 39.336294694337994 5.322978129144758
leaf_count=32 245 49
internal_value=0.00411671 -0.0102175
internal_weight=46.5788 7.2425
internal_count=326 81
is_linear=0
shrinkage=0.1


Tree=626
num_leaves=7
num_cat=0
split_feature=1 1 3 0 1 2
split_gain=0.317536 0.715433 0.109805 0.224536 0.181582 0.034565
threshold=4.5000000000000009 3.5000000000000004 5.5000000000000009 6.5000000000000009 5.5000000000000009 5.5000000000000009
decision_type=2 2 2 2 2 2
left_child=1 5 3 -2 -4 -1
right_child=2 -3 4 -5 -6 -7
leaf_value=-0.092198442221552171 0.0012871320431366677 0.0012871320431366677 0.0090304331673550595 0.0090304331673550595 0.021835604174487107 -0.06066544553766752
leaf_weight=0.55697649379726388 2.7547439530026159 4.2502372183371335 9.5653330013155955 3.3522529751062393 21.175158757716417 0.92482383549213409
leaf_count=52 53 56 40 14 107 4
internal_value=0.0105316 -0.0113634 0.0139376 0.00169009 0.0163708 -0.072518
internal_weight=42.5795 5.73204 36.8475 6.107 30.7405 1.4818
internal_count=326 112 214 67 147 56
is_linear=0
shrinkage=0.1


Tree=627
num_leaves=5
num_cat=0
split_feature=3 0 1 1
split_gain=0.0662217 1.28659 0.141475 0.00713354
threshold=6.5000000000000009 6.5000000000000009 5.5000000000000009 6.5000000000000009
decision_type=2 2 2 2
left_child=1 2 -1 -2
right_child=3 -3 -4 -5
leaf_value=-0.090623242714116412 0.025475014694719897 0.021376185466902887 -0.037020770032319447 0.030655701698479094
leaf_weight=0.68576114988536696 7.1626630760729313 5.1908016875386238 1.7462053068447856 4.2259897291660309
leaf_count=161 36 52 59 18
internal_value=0.0225689 0.015355 -0.0521355 0.0273974
internal_weight=19.0114 7.62277 2.43197 11.3887
internal_count=326 272 220 54
is_linear=0
shrinkage=0.1


Tree=628
num_leaves=5
num_cat=0
split_feature=2 2 3 3
split_gain=0.147905 0.324867 0.163705 4.53042e-05
threshold=6.5000000000000009 5.5000000000000009 6.5000000000000009 6.5000000000000009
decision_type=2 2 2 2
left_child=1 3 -3 -1
right_child=-2 2 -4 -5
leaf_value=-0.093377324663784345 0.035723354991879813 -0.016599639668233201 0.022330248265943289 -0.090098648883191815
leaf_weight=0.23562057926028535 5.3875929592177272 1.1096968874335289 1.9422713448293507 0.051324809901416302
leaf_count=167 44 83 27 5
internal_value=0.0254745 0.00893714 0.0185016 -0.0927909
internal_weight=8.72651 3.33891 3.05197 0.286945
internal_count=326 282 110 172
is_linear=0
shrinkage=0.1


Tree=629
num_leaves=3
num_cat=0
split_feature=0 2
split_gain=0.0182783 0.0254094
threshold=8.5000000000000018 7.5000000000000009
decision_type=2 2
left_child=1 -1
right_child=-2 -3
leaf_value=0.023112026547455623 0.054089544648876303 0.042659659833233728
leaf_weight=1.2818112736649712 0.43390034255571652 0.52234542369842518
leaf_count=319 5 2
internal_value=0.0356617 0.0312298
internal_weight=2.23806 1.80416
internal_count=326 321
is_linear=0
shrinkage=0.1


Tree=630
num_leaves=2
num_cat=0
split_feature=0
split_gain=0.00160177
threshold=4.5000000000000009
decision_type=2
left_child=-1
right_child=-2
leaf_value=-0.0043783751665565527 0.00095810510948258348
leaf_weight=1.1489710186142477 1.1018452468269968
leaf_count=81 245
internal_value=-0.001766
internal_weight=2.25082
internal_count=326
is_linear=0
shrinkage=0.1


Tree=631
num_leaves=1
num_cat=0
split_feature=
split_gain=
threshold=
decision_type=
left_child=
right_child=
leaf_value=0
leaf_weight=
leaf_count=326
internal_value=
internal_weight=
internal_count=
is_linear=0
shrinkage=1


Tree=632
num_leaves=3
num_cat=0
split_feature=0 1
split_gain=0.0162239 0.0149588
threshold=2.5000000000000004 2.5000000000000004
decision_type=2 2
left_child=-1 -2
right_child=1 -3
leaf_value=-0.013632761568954141 -0.0089354429107612113 -0.0032665029563914549
leaf_weight=2.023711837828162 1.6302278935909296 18.423065154900542
leaf_count=12 8 306
internal_value=-0.00509929 -0.00423812
internal_weight=22.077 20.0533
internal_count=326 314
is_linear=0
shrinkage=0.1


Tree=633
num_leaves=2
num_cat=0
split_feature=1
split_gain=0.167537
threshold=2.5000000000000004
decision_type=2
left_child=-1
right_child=-2
leaf_value=-0.023063679701400403 -0.00036183157140103105
leaf_weight=3.5532400831580153 38.190601261332631
leaf_count=19 307
internal_value=-0.00229422
internal_weight=41.7438
internal_count=326
is_linear=0
shrinkage=0.1


Tree=634
num_leaves=4
num_cat=0
split_feature=1 0 2
split_gain=0.166633 1.24893 0.0484062
threshold=3.5000000000000004 4.5000000000000009 4.5000000000000009
decision_type=2 2 2
left_child=1 -1 -2
right_child=2 -3 -4
leaf_value=-0.10138276323813844 -0.0038887804543028788 -0.0063711721726849475 0.0068905556642327699
leaf_weight=1.4328997300472104 4.667576595209538 1.6100924648344515 38.7659483384341
leaf_count=47 37 9 233
internal_value=0.00414726 -0.0184745 0.00573216
internal_weight=46.4765 3.04299 43.4335
internal_count=326 56 270
is_linear=0
shrinkage=0.1


Tree=635
num_leaves=4
num_cat=0
split_feature=2 3 1
split_gain=0.292102 1.19149 0.0104252
threshold=5.5000000000000009 5.5000000000000009 6.5000000000000009
decision_type=2 2 2
left_child=1 -1 -2
right_child=2 -3 -4
leaf_value=-0.091580447479005664 0.013812830469734031 0.0054037774396417659 0.017768896894423722
leaf_weight=1.3702101758681209 22.304149478673938 9.210679130628705 9.4979068450629693
leaf_count=114 104 58 50
internal_value=0.0102058 -0.00418678 0.0149943
internal_weight=42.3829 10.5809 31.8021
internal_count=326 172 154
is_linear=0
shrinkage=0.1


Tree=636
num_leaves=5
num_cat=0
split_feature=2 0 3 3
split_gain=0.0507754 0.271007 0.28474 0.0334667
threshold=5.5000000000000009 7.5000000000000009 6.5000000000000009 6.5000000000000009
decision_type=2 2 2 2
left_child=1 2 -1 -2
right_child=3 -3 -4 -5
leaf_value=-0.089655851730972957 0.018957098462184341 0.015526151936261168 -0.0079627876712553558 0.028043288480274459
leaf_weight=0.53340291525819583 6.5552154353354135 0.41247206926345814 0.75780880358070135 10.62252195738256
leaf_count=165 105 2 5 49
internal_value=0.0229428 0.00647641 -0.0314517 0.0245759
internal_weight=18.8814 1.70368 1.29121 17.1777
internal_count=326 172 170 154
is_linear=0
shrinkage=0.1


Tree=637
num_leaves=5
num_cat=0
split_feature=1 3 2 0
split_gain=0.161132 0.258973 0.478606 0.0253462
threshold=7.5000000000000009 6.5000000000000009 6.5000000000000009 7.5000000000000009
decision_type=2 2 2 2
left_child=1 2 -1 -3
right_child=-2 3 -4 -5
leaf_value=-0.0918575319933881 0.046955759922289841 0.019649106484808256 0.0081900655878098232 0.031963927702970685
leaf_weight=0.5709627251999333 2.5271133803180419 1.7328900080174205 1.2972715198993683 2.5628753006458282
leaf_count=242 17 38 19 10
internal_value=0.0256904 0.0169721 -0.0141093 0.0304894
internal_weight=8.69111 6.164 1.86823 4.29577
internal_count=326 309 261 48
is_linear=0
shrinkage=0.1


Tree=638
num_leaves=5
num_cat=0
split_feature=3 3 2 3
split_gain=0.0160561 0.127013 0.00790756 2.36471e-07
threshold=7.5000000000000009 6.5000000000000009 7.5000000000000009 5.5000000000000009
decision_type=2 2 2 2
left_child=1 3 -3 -1
right_child=-2 2 -4 -5
leaf_value=-0.089380715102866104 0.046356037986088769 0.027533399836854253 0.037595284034744651 -0.089035130455855718
leaf_weight=0.054415342587162852 0.83256444334983815 0.79725057129689958 0.52376562356948853 0.03112611196229409
leaf_count=138 3 49 2 134
internal_value=0.0353495 0.0288345 0.0364813 -0.089255
internal_weight=2.23912 1.40656 1.32102 0.0855415
internal_count=326 323 51 272
is_linear=0
shrinkage=0.1


Tree=639
num_leaves=2
num_cat=0
split_feature=0
split_gain=0.00184486
threshold=4.5000000000000009
decision_type=2
left_child=-1
right_child=-2
leaf_value=-0.0046015555341759051 0.0011251402765688721
leaf_weight=1.1516099649015816 1.0997589505277572
leaf_count=81 245
internal_value=-0.00180415
internal_weight=2.25137
internal_count=326
is_linear=0
shrinkage=0.1


Tree=640
num_leaves=1
num_cat=0
split_feature=
split_gain=
threshold=
decision_type=
left_child=
right_child=
leaf_value=0
leaf_weight=
leaf_count=326
internal_value=
internal_weight=
internal_count=
is_linear=0
shrinkage=1


Tree=641
num_leaves=3
num_cat=0
split_feature=0 1
split_gain=0.0155684 0.0162567
threshold=2.5000000000000004 2.5000000000000004
decision_type=2 2
left_child=-1 -2
right_child=1 -3
leaf_value=-0.013248307052352665 -0.0086415896109560512 -0.0029880383695979275
leaf_weight=2.0190773606300381 1.6374809443950678 18.370865915698232
leaf_count=12 8 306
internal_value=-0.00487939 -0.00403487
internal_weight=22.0274 20.0083
internal_count=326 314
is_linear=0
shrinkage=0.1


Tree=642
num_leaves=2
num_cat=0
split_feature=1
split_gain=0.153507
threshold=2.5000000000000004
decision_type=2
left_child=-1
right_child=-2
leaf_value=-0.022065233741509937 -0.00029802327275395312
leaf_weight=3.541185423731803 38.072037506033666
leaf_count=19 307
internal_value=-0.00215036
internal_weight=41.6132
internal_count=326
is_linear=0
shrinkage=0.1


Tree=643
num_leaves=3
num_cat=0
split_feature=2 1
split_gain=0.148386 0.615305
threshold=4.5000000000000009 4.5000000000000009
decision_type=2 2
left_child=1 -1
right_child=-2 -3
leaf_value=-0.056865435244336938 0.006323548121424525 -0.0026976315677750187
leaf_weight=2.2392355073243371 41.128816608805209 2.8872778154909611
leaf_count=59 249 18
internal_value=0.0043239 -0.0117188
internal_weight=46.2553 5.12651
internal_count=326 77
is_linear=0
shrinkage=0.1


Tree=644
num_leaves=7
num_cat=0
split_feature=0 1 3 1 2 1
split_gain=0.276275 1.3946 2.9665 0.214023 0.134607 0.013366
threshold=5.5000000000000009 5.5000000000000009 6.5000000000000009 3.5000000000000004 5.5000000000000009 2.5000000000000004
decision_type=2 2 2 2 2 2
left_child=1 2 3 5 -5 -1
right_child=-2 -3 -4 4 -6 -7
leaf_value=-0.15201958647146976 0.014617993014413778 0.0050192990126465336 -0.018293649925406247 -0.10663585981611419 -0.07068581371474579 -0.12910547226365773
leaf_weight=0.448823387385344 32.427631041966379 2.9223827782552689 1.623029977083206 2.03707849024795 2.1311302334070206 0.58815065841190517
leaf_count=19 174 21 7 62 10 33
internal_value=0.01018 -0.00457939 -0.0416066 -0.0983692 -0.0882552 -0.139023
internal_weight=42.1782 9.7506 6.82821 5.20518 4.16821 1.03697
internal_count=326 152 131 124 72 52
is_linear=0
shrinkage=0.1


Tree=645
num_leaves=6
num_cat=0
split_feature=1 2 3 2 3
split_gain=0.0399902 0.326179 0.284813 0.107509 0.0542502
threshold=7.5000000000000009 5.5000000000000009 6.5000000000000009 6.5000000000000009 6.5000000000000009
decision_type=2 2 2 2 2
left_child=1 2 -1 4 -3
right_child=-2 3 -4 -5 -6
leaf_value=-0.089589932090217039 0.034033736284125114 0.0065478006476675406 -0.0018021645343636247 0.027427536172563757 0.021528968158056258
leaf_weight=0.48414895967289939 2.6691261553205541 3.7199594029225391 0.75325443502515554 6.5214170869439831 4.6836751718074083
leaf_count=164 17 78 5 39 23
internal_value=0.022694 0.0208213 -0.0285161 0.0249118 0.0156304
internal_weight=18.8316 16.1625 1.2374 14.9251 8.40363
internal_count=326 309 169 140 101
is_linear=0
shrinkage=0.1


Tree=646
num_leaves=4
num_cat=0
split_feature=0 1 0
split_gain=0.139443 0.256367 0.00517335
threshold=7.5000000000000009 5.5000000000000009 6.5000000000000009
decision_type=2 2 2
left_child=1 -1 -3
right_child=-2 2 -4
leaf_value=-0.090173341341341265 0.032862780665477355 0.010314202539013462 0.017918097071799366
leaf_weight=0.25815597530890988 6.6058721635490656 0.96220237208763115 0.82340892980573699
leaf_count=179 39 75 33
internal_value=0.0258004 0.00297341 0.0164402
internal_weight=8.64964 2.04377 1.78561
internal_count=326 287 108
is_linear=0
shrinkage=0.1


Tree=647
num_leaves=4
num_cat=0
split_feature=3 2 2
split_gain=0.013917 0.0264743 0.0986561
threshold=7.5000000000000009 7.5000000000000009 6.5000000000000009
decision_type=2 2 2
left_child=1 2 -1
right_child=-2 -3 -4
leaf_value=-0.089060797266028419 0.045454197154725366 0.037288344861144795 0.027177005794940624
leaf_weight=0.079644584723610246 0.83153757452964772 0.52492469549179077 0.7960988678605645
leaf_count=282 3 2 39
internal_value=0.0352064 0.0291225 0.0170657
internal_weight=2.23221 1.40067 0.875743
internal_count=326 323 321
is_linear=0
shrinkage=0.1


Tree=648
num_leaves=2
num_cat=0
split_feature=0
split_gain=0.00172004
threshold=4.5000000000000009
decision_type=2
left_child=-1
right_child=-2
leaf_value=-0.0047181260558562576 0.00080515130422962309
leaf_weight=1.1528980534058066 1.1034868954520787
leaf_count=81 245
internal_value=-0.00201696
internal_weight=2.25638
internal_count=326
is_linear=0
shrinkage=0.1


Tree=649
num_leaves=1
num_cat=0
split_feature=
split_gain=
threshold=
decision_type=
left_child=
right_child=
leaf_value=0
leaf_weight=
leaf_count=326
internal_value=
internal_weight=
internal_count=
is_linear=0
shrinkage=1


Tree=650
num_leaves=3
num_cat=0
split_feature=2 1
split_gain=0.192537 0.00161944
threshold=2.5000000000000004 2.5000000000000004
decision_type=2 2
left_child=-1 -2
right_child=1 -3
leaf_value=-0.042669969892325431 -0.0048865387943626791 -0.0021554126049483854
leaf_weight=1.2646821737289453 2.4637871161103275 18.276037045958219
leaf_count=6 14 306
internal_value=-0.00478973 -0.00247986
internal_weight=22.0045 20.7398
internal_count=326 320
is_linear=0
shrinkage=0.1


Tree=651
num_leaves=2
num_cat=0
split_feature=2
split_gain=0.141077
threshold=3.5000000000000004
decision_type=2
left_child=-1
right_child=-2
leaf_value=-0.021321337036456008 -0.00042823094974572947
leaf_weight=3.5321328938007346 38.014215902425349
leaf_count=24 302
internal_value=-0.00220449
internal_weight=41.5463
internal_count=326
is_linear=0
shrinkage=0.1


Tree=652
num_leaves=3
num_cat=0
split_feature=0 0
split_gain=0.142286 0.0703678
threshold=4.5000000000000009 3.5000000000000004
decision_type=2 2
left_child=1 -1
right_child=-2 -3
leaf_value=-0.025681405072125098 0.0063421304941108387 -0.0030951737964828229
leaf_weight=1.8711250720079977 38.996160557493567 5.2487505772151053
leaf_count=32 245 49
internal_value=0.00396868 -0.0090309
internal_weight=46.116 7.11988
internal_count=326 81
is_linear=0
shrinkage=0.1


Tree=653
num_leaves=5
num_cat=0
split_feature=2 3 1 1
split_gain=0.231299 1.10674 0.427466 0.00740103
threshold=5.5000000000000009 5.5000000000000009 5.5000000000000009 6.5000000000000009
decision_type=2 2 2 2
left_child=1 -1 -3 -2
right_child=3 2 -4 -5
leaf_value=-0.091425361821802081 0.014379433083735658 -0.020140900692828832 0.0067462896085416215 0.017726102302974882
leaf_weight=1.2279048986965762 22.148374203592542 6.0665198899805546 2.997207373380661 9.417713597416876
leaf_count=114 104 47 11 50
internal_value=0.0111334 -0.00188533 0.00674629 0.0153779
internal_weight=41.8577 10.2916 9.06373 31.5661
internal_count=326 172 58 154
is_linear=0
shrinkage=0.1


Tree=654
num_leaves=6
num_cat=0
split_feature=1 2 3 2 3
split_gain=0.0340633 0.279124 0.27344 0.101431 0.0453931
threshold=7.5000000000000009 5.5000000000000009 6.5000000000000009 6.5000000000000009 6.5000000000000009
decision_type=2 2 2 2 2
left_child=1 2 -1 4 -3
right_child=-2 3 -4 -5 -6
leaf_value=-0.089523402376173469 0.03290035198682599 0.0070693747343255724 -0.00070197402246993668 0.026810379384275829 0.021090792158193546
leaf_weight=0.44211991678458307 2.6780532058328381 3.7049430987099168 0.74974242318421602 6.5185672491788855 4.6848725192248821
leaf_count=164 17 78 5 39 23
internal_value=0.0224574 0.0207204 -0.0258472 0.0244433 0.0153712
internal_weight=18.7783 16.1002 1.19186 14.9084 8.38982
internal_count=326 309 169 140 101
is_linear=0
shrinkage=0.1


Tree=655
num_leaves=5
num_cat=0
split_feature=1 3 2 1
split_gain=0.122259 0.253454 0.208283 0.174814
threshold=5.5000000000000009 6.5000000000000009 6.5000000000000009 7.5000000000000009
decision_type=2 2 2 2
left_child=2 3 -1 -2
right_child=1 -3 -4 -5
leaf_value=-0.08999137075619458 0.009407445889685102 0.042703899379548174 0.009407445889685102 0.026055672634616635
leaf_weight=0.24507651953899756 1.4050756968208589 5.122824870981276 0.59431104129180312 1.2693942789337598
leaf_count=179 92 39 5 11
internal_value=0.0255869 0.0294906 -0.0106757 0.00940745
internal_weight=8.63668 7.79729 0.839388 2.67447
internal_count=326 142 184 103
is_linear=0
shrinkage=0.1


Tree=656
num_leaves=3
num_cat=0
split_feature=0 2
split_gain=0.0134272 0.0193632
threshold=8.5000000000000018 7.5000000000000009
decision_type=2 2
left_child=1 -1
right_child=-2 -3
leaf_value=0.02391346444714279 0.05073688815960653 0.040917619370096039
leaf_weight=1.2678788057510249 0.43198989216762118 0.52601581811904896
leaf_count=319 5 2
internal_value=0.0349097 0.0310984
internal_weight=2.22588 1.79389
internal_count=326 321
is_linear=0
shrinkage=0.1


Tree=657
num_leaves=2
num_cat=0
split_feature=0
split_gain=0.0018011
threshold=4.5000000000000009
decision_type=2
left_child=-1
right_child=-2
leaf_value=-0.0047634559186497489 0.00088963091116916267
leaf_weight=1.1531718198675664 1.1023510508675824
leaf_count=81 245
internal_value=-0.0020006
internal_weight=2.25552
internal_count=326
is_linear=0
shrinkage=0.1


Tree=658
num_leaves=1
num_cat=0
split_feature=
split_gain=
threshold=
decision_type=
left_child=
right_child=
leaf_value=0
leaf_weight=
leaf_count=326
internal_value=
internal_weight=
internal_count=
is_linear=0
shrinkage=1


Tree=659
num_leaves=3
num_cat=0
split_feature=0 1
split_gain=0.0114186 0.0148979
threshold=2.5000000000000004 2.5000000000000004
decision_type=2 2
left_child=-1 -2
right_child=1 -3
leaf_value=-0.011718219571946674 -0.0077534689831984423 -0.0027270575114327475
leaf_weight=1.9979074075818086 1.6399488486349607 18.307707929692697
leaf_count=12 8 306
internal_value=-0.00451061 -0.00378872
internal_weight=21.9456 19.9477
internal_count=326 314
is_linear=0
shrinkage=0.1


Tree=660
num_leaves=2
num_cat=0
split_feature=1
split_gain=0.136177
threshold=2.5000000000000004
decision_type=2
left_child=-1
right_child=-2
leaf_value=-0.020812232412790413 -0.00025171876649554049
leaf_weight=3.5205032154917708 37.906029541511089
leaf_count=19 307
internal_value=-0.00199899
internal_weight=41.4265
internal_count=326
is_linear=0
shrinkage=0.1


Tree=661
num_leaves=4
num_cat=0
split_feature=1 0 2
split_gain=0.126732 1.16061 0.0309197
threshold=3.5000000000000004 4.5000000000000009 4.5000000000000009
decision_type=2 2 2
left_child=1 -1 -2
right_child=2 -3 -4
leaf_value=-0.10065682116017174 -0.0025516165286051831 -0.0055362449382627609 0.0061145529077345669
leaf_weight=1.3201492964290076 4.610676825977861 1.623766805976629 38.450106339063495
leaf_count=47 37 9 233
internal_value=0.00381428 -0.0162591 0.00518663
internal_weight=46.0047 2.94392 43.0608
internal_count=326 56 270
is_linear=0
shrinkage=0.1


Tree=662
num_leaves=6
num_cat=0
split_feature=1 1 3 0 1
split_gain=0.172951 0.567831 0.0877236 0.152842 0.130087
threshold=4.5000000000000009 3.5000000000000004 5.5000000000000009 6.5000000000000009 5.5000000000000009
decision_type=2 2 2 2 2
left_child=1 -1 3 -2 -4
right_child=2 -3 4 -5 -6
leaf_value=-0.063244856929298029 0.0043282524898197727 0.0043282524898197727 0.010199993252770564 0.010199993252770564 0.020815206329058946
leaf_weight=1.3525781574426208 2.5996233557816586 4.1112782988930121 9.4414361193776148 3.3096251636743546 20.796328343451023
leaf_count=56 53 56 40 14 107
internal_value=0.0113661 -0.00521615 0.0138727 0.00432825 0.0160717
internal_weight=41.6109 5.46386 36.147 5.90925 30.2378
internal_count=326 112 214 67 147
is_linear=0
shrinkage=0.1


Tree=663
num_leaves=7
num_cat=0
split_feature=1 0 2 3 2 1
split_gain=0.0306176 0.272038 0.230912 0.255462 0.0572139 0.0171242
threshold=6.5000000000000009 7.5000000000000009 5.5000000000000009 6.5000000000000009 6.5000000000000009 5.5000000000000009
decision_type=2 2 2 2 2 2
left_child=2 -2 3 -1 5 -4
right_child=1 -3 4 -5 -6 -7
leaf_value=-0.089474804882462622 0.023034535267136166 0.047025527300293975 0.0058109390426991075 -0.00024068153059274012 0.023034535267136166 0.016989364220343906
leaf_weight=0.39897711263620539 3.0037000607699147 4.9576415419578552 2.0013585498090816 0.74978992063552141 3.2831682991236448 4.3468387881293893
leaf_count=162 30 25 37 5 21 46
internal_value=0.0224196 0.0271229 0.0189461 -0.0235159 0.0230345 0.0134652
internal_weight=18.7415 7.96134 10.7801 1.14877 9.63137 6.3482
internal_count=326 55 271 167 104 83
is_linear=0
shrinkage=0.1


Tree=664
num_leaves=3
num_cat=0
split_feature=0 3
split_gain=0.117959 0.243516
threshold=7.5000000000000009 6.5000000000000009
decision_type=2 2
left_child=1 -1
right_child=-2 -3
leaf_value=-0.089477754436480386 0.031429112815312688 0.016741631411667894
leaf_weight=0.24567072293575631 6.6289904727600515 1.7771237853448838
leaf_count=248 39 39
internal_value=0.024979 0.00384116
internal_weight=8.65178 2.02279
internal_count=326 287
is_linear=0
shrinkage=0.1


Tree=665
num_leaves=4
num_cat=0
split_feature=3 2 2
split_gain=0.0126712 0.0234255 0.0909537
threshold=7.5000000000000009 7.5000000000000009 6.5000000000000009
decision_type=2 2 2
left_child=1 2 -1
right_child=-2 -3 -4
leaf_value=-0.08904143883872169 0.044654780362907959 0.036853834326476868 0.027276671378759762
leaf_weight=0.073123539897096856 0.82970660924911488 0.52682012319564819 0.79708890166511992
leaf_count=282 3 2 39
internal_value=0.0348663 0.0290529 0.0176995
internal_weight=2.22674 1.39703 0.870212
internal_count=326 323 321
is_linear=0
shrinkage=0.1


Tree=666
num_leaves=2
num_cat=0
split_feature=0
split_gain=0.00203291
threshold=4.5000000000000009
decision_type=2
left_child=-1
right_child=-2
leaf_value=-0.004941927566192484 0.001064373665464162
leaf_weight=1.1552279270254078 1.1001659484172703
leaf_count=81 245
internal_value=-0.00201209
internal_weight=2.25539
internal_count=326
is_linear=0
shrinkage=0.1


Tree=667
num_leaves=1
num_cat=0
split_feature=
split_gain=
threshold=
decision_type=
left_child=
right_child=
leaf_value=0
leaf_weight=
leaf_count=326
internal_value=
internal_weight=
internal_count=
is_linear=0
shrinkage=1


Tree=668
num_leaves=3
num_cat=0
split_feature=0 1
split_gain=0.0110295 0.0163082
threshold=2.5000000000000004 2.5000000000000004
decision_type=2 2
left_child=-1 -2
right_child=1 -3
leaf_value=-0.011402560141978886 -0.0075023276976044252 -0.0024507712646496
leaf_weight=1.9942311272025133 1.6495129317045236 18.257977977162227
leaf_count=12 8 306
internal_value=-0.00431236 -0.0036021
internal_weight=21.9017 19.9075
internal_count=326 314
is_linear=0
shrinkage=0.1


Tree=669
num_leaves=2
num_cat=0
split_feature=1
split_gain=0.127311
threshold=2.5000000000000004
decision_type=2
left_child=-1
right_child=-2
leaf_value=-0.020046664042736001 -0.00014508159684593864
leaf_weight=3.5131665095686904 37.790026526316069
leaf_count=19 307
internal_value=-0.00183787
internal_weight=41.3032
internal_count=326
is_linear=0
shrinkage=0.1


Tree=670
num_leaves=3
num_cat=0
split_feature=2 1
split_gain=0.109431 0.549589
threshold=4.5000000000000009 4.5000000000000009
decision_type=2 2
left_child=1 -1
right_child=-2 -3
leaf_value=-0.054192934551607355 0.0058422336366751558 -0.0019799271547611625
leaf_weight=2.1286673762369892 40.768541409168392 2.8933428935706615
leaf_count=59 249 18
internal_value=0.00412647 -0.00980209
internal_weight=45.7906 5.02201
internal_count=326 77
is_linear=0
shrinkage=0.1


Tree=671
num_leaves=6
num_cat=0
split_feature=2 0 1 0 1
split_gain=0.174178 0.815922 1.2586 0.663021 0.010697
threshold=5.5000000000000009 6.5000000000000009 5.5000000000000009 5.5000000000000009 6.5000000000000009
decision_type=2 2 2 2 2
left_child=1 2 3 -1 -2
right_child=4 -3 -4 -5 -6
leaf_value=-0.10258989220530146 0.01361670902231539 0.0072745381300938512 -0.0094325061248659754 -0.034604034693042372 0.017655047200861421
leaf_weight=2.23333568475209 22.037617480382327 2.2945527881383896 1.9959684717468915 3.5943172639235854 9.3389172665774804
leaf_count=112 104 11 23 26 50
internal_value=0.0111395 -0.000269604 -0.0261396 -0.0597756 0.0148187
internal_weight=41.4947 10.1182 7.82362 5.82765 31.3765
internal_count=326 172 161 138 154
is_linear=0
shrinkage=0.1


Tree=672
num_leaves=5
num_cat=0
split_feature=3 0 1 1
split_gain=0.0294489 1.0403 0.132067 0.00995953
threshold=6.5000000000000009 6.5000000000000009 5.5000000000000009 6.5000000000000009
decision_type=2 2 2 2
left_child=1 2 -1 -2
right_child=3 -3 -4 -5
leaf_value=-0.090653507993698285 0.022920244544079274 0.021151038172885994 -0.033925025240904454 0.029065042977976775
leaf_weight=0.54543490997457533 7.1085713431239128 5.2466334183700383 1.6574703978840259 4.1938463300466537
leaf_count=161 36 52 59 18
internal_value=0.021983 0.0171018 -0.0479709 0.0252003
internal_weight=18.752 7.44954 2.20291 11.3024
internal_count=326 272 220 54
is_linear=0
shrinkage=0.1


Tree=673
num_leaves=5
num_cat=0
split_feature=1 3 2 0
split_gain=0.118453 0.214245 0.43924 0.0165276
threshold=7.5000000000000009 6.5000000000000009 6.5000000000000009 7.5000000000000009
decision_type=2 2 2 2
left_child=1 2 -1 -3
right_child=-2 3 -4 -5
leaf_value=-0.091734904135153339 0.043323786360751002 0.020622270130661407 0.0092305300270352064 0.030490133317215198
leaf_weight=0.5054388726748581 2.5535682520130649 1.7175677889026699 1.2889257275965065 2.5645122528076172
leaf_count=242 17 38 19 10
internal_value=0.0252513 0.0176565 -0.0113505 0.0298116
internal_weight=8.63001 6.07644 1.79436 4.28208
internal_count=326 309 261 48
is_linear=0
shrinkage=0.1


Tree=674
num_leaves=4
num_cat=0
split_feature=2 3 0
split_gain=0.0114176 0.025189 0.0972228
threshold=7.5000000000000009 7.5000000000000009 6.5000000000000009
decision_type=2 2 2
left_child=1 2 -1
right_child=-2 -3 -4
leaf_value=-0.089261830189694621 0.047675509658184401 0.03924772035813525 0.028871455795290792
leaf_weight=0.076332475248819032 0.52699238061904896 0.82857087254524231 0.78770222307502991
leaf_count=247 2 3 74
internal_value=0.0348219 0.0308199 0.0184952
internal_weight=2.2196 1.69261 0.864035
internal_count=326 324 321
is_linear=0
shrinkage=0.1


Tree=675
num_leaves=2
num_cat=0
split_feature=0
split_gain=0.00186355
threshold=4.5000000000000009
decision_type=2
left_child=-1
right_child=-2
leaf_value=-0.0048760628360876353 0.0008729756831471864
leaf_weight=1.1541727203875782 1.1023547015065558
leaf_count=81 245
internal_value=-0.00206755
internal_weight=2.25653
internal_count=326
is_linear=0
shrinkage=0.1


Tree=676
num_leaves=1
num_cat=0
split_feature=
split_gain=
threshold=
decision_type=
left_child=
right_child=
leaf_value=0
leaf_weight=
leaf_count=326
internal_value=
internal_weight=
internal_count=
is_linear=0
shrinkage=1


Tree=677
num_leaves=3
num_cat=0
split_feature=0 1
split_gain=0.0103456 0.0164022
threshold=2.5000000000000004 2.5000000000000004
decision_type=2 2
left_child=-1 -2
right_child=1 -3
leaf_value=-0.011061047358592655 -0.0072799089599578821 -0.0023210918384634085
leaf_weight=1.9901483878493333 1.6515187881886984 18.229477523942478
leaf_count=12 8 306
internal_value=-0.00418689 -0.00349877
internal_weight=21.8711 19.881
internal_count=326 314
is_linear=0
shrinkage=0.1


Tree=678
num_leaves=2
num_cat=0
split_feature=2
split_gain=0.120907
threshold=3.5000000000000004
decision_type=2
left_child=-1
right_child=-2
leaf_value=-0.019631983228476188 -0.00014046869288551601
leaf_weight=3.4754702374339095 37.745240266202018
leaf_count=24 302
internal_value=-0.00178387
internal_weight=41.2207
internal_count=326
is_linear=0
shrinkage=0.1


Tree=679
num_leaves=4
num_cat=0
split_feature=0 0 1
split_gain=0.108992 0.059926 6.9499e-05
threshold=4.5000000000000009 3.5000000000000004 4.5000000000000009
decision_type=2 2 2
left_child=1 -1 -2
right_child=2 -3 -4
leaf_value=-0.02316305542376865 0.0057342850976829212 -0.0020836054968793633 0.0060570173028326206
leaf_weight=1.8240992997307319 8.5777091756463033 5.174094817833975 30.042851386591792
leaf_count=32 43 49 202
internal_value=0.00390464 -0.00757802 0.00598534
internal_weight=45.6188 6.99819 38.6206
internal_count=326 81 245
is_linear=0
shrinkage=0.1


Tree=680
num_leaves=6
num_cat=0
split_feature=1 1 3 0 1
split_gain=0.123369 0.505573 0.0883378 0.123476 0.0994641
threshold=4.5000000000000009 3.5000000000000004 5.5000000000000009 6.5000000000000009 5.5000000000000009
decision_type=2 2 2 2 2
left_child=1 -1 3 -2 -4
right_child=2 -3 4 -5 -6
leaf_value=-0.059261001011573305 0.0055390355884884467 0.0055390355884884467 0.010761728857636411 0.010761728857636411 0.020139932949755301
leaf_weight=1.2883866426418524 2.5821630032733074 4.03621771838516 9.3478483706712741 3.3008711338043213 20.595550334081054
leaf_count=56 53 56 40 14 107
internal_value=0.011585 -0.00261772 0.0136958 0.00553904 0.0159844
internal_weight=41.151 5.3246 35.8264 5.88303 29.9434
internal_count=326 112 214 67 147
is_linear=0
shrinkage=0.1


Tree=681
num_leaves=6
num_cat=0
split_feature=1 2 3 2 3
split_gain=0.0225924 0.214151 0.231973 0.090532 0.0320728
threshold=7.5000000000000009 5.5000000000000009 6.5000000000000009 6.5000000000000009 6.5000000000000009
decision_type=2 2 2 2 2
left_child=1 2 -1 4 -3
right_child=-2 3 -4 -5 -6
leaf_value=-0.089421298351325229 0.030576204474010094 0.0079366568069310257 0.0010778472730113633 0.025630031024922853 0.020288486120019367
leaf_weight=0.35349154070718458 2.6993987732566884 3.6625675135292095 0.75591040588915348 6.4973342493176451 4.6810553092509508
leaf_count=164 17 78 5 39 23
internal_value=0.0221157 0.0206839 -0.0216962 0.0238519 0.0149469
internal_weight=18.6498 15.9504 1.1094 14.841 8.34362
internal_count=326 309 169 140 101
is_linear=0
shrinkage=0.1


Tree=682
num_leaves=4
num_cat=0
split_feature=0 2 0
split_gain=0.10516 0.406414 0.203402
threshold=6.5000000000000009 6.5000000000000009 5.5000000000000009
decision_type=2 2 2
left_child=2 -2 -1
right_child=1 -3 -4
leaf_value=-0.090761486470651742 0.013145056765942935 0.048743413454044628 0.013145056765942935
leaf_weight=0.21636990059050709 2.6732525589468423 4.8083062334917486 0.89723622706515016
leaf_count=152 52 27 95
internal_value=0.0253464 0.0296138 -0.00332371
internal_weight=8.59516 7.48156 1.11361
internal_count=326 79 247
is_linear=0
shrinkage=0.1


Tree=683
num_leaves=3
num_cat=0
split_feature=0 2
split_gain=0.0103475 0.0142152
threshold=8.5000000000000018 7.5000000000000009
decision_type=2 2
left_child=1 -1
right_child=-2 -3
leaf_value=0.024972651192040615 0.048424268121995975 0.039779832036493989
leaf_weight=1.2573275612976433 0.42936854760046106 0.5294659137725829
leaf_count=319 5 2
internal_value=0.034485 0.0311354
internal_weight=2.21616 1.78679
internal_count=326 321
is_linear=0
shrinkage=0.1


Tree=684
num_leaves=2
num_cat=0
split_feature=0
split_gain=0.00194628
threshold=4.5000000000000009
decision_type=2
left_child=-1
right_child=-2
leaf_value=-0.0047782397294068102 0.0011025965744028115
leaf_weight=1.1528205312788489 1.099507229082519
leaf_count=81 245
internal_value=-0.00190742
internal_weight=2.25233
internal_count=326
is_linear=0
shrinkage=0.1


Tree=685
num_leaves=1
num_cat=0
split_feature=
split_gain=
threshold=
decision_type=
left_child=
right_child=
leaf_value=0
leaf_weight=
leaf_count=326
internal_value=
internal_weight=
internal_count=
is_linear=0
shrinkage=1


Tree=686
num_leaves=3
num_cat=0
split_feature=0 1
split_gain=0.00930544 0.0157926
threshold=2.5000000000000004 2.5000000000000004
decision_type=2 2
left_child=-1 -2
right_child=1 -3
leaf_value=-0.010481612824759208 -0.0068880353396986024 -0.0021159936544123867
leaf_weight=1.98143966495991 1.6506043709814573 18.181239966157591
leaf_count=12 8 306
internal_value=-0.00394731 -0.00329446
internal_weight=21.8133 19.8318
internal_count=326 314
is_linear=0
shrinkage=0.1


Tree=687
num_leaves=2
num_cat=0
split_feature=1
split_gain=0.113015
threshold=2.5000000000000004
decision_type=2
left_child=-1
right_child=-2
leaf_value=-0.018739544913162983 8.0447943015970566e-05
leaf_weight=3.4866628199815741 37.598465683287941
leaf_count=19 307
internal_value=-0.0015167
internal_weight=41.0851
internal_count=326
is_linear=0
shrinkage=0.1


Tree=688
num_leaves=4
num_cat=0
split_feature=1 0 2
split_gain=0.107985 1.0754 0.0214442
threshold=3.5000000000000004 4.5000000000000009 4.5000000000000009
decision_type=2 2 2
left_child=1 -1 -2
right_child=2 -3 -4
leaf_value=-0.099969827155571081 -0.0011791989953914325 -0.0047300615844877341 0.0060812168181235485
leaf_weight=1.2173471718560898 4.554465625435113 1.6427677050232885 38.090573356952518
leaf_count=47 37 9 233
internal_value=0.00404425 -0.0147659 0.00530581
internal_weight=45.5052 2.86011 42.645
internal_count=326 56 270
is_linear=0
shrinkage=0.1


Tree=689
num_leaves=6
num_cat=0
split_feature=1 1 3 0 1
split_gain=0.101491 0.440103 0.0824179 0.110158 0.0933702
threshold=4.5000000000000009 3.5000000000000004 5.5000000000000009 6.5000000000000009 5.5000000000000009
decision_type=2 2 2 2 2
left_child=1 -1 3 -2 -4
right_child=2 -3 4 -5 -6
leaf_value=-0.055267331220142261 0.0057972981877243146 0.0057972981877243146 0.010629666068877303 0.010629666068877303 0.019548579005882336
leaf_weight=1.2583963272627432 2.5846987986005834 4.0441515400307253 9.3419879972934741 3.2980281561613083 20.49736107327044
leaf_count=56 53 56 40 14 107
internal_value=0.011294 -0.00161572 0.0132103 0.0057973 0.015462
internal_weight=41.0246 5.30255 35.7221 5.88273 29.8393
internal_count=326 112 214 67 147
is_linear=0
shrinkage=0.1


Tree=690
num_leaves=7
num_cat=0
split_feature=1 0 2 3 2 1
split_gain=0.0169077 0.233116 0.174762 0.217352 0.054889 0.018303
threshold=6.5000000000000009 7.5000000000000009 5.5000000000000009 6.5000000000000009 6.5000000000000009 5.5000000000000009
decision_type=2 2 2 2 2 2
left_child=2 -2 3 -1 5 -4
right_child=1 -3 4 -5 -6 -7
leaf_value=-0.089374878905270252 0.022670505451295744 0.044615385811152153 0.0052625231598121746 0.0018944620944537013 0.022670505451295744 0.01686428933322354
leaf_weight=0.31633422416053025 2.9696958241984239 4.9942206293344498 1.9853066577925327 0.75300396233797073 3.2557073757052422 4.3158864816650748
leaf_count=162 30 25 37 5 21 46
internal_value=0.0222341 0.0257177 0.0196233 -0.0188816 0.0226705 0.0132089
internal_weight=18.5902 7.96392 10.6262 1.06934 9.5569 6.30119
internal_count=326 55 271 167 104 83
is_linear=0
shrinkage=0.1


Tree=691
num_leaves=5
num_cat=0
split_feature=1 3 2 0
split_gain=0.0995618 0.194585 0.393166 0.0112987
threshold=7.5000000000000009 6.5000000000000009 6.5000000000000009 7.5000000000000009
decision_type=2 2 2 2
left_child=1 2 -1 -3
right_child=-2 3 -4 -5
leaf_value=-0.091460441279387766 0.041188122424596033 0.021273004319133801 0.0093802491502700744 0.029419319761821529
leaf_weight=0.45411002071341466 2.5611203603330068 1.7067531519569454 1.2987980437465012 2.5643265247344971
leaf_count=242 17 38 19 10
internal_value=0.0246723 0.0176505 -0.0104039 0.0291644
internal_weight=8.58511 6.02399 1.75291 4.27108
internal_count=326 309 261 48
is_linear=0
shrinkage=0.1


Tree=692
num_leaves=4
num_cat=0
split_feature=3 2 2
split_gain=0.0112049 0.0186498 0.0821713
threshold=7.5000000000000009 7.5000000000000009 6.5000000000000009
decision_type=2 2 2
left_child=1 2 -1
right_child=-2 -3 -4
leaf_value=-0.089026902403561786 0.043943567908705759 0.036592730379193486 0.027867030893337863
leaf_weight=0.064920961672214839 0.82733631134033192 0.52966207265853882 0.79377627456415212
leaf_count=282 3 2 39
internal_value=0.0347315 0.0292419 0.0191413
internal_weight=2.2157 1.38836 0.858697
internal_count=326 323 321
is_linear=0
shrinkage=0.1


Tree=693
num_leaves=2
num_cat=0
split_feature=0
split_gain=0.00213688
threshold=4.5000000000000009
decision_type=2
left_child=-1
right_child=-2
leaf_value=-0.0048811035109624021 0.0012827472358001954
leaf_weight=1.1539136641658845 1.0972739761418777
leaf_count=81 245
internal_value=-0.00187672
internal_weight=2.25119
internal_count=326
is_linear=0
shrinkage=0.1


Tree=694
num_leaves=1
num_cat=0
split_feature=
split_gain=
threshold=
decision_type=
left_child=
right_child=
leaf_value=0
leaf_weight=
leaf_count=326
internal_value=
internal_weight=
internal_count=
is_linear=0
shrinkage=1


Tree=695
num_leaves=3
num_cat=0
split_feature=0 1
split_gain=0.00894884 0.0169608
threshold=2.5000000000000004 2.5000000000000004
decision_type=2 2
left_child=-1 -2
right_child=1 -3
leaf_value=-0.01017557717019838 -0.0066482995256519619 -0.0018595303167517913
leaf_weight=1.9778224006295229 1.6592576391994978 18.135397232632386
leaf_count=12 8 306
internal_value=-0.00376186 -0.00312102
internal_weight=21.7725 19.7947
internal_count=326 314
is_linear=0
shrinkage=0.1


Tree=696
num_leaves=2
num_cat=0
split_feature=1
split_gain=0.105903
threshold=2.5000000000000004
decision_type=2
left_child=-1
right_child=-2
leaf_value=-0.018039218749239926 0.00019758877353045763
leaf_weight=3.4798672199249259 37.488672706647776
leaf_count=19 307
internal_value=-0.00135145
internal_weight=40.9685
internal_count=326
is_linear=0
shrinkage=0.1


Tree=697
num_leaves=4
num_cat=0
split_feature=0 0 1
split_gain=0.0869489 0.051965 0.00297059
threshold=4.5000000000000009 3.5000000000000004 4.5000000000000009
decision_type=2 2 2
left_child=1 -1 -2
right_child=2 -3 -4
leaf_value=-0.020668096324299019 0.0045604295916819113 -0.00086075085780369046 0.0066706169814657185
leaf_weight=1.7881024370435614 8.5939733795821649 5.1088615674525499 29.816423868294805
leaf_count=32 43 49 202
internal_value=0.00434216 -0.00599599 0.00619848
internal_weight=45.3074 6.89696 38.4104
internal_count=326 81 245
is_linear=0
shrinkage=0.1


Tree=698
num_leaves=6
num_cat=0
split_feature=2 0 1 0 1
split_gain=0.102688 0.709686 1.16804 0.646472 0.0142198
threshold=5.5000000000000009 6.5000000000000009 5.5000000000000009 5.5000000000000009 6.5000000000000009
decision_type=2 2 2 2 2
left_child=1 2 3 -1 -2
right_child=4 -3 -4 -5 -6
leaf_value=-0.10166861657023174 0.01244934720133993 0.007987879088111936 -0.0076561643955242913 -0.03223132591980489 0.017135910588597428
leaf_weight=2.0428186877397803 21.826833669096235 2.2907290291041136 1.9907333061564711 3.5617421614006162 9.2043473795056325
leaf_count=112 104 11 23 26 50
internal_value=0.0110119 0.0021363 -0.0233002 -0.0568065 0.0138395
internal_weight=40.9172 9.88602 7.59529 5.60456 31.0312
internal_count=326 172 161 138 154
is_linear=0
shrinkage=0.1


Tree=699
num_leaves=5
num_cat=0
split_feature=3 0 1 1
split_gain=0.0167003 0.880271 0.128453 0.00975143
threshold=6.5000000000000009 6.5000000000000009 5.5000000000000009 6.5000000000000009
decision_type=2 2 2 2
left_child=1 2 -1 -2
right_child=3 -3 -4 -5
leaf_value=-0.090585040893722393 0.021937431294340528 0.021131637885902412 -0.030995987314168517 0.028029872399618339
leaf_weight=0.46877501037670422 7.0882618986070156 5.2969137234613299 1.5845347810536621 4.1742885708808899
leaf_count=161 36 52 59 18
internal_value=0.0217756 0.0180678 -0.0446003 0.0241955
internal_weight=18.6128 7.35022 2.05331 11.2626
internal_count=326 272 220 54
is_linear=0
shrinkage=0.1


Tree=700
num_leaves=5
num_cat=0
split_feature=1 3 0 1
split_gain=0.0964981 0.217412 0.175577 0.137517
threshold=5.5000000000000009 6.5000000000000009 7.5000000000000009 7.5000000000000009
decision_type=2 2 2 2
left_child=2 3 -1 -2
right_child=1 -3 -4 -5
leaf_value=-0.090085869324198806 0.010290883390421147 0.040741281093056657 0.010290883390421147 0.025516082241738902
leaf_weight=0.20065590213926032 1.3251942436909303 5.1465494306758046 0.59291715966537595 1.2804380936431699
leaf_count=179 92 39 5 11
internal_value=0.0251972 0.0285971 -0.00801535 0.0102909
internal_weight=8.54575 7.75218 0.793573 2.60563
internal_count=326 142 184 103
is_linear=0
shrinkage=0.1


Tree=701
num_leaves=4
num_cat=0
split_feature=3 2 2
split_gain=0.00984136 0.0172299 0.0743253
threshold=7.5000000000000009 7.5000000000000009 6.5000000000000009
decision_type=2 2 2
left_child=1 2 -1
right_child=-2 -3 -4
leaf_value=-0.089009962680461074 0.043311512356965176 0.036415556318324077 0.027721757390118909
leaf_weight=0.058560140611462197 0.82616481184959401 0.53005027770996094 0.79562999408517499
leaf_count=282 3 2 39
internal_value=0.0346745 0.0295196 0.0197191
internal_weight=2.21041 1.38424 0.85419
internal_count=326 323 321
is_linear=0
shrinkage=0.1


Tree=702
num_leaves=2
num_cat=0
split_feature=0
split_gain=0.00211344
threshold=4.5000000000000009
decision_type=2
left_child=-1
right_child=-2
leaf_value=-0.0048416961890454316 0.0012892895680347339
leaf_weight=1.15325782308355 1.0971420218738783
leaf_count=81 245
internal_value=-0.00185264
internal_weight=2.2504
internal_count=326
is_linear=0
shrinkage=0.1


Tree=703
num_leaves=1
num_cat=0
split_feature=
split_gain=
threshold=
decision_type=
left_child=
right_child=
leaf_value=0
leaf_weight=
leaf_count=326
internal_value=
internal_weight=
internal_count=
is_linear=0
shrinkage=1


Tree=704
num_leaves=3
num_cat=0
split_feature=0 1
split_gain=0.00847069 0.017173
threshold=2.5000000000000004 2.5000000000000004
decision_type=2 2
left_child=-1 -2
right_child=1 -3
leaf_value=-0.0098281119481800766 -0.0063927814487419942 -0.0016630210969458686
leaf_weight=1.973584465682509 1.6615658141672636 18.103587716032052
leaf_count=12 8 306
internal_value=-0.00358121 -0.00295745
internal_weight=21.7387 19.7652
internal_count=326 314
is_linear=0
shrinkage=0.1


Tree=705
num_leaves=2
num_cat=0
split_feature=2
split_gain=0.102356
threshold=3.5000000000000004
decision_type=2
left_child=-1
right_child=-2
leaf_value=-0.017811120299673546 0.00027077603845852475
leaf_weight=3.4158206582069388 37.491387199959718
leaf_count=24 302
internal_value=-0.00123909
internal_weight=40.9072
internal_count=326
is_linear=0
shrinkage=0.1


Tree=706
num_leaves=3
num_cat=0
split_feature=2 1
split_gain=0.085319 0.488584
threshold=4.5000000000000009 4.5000000000000009
decision_type=2 2
left_child=1 -1
right_child=-2 -3
leaf_value=-0.051685773805672588 0.0055075670438028993 -0.0014547241829950906
leaf_weight=2.0313002520706496 40.279631109442562 2.9086498245596886
leaf_count=59 249 18
internal_value=0.0039864 -0.00841702
internal_weight=45.2196 4.93995
internal_count=326 77
is_linear=0
shrinkage=0.1


Tree=707
num_leaves=4
num_cat=0
split_feature=3 0 1
split_gain=0.0829154 1.29492 0.149755
threshold=5.5000000000000009 5.5000000000000009 5.5000000000000009
decision_type=2 2 2
left_child=1 -1 -2
right_child=2 -3 -4
leaf_value=-0.1016165470575548 0.0074372564752487325 0.0074372564752487325 0.019083202321541315
leaf_weight=1.109708071919157 13.60154600907117 5.5862181074917316 20.310422556474805
leaf_count=95 81 43 107
internal_value=0.0115179 0.00134875 0.0135258
internal_weight=40.6079 6.69593 33.912
internal_count=326 138 188
is_linear=0
shrinkage=0.1


Tree=708
num_leaves=6
num_cat=0
split_feature=1 2 3 2 3
split_gain=0.0134541 0.163632 0.19595 0.0844104 0.021343
threshold=7.5000000000000009 5.5000000000000009 6.5000000000000009 6.5000000000000009 6.5000000000000009
decision_type=2 2 2 2 2
left_child=1 2 -1 4 -3
right_child=-2 3 -4 -5 -6
leaf_value=-0.089331873578934032 0.028473270966104719 0.00871139876013537 0.0030316567253322255 0.02466185668567842 0.018932421509370349
leaf_weight=0.2810185560229026 2.7124740118160835 3.6244687618454901 0.75914517976343632 6.4691110569983712 4.6822064984589815
leaf_count=164 17 78 5 39 23
internal_value=0.0219664 0.0208504 -0.0174859 0.0235492 0.0144727
internal_weight=18.5284 15.816 1.04016 14.7758 8.30668
internal_count=326 309 169 140 101
is_linear=0
shrinkage=0.1


Tree=709
num_leaves=3
num_cat=0
split_feature=0 3
split_gain=0.0934968 0.200827
threshold=7.5000000000000009 6.5000000000000009
decision_type=2 2
left_child=1 -1
right_child=-2 -3
leaf_value=-0.089492271670919429 0.03026204464249016 0.016152524212442905
leaf_weight=0.20013174173436676 6.5784575412981212 1.7833704836666584
leaf_count=248 39 39
internal_value=0.024524 0.00549316
internal_weight=8.56196 1.9835
internal_count=326 287
is_linear=0
shrinkage=0.1


Tree=710
num_leaves=4
num_cat=0
split_feature=3 2 2
split_gain=0.0081984 0.0156187 0.0676413
threshold=7.5000000000000009 7.5000000000000009 6.5000000000000009
decision_type=2 2 2
left_child=1 2 -1
right_child=-2 -3 -4
leaf_value=-0.08899592662632691 0.042560941201414848 0.036260369255969017 0.027774755616866095
leaf_weight=0.052905795346760209 0.82536476850509632 0.53031545877456665 0.79562796839309158
leaf_count=282 3 2 39
internal_value=0.0346783 0.0299598 0.0204941
internal_weight=2.20421 1.37885 0.848534
internal_count=326 323 321
is_linear=0
shrinkage=0.1


Tree=711
num_leaves=4
num_cat=0
split_feature=0 3 3
split_gain=0.00197249 0.417772 4.72981e-07
threshold=4.5000000000000009 5.5000000000000009 4.5000000000000009
decision_type=2 2 2
left_child=1 2 -1
right_child=-2 -3 -4
leaf_value=-0.089986326680852713 0.001339649813321402 -0.0016244607631715883 -0.089793479248649388
leaf_weight=0.2063625203445556 1.0964119924356053 0.6121064405888319 0.33144554914906621
leaf_count=20 245 22 39
internal_value=-0.00169506 -0.00458857 -0.0898675
internal_weight=2.24633 1.14991 0.537808
internal_count=326 81 59
is_linear=0
shrinkage=0.1


Tree=712
num_leaves=1
num_cat=0
split_feature=
split_gain=
threshold=
decision_type=
left_child=
right_child=
leaf_value=0
leaf_weight=
leaf_count=326
internal_value=
internal_weight=
internal_count=
is_linear=0
shrinkage=1


Tree=713
num_leaves=3
num_cat=0
split_feature=0 1
split_gain=0.007425 0.0159732
threshold=2.5000000000000004 2.5000000000000004
decision_type=2 2
left_child=-1 -2
right_child=1 -3
leaf_value=-0.0093128218351532632 -0.0060905139841233571 -0.0015988661054591115
leaf_weight=1.9658642187714601 1.6580313779413725 18.071354113722919
leaf_count=12 8 306
internal_value=-0.00345217 -0.00286821
internal_weight=21.6952 19.7294
internal_count=326 314
is_linear=0
shrinkage=0.1


Tree=714
num_leaves=2
num_cat=0
split_feature=1
split_gain=0.0923692
threshold=2.5000000000000004
decision_type=2
left_child=-1
right_child=-2
leaf_value=-0.016731795700965047 0.0003633539583640568
leaf_weight=3.4531564116477957 37.31778680626303
leaf_count=19 307
internal_value=-0.00108455
internal_weight=40.7709
internal_count=326
is_linear=0
shrinkage=0.1


Tree=715
num_leaves=4
num_cat=0
split_feature=0 0 1
split_gain=0.0805752 0.0436351 0.00269328
threshold=4.5000000000000009 3.5000000000000004 4.5000000000000009
decision_type=2 2 2
left_child=1 -1 -2
right_child=2 -3 -4
leaf_value=-0.01932815102032321 0.0043938881278625984 -0.0011081106862642365 0.0064118283661888601
leaf_weight=1.7701878796797235 8.5140311643481237 5.1053300274070352 29.637345870956779
leaf_count=32 43 49 202
internal_value=0.00416568 -0.00579909 0.0059615
internal_weight=45.0269 6.87552 38.1514
internal_count=326 81 245
is_linear=0
shrinkage=0.1


Tree=716
num_leaves=6
num_cat=0
split_feature=1 1 3 0 1
split_gain=0.0644866 0.389759 0.0683658 0.0817811 0.0652267
threshold=4.5000000000000009 3.5000000000000004 5.5000000000000009 6.5000000000000009 5.5000000000000009
decision_type=2 2 2 2 2
left_child=1 -1 3 -2 -4
right_child=2 -3 4 -5 -6
leaf_value=-0.051469602899182357 0.0069290396198325391 0.0069290396198325391 0.010994775353935185 0.010994775353935185 0.01850135067816832
leaf_weight=1.1970315766520787 2.5254355245269826 3.9575834615388885 9.2462524101138133 3.2889193445444107 20.219505390152335
leaf_count=56 53 56 40 14 107
internal_value=0.0113897 0.000941908 0.0129162 0.00692904 0.0150605
internal_weight=40.4347 5.15462 35.2801 5.81435 29.4658
internal_count=326 112 214 67 147
is_linear=0
shrinkage=0.1


Tree=717
num_leaves=7
num_cat=0
split_feature=1 2 3 2 1 3
split_gain=0.0114828 0.142975 0.184794 0.0801584 0.0253152 0.0903734
threshold=7.5000000000000009 5.5000000000000009 6.5000000000000009 6.5000000000000009 5.5000000000000009 6.5000000000000009
decision_type=2 2 2 2 2 2
left_child=1 2 -1 4 -3 -6
right_child=-2 3 -4 -5 5 -7
leaf_value=-0.08928989543156636 0.027939012265011921 0.0045929626245233756 0.0039818722376537708 0.024419482551729977 0.011084809439158565 0.019455688884806366
leaf_weight=0.25632459622284176 2.7166681950911871 1.9696773408795687 0.75723948888480663 6.4679099377244702 3.0319618685171008 3.2886908501386642
leaf_count=164 17 37 5 39 51 13
internal_value=0.0219343 0.0209 -0.0154314 0.0233951 0.0144919 0.0175767
internal_weight=18.4885 15.7718 1.01356 14.7582 8.29033 6.32065
internal_count=326 309 169 140 101 64
is_linear=0
shrinkage=0.1


Tree=718
num_leaves=5
num_cat=0
split_feature=1 3 2 1
split_gain=0.0790981 0.203719 0.161635 0.120169
threshold=5.5000000000000009 6.5000000000000009 6.5000000000000009 7.5000000000000009
decision_type=2 2 2 2
left_child=2 3 -1 -2
right_child=1 -3 -4 -5
leaf_value=-0.089829026217233626 0.010586550265120833 0.039162079047571158 0.010586550265120833 0.024874314656345993
leaf_weight=0.18185953099600727 1.3201864138973178 5.1742920344695449 0.59109412878751755 1.2848290773690678
leaf_count=179 92 39 5 11
internal_value=0.0243256 0.0273571 -0.00618396 0.0105866
internal_weight=8.55226 7.77931 0.772954 2.60502
internal_count=326 142 184 103
is_linear=0
shrinkage=0.1


Tree=719
num_leaves=3
num_cat=0
split_feature=0 2
split_gain=0.00806132 0.0113531
threshold=8.5000000000000018 7.5000000000000009
decision_type=2 2
left_child=1 -1
right_child=-2 -3
leaf_value=0.025616786729920515 0.046519948228661616 0.038847586443132638
leaf_weight=1.246371254374026 0.42401941322896153 0.531446874141693
leaf_count=319 5 2
internal_value=0.0341302 0.0311752
internal_weight=2.20184 1.77782
internal_count=326 321
is_linear=0
shrinkage=0.1


Tree=720
num_leaves=2
num_cat=0
split_feature=0
split_gain=0.000446336
threshold=4.5000000000000009
decision_type=2
left_child=-1
right_child=-2
leaf_value=-0.001289240746583191 0.0015588429373592182
leaf_weight=1.1073256933595987 1.0937405666991251
leaf_count=81 245
internal_value=0.000126012
internal_weight=2.20107
internal_count=326
is_linear=0
shrinkage=0.1


Tree=721
num_leaves=1
num_cat=0
split_feature=
split_gain=
threshold=
decision_type=
left_child=
right_child=
leaf_value=0
leaf_weight=
leaf_count=326
internal_value=
internal_weight=
internal_count=
is_linear=0
shrinkage=1


Tree=722
num_leaves=2
num_cat=0
split_feature=1
split_gain=0.00758431
threshold=2.5000000000000004
decision_type=2
left_child=-1
right_child=-2
leaf_value=-0.007567104711252483 -0.0024502911382588335
leaf_weight=3.4448499679565456 18.207779210904846
leaf_count=19 307
internal_value=-0.00326436
internal_weight=21.6526
internal_count=326
is_linear=0
shrinkage=0.1


Tree=723
num_leaves=2
num_cat=0
split_feature=2
split_gain=0.0900378
threshold=3.5000000000000004
decision_type=2
left_child=-1
right_child=-2
leaf_value=-0.016516977422006546 0.00053863825714663604
leaf_weight=3.3753007650375357 37.299318603356369
leaf_count=24 302
internal_value=-0.000876687
internal_weight=40.6746
internal_count=326
is_linear=0
shrinkage=0.1


Tree=724
num_leaves=4
num_cat=0
split_feature=0 0 1
split_gain=0.0751618 0.0367813 0.00504876
threshold=4.5000000000000009 3.5000000000000004 4.5000000000000009
decision_type=2 2 2
left_child=1 -1 -2
right_child=2 -3 -4
leaf_value=-0.017823078579094803 0.0038768939366934057 -0.001052415787777873 0.0066393667684053583
leaf_weight=1.7580876081483428 8.5249846018850786 5.105452060000971 29.543196857441217
leaf_count=32 43 49 202
internal_value=0.00428408 -0.0053482 0.00602074
internal_weight=44.9317 6.86354 38.0682
internal_count=326 81 245
is_linear=0
shrinkage=0.1


Tree=725
num_leaves=4
num_cat=0
split_feature=3 0 1
split_gain=0.0588362 1.17738 0.130437
threshold=5.5000000000000009 5.5000000000000009 5.5000000000000009
decision_type=2 2 2
left_child=1 -1 -2
right_child=2 -3 -4
leaf_value=-0.10050655645386063 0.0075965137857546897 0.0075965137857546897 0.01805417142789156
leaf_weight=1.0225407445104782 13.593121661804615 5.5879725352860987 20.134232558310032
leaf_count=95 81 43 107
internal_value=0.0110644 0.00243782 0.0127552
internal_weight=40.3379 6.61051 33.7274
internal_count=326 138 188
is_linear=0
shrinkage=0.1


Tree=726
num_leaves=6
num_cat=0
split_feature=1 2 0 1 3
split_gain=0.00942222 0.13106 0.209394 0.0524194 0.257092
threshold=7.5000000000000009 6.5000000000000009 7.5000000000000009 5.5000000000000009 6.5000000000000009
decision_type=2 2 2 2 2
left_child=1 2 3 4 -1
right_child=-2 -3 -4 -5 -6
leaf_value=-0.089904781366226441 0.027523100925435091 0.024338124461442415 0.01804167598519164 0.0052842070753897907 -0.0039528893742526638
leaf_weight=0.37415026062081058 2.7238804423250249 6.471156107261776 2.2330092489719391 4.7741763171507046 1.8902057819068432
leaf_count=163 17 39 14 80 13
internal_value=0.0220927 0.0211531 0.0117452 -0.000659099 -0.01319
internal_weight=18.4666 15.7427 9.27154 7.03853 2.26436
internal_count=326 309 270 256 176
is_linear=0
shrinkage=0.1


Tree=727
num_leaves=3
num_cat=0
split_feature=0 0
split_gain=0.0811232 0.181772
threshold=7.5000000000000009 5.5000000000000009
decision_type=2 2
left_child=1 -1
right_child=-2 -3
leaf_value=-0.09076489101983766 0.029045532591192254 0.015462190456944736
leaf_weight=0.17696555201473518 6.5966491247527301 1.7950840545599929
leaf_count=152 39 135
internal_value=0.0237255 0.00592971
internal_weight=8.5687 1.97205
internal_count=326 287
is_linear=0
shrinkage=0.1


Tree=728
num_leaves=3
num_cat=0
split_feature=3 2
split_gain=0.00772632 0.014076
threshold=7.5000000000000009 7.5000000000000009
decision_type=2 2
left_child=1 -1
right_child=-2 -3
leaf_value=0.020374859309369948 0.041554245677599376 0.035434748905401707
leaf_weight=0.84864230558014264 0.82333868741989125 0.53224951028823853
leaf_count=321 3 2
internal_value=0.0338868 0.0293153
internal_weight=2.20423 1.38089
internal_count=326 323
is_linear=0
shrinkage=0.1


Tree=729
num_leaves=2
num_cat=0
split_feature=0
split_gain=0.000547904
threshold=4.5000000000000009
decision_type=2
left_child=-1
right_child=-2
leaf_value=-0.0014055713632624915 0.0017507331466209174
leaf_weight=1.1086605552118274 1.0913948899797103
leaf_count=81 245
internal_value=0.000160196
internal_weight=2.20006
internal_count=326
is_linear=0
shrinkage=0.1


Tree=730
num_leaves=1
num_cat=0
split_feature=
split_gain=
threshold=
decision_type=
left_child=
right_child=
leaf_value=0
leaf_weight=
leaf_count=326
internal_value=
internal_weight=
internal_count=
is_linear=0
shrinkage=1


Tree=731
num_leaves=3
num_cat=0
split_feature=0 1
split_gain=0.00692701 0.0159572
threshold=2.5000000000000004 2.5000000000000004
decision_type=2 2
left_child=-1 -2
right_child=1 -3
leaf_value=-0.0086679613166544996 -0.005548517962826606 -0.0011322607339382855
leaf_weight=1.9569957852363611 1.6574605703353906 17.979304633045103
leaf_count=12 8 306
internal_value=-0.00299449 -0.00242907
internal_weight=21.5938 19.6368
internal_count=326 314
is_linear=0
shrinkage=0.1


Tree=732
num_leaves=2
num_cat=0
split_feature=1
split_gain=0.0834634
threshold=2.5000000000000004
decision_type=2
left_child=-1
right_child=-2
leaf_value=-0.015616476835642049 0.00068328489060534266
leaf_weight=3.431826911866664 37.130972916027531
leaf_count=19 307
internal_value=-0.000695761
internal_weight=40.5628
internal_count=326
is_linear=0
shrinkage=0.1


Tree=733
num_leaves=3
num_cat=0
split_feature=2 1
split_gain=0.0751965 0.441982
threshold=4.5000000000000009 4.5000000000000009
decision_type=2 2
left_child=1 -1
right_child=-2 -3
leaf_value=-0.049488489255024581 0.0057047155151006201 -0.00086807891615753308
leaf_weight=1.9589240670902643 39.950395542662591 2.9244725666940212
leaf_count=59 249 18
internal_value=0.00427287 -0.00744087
internal_weight=44.8338 4.8834
internal_count=326 77
is_linear=0
shrinkage=0.1


Tree=734
num_leaves=6
num_cat=0
split_feature=2 0 1 0 1
split_gain=0.0557937 0.613284 1.07633 0.624489 0.0154868
threshold=5.5000000000000009 6.5000000000000009 5.5000000000000009 5.5000000000000009 6.5000000000000009
decision_type=2 2 2 2 2
left_child=1 2 3 -1 -2
right_child=4 -3 -4 -5 -6
leaf_value=-0.10095875230550358 0.011487862390924591 0.0085880607859574968 -0.0060541927024782899 -0.029980047080220115 0.016418182481596984
leaf_weight=1.8520321058458629 21.496482688933614 2.285525431856513 1.9751313603483138 3.5381805170327425 9.0546569637954217
leaf_count=112 104 11 23 26 50
internal_value=0.0108553 0.00422703 -0.0206964 -0.0539059 0.0129491
internal_weight=40.202 9.65087 7.36534 5.39021 30.5511
internal_count=326 172 161 138 154
is_linear=0
shrinkage=0.1


Tree=735
num_leaves=6
num_cat=0
split_feature=3 3 0 1 3
split_gain=0.00874585 0.740763 0.540781 0.0136583 2.41037e-05
threshold=6.5000000000000009 5.5000000000000009 6.5000000000000009 6.5000000000000009 4.5000000000000009
decision_type=2 2 2 2 2
left_child=1 4 -3 -2 -1
right_child=3 2 -4 -5 -6
leaf_value=-0.092637401867085772 0.021880979414104131 -0.034807015969911016 0.021880979414104131 0.028697049113078646 -0.091130651897031567
leaf_weight=0.14003240778402037 7.0693658869713545 1.7302374736609634 4.9127140743657947 4.1410252451896667 0.43904910702985944
leaf_count=32 36 97 37 18 106
internal_value=0.0223637 0.0196499 0.021881 0.0241121 -0.091495
internal_weight=18.4324 7.22203 6.64295 11.2104 0.579082
internal_count=326 272 134 54 138
is_linear=0
shrinkage=0.1


Tree=736
num_leaves=5
num_cat=0
split_feature=2 2 3 3
split_gain=0.0779067 0.284835 0.0956049 8.38398e-05
threshold=6.5000000000000009 5.5000000000000009 6.5000000000000009 6.5000000000000009
decision_type=2 2 2 2
left_child=1 3 -3 -1
right_child=-2 2 -4 -5
leaf_value=-0.094966852258283718 0.030839888276695988 -0.010080463442871439 0.020979212265397531 -0.090197515497066838
leaf_weight=0.19272567886218928 5.3684434627648443 0.996909440822492 1.9601488520856947 0.045574101153761148
leaf_count=167 44 83 27 5
internal_value=0.0234814 0.0111185 0.0195941 -0.0940547
internal_weight=8.5638 3.19536 2.95706 0.2383
internal_count=326 282 110 172
is_linear=0
shrinkage=0.1


Tree=737
num_leaves=3
num_cat=0
split_feature=0 2
split_gain=0.00689233 0.00980321
threshold=8.5000000000000018 7.5000000000000009
decision_type=2 2
left_child=1 -1
right_child=-2 -3
leaf_value=0.025419925734191696 0.044794416064340176 0.037693449277464403
leaf_weight=1.2465679415258821 0.42291467744507816 0.533350110054016
leaf_count=319 5 2
internal_value=0.0333191 0.0305925
internal_weight=2.20283 1.77992
internal_count=326 321
is_linear=0
shrinkage=0.1


Tree=738
num_leaves=2
num_cat=0
split_feature=0
split_gain=0.000521544
threshold=4.5000000000000009
decision_type=2
left_child=-1
right_child=-2
leaf_value=-0.0015182824767266277 0.0015588000866014174
leaf_weight=1.1098484769463541 1.0935671371807982
leaf_count=81 245
internal_value=8.89031e-06
internal_weight=2.20342
internal_count=326
is_linear=0
shrinkage=0.1


Tree=739
num_leaves=1
num_cat=0
split_feature=
split_gain=
threshold=
decision_type=
left_child=
right_child=
leaf_value=0
leaf_weight=
leaf_count=326
internal_value=
internal_weight=
internal_count=
is_linear=0
shrinkage=1


Tree=740
num_leaves=2
num_cat=0
split_feature=1
split_gain=0.00686863
threshold=2.5000000000000004
decision_type=2
left_child=-1
right_child=-2
leaf_value=-0.0070087574345016716 -0.0021311332616786652
leaf_weight=3.4335692785680321 18.137990015806281
leaf_count=19 307
internal_value=-0.00290751
internal_weight=21.5716
internal_count=326
is_linear=0
shrinkage=0.1


Tree=741
num_leaves=2
num_cat=0
split_feature=2
split_gain=0.0773201
threshold=3.5000000000000004
decision_type=2
left_child=-1
right_child=-2
leaf_value=-0.015252290587349253 0.00063963233127865501
leaf_weight=3.3364073485136023 37.161261928384192
leaf_count=24 302
internal_value=-0.000669626
internal_weight=40.4977
internal_count=326
is_linear=0
shrinkage=0.1


Tree=742
num_leaves=4
num_cat=0
split_feature=1 0 2
split_gain=0.0895871 0.991511 0.0102459
threshold=3.5000000000000004 4.5000000000000009 4.5000000000000009
decision_type=2 2 2
left_child=1 -1 -2
right_child=2 -3 -4
leaf_value=-0.099494626066915226 0.00068687720209768908 -0.004073402636575141 0.0057519688093736346
leaf_weight=1.1151718290057027 4.4705639835447064 1.6543221510946748 37.441906891297549
leaf_count=47 37 9 233
internal_value=0.00406068 -0.0133585 0.0052117
internal_weight=44.682 2.76949 41.9125
internal_count=326 56 270
is_linear=0
shrinkage=0.1


Tree=743
num_leaves=4
num_cat=0
split_feature=3 0 1
split_gain=0.0517577 1.06365 0.0976336
threshold=5.5000000000000009 5.5000000000000009 5.5000000000000009
decision_type=2 2 2
left_child=1 -1 -2
right_child=2 -3 -4
leaf_value=-0.099734204077885316 0.0079936882835923359 0.0079936882835923359 0.017409762265926752
leaf_weight=0.92983937251847137 13.433003961108623 5.5692806546576321 19.972594251856208
leaf_count=95 81 43 107
internal_value=0.0112819 0.00311691 0.0128705
internal_weight=39.9047 6.49912 33.4056
internal_count=326 138 188
is_linear=0
shrinkage=0.1


Tree=744
num_leaves=7
num_cat=0
split_feature=1 0 2 0 2 1
split_gain=0.00611633 0.188468 0.115041 0.097264 0.0453503 0.0190494
threshold=6.5000000000000009 7.5000000000000009 5.5000000000000009 5.5000000000000009 6.5000000000000009 5.5000000000000009
decision_type=2 2 2 2 2 2
left_child=2 -2 3 -1 5 -4
right_child=1 -3 4 -5 -6 -7
leaf_value=-0.090870273737111873 0.022706713868082179 0.042184790936011823 0.0057489457273440688 0.00049448087157828702 0.022706713868082179 0.017689875494886625
leaf_weight=0.1354873558520947 2.8975597512908271 5.0386790409684181 1.9466472687781768 0.83224303560564294 3.2188409026712179 4.2589170886203647
leaf_count=122 30 25 37 45 21 46
internal_value=0.0224597 0.0245501 0.0208633 -0.0122971 0.0227067 0.0139441
internal_weight=18.3284 7.93624 10.3921 0.96773 9.42441 6.20556
internal_count=326 55 271 167 104 83
is_linear=0
shrinkage=0.1


Tree=745
num_leaves=5
num_cat=0
split_feature=1 3 2 0
split_gain=0.0853295 0.147179 0.342448 0.0112465
threshold=7.5000000000000009 6.5000000000000009 6.5000000000000009 7.5000000000000009
decision_type=2 2 2 2
left_child=1 2 -1 -3
right_child=-2 3 -4 -5
leaf_value=-0.091270840410266355 0.038851629798335854 0.019704892041864801 0.0094482630449644542 0.027949684498482952
leaf_weight=0.38810083124553751 2.5657138531678356 1.7256846937816588 1.2972470826935023 2.5630106925964355
leaf_count=242 17 38 19 10
internal_value=0.0235986 0.0170477 -0.00799067 0.0268872
internal_weight=8.53976 5.97404 1.68535 4.2887
internal_count=326 309 261 48
is_linear=0
shrinkage=0.1


Tree=746
num_leaves=3
num_cat=0
split_feature=3 2
split_gain=0.00697241 0.0124017
threshold=7.5000000000000009 7.5000000000000009
decision_type=2 2
left_child=1 -1
right_child=-2 -3
leaf_value=0.020153251379897773 0.040144798126821875 0.03432887426441994
leaf_weight=0.85023199107899949 0.82081761956214894 0.53441345691680908
leaf_count=321 3 2
internal_value=0.032842 0.028513
internal_weight=2.20546 1.38465
internal_count=326 323
is_linear=0
shrinkage=0.1


Tree=747
num_leaves=2
num_cat=0
split_feature=0
split_gain=0.00066586
threshold=4.5000000000000009
decision_type=2
left_child=-1
right_child=-2
leaf_value=-0.0017503670785365669 0.0017260857913100403
leaf_weight=1.1124851137865337 1.0915061603300271
leaf_count=81 245
internal_value=-2.86862e-05
internal_weight=2.20399
internal_count=326
is_linear=0
shrinkage=0.1


Tree=748
num_leaves=1
num_cat=0
split_feature=
split_gain=
threshold=
decision_type=
left_child=
right_child=
leaf_value=0
leaf_weight=
leaf_count=326
internal_value=
internal_weight=
internal_count=
is_linear=0
shrinkage=1


Tree=749
num_leaves=2
num_cat=0
split_feature=1
split_gain=0.00682343
threshold=2.5000000000000004
decision_type=2
left_child=-1
right_child=-2
leaf_value=-0.0068059071237962718 -0.0019410961417549008
leaf_weight=3.4296762011945274 18.093859501503175
leaf_count=19 307
internal_value=-0.00271628
internal_weight=21.5235
internal_count=326
is_linear=0
shrinkage=0.1


Tree=750
num_leaves=2
num_cat=0
split_feature=1
split_gain=0.0762579
threshold=2.5000000000000004
decision_type=2
left_child=-1
right_child=-2
leaf_value=-0.014872469681751561 0.00075188392500433611
leaf_weight=3.4121520444750777 36.962057191529311
leaf_count=19 307
internal_value=-0.00056858
internal_weight=40.3742
internal_count=326
is_linear=0
shrinkage=0.1


Tree=751
num_leaves=4
num_cat=0
split_feature=0 0 1
split_gain=0.058113 0.0322241 0.00542301
threshold=4.5000000000000009 3.5000000000000004 4.5000000000000009
decision_type=2 2 2
left_child=1 -1 -2
right_child=2 -3 -4
leaf_value=-0.016052069577702523 0.0035742201443008624 -0.00021908843126971546 0.0064517579508587943
leaf_weight=1.7252792066428799 8.4361501000821573 5.0423281721305102 29.283194722607732
leaf_count=32 43 49 202
internal_value=0.00427725 -0.00425542 0.00580818
internal_weight=44.487 6.76761 37.7193
internal_count=326 81 245
is_linear=0
shrinkage=0.1


Tree=752
num_leaves=4
num_cat=0
split_feature=3 2 1
split_gain=0.037492 0.935488 0.0943514
threshold=5.5000000000000009 5.5000000000000009 5.5000000000000009
decision_type=2 2 2
left_child=1 -1 -2
right_child=2 -3 -4
leaf_value=-0.091461500056246731 0.0083849260005339713 0.0083849260005339713 0.017135606057238708
leaf_weight=0.94958339029108074 13.440499707125126 5.4793204367160797 19.891947789117694
leaf_count=114 81 24 107
internal_value=0.0112067 0.00421462 0.0125552
internal_weight=39.7614 6.4289 33.3324
internal_count=326 138 188
is_linear=0
shrinkage=0.1


Tree=753
num_leaves=6
num_cat=0
split_feature=3 3 0 1 3
split_gain=0.00509258 0.672469 0.468756 0.0111819 2.06577e-05
threshold=6.5000000000000009 5.5000000000000009 6.5000000000000009 6.5000000000000009 4.5000000000000009
decision_type=2 2 2 2 2
left_child=1 4 -3 -2 -1
right_child=3 2 -4 -5 -6
leaf_value=-0.09242730351390388 0.021437880187342984 -0.033500661237139365 0.021437880187342984 0.027346371150553158 -0.090970657504743827
leaf_weight=0.12846768071176562 7.0510321808978915 1.6658702839486066 4.9820000417530537 4.1360685378313065 0.40205037855412229
leaf_count=32 36 97 37 18 106
internal_value=0.0218103 0.0197315 0.0214379 0.0231442 -0.0913234
internal_weight=18.3655 7.17839 6.64787 11.1871 0.530518
internal_count=326 272 134 54 138
is_linear=0
shrinkage=0.1


Tree=754
num_leaves=3
num_cat=0
split_feature=0 3
split_gain=0.0761389 0.170999
threshold=7.5000000000000009 6.5000000000000009
decision_type=2 2
left_child=1 -1
right_child=-2 -3
leaf_value=-0.089493514151300732 0.029220043857608059 0.01582147791391127
leaf_weight=0.16873455327549858 6.5491654607467353 1.7867934314999729
leaf_count=248 39 39
internal_value=0.0240498 0.00673428
internal_weight=8.50469 1.95553
internal_count=326 287
is_linear=0
shrinkage=0.1


Tree=755
num_leaves=3
num_cat=0
split_feature=3 2
split_gain=0.00625467 0.0115861
threshold=7.5000000000000009 7.5000000000000009
decision_type=2 2
left_child=1 -1
right_child=-2 -3
leaf_value=0.020534364268775283 0.039690572021758574 0.034178390281184023
leaf_weight=0.84806499782689593 0.8197035789489745 0.53471624851226807
leaf_count=321 3 2
internal_value=0.0327692 0.0286662
internal_weight=2.20248 1.38278
internal_count=326 323
is_linear=0
shrinkage=0.1


Tree=756
num_leaves=2
num_cat=0
split_feature=0
split_gain=0.000775024
threshold=4.5000000000000009
decision_type=2
left_child=-1
right_child=-2
leaf_value=-0.0018340616608141327 0.0019178095073567139
leaf_weight=1.1133941623847934 1.0891849410545544
leaf_count=81 245
internal_value=2.12549e-05
internal_weight=2.20258
internal_count=326
is_linear=0
shrinkage=0.1


Tree=757
num_leaves=1
num_cat=0
split_feature=
split_gain=
threshold=
decision_type=
left_child=
right_child=
leaf_value=0
leaf_weight=
leaf_count=326
internal_value=
internal_weight=
internal_count=
is_linear=0
shrinkage=1


Tree=758
num_leaves=2
num_cat=0
split_feature=1
split_gain=0.00726052
threshold=2.5000000000000004
decision_type=2
left_child=-1
right_child=-2
leaf_value=-0.0066656047358484892 -0.0016453876992761898
leaf_weight=3.4281217977404621 18.046322885682457
leaf_count=19 307
internal_value=-0.0024468
internal_weight=21.4744
internal_count=326
is_linear=0
shrinkage=0.1


Tree=759
num_leaves=2
num_cat=0
split_feature=1
split_gain=0.0671549
threshold=2.5000000000000004
decision_type=2
left_child=-1
right_child=-2
leaf_value=-0.013831004449863389 0.0008533888533551583
leaf_weight=3.4015255197882643 36.88723254337674
leaf_count=19 307
internal_value=-0.000386395
internal_weight=40.2888
internal_count=326
is_linear=0
shrinkage=0.1


Tree=760
num_leaves=3
num_cat=0
split_feature=2 1
split_gain=0.0576076 0.390849
threshold=4.5000000000000009 4.5000000000000009
decision_type=2 2
left_child=1 -1
right_child=-2 -3
leaf_value=-0.046840420534542876 0.0055679725442850502 -0.00022784439432536711
leaf_weight=1.8732178688514967 39.578132477588952 2.9350053183734417
leaf_count=59 249 18
internal_value=0.00431229 -0.00602366
internal_weight=44.3864 4.80822
internal_count=326 77
is_linear=0
shrinkage=0.1


Tree=761
num_leaves=6
num_cat=0
split_feature=1 1 3 0 1
split_gain=0.036912 0.343268 0.0449245 0.0579352 0.0395423
threshold=4.5000000000000009 3.5000000000000004 5.5000000000000009 6.5000000000000009 5.5000000000000009
decision_type=2 2 2 2 2
left_child=1 -1 3 -2 -4
right_child=2 -3 4 -5 -6
leaf_value=-0.048253036475795971 0.0075470236921598892 0.0075470236921598892 0.010739703399502682 0.010739703399502682 0.01664683676731717
leaf_weight=1.1363864969462145 2.3807721891207612 3.8623182775918394 9.149068661034109 3.2542436420917511 19.783856015652418
leaf_count=56 53 56 40 14 107
internal_value=0.0109823 0.00295025 0.0121438 0.00754702 0.0139324
internal_weight=39.5666 4.9987 34.5679 5.63502 28.9329
internal_count=326 112 214 67 147
is_linear=0
shrinkage=0.1


Tree=762
num_leaves=7
num_cat=0
split_feature=1 2 2 3 1 3
split_gain=0.00480089 0.110174 0.0592709 0.145906 0.0248025 0.0614608
threshold=7.5000000000000009 6.5000000000000009 5.5000000000000009 6.5000000000000009 5.5000000000000009 6.5000000000000009
decision_type=2 2 2 2 2 2
left_child=1 2 3 -1 -4 -6
right_child=-2 -3 4 -5 5 -7
leaf_value=-0.08925451218661179 0.025977847475696376 0.023699564208095131 0.0051936536787550308 0.0018960616597585779 0.011603073054781643 0.018012492430808255
leaf_weight=0.1955216483765988 2.7167155244387677 6.3943163640797129 1.939937522576656 0.75723913498222828 2.9620298240333796 3.2846015691757202
leaf_count=164 17 39 37 5 51 13
internal_value=0.0220996 0.0214213 0.0123254 -0.0112806 0.0150727 0.0180125
internal_weight=18.2504 15.5336 9.13933 0.952761 8.18657 6.24663
internal_count=326 309 270 169 101 64
is_linear=0
shrinkage=0.1


Tree=763
num_leaves=5
num_cat=0
split_feature=1 3 2 0
split_gain=0.0696499 0.128854 0.317219 0.00974515
threshold=7.5000000000000009 6.5000000000000009 6.5000000000000009 7.5000000000000009
decision_type=2 2 2 2
left_child=1 2 -1 -3
right_child=-2 3 -4 -5
leaf_value=-0.091078670865117339 0.037537803916921381 0.020077914209401738 0.010496235132083217 0.027686543517802632
leaf_weight=0.35065956187281666 2.5741822217823938 1.7210764801129697 1.2913127241190523 2.5586521923542023
leaf_count=242 17 38 19 10
internal_value=0.023805 0.0178353 -0.00597975 0.0269722
internal_weight=8.49588 5.9217 1.64197 4.27973
internal_count=326 309 261 48
is_linear=0
shrinkage=0.1


Tree=764
num_leaves=3
num_cat=0
split_feature=0 2
split_gain=0.00558414 0.00816393
threshold=8.5000000000000018 7.5000000000000009
decision_type=2 2
left_child=1 -1
right_child=-2 -3
leaf_value=0.025154180465270671 0.042719868562415386 0.036305751009895887
leaf_weight=1.2457875200657329 0.41918328272004135 0.53550016880035389
leaf_count=319 5 2
internal_value=0.0323354 0.0298916
internal_weight=2.20047 1.78129
internal_count=326 321
is_linear=0
shrinkage=0.1


Tree=765
num_leaves=2
num_cat=0
split_feature=0
split_gain=0.000782922
threshold=4.5000000000000009
decision_type=2
left_child=-1
right_child=-2
leaf_value=-0.0018537944314496733 0.001917162364260821
leaf_weight=1.1134826024062934 1.0890827058719876
leaf_count=81 245
internal_value=1.07967e-05
internal_weight=2.20257
internal_count=326
is_linear=0
shrinkage=0.1


Tree=766
num_leaves=1
num_cat=0
split_feature=
split_gain=
threshold=
decision_type=
left_child=
right_child=
leaf_value=0
leaf_weight=
leaf_count=326
internal_value=
internal_weight=
internal_count=
is_linear=0
shrinkage=1


Tree=767
num_leaves=2
num_cat=0
split_feature=1
split_gain=0.00760462
threshold=2.5000000000000004
decision_type=2
left_child=-1
right_child=-2
leaf_value=-0.0065578634414968267 -0.0014187605812035797
leaf_weight=3.4275763481855419 18.004291734512663
leaf_count=19 307
internal_value=-0.00224065
internal_weight=21.4319
internal_count=326
is_linear=0
shrinkage=0.1


Tree=768
num_leaves=2
num_cat=0
split_feature=2
split_gain=0.0668351
threshold=3.5000000000000004
decision_type=2
left_child=-1
right_child=-2
leaf_value=-0.013891801360238251 0.00097406284386575628
leaf_weight=3.2943117693066588 36.897651403269265
leaf_count=24 302
internal_value=-0.000244409
internal_weight=40.192
internal_count=326
is_linear=0
shrinkage=0.1


Tree=769
num_leaves=4
num_cat=0
split_feature=0 0 1
split_gain=0.0585328 0.0266869 0.00595006
threshold=4.5000000000000009 3.5000000000000004 4.5000000000000009
decision_type=2 2 2
left_child=1 -1 -2
right_child=2 -3 -4
leaf_value=-0.014828332745738982 0.0037300638502198585 -0.00037483170345558323 0.0067531132689954837
leaf_weight=1.7112051144940768 8.3873493298888189 5.0400210663210601 29.099293161649257
leaf_count=32 43 49 202
internal_value=0.00453306 -0.0040383 0.00607673
internal_weight=44.2379 6.75123 37.4866
internal_count=326 81 245
is_linear=0
shrinkage=0.1


Tree=770
num_leaves=5
num_cat=0
split_feature=3 0 0 1
split_gain=0.0280997 0.553961 0.479591 0.0828089
threshold=5.5000000000000009 6.5000000000000009 5.5000000000000009 5.5000000000000009
decision_type=2 2 2 2
left_child=1 2 -1 -2
right_child=3 -3 -4 -5
leaf_value=-0.099029400943812462 0.0082111260867470306 0.0082111260867470306 -0.013211078743691013 0.01622510809746187
leaf_weight=0.8420802005566651 13.428119923919438 3.2787116318941116 2.2213203799910843 19.7014070302248
leaf_count=95 81 15 28 107
internal_value=0.0106765 0.00457835 -0.0346333 0.0118439
internal_weight=39.4716 6.34211 3.0634 33.1295
internal_count=326 138 123 188
is_linear=0
shrinkage=0.1


Tree=771
num_leaves=4
num_cat=0
split_feature=1 3 1
split_gain=0.00465544 0.00249316 0.0789496
threshold=7.5000000000000009 6.5000000000000009 5.5000000000000009
decision_type=2 2 2
left_child=1 2 -1
right_child=-2 -3 -4
leaf_value=-0.0065609745790218112 0.025891273076145794 0.02236899380609815 0.021053262712788207
leaf_weight=1.0482373354461749 2.7191326380707315 9.8337175436317921 4.6318713971413672
leaf_count=169 17 48 92
internal_value=0.0220745 0.0214055 0.0197375
internal_weight=18.233 15.5138 5.68011
internal_count=326 309 261
is_linear=0
shrinkage=0.1


Tree=772
num_leaves=5
num_cat=0
split_feature=1 3 0 1
split_gain=0.0639398 0.176469 0.138946 0.0972863
threshold=5.5000000000000009 6.5000000000000009 7.5000000000000009 7.5000000000000009
decision_type=2 2 2 2
left_child=2 3 -1 -2
right_child=1 -3 -4 -5
leaf_value=-0.090013024429721256 0.011050259589887671 0.037369817568944488 0.011050259589887671 0.024210038579416077
leaf_weight=0.15318238842337439 1.2597837493085535 5.1943100346252322 0.58573733363300562 1.2825578931369819
leaf_count=179 92 39 5 11
internal_value=0.0237605 0.0264447 -0.00434422 0.0110503
internal_weight=8.47557 7.73665 0.73892 2.54234
internal_count=326 142 184 103
is_linear=0
shrinkage=0.1


Tree=773
num_leaves=3
num_cat=0
split_feature=3 2
split_gain=0.00615191 0.010451
threshold=7.5000000000000009 7.5000000000000009
decision_type=2 2
left_child=1 -1
right_child=-2 -3
leaf_value=0.02011875166913963 0.038685679345326962 0.033217484064497843
leaf_weight=0.85095907222330447 0.81727010011672963 0.53676813840866089
leaf_count=321 3 2
internal_value=0.0318028 0.0277493
internal_weight=2.205 1.38773
internal_count=326 323
is_linear=0
shrinkage=0.1


Tree=774
num_leaves=2
num_cat=0
split_feature=0
split_gain=0.00085395
threshold=4.5000000000000009
decision_type=2
left_child=-1
right_child=-2
leaf_value=-0.0018414265008377365 0.0020990650486708029
leaf_weight=1.1132816427852961 1.0868771156274304
leaf_count=81 245
internal_value=0.000105174
internal_weight=2.20016
internal_count=326
is_linear=0
shrinkage=0.1


Tree=775
num_leaves=1
num_cat=0
split_feature=
split_gain=
threshold=
decision_type=
left_child=
right_child=
leaf_value=0
leaf_weight=
leaf_count=326
internal_value=
internal_weight=
internal_count=
is_linear=0
shrinkage=1


Tree=776
num_leaves=2
num_cat=0
split_feature=1
split_gain=0.00686207
threshold=2.5000000000000004
decision_type=2
left_child=-1
right_child=-2
leaf_value=-0.006119772585466649 -0.0012316634586514216
leaf_weight=3.4184427522122887 17.963810777917388
leaf_count=19 307
internal_value=-0.00201314
internal_weight=21.3823
internal_count=326
is_linear=0
shrinkage=0.1


Tree=777
num_leaves=2
num_cat=0
split_feature=1
split_gain=0.0603471
threshold=2.5000000000000004
decision_type=2
left_child=-1
right_child=-2
leaf_value=-0.012856887798158516 0.0011003977184480486
leaf_weight=3.383325368165969 36.708748426637612
leaf_count=19 307
internal_value=-7.7442e-05
internal_weight=40.0921
internal_count=326
is_linear=0
shrinkage=0.1


Tree=778
num_leaves=4
num_cat=0
split_feature=0 0 1
split_gain=0.0531038 0.0228235 0.00685055
threshold=4.5000000000000009 3.5000000000000004 4.5000000000000009
decision_type=2 2 2
left_child=1 -1 -2
right_child=2 -3 -4
leaf_value=-0.013670937274162138 0.0034652958792613462 -0.00027754560192700002 0.0067105220867874436
leaf_weight=1.7021447886945669 8.3845333047211152 5.038746370235458 29.01498122070916
leaf_count=32 43 49 202
internal_value=0.00451043 -0.00365952 0.00598298
internal_weight=44.1404 6.74089 37.3995
internal_count=326 81 245
is_linear=0
shrinkage=0.1


Tree=779
num_leaves=6
num_cat=0
split_feature=1 3 0 1 0
split_gain=0.0275646 0.1647 0.724708 0.0708901 0.159936
threshold=6.5000000000000009 5.5000000000000009 5.5000000000000009 5.5000000000000009 5.5000000000000009
decision_type=2 2 2 2 2
left_child=1 2 -1 4 -3
right_child=-2 3 -4 -5 -6
leaf_value=-0.098090571209280636 0.015470915340414407 0.0017260585619351017 0.0017260585619351017 0.012380969097524584 0.0087478309098844281
leaf_weight=0.77561688394053163 9.5243872441351396 5.2095522414892921 3.4970756703987718 12.099411599338055 8.2180522605776769
leaf_count=95 55 45 33 62 36
internal_value=0.0107878 0.00929102 -0.00888043 0.0123325 0.00511469
internal_weight=39.3241 29.7997 4.27269 25.527 13.4276
internal_count=326 271 128 143 81
is_linear=0
shrinkage=0.1


Tree=780
num_leaves=6
num_cat=0
split_feature=1 0 1 0 1
split_gain=0.00487881 0.0286286 0.720274 0.00118517 2.24896e-05
threshold=7.5000000000000009 5.5000000000000009 5.5000000000000009 4.5000000000000009 6.5000000000000009
decision_type=2 2 2 2 2
left_child=1 2 3 -1 -3
right_child=-2 4 -4 -5 -6
leaf_value=-0.10356547159631904 0.025655461899101548 0.022075021055681231 0.013240453936412969 -0.094508896318408434 0.022334327991248633
leaf_weight=0.28473520572879607 2.723550835158675 9.358332537696695 0.37896895629819483 0.29337365157334716 5.2049094471149138
leaf_count=77 17 121 20 54 37
internal_value=0.0217517 0.0210667 0.00431321 -0.0989695 0.0221677
internal_weight=18.2439 15.5203 0.957078 0.578109 14.5632
internal_count=326 309 151 131 158
is_linear=0
shrinkage=0.1


Tree=781
num_leaves=3
num_cat=0
split_feature=0 0
split_gain=0.0626671 0.155584
threshold=7.5000000000000009 5.5000000000000009
decision_type=2 2
left_child=1 -1
right_child=-2 -3
leaf_value=-0.090778790227835762 0.027760945298849732 0.015474987813827213
leaf_weight=0.14928548727220903 6.55037762504071 1.7925812446301277
leaf_count=152 39 135
internal_value=0.0230838 0.00730648
internal_weight=8.49224 1.94187
internal_count=326 287
is_linear=0
shrinkage=0.1


Tree=782
num_leaves=4
num_cat=0
split_feature=3 2 2
split_gain=0.00536406 0.00963223 0.0665145
threshold=7.5000000000000009 7.5000000000000009 6.5000000000000009
decision_type=2 2 2
left_child=1 2 -1
right_child=-2 -3 -4
leaf_value=-0.088981899583943883 0.038144469637178963 0.033035572382821343 0.026787740876806323
leaf_weight=0.052099324297160132 0.81657990813255299 0.53706127405166626 0.79640403242956381
leaf_count=282 3 2 39
internal_value=0.0317155 0.0279267 0.0205399
internal_weight=2.20214 1.38556 0.848503
internal_count=326 323 321
is_linear=0
shrinkage=0.1


Tree=783
num_leaves=2
num_cat=0
split_feature=0
split_gain=0.000950344
threshold=4.5000000000000009
decision_type=2
left_child=-1
right_child=-2
leaf_value=-0.0019108855990929187 0.0022470951061861642
leaf_weight=1.1140382047742607 1.085093405403313
leaf_count=81 245
internal_value=0.000140741
internal_weight=2.19913
internal_count=326
is_linear=0
shrinkage=0.1


Tree=784
num_leaves=1
num_cat=0
split_feature=
split_gain=
threshold=
decision_type=
left_child=
right_child=
leaf_value=0
leaf_weight=
leaf_count=326
internal_value=
internal_weight=
internal_count=
is_linear=0
shrinkage=1


Tree=785
num_leaves=2
num_cat=0
split_feature=1
split_gain=0.00715523
threshold=2.5000000000000004
decision_type=2
left_child=-1
right_child=-2
leaf_value=-0.0059847347261157424 -0.00099148814975061144
leaf_weight=3.4168672040104893 17.925691362615908
leaf_count=19 307
internal_value=-0.00179089
internal_weight=21.3426
internal_count=326
is_linear=0
shrinkage=0.1


Tree=786
num_leaves=2
num_cat=0
split_feature=2
split_gain=0.0577492
threshold=3.5000000000000004
decision_type=2
left_child=-1
right_child=-2
leaf_value=-0.012707126003718722 0.0011814017448364853
leaf_weight=3.2592777833342543 36.766409976000432
leaf_count=24 302
internal_value=5.04638e-05
internal_weight=40.0257
internal_count=326
is_linear=0
shrinkage=0.1


Tree=787
num_leaves=4
num_cat=0
split_feature=0 0 1
split_gain=0.0501443 0.0190935 0.00799197
threshold=4.5000000000000009 3.5000000000000004 4.5000000000000009
decision_type=2 2 2
left_child=1 -1 -2
right_child=2 -3 -4
leaf_value=-0.012681261743679546 0.0031563143117529797 -0.00041223307744439071 0.0066626143888887856
leaf_weight=1.6947124293074001 8.3836930431425554 5.042678335448727 28.941846390487626
leaf_count=32 43 49 202
internal_value=0.00444183 -0.00349836 0.00587506
internal_weight=44.0629 6.73739 37.3255
internal_count=326 81 245
is_linear=0
shrinkage=0.1


Tree=788
num_leaves=6
num_cat=0
split_feature=1 1 3 0 1
split_gain=0.026753 0.301197 0.0293035 0.0507242 0.0384042
threshold=4.5000000000000009 3.5000000000000004 5.5000000000000009 6.5000000000000009 5.5000000000000009
decision_type=2 2 2 2 2
left_child=1 -1 3 -2 -4
right_child=2 -3 4 -5 -6
leaf_value=-0.044850986887529483 0.0080133043895538412 0.0080133043895538412 0.010691285043050568 0.010691285043050568 0.016180596561290724
leaf_weight=1.1051554834994011 2.3004068336449555 3.8364473494584672 9.132925249636175 3.2490234151482582 19.578409953042865
leaf_count=56 53 56 40 14 107
internal_value=0.0109565 0.00407799 0.0119486 0.0080133 0.0133693
internal_weight=39.2024 4.9416 34.2608 5.54943 28.7113
internal_count=326 112 214 67 147
is_linear=0
shrinkage=0.1


Tree=789
num_leaves=7
num_cat=0
split_feature=1 2 0 1 1 1
split_gain=0.00461288 0.107649 0.177738 0.0428231 0.180671 5.28187e-07
threshold=7.5000000000000009 6.5000000000000009 7.5000000000000009 5.5000000000000009 4.5000000000000009 3.5000000000000004
decision_type=2 2 2 2 2 2
left_child=1 2 3 4 5 -1
right_child=-2 -3 -4 -5 -6 -7
leaf_value=-0.091918281119914902 0.025215208598838901 0.022984905596395048 0.017357406350252579 0.0053394390925421975 -0.0031803458810711529 -0.091624730561463308
leaf_weight=0.1073522611404788 2.7263253498822442 6.3873512111604205 2.265754098072648 4.6890213278820738 1.9014709838374984 0.14286642776278313
leaf_count=56 17 39 14 80 64 56
internal_value=0.0214221 0.0207546 0.0117299 -2.02182e-05 -0.0117001 -0.0917507
internal_weight=18.2201 15.4938 9.10647 6.84071 2.15169 0.250219
internal_count=326 309 270 256 176 112
is_linear=0
shrinkage=0.1


Tree=790
num_leaves=5
num_cat=0
split_feature=2 3 3 3
split_gain=0.0574473 0.166035 0.179097 0.00107846
threshold=6.5000000000000009 6.5000000000000009 5.5000000000000009 4.5000000000000009
decision_type=2 2 2 2
left_child=1 2 3 -1
right_child=-2 -3 -4 -5
leaf_value=-0.10694423858056082 0.029163084748137131 0.020637895467817937 -0.0011067594541120255 -0.089514464005080327
leaf_weight=0.16671411075003584 5.3519878978841007 2.0138593704905361 0.90706674769171514 0.04510345669950766
leaf_count=31 44 32 115 104
internal_value=0.0228677 0.0121127 -0.0204404 -0.103233
internal_weight=8.48473 3.13274 1.11888 0.211818
internal_count=326 282 250 135
is_linear=0
shrinkage=0.1


Tree=791
num_leaves=3
num_cat=0
split_feature=0 2
split_gain=0.00465294 0.00660397
threshold=8.5000000000000018 7.5000000000000009
decision_type=2 2
left_child=1 -1
right_child=-2 -3
leaf_value=0.024729610818466224 0.040713514550906688 0.034845257682241185
leaf_weight=1.2456306373551345 0.41671161884732999 0.53797727823257435
leaf_count=319 5 2
internal_value=0.0311997 0.028977
internal_weight=2.20032 1.78361
internal_count=326 321
is_linear=0
shrinkage=0.1


Tree=792
num_leaves=2
num_cat=0
split_feature=0
split_gain=0.000987815
threshold=4.5000000000000009
decision_type=2
left_child=-1
right_child=-2
leaf_value=-0.0018888569097017076 0.0023519055045124557
leaf_weight=1.1136992915999147 1.0837971756882323
leaf_count=81 245
internal_value=0.000202672
internal_weight=2.1975
internal_count=326
is_linear=0
shrinkage=0.1


Tree=793
num_leaves=1
num_cat=0
split_feature=
split_gain=
threshold=
decision_type=
left_child=
right_child=
leaf_value=0
leaf_weight=
leaf_count=326
internal_value=
internal_weight=
internal_count=
is_linear=0
shrinkage=1


Tree=794
num_leaves=2
num_cat=0
split_feature=1
split_gain=0.00665304
threshold=2.5000000000000004
decision_type=2
left_child=-1
right_child=-2
leaf_value=-0.0056306516858148194 -0.00081091316234287126
leaf_weight=3.4100038073956993 17.886849119138788
leaf_count=19 307
internal_value=-0.00158264
internal_weight=21.2969
internal_count=326
is_linear=0
shrinkage=0.1


Tree=795
num_leaves=2
num_cat=0
split_feature=1
split_gain=0.0549424
threshold=2.5000000000000004
decision_type=2
left_child=-1
right_child=-2
leaf_value=-0.012004709654271729 0.0013441388250753422
leaf_weight=3.3672831803560248 36.563970914983656
leaf_count=19 307
internal_value=0.00021847
internal_weight=39.9313
internal_count=326
is_linear=0
shrinkage=0.1


Tree=796
num_leaves=4
num_cat=0
split_feature=1 0 2
split_gain=0.0766456 0.914897 0.0134961
threshold=3.5000000000000004 4.5000000000000009 4.5000000000000009
decision_type=2 2 2
left_child=1 -1 -2
right_child=2 -3 -4
leaf_value=-0.098766709625606255 0.00039785170860874992 -0.0031156423773650065 0.0062209343985178212
leaf_weight=1.022291858098469 4.4623238230124107 1.6697023175656793 36.837050900096074
leaf_count=47 37 9 233
internal_value=0.00452608 -0.011823 0.00559176
internal_weight=43.9914 2.69199 41.2994
internal_count=326 56 270
is_linear=0
shrinkage=0.1


Tree=797
num_leaves=6
num_cat=0
split_feature=1 3 0 1 0
split_gain=0.0280251 0.134738 0.666637 0.0736895 0.143162
threshold=6.5000000000000009 5.5000000000000009 5.5000000000000009 5.5000000000000009 5.5000000000000009
decision_type=2 2 2 2 2
left_child=1 2 -1 4 -3
right_child=-2 3 -4 -5 -6
leaf_value=-0.097290812046624209 0.015323223635988474 0.0021606787171631115 0.0021606787171631115 0.012199130327578158 0.0084845420342235574
leaf_weight=0.71370147130801598 9.4704073537141067 5.2074496038258085 3.4970729150809348 12.034306360408664 8.2114793062210065
leaf_count=95 55 45 33 62 36
internal_value=0.0105871 0.00907504 -0.00749487 0.0118162 0.00476995
internal_weight=39.1344 29.664 4.21077 25.4532 13.4189
internal_count=326 271 128 143 81
is_linear=0
shrinkage=0.1


Tree=798
num_leaves=5
num_cat=0
split_feature=3 0 1 1
split_gain=0.00448505 0.553759 0.117271 0.0130602
threshold=6.5000000000000009 6.5000000000000009 5.5000000000000009 6.5000000000000009
decision_type=2 2 2 2
left_child=1 2 -1 -2
right_child=3 -3 -4 -5
leaf_value=-0.090561761183222872 0.021295156272202909 0.021295156272202909 -0.023095358980819932 0.027527839643976489
leaf_weight=0.31502117246782368 6.9679831108078361 5.4099905516486615 1.4144543592119587 4.0980443507432938
leaf_count=161 36 52 59 18
internal_value=0.0216418 0.0196877 -0.0353843 0.0229026
internal_weight=18.2055 7.13947 1.72948 11.066
internal_count=326 272 220 54
is_linear=0
shrinkage=0.1


Tree=799
num_leaves=5
num_cat=0
split_feature=1 3 2 0
split_gain=0.0629405 0.108046 0.279209 0.00903753
threshold=7.5000000000000009 6.5000000000000009 6.5000000000000009 7.5000000000000009
decision_type=2 2 2 2
left_child=1 2 -1 -3
right_child=-2 3 -4 -5
leaf_value=-0.090876216982752334 0.035841356997429775 0.019053875930356956 0.010188056998432792 0.026473723439029574
leaf_weight=0.30970536080894784 2.575955746229738 1.7338413910474626 1.2975662450771779 2.5592631250619888
leaf_count=242 17 38 19 10
internal_value=0.0227997 0.0171061 -0.00500983 0.0253859
internal_weight=8.47633 5.90038 1.60727 4.2931
internal_count=326 309 261 48
is_linear=0
shrinkage=0.1


Tree=800
num_leaves=3
num_cat=0
split_feature=3 2
split_gain=0.00501888 0.00858149
threshold=7.5000000000000009 7.5000000000000009
decision_type=2 2
left_child=1 -1
right_child=-2 -3
leaf_value=0.020112298907928251 0.03692225880116061 0.031978566492395145
leaf_weight=0.85063650212168818 0.81418773531913746 0.5389549732208252
leaf_count=321 3 2
internal_value=0.0306878 0.0270349
internal_weight=2.20378 1.38959
internal_count=326 323
is_linear=0
shrinkage=0.1


Tree=801
num_leaves=2
num_cat=0
split_feature=0
split_gain=0.00111911
threshold=4.5000000000000009
decision_type=2
left_child=-1
right_child=-2
leaf_value=-0.0020628582701801047 0.0024503031611770535
leaf_weight=1.1156170018948617 1.0825969386860377
leaf_count=81 245
internal_value=0.000159826
internal_weight=2.19821
internal_count=326
is_linear=0
shrinkage=0.1


Tree=802
num_leaves=1
num_cat=0
split_feature=
split_gain=
threshold=
decision_type=
left_child=
right_child=
leaf_value=0
leaf_weight=
leaf_count=326
internal_value=
internal_weight=
internal_count=
is_linear=0
shrinkage=1


Tree=803
num_leaves=2
num_cat=0
split_feature=1
split_gain=0.00746248
threshold=2.5000000000000004
decision_type=2
left_child=-1
right_child=-2
leaf_value=-0.0057239868635792146 -0.0006208414539550732
leaf_weight=3.4134000241756466 17.853735072174459
leaf_count=19 307
internal_value=-0.0014399
internal_weight=21.2671
internal_count=326
is_linear=0
shrinkage=0.1


Tree=804
num_leaves=2
num_cat=0
split_feature=1
split_gain=0.0514094
threshold=2.5000000000000004
decision_type=2
left_child=-1
right_child=-2
leaf_value=-0.011564008699412421 0.0013587036979978103
leaf_weight=3.3621208667755118 36.48932622175198
leaf_count=19 307
internal_value=0.000268462
internal_weight=39.8514
internal_count=326
is_linear=0
shrinkage=0.1


Tree=805
num_leaves=3
num_cat=0
split_feature=2 1
split_gain=0.0518473 0.343526
threshold=4.5000000000000009 4.5000000000000009
decision_type=2 2
left_child=1 -1
right_child=-2 -3
leaf_value=-0.044343656969633077 0.0058269694074870983 0.00029677615246500173
leaf_weight=1.7968213044805441 39.081200988031924 2.9569496959447861
leaf_count=59 249 18
internal_value=0.0046275 -0.00523342
internal_weight=43.835 4.75377
internal_count=326 77
is_linear=0
shrinkage=0.1


Tree=806
num_leaves=6
num_cat=0
split_feature=2 0 1 0 1
split_gain=0.0267947 0.531687 0.988179 0.587244 0.0145348
threshold=5.5000000000000009 6.5000000000000009 5.5000000000000009 5.5000000000000009 6.5000000000000009
decision_type=2 2 2 2 2
left_child=1 2 3 -1 -2
right_child=4 -3 -4 -5 -6
leaf_value=-0.1005172271995404 0.010654789057582281 0.0090169019246501558 -0.0048055258786070315 -0.028251376322121654 0.015508373327358112
leaf_weight=1.6574065849999877 20.878678617998961 2.2596847284585238 1.9177672998048363 3.4971657888963819 8.7581790164113027
leaf_count=112 104 11 23 26 50
internal_value=0.0106177 0.0059447 -0.018628 -0.0514878 0.0120891
internal_weight=38.9689 9.33202 7.07234 5.15457 29.6369
internal_count=326 172 161 138 154
is_linear=0
shrinkage=0.1


Tree=807
num_leaves=7
num_cat=0
split_feature=1 2 2 3 1 3
split_gain=0.00323642 0.0969255 0.0516605 0.123393 0.0138978 0.055823
threshold=7.5000000000000009 6.5000000000000009 5.5000000000000009 6.5000000000000009 5.5000000000000009 6.5000000000000009
decision_type=2 2 2 2 2 2
left_child=1 2 3 -1 -4 -6
right_child=-2 -3 4 -5 5 -7
leaf_value=-0.089239347321072846 0.024642745924776773 0.022774252538490247 0.0071426826546784053 0.0022430258617067351 0.012051274834680612 0.017460752636594374
leaf_weight=0.16463305566867426 2.7273556836880735 6.3628486525267354 1.8738131974823771 0.76293738931417465 2.9841286754235625 3.2738140970468521
leaf_count=164 17 39 37 5 51 13
internal_value=0.0214673 0.0209058 0.0121473 -0.0102116 0.0146977 0.0169599
internal_weight=18.1495 15.4222 9.05933 0.92757 8.13176 6.25794
internal_count=326 309 270 169 101 64
is_linear=0
shrinkage=0.1


Tree=808
num_leaves=4
num_cat=0
split_feature=0 3 0
split_gain=0.0577681 0.14417 1.01136e-08
threshold=7.5000000000000009 6.5000000000000009 6.5000000000000009
decision_type=2 2 2
left_child=1 2 -1
right_child=-2 -3 -4
leaf_value=-0.089531120370261716 0.027335202056522193 0.015326232578943314 -0.089475066400249048
leaf_weight=0.092019228505705208 6.517938666511327 1.7932409716304392 0.049504546492244117
leaf_count=220 39 39 28
internal_value=0.0228311 0.00765758 -0.0895115
internal_weight=8.4527 1.93476 0.141524
internal_count=326 287 248
is_linear=0
shrinkage=0.1


Tree=809
num_leaves=3
num_cat=0
split_feature=3 2
split_gain=0.0044719 0.00776048
threshold=7.5000000000000009 7.5000000000000009
decision_type=2 2
left_child=1 -1
right_child=-2 -3
leaf_value=0.020385173827675147 0.03632631652414426 0.031657110627608009
leaf_weight=0.84907286894667799 0.81301915645599354 0.53961735963821411
leaf_count=321 3 2
internal_value=0.0304363 0.0269879
internal_weight=2.20171 1.38869
internal_count=326 323
is_linear=0
shrinkage=0.1


Tree=810
num_leaves=2
num_cat=0
split_feature=0
split_gain=0.00101241
threshold=4.5000000000000009
decision_type=2
left_child=-1
right_child=-2
leaf_value=-0.0020429291296720077 0.0022477809048416209
leaf_weight=1.1152193690650167 1.0848630739201324
leaf_count=81 245
internal_value=7.28247e-05
internal_weight=2.20008
internal_count=326
is_linear=0
shrinkage=0.1


Tree=811
num_leaves=1
num_cat=0
split_feature=
split_gain=
threshold=
decision_type=
left_child=
right_child=
leaf_value=0
leaf_weight=
leaf_count=326
internal_value=
internal_weight=
internal_count=
is_linear=0
shrinkage=1


Tree=812
num_leaves=2
num_cat=0
split_feature=1
split_gain=0.00738298
threshold=2.5000000000000004
decision_type=2
left_child=-1
right_child=-2
leaf_value=-0.0056025525248856742 -0.00052514676313219837
leaf_weight=3.4117307662963894 17.832971297844779
leaf_count=19 307
internal_value=-0.00134054
internal_weight=21.2447
internal_count=326
is_linear=0
shrinkage=0.1


Tree=813
num_leaves=2
num_cat=0
split_feature=2
split_gain=0.0493442
threshold=3.5000000000000004
decision_type=2
left_child=-1
right_child=-2
leaf_value=-0.011591662866867483 0.0013105101860584978
leaf_weight=3.2256836593151084 36.56983543781098
leaf_count=24 302
internal_value=0.000264706
internal_weight=39.7955
internal_count=326
is_linear=0
shrinkage=0.1


Tree=814
num_leaves=4
num_cat=0
split_feature=1 0 2
split_gain=0.048648 0.863179 0.00614931
threshold=3.5000000000000004 4.5000000000000009 4.5000000000000009
decision_type=2 2 2
left_child=1 -1 -2
right_child=2 -3 -4
leaf_value=-0.098109186663083714 0.001728388017272628 -0.00178805205625341 0.0056797696550035205
leaf_weight=0.94431437284219955 4.4123009038157752 1.6627167724072931 36.67536848038435
leaf_count=47 37 9 233
internal_value=0.00441495 -0.00883154 0.00525544
internal_weight=43.6947 2.60703 41.0877
internal_count=326 56 270
is_linear=0
shrinkage=0.1


Tree=815
num_leaves=6
num_cat=0
split_feature=1 3 2 1 0
split_gain=0.0188474 0.122715 0.568851 0.052612 0.133492
threshold=6.5000000000000009 5.5000000000000009 5.5000000000000009 5.5000000000000009 5.5000000000000009
decision_type=2 2 2 2 2
left_child=1 2 -1 4 -3
right_child=-2 3 -4 -5 -6
leaf_value=-0.09114827321077576 0.01507566931331597 0.0032340558710991134 0.0032340558710991134 0.012502301368579881 0.009351882629791872
leaf_weight=0.67847678608086681 9.3923252131789905 5.0893169161863634 3.4585810229182243 11.957130907103419 8.1642504259943944
leaf_count=111 55 45 17 62 36
internal_value=0.0111767 0.00992893 -0.00603419 0.0125023 0.00620146
internal_weight=38.7401 29.3478 4.13706 25.2107 13.2536
internal_count=326 271 128 143 81
is_linear=0
shrinkage=0.1


Tree=816
num_leaves=4
num_cat=0
split_feature=1 3 1
split_gain=0.00284933 0.00235895 0.0571756
threshold=7.5000000000000009 6.5000000000000009 5.5000000000000009
decision_type=2 2 2
left_child=1 2 -1
right_child=-2 -3 -4
leaf_value=-0.0036412193842910953 0.02421370432559028 0.02165512155722284 0.020372870867334636
leaf_weight=1.0076747583807453 2.7306184321641913 9.7201968571171165 4.6768021712778136
leaf_count=169 17 48 92
internal_value=0.0212365 0.0207088 0.0190906
internal_weight=18.1353 15.4047 5.68448
internal_count=326 309 261
is_linear=0
shrinkage=0.1


Tree=817
num_leaves=6
num_cat=0
split_feature=2 1 3 3 0
split_gain=0.0572336 0.0723493 0.0673743 0.242621 0.000937734
threshold=7.5000000000000009 7.5000000000000009 6.5000000000000009 5.5000000000000009 7.5000000000000009
decision_type=2 2 2 2 2
left_child=1 2 3 -1 -4
right_child=-2 -3 4 -5 -6
leaf_value=-0.10387401441553418 0.054788456289323634 0.034193821338393361 0.019357442869451222 0.0087550316746677331 0.022521971821605636
leaf_weight=0.21008256921140822 0.51731353998184193 2.5849730568588711 1.7302356071304532 1.3641314533815603 2.0409693866968155
leaf_count=135 2 17 38 126 8
internal_value=0.022561 0.0204587 0.0138166 -0.00356002 0.0210701
internal_weight=8.44771 7.93039 5.34542 1.57421 3.7712
internal_count=326 324 307 261 46
is_linear=0
shrinkage=0.1


Tree=818
num_leaves=3
num_cat=0
split_feature=0 2
split_gain=0.00389405 0.00534541
threshold=8.5000000000000018 7.5000000000000009
decision_type=2 2
left_child=1 -1
right_child=-2 -3
leaf_value=0.024141033919949272 0.038709339564193201 0.033327790788095633
leaf_weight=1.2465527459717125 0.41403163845825464 0.54034936428070057
leaf_count=319 5 2
internal_value=0.029971 0.0279462
internal_weight=2.20093 1.7869
internal_count=326 321
is_linear=0
shrinkage=0.1


Tree=819
num_leaves=2
num_cat=0
split_feature=0
split_gain=0.00109059
threshold=4.5000000000000009
decision_type=2
left_child=-1
right_child=-2
leaf_value=-0.0021119916943794846 0.0023418435129088618
leaf_weight=1.1159140169620516 1.0836947057250652
leaf_count=81 245
internal_value=8.23066e-05
internal_weight=2.19961
internal_count=326
is_linear=0
shrinkage=0.1


Tree=820
num_leaves=1
num_cat=0
split_feature=
split_gain=
threshold=
decision_type=
left_child=
right_child=
leaf_value=0
leaf_weight=
leaf_count=326
internal_value=
internal_weight=
internal_count=
is_linear=0
shrinkage=1


Tree=821
num_leaves=2
num_cat=0
split_feature=1
split_gain=0.00713377
threshold=2.5000000000000004
decision_type=2
left_child=-1
right_child=-2
leaf_value=-0.0054135211523482418 -0.00041965223305137135
leaf_weight=3.4080995656549957 17.803643933395506
leaf_count=19 307
internal_value=-0.00122202
internal_weight=21.2117
internal_count=326
is_linear=0
shrinkage=0.1


Tree=822
num_leaves=2
num_cat=0
split_feature=1
split_gain=0.0480596
threshold=2.5000000000000004
decision_type=2
left_child=-1
right_child=-2
leaf_value=-0.011124884981043123 0.0013954511542250117
leaf_weight=3.3482491895556441 36.347212109598331
leaf_count=19 307
internal_value=0.000339381
internal_weight=39.6955
internal_count=326
is_linear=0
shrinkage=0.1


Tree=823
num_leaves=3
num_cat=0
split_feature=2 1
split_gain=0.0365811 0.302851
threshold=4.5000000000000009 4.5000000000000009
decision_type=2 2
left_child=1 -1
right_child=-2 -3
leaf_value=-0.04169405215550262 0.0055884347185244689 0.00091148636707595425
leaf_weight=1.7248422360280518 38.851297581102699 2.9602591134607792
leaf_count=59 249 18
internal_value=0.00458183 -0.00376546
internal_weight=43.5364 4.6851
internal_count=326 77
is_linear=0
shrinkage=0.1


Tree=824
num_leaves=8
num_cat=0
split_feature=1 3 0 1 1 2 1
split_gain=0.0173444 0.110718 0.950614 2.24305 0.182422 0.0892219 0.00633162
threshold=6.5000000000000009 6.5000000000000009 5.5000000000000009 5.5000000000000009 3.5000000000000004 5.5000000000000009 2.5000000000000004
decision_type=2 2 2 2 2 2 2
left_child=1 2 3 4 6 -6 -1
right_child=-2 -3 -4 -5 5 -7 -8
leaf_value=-0.14564962052663052 0.014986445648688783 0.012514182255586049 0.0087340680504722299 -0.012037662822588851 -0.1008402988307017 -0.067106115937710681 -0.12711288706376986
leaf_weight=0.34892986604246035 9.3661138564348203 6.7496712878346434 16.804088945034891 1.7058348618447778 1.321596798254177 1.9275026172399521 0.39047371970082168
leaf_count=19 55 36 94 17 62 10 33
internal_value=0.0112412 0.0100419 0.00495395 -0.0328094 -0.0910299 -0.0808278 -0.135861
internal_weight=38.6142 29.2481 22.4984 5.69434 3.9885 3.2491 0.739404
internal_count=326 271 235 141 124 72 52
is_linear=0
shrinkage=0.1


Tree=825
num_leaves=5
num_cat=0
split_feature=1 2 0 1
split_gain=0.00367893 0.0988132 0.166194 0.0367056
threshold=7.5000000000000009 6.5000000000000009 7.5000000000000009 5.5000000000000009
decision_type=2 2 2 2
left_child=1 2 3 -1
right_child=-2 -3 -4 -5
leaf_value=-0.011057806523376415 0.024127648341337585 0.022137062447849503 0.016755801093487777 0.0048460713500900112
leaf_weight=2.1069157179044868 2.7326340931467703 6.3556060660630456 2.2881891932338476 4.6629093489609659
leaf_count=176 17 39 14 80
internal_value=0.020746 0.0201465 0.0113745 -0.000103559
internal_weight=18.1463 15.4136 9.05801 6.76983
internal_count=326 309 270 256
is_linear=0
shrinkage=0.1


Tree=826
num_leaves=5
num_cat=0
split_feature=1 3 0 1
split_gain=0.0548354 0.152711 0.117901 0.0839776
threshold=5.5000000000000009 6.5000000000000009 7.5000000000000009 7.5000000000000009
decision_type=2 2 2 2
left_child=2 3 -1 -2
right_child=1 -3 -4 -5
leaf_value=-0.089933949983344919 0.01032998274784018 0.03484337088562272 0.01032998274784018 0.02258667681673145
leaf_weight=0.13218308867180883 1.2185929607439903 5.2276815036311746 0.58479229267686605 1.2792129715671763
leaf_count=179 92 39 5 11
internal_value=0.0223299 0.0247851 -0.00412509 0.01033
internal_weight=8.44246 7.72549 0.716975 2.49781
internal_count=326 142 184 103
is_linear=0
shrinkage=0.1


Tree=827
num_leaves=5
num_cat=0
split_feature=2 3 3 3
split_gain=0.00420804 0.00956169 0.102189 5.60501e-07
threshold=7.5000000000000009 7.5000000000000009 6.5000000000000009 5.5000000000000009
decision_type=2 2 2 2
left_child=1 2 3 -1
right_child=-2 -3 -4 -5
leaf_value=-0.089616437682689259 0.03746837971453934 0.032387132250310133 0.026017796926705916 -0.08905633940302321
leaf_weight=0.052081925357015502 0.53951424360275257 0.81052178144454956 0.77480594021471916 0.027196799293051299
leaf_count=138 2 3 49 134
internal_value=0.0297934 0.0273059 0.0196485 -0.0894243
internal_weight=2.20412 1.66461 0.854085 0.0792787
internal_count=326 324 321 272
is_linear=0
shrinkage=0.1


Tree=828
num_leaves=2
num_cat=0
split_feature=0
split_gain=0.000955085
threshold=4.5000000000000009
decision_type=2
left_child=-1
right_child=-2
leaf_value=-0.0021351746114131142 0.002029201204321636
leaf_weight=1.1160553707741203 1.0872595053151597
leaf_count=81 245
internal_value=-8.01995e-05
internal_weight=2.20331
internal_count=326
is_linear=0
shrinkage=0.1


Tree=829
num_leaves=1
num_cat=0
split_feature=
split_gain=
threshold=
decision_type=
left_child=
right_child=
leaf_value=0
leaf_weight=
leaf_count=326
internal_value=
internal_weight=
internal_count=
is_linear=0
shrinkage=1


Tree=830
num_leaves=2
num_cat=0
split_feature=1
split_gain=0.00727957
threshold=2.5000000000000004
decision_type=2
left_child=-1
right_child=-2
leaf_value=-0.0054119977601876246 -0.00036849281839450364
leaf_weight=3.4103897958993938 17.791198416816769
leaf_count=19 307
internal_value=-0.00117977
internal_weight=21.2016
internal_count=326
is_linear=0
shrinkage=0.1


Tree=831
num_leaves=2
num_cat=0
split_feature=1
split_gain=0.0428963
threshold=2.5000000000000004
decision_type=2
left_child=-1
right_child=-2
leaf_value=-0.010582165429362366 0.0012497791438994977
leaf_weight=3.3464560136198989 36.320066166168544
leaf_count=19 307
internal_value=0.00025158
internal_weight=39.6665
internal_count=326
is_linear=0
shrinkage=0.1


Tree=832
num_leaves=4
num_cat=0
split_feature=0 0 1
split_gain=0.032467 0.0181742 0.01247
threshold=4.5000000000000009 3.5000000000000004 4.5000000000000009
decision_type=2 2 2
left_child=1 -1 -2
right_child=2 -3 -4
leaf_value=-0.011321564849249318 0.0019473365032330538 0.00078767623877686152 0.0063557859650029474
leaf_weight=1.6553765706485126 8.2728434689342958 4.9325819445075467 28.594357949215919
leaf_count=32 43 49 202
internal_value=0.00421109 -0.00225505 0.00536655
internal_weight=43.4552 6.58796 36.8672
internal_count=326 81 245
is_linear=0
shrinkage=0.1


Tree=833
num_leaves=5
num_cat=0
split_feature=1 3 1 1
split_gain=0.0105903 0.107742 0.032608 0.00315312
threshold=6.5000000000000009 5.5000000000000009 5.5000000000000009 4.5000000000000009
decision_type=2 2 2 2
left_child=1 -1 3 -3
right_child=-2 2 -4 -5
leaf_value=-0.0042002844400591708 0.014860262271779189 0.0056004264601610893 0.012924813678436762 0.0089389714654658243
leaf_weight=4.0455047095601939 9.3353295065462572 4.1258548465557388 11.92679300904274 8.9997986555099487
leaf_count=128 55 41 62 40
internal_value=0.0119296 0.0109894 0.0129248 0.00788955
internal_weight=38.4333 29.098 25.0524 13.1257
internal_count=326 271 143 81
is_linear=0
shrinkage=0.1


Tree=834
num_leaves=5
num_cat=0
split_feature=3 0 1 1
split_gain=0.00478983 0.482465 0.108507 0.0184217
threshold=6.5000000000000009 6.5000000000000009 5.5000000000000009 6.5000000000000009
decision_type=2 2 2 2
left_child=1 2 -1 -2
right_child=3 -3 -4 -5
leaf_value=-0.090447378172047954 0.020589850342164151 0.020589850342164151 -0.021913342892758179 0.027855003439182027
leaf_weight=0.27699604587542204 6.9419063189998269 5.4818321184720844 1.391799922683276 4.0662332326173782
leaf_count=161 36 52 59 18
internal_value=0.0209429 0.0189278 -0.033289 0.0222519
internal_weight=18.1588 7.15063 1.6688 11.0081
internal_count=326 272 220 54
is_linear=0
shrinkage=0.1


Tree=835
num_leaves=5
num_cat=0
split_feature=2 2 3 3
split_gain=0.0575005 0.260781 0.0483198 0.000102704
threshold=6.5000000000000009 5.5000000000000009 6.5000000000000009 6.5000000000000009
decision_type=2 2 2 2
left_child=1 3 -3 -1
right_child=-2 2 -4 -5
leaf_value=-0.095686437903269944 0.027975724818353115 -0.0036686126146106808 0.019441641985041214 -0.090247405780365803
leaf_weight=0.17462362816513666 5.3299487142357975 0.907024882424594 2.0095767006278038 0.043331979541108012
leaf_count=167 44 83 27 5
internal_value=0.0216551 0.0109076 0.0187924 -0.0946051
internal_weight=8.46451 3.13456 2.9166 0.217956
internal_count=326 282 110 172
is_linear=0
shrinkage=0.1


Tree=836
num_leaves=3
num_cat=0
split_feature=3 2
split_gain=0.00363138 0.00692849
threshold=7.5000000000000009 7.5000000000000009
decision_type=2 2
left_child=1 -1
right_child=-2 -3
leaf_value=0.020463672324271744 0.035201126267372602 0.030988725138589093
leaf_weight=0.84781073246995242 0.8102402091026305 0.54039907455444336
leaf_count=321 3 2
internal_value=0.0298813 0.0267763
internal_weight=2.19845 1.38821
internal_count=326 323
is_linear=0
shrinkage=0.1


Tree=837
num_leaves=2
num_cat=0
split_feature=0
split_gain=0.00100629
threshold=4.5000000000000009
decision_type=2
left_child=-1
right_child=-2
leaf_value=-0.0020861793604442678 0.0021909458149764619
leaf_weight=1.1153698160778733 1.0853183434956006
leaf_count=81 245
internal_value=2.31801e-05
internal_weight=2.20069
internal_count=326
is_linear=0
shrinkage=0.1


Tree=838
num_leaves=1
num_cat=0
split_feature=
split_gain=
threshold=
decision_type=
left_child=
right_child=
leaf_value=0
leaf_weight=
leaf_count=326
internal_value=
internal_weight=
internal_count=
is_linear=0
shrinkage=1


Tree=839
num_leaves=2
num_cat=0
split_feature=1
split_gain=0.00737597
threshold=2.5000000000000004
decision_type=2
left_child=-1
right_child=-2
leaf_value=-0.0052473577741324337 -0.00016831900479130749
leaf_weight=3.4079904183745411 17.758586862735683
leaf_count=19 307
internal_value=-0.000986085
internal_weight=21.1666
internal_count=326
is_linear=0
shrinkage=0.1


Tree=840
num_leaves=2
num_cat=0
split_feature=2
split_gain=0.041744
threshold=3.5000000000000004
decision_type=2
left_child=-1
right_child=-2
leaf_value=-0.010541403145917699 0.0013807104844965092
leaf_weight=3.1946007609367362 36.405771415506024
leaf_count=24 302
internal_value=0.000418942
internal_weight=39.6004
internal_count=326
is_linear=0
shrinkage=0.1


Tree=841
num_leaves=4
num_cat=0
split_feature=0 0 1
split_gain=0.0301433 0.0153827 0.0127052
threshold=4.5000000000000009 3.5000000000000004 4.5000000000000009
decision_type=2 2 2
left_child=1 -1 -2
right_child=2 -3 -4
leaf_value=-0.010335265871750028 0.0019257021520950126 0.00082332798766639377 0.006376779658175024
leaf_weight=1.6482664642389853 8.2716443315148336 4.9323567242827266 28.537489181617275
leaf_count=32 43 49 202
internal_value=0.0042621 -0.0019716 0.00537655
internal_weight=43.3898 6.58062 36.8091
internal_count=326 81 245
is_linear=0
shrinkage=0.1


Tree=842
num_leaves=5
num_cat=0
split_feature=1 3 3 1
split_gain=0.00966722 0.0955357 0.0371828 0.269432
threshold=6.5000000000000009 5.5000000000000009 6.5000000000000009 5.5000000000000009
decision_type=2 2 2 2
left_child=1 -1 3 -3
right_child=-2 2 -4 -5
leaf_value=-0.0034349898167876959 0.014574209968911256 0.0046433716097683394 0.012721733036324373 0.010449118536295916
leaf_weight=4.0415712623216704 9.2974794842302781 10.117447030264888 6.7433618791401377 8.1370457112789154
leaf_count=128 55 66 36 41
internal_value=0.0117678 0.0108693 0.0127217 0.0081765
internal_weight=38.3369 29.0394 24.9979 18.2545
internal_count=326 271 143 107
is_linear=0
shrinkage=0.1


Tree=843
num_leaves=5
num_cat=0
split_feature=3 0 1 1
split_gain=0.00234658 0.418268 0.106517 0.0173498
threshold=6.5000000000000009 6.5000000000000009 5.5000000000000009 6.5000000000000009
decision_type=2 2 2 2
left_child=1 2 -1 -2
right_child=3 -3 -4 -5
leaf_value=-0.090303659187014773 0.020473704939316328 0.020473704939316328 -0.019527620429199383 0.027287517193364932
leaf_weight=0.25239494991001343 6.9369635749608278 5.5113836866803467 1.3500491752056403 4.0585800409317017
leaf_count=161 36 52 59 18
internal_value=0.0207235 0.0193083 -0.0306753 0.0216391
internal_weight=18.1094 7.11383 1.60244 10.9955
internal_count=326 272 220 54
is_linear=0
shrinkage=0.1


Tree=844
num_leaves=3
num_cat=0
split_feature=0 0
split_gain=0.0526137 0.135205
threshold=7.5000000000000009 5.5000000000000009
decision_type=2 2
left_child=1 -1
right_child=-2 -3
leaf_value=-0.090803492846071948 0.026130735121076717 0.014466302369353071
leaf_weight=0.13084669413001382 6.5038746297359467 1.8060213498793016
leaf_count=152 39 135
internal_value=0.0218223 0.00735472
internal_weight=8.44074 1.93687
internal_count=326 287
is_linear=0
shrinkage=0.1


Tree=845
num_leaves=5
num_cat=0
split_feature=2 3 3 3
split_gain=0.00316097 0.00718457 0.0947119 4.19827e-07
threshold=7.5000000000000009 7.5000000000000009 6.5000000000000009 5.5000000000000009
decision_type=2 2 2 2
left_child=1 2 3 -1
right_child=-2 -3 -4 -5
leaf_value=-0.089546811319216213 0.036294967323193116 0.03189192437342335 0.026349451693725479 -0.089039543206031968
leaf_weight=0.047927384071954515 0.54082638025283802 0.80914419889450073 0.77314858274621656 0.024735788924772351
leaf_count=138 2 3 49 134
internal_value=0.0296578 0.0274889 0.020807 -0.0893741
internal_weight=2.19578 1.65496 0.845812 0.0726632
internal_count=326 324 321 272
is_linear=0
shrinkage=0.1


Tree=846
num_leaves=2
num_cat=0
split_feature=0
split_gain=0.00100545
threshold=4.5000000000000009
decision_type=2
left_child=-1
right_child=-2
leaf_value=-0.0019762117385340719 0.0023018000371264453
leaf_weight=1.1139850758481773 1.0839673788977959
leaf_count=81 245
internal_value=0.000133581
internal_weight=2.19795
internal_count=326
is_linear=0
shrinkage=0.1


Tree=847
num_leaves=1
num_cat=0
split_feature=
split_gain=
threshold=
decision_type=
left_child=
right_child=
leaf_value=0
leaf_weight=
leaf_count=326
internal_value=
internal_weight=
internal_count=
is_linear=0
shrinkage=1


Tree=848
num_leaves=2
num_cat=0
split_feature=1
split_gain=0.00663048
threshold=2.5000000000000004
decision_type=2
left_child=-1
right_child=-2
leaf_value=-0.0048703981248579432 -4.9611538889651493e-05
leaf_weight=3.4001889713108566 17.730245671249577
leaf_count=19 307
internal_value=-0.000825345
internal_weight=21.1304
internal_count=326
is_linear=0
shrinkage=0.1


Tree=849
num_leaves=2
num_cat=0
split_feature=1
split_gain=0.0392637
threshold=2.5000000000000004
decision_type=2
left_child=-1
right_child=-2
leaf_value=-0.0098222827161414308 0.0015224046344194677
leaf_weight=3.3315776959061614 36.191425173834432
leaf_count=19 307
internal_value=0.000566108
internal_weight=39.523
internal_count=326
is_linear=0
shrinkage=0.1


Tree=850
num_leaves=3
num_cat=0
split_feature=2 1
split_gain=0.0277087 0.26582
threshold=4.5000000000000009 4.5000000000000009
decision_type=2 2
left_child=1 -1
right_child=-2 -3
leaf_value=-0.039422400675530926 0.0051436541828050533 0.0010562424461352108
leaf_weight=1.6696709212847043 38.689671662636101 2.9743000529706478
leaf_count=59 249 18
internal_value=0.00426758 -0.00303117
internal_weight=43.3336 4.64397
internal_count=326 77
is_linear=0
shrinkage=0.1


Tree=851
num_leaves=8
num_cat=0
split_feature=1 3 0 1 1 2 1
split_gain=0.00927669 0.0892164 0.751571 2.09888 0.169729 0.106028 0.00440902
threshold=6.5000000000000009 6.5000000000000009 5.5000000000000009 5.5000000000000009 3.5000000000000004 5.5000000000000009 2.5000000000000004
decision_type=2 2 2 2 2 2 2
left_child=1 2 3 4 6 -6 -1
right_child=-2 -3 -4 -5 5 -7 -8
leaf_value=-0.13946039062130922 0.014488749232079027 0.012670811352469658 0.0093402906399417274 -0.0093916064729428414 -0.099766691080917125 -0.062026898462150183 -0.12360682894036282
leaf_weight=0.33528260755702577 9.2578260824084264 6.7292819246649733 16.736625017598271 1.7019038689322767 1.2227725583361462 1.9029372185468674 0.3679279922216665
leaf_count=19 55 36 94 17 62 10 33
internal_value=0.0117328 0.0108529 0.00600977 -0.0281235 -0.086777 -0.0767906 -0.131166
internal_weight=38.2546 28.9967 22.2674 5.53082 3.82892 3.12571 0.703211
internal_count=326 271 235 141 124 72 52
is_linear=0
shrinkage=0.1


Tree=852
num_leaves=7
num_cat=0
split_feature=1 2 2 3 1 3
split_gain=0.00212336 0.0907798 0.0461579 0.102197 0.0105828 0.0519504
threshold=7.5000000000000009 6.5000000000000009 5.5000000000000009 6.5000000000000009 5.5000000000000009 6.5000000000000009
decision_type=2 2 2 2 2 2
left_child=1 2 3 -1 -4 -6
right_child=-2 -3 4 -5 5 -7
leaf_value=-0.089225776029766168 0.023064861904285316 0.021552022684115393 0.0070933832993530363 0.0018625711352238978 0.011393962145007442 0.016440132344675659
leaf_weight=0.13864386764362358 2.7328881695866576 6.3097708709537974 1.8547317359189035 0.77329876273870468 2.9944962440058589 3.2594265937805176
leaf_count=164 17 39 37 5 51 13
internal_value=0.020497 0.0200392 0.0113282 -0.010002 0.0137272 0.0156945
internal_weight=18.0633 15.3304 9.0206 0.911943 8.10865 6.25392
internal_count=326 309 270 169 101 64
is_linear=0
shrinkage=0.1


Tree=853
num_leaves=6
num_cat=0
split_feature=2 1 3 3 0
split_gain=0.0522099 0.0679868 0.0606909 0.220579 0.000385852
threshold=7.5000000000000009 7.5000000000000009 6.5000000000000009 5.5000000000000009 7.5000000000000009
decision_type=2 2 2 2 2
left_child=1 2 3 -1 -4
right_child=-2 -3 4 -5 -6
leaf_value=-0.10286761615269054 0.052404541655695018 0.033040858760438163 0.019025499581530013 0.0083929026052564498 0.021055231215114975
leaf_weight=0.19551212180976985 0.52062869071960438 2.5787427616887726 1.7329951925203206 1.3631167808052851 2.0379737317562103
leaf_count=135 2 17 38 126 8
internal_value=0.0217307 0.0197114 0.0132619 -0.00333664 0.0201224
internal_weight=8.42897 7.90834 5.3296 1.55863 3.77097
internal_count=326 324 307 261 46
is_linear=0
shrinkage=0.1


Tree=854
num_leaves=3
num_cat=0
split_feature=0 2
split_gain=0.00256725 0.00382882
threshold=8.5000000000000018 7.5000000000000009
decision_type=2 2
left_child=1 -1
right_child=-2 -3
leaf_value=0.02454024108867188 0.036573456134323834 0.032191687728366544
leaf_weight=1.2376095902586715 0.41159488996345306 0.54194092750549305
leaf_count=319 5 2
internal_value=0.0294561 0.0278099
internal_weight=2.19115 1.77955
internal_count=326 321
is_linear=0
shrinkage=0.1


Tree=855
num_leaves=2
num_cat=0
split_feature=0
split_gain=0.000881717
threshold=4.5000000000000009
decision_type=2
left_child=-1
right_child=-2
leaf_value=-0.0019710471159087267 0.0020324024768690152
leaf_weight=1.1137930145487192 1.08702728472781
leaf_count=81 245
internal_value=6.33329e-06
internal_weight=2.20082
internal_count=326
is_linear=0
shrinkage=0.1


Tree=856
num_leaves=1
num_cat=0
split_feature=
split_gain=
threshold=
decision_type=
left_child=
right_child=
leaf_value=0
leaf_weight=
leaf_count=326
internal_value=
internal_weight=
internal_count=
is_linear=0
shrinkage=1


Tree=857
num_leaves=2
num_cat=0
split_feature=1
split_gain=0.00670729
threshold=2.5000000000000004
decision_type=2
left_child=-1
right_child=-2
leaf_value=-0.0048599286888520981 -1.2168963849904874e-05
leaf_weight=3.4020385220646885 17.71946253128408
leaf_count=19 307
internal_value=-0.000792997
internal_weight=21.1215
internal_count=326
is_linear=0
shrinkage=0.1


Tree=858
num_leaves=3
num_cat=0
split_feature=2 1
split_gain=0.0357282 0.0295625
threshold=3.5000000000000004 2.5000000000000004
decision_type=2 2
left_child=-1 -2
right_child=1 -3
leaf_value=-0.009692287632425356 -0.0041576897428570805 0.0022748324878660831
leaf_weight=3.1704723462462416 2.287994571030139 34.033589620492421
leaf_count=24 9 293
internal_value=0.000488259 0.00137691
internal_weight=39.4921 36.3216
internal_count=326 302
is_linear=0
shrinkage=0.1


Tree=859
num_leaves=3
num_cat=0
split_feature=3 1
split_gain=0.623955 0.00124275
threshold=4.5000000000000009 4.5000000000000009
decision_type=2 2
left_child=-1 -2
right_child=1 -3
leaf_value=-0.044492725558862342 0.0061323125255380887 0.0073310681360858193
leaf_weight=2.5011416393099344 12.457778343115931 28.2800310223829
leaf_count=32 93 201
internal_value=0.00398796 0.00696448
internal_weight=43.239 40.7378
internal_count=326 294
is_linear=0
shrinkage=0.1


Tree=860
num_leaves=4
num_cat=0
split_feature=3 1 1
split_gain=0.00831296 0.0695578 0.0268281
threshold=5.5000000000000009 6.5000000000000009 5.5000000000000009
decision_type=2 2 2
left_child=1 -1 -2
right_child=2 -3 -4
leaf_value=-0.0024085821776363269 0.010995170832569609 0.010995170832569609 0.015575343510607227
leaf_weight=4.0088633794657644 12.988865171093492 1.9718608055263755 19.093679174780846
leaf_count=128 81 10 107
internal_value=0.0123875 0.00896473 0.0130256
internal_weight=38.0633 5.98072 32.0825
internal_count=326 138 188
is_linear=0
shrinkage=0.1


Tree=861
num_leaves=7
num_cat=0
split_feature=1 2 2 3 1 3
split_gain=0.00227215 0.0870926 0.0392865 0.095582 0.00974918 0.0522843
threshold=7.5000000000000009 6.5000000000000009 5.5000000000000009 6.5000000000000009 5.5000000000000009 6.5000000000000009
decision_type=2 2 2 2 2 2
left_child=1 2 3 -1 -4 -6
right_child=-2 -3 4 -5 5 -7
leaf_value=-0.089194487577109599 0.023027425887402184 0.021462782593554511 0.0072533487734547583 0.0025926542012913501 0.011379716507218238 0.016441836485334413
leaf_weight=0.12639982985092579 2.7343679210171095 6.3142839632928363 1.8562221789034081 0.77105707861483097 2.9982327409088612 3.2568345218896866
leaf_count=164 17 39 37 5 51 13
internal_value=0.020372 0.0198981 0.0114209 -0.00843218 0.0136175 0.0155061
internal_weight=18.0574 15.323 9.00875 0.897457 8.11129 6.25507
internal_count=326 309 270 169 101 64
is_linear=0
shrinkage=0.1


Tree=862
num_leaves=5
num_cat=0
split_feature=2 3 3 3
split_gain=0.0489888 0.127074 0.17294 0.000762881
threshold=6.5000000000000009 6.5000000000000009 5.5000000000000009 4.5000000000000009
decision_type=2 2 2 2
left_child=1 2 3 -1
right_child=-2 -3 -4 -5
leaf_value=-0.10663167666108214 0.027345600629542416 0.019445354492950765 0.00091914061250821248 -0.08934771611451911
leaf_weight=0.1604352643425957 5.3153671419713646 2.0435657752677798 0.87620271581909037 0.030371339587873081
leaf_count=31 44 32 115 104
internal_value=0.0215126 0.0115451 -0.0176071 -0.103881
internal_weight=8.42594 3.11058 1.06701 0.190807
internal_count=326 282 250 135
is_linear=0
shrinkage=0.1


Tree=863
num_leaves=5
num_cat=0
split_feature=2 3 3 3
split_gain=0.00328857 0.00681484 0.0868228 3.29289e-07
threshold=7.5000000000000009 7.5000000000000009 6.5000000000000009 5.5000000000000009
decision_type=2 2 2 2
left_child=1 2 3 -1
right_child=-2 -3 -4 -5
leaf_value=-0.089493878829202775 0.036020980037736912 0.031530363129078566 0.026055159049724247 -0.089025165105418053
leaf_weight=0.044514047197481199 0.54112851619720448 0.80700305104255676 0.77926081583791529 0.02259760432616531
leaf_count=138 2 3 49 134
internal_value=0.0292544 0.0270397 0.02058 -0.0893361
internal_weight=2.1945 1.65338 0.846372 0.0671117
internal_count=326 324 321 272
is_linear=0
shrinkage=0.1


Tree=864
num_leaves=2
num_cat=0
split_feature=0
split_gain=0.000882464
threshold=4.5000000000000009
decision_type=2
left_child=-1
right_child=-2
leaf_value=-0.0018177458720842008 0.0021909197404094945
leaf_weight=1.1118698003701868 1.0850889095963792
leaf_count=81 245
internal_value=0.000162154
internal_weight=2.19696
internal_count=326
is_linear=0
shrinkage=0.1


Tree=865
num_leaves=1
num_cat=0
split_feature=
split_gain=
threshold=
decision_type=
left_child=
right_child=
leaf_value=0
leaf_weight=
leaf_count=326
internal_value=
internal_weight=
internal_count=
is_linear=0
shrinkage=1


Tree=866
num_leaves=2
num_cat=0
split_feature=1
split_gain=0.00628113
threshold=2.5000000000000004
decision_type=2
left_child=-1
right_child=-2
leaf_value=-0.0045884008118688121 0.00010660971903720779
leaf_weight=3.3966793753206757 17.687620083816
leaf_count=19 307
internal_value=-0.000649756
internal_weight=21.0843
internal_count=326
is_linear=0
shrinkage=0.1


Tree=867
num_leaves=2
num_cat=0
split_feature=1
split_gain=0.0330195
threshold=2.5000000000000004
decision_type=2
left_child=-1
right_child=-2
leaf_value=-0.0089482244242891588 0.001469463232742317
leaf_weight=3.3226880133151999 36.077151567034889
leaf_count=19 307
internal_value=0.000590913
internal_weight=39.3998
internal_count=326
is_linear=0
shrinkage=0.1


Tree=868
num_leaves=4
num_cat=0
split_feature=0 1 0
split_gain=0.0301009 0.0168058 0.0137977
threshold=4.5000000000000009 4.5000000000000009 3.5000000000000004
decision_type=2 2 2
left_child=2 -2 -1
right_child=1 -3 -4
leaf_value=-0.010015407658934586 0.0016062711441301907 0.0064413939326217308 0.0005750733950370641
leaf_weight=1.6399903798010189 8.2229688130319101 28.338663461385295 4.9232823277125135
leaf_count=32 43 202 49
internal_value=0.00416439 0.00528375 -0.00207121
internal_weight=43.1249 36.5616 6.56327
internal_count=326 245 81
is_linear=0
shrinkage=0.1


Tree=869
num_leaves=4
num_cat=0
split_feature=3 1 1
split_gain=0.00695737 0.0622003 0.0270538
threshold=5.5000000000000009 6.5000000000000009 5.5000000000000009
decision_type=2 2 2
left_child=1 -1 -2
right_child=2 -3 -4
leaf_value=-0.0018639337259460172 0.010807163399236524 0.010807163399236524 0.015282442107272568
leaf_weight=4.0025695429358157 12.99662279570475 1.9699536133557556 19.03380735963583
leaf_count=128 81 10 107
internal_value=0.0120817 0.00894833 0.012666
internal_weight=38.003 5.97252 32.0304
internal_count=326 138 188
is_linear=0
shrinkage=0.1


Tree=870
num_leaves=4
num_cat=0
split_feature=3 0 1
split_gain=0.001511 0.360911 0.100086
threshold=6.5000000000000009 6.5000000000000009 5.5000000000000009
decision_type=2 2 2
left_child=1 2 -1
right_child=-2 -3 -4
leaf_value=-0.090252281783578955 0.021090226732300422 0.020153575877729746 -0.017790663443305557
leaf_weight=0.22278355665002969 10.950367036275566 5.5530734242638573 1.3200647011399267
leaf_count=161 54 52 59
internal_value=0.0203536 0.0192169 -0.0282539
internal_weight=18.0463 7.09592 1.54285
internal_count=326 272 220
is_linear=0
shrinkage=0.1


Tree=871
num_leaves=5
num_cat=0
split_feature=1 3 0 1
split_gain=0.0485447 0.131784 0.101253 0.0845395
threshold=5.5000000000000009 6.5000000000000009 7.5000000000000009 7.5000000000000009
decision_type=2 2 2 2
left_child=2 3 -1 -2
right_child=1 -3 -4 -5
leaf_value=-0.089839801191199817 0.010046593690213892 0.033028239722837152 0.010046593690213892 0.021537416706525522
leaf_weight=0.11475106897478315 1.2088347666613117 5.25757388304919 0.58520017727278173 1.2482594884641003
leaf_count=179 92 39 5 11
internal_value=0.0215107 0.0237986 -0.0037054 0.0100466
internal_weight=8.41462 7.71467 0.699951 2.45709
internal_count=326 142 184 103
is_linear=0
shrinkage=0.1


Tree=872
num_leaves=4
num_cat=0
split_feature=2 3 0
split_gain=0.00255073 0.00575808 0.0850112
threshold=7.5000000000000009 7.5000000000000009 6.5000000000000009
decision_type=2 2 2
left_child=1 2 -1
right_child=-2 -3 -4
leaf_value=-0.08925931293434182 0.034932897641893855 0.030979916138817412 0.026007069841030652
leaf_weight=0.065552140790714697 0.54231214523315419 0.80624084174633026 0.77702889508145745
leaf_count=247 2 3 74
internal_value=0.0289837 0.0270269 0.0210342
internal_weight=2.19113 1.64882 0.842581
internal_count=326 324 321
is_linear=0
shrinkage=0.1


Tree=873
num_leaves=2
num_cat=0
split_feature=0
split_gain=0.000939881
threshold=4.5000000000000009
decision_type=2
left_child=-1
right_child=-2
leaf_value=-0.0017562127952769114 0.0023837874404539642
leaf_weight=1.1110466646496209 1.0827888946805613
leaf_count=81 245
internal_value=0.000287125
internal_weight=2.19384
internal_count=326
is_linear=0
shrinkage=0.1


Tree=874
num_leaves=1
num_cat=0
split_feature=
split_gain=
threshold=
decision_type=
left_child=
right_child=
leaf_value=0
leaf_weight=
leaf_count=326
internal_value=
internal_weight=
internal_count=
is_linear=0
shrinkage=1


Tree=875
num_leaves=2
num_cat=0
split_feature=1
split_gain=0.00636444
threshold=2.5000000000000004
decision_type=2
left_child=-1
right_child=-2
leaf_value=-0.0044413572486161172 0.00028665763780029929
leaf_weight=3.394428804516795 17.657154422791791
leaf_count=19 307
internal_value=-0.000475704
internal_weight=21.0516
internal_count=326
is_linear=0
shrinkage=0.1


Tree=876
num_leaves=3
num_cat=0
split_feature=2 1
split_gain=0.031716 0.0264921
threshold=3.5000000000000004 2.5000000000000004
decision_type=2 2
left_child=-1 -2
right_child=1 -3
leaf_value=-0.008864087947068635 -0.0036310496287612795 0.0024556531500428426
leaf_weight=3.1472680941224089 2.2867991328239432 33.895859575539362
leaf_count=24 9 293
internal_value=0.00076447 0.00160199
internal_weight=39.3299 36.1827
internal_count=326 302
is_linear=0
shrinkage=0.1


Tree=877
num_leaves=4
num_cat=0
split_feature=0 1 0
split_gain=0.0284835 0.0165097 0.0116376
threshold=4.5000000000000009 4.5000000000000009 3.5000000000000004
decision_type=2 2 2
left_child=2 -2 -1
right_child=1 -3 -4
leaf_value=-0.0090755113100861665 0.0018184670717951434 0.0065491830946461174 0.00066591105894503162
leaf_weight=1.6333146189572278 8.2191882692277414 28.269925899337977 4.922104443074204
leaf_count=32 43 202 49
internal_value=0.00430782 0.00539815 -0.00176121
internal_weight=43.0445 36.4891 6.55542
internal_count=326 245 81
is_linear=0
shrinkage=0.1


Tree=878
num_leaves=6
num_cat=0
split_feature=1 3 0 0 0
split_gain=0.0050977 0.0774205 0.588251 0.669716 0.000533266
threshold=6.5000000000000009 6.5000000000000009 5.5000000000000009 4.5000000000000009 3.5000000000000004
decision_type=2 2 2 2 2
left_child=1 2 3 4 -1
right_child=-2 -3 -4 -5 -6
leaf_value=-0.11204271933536479 0.013840747458237108 0.012486957569486076 0.0094241606812448427 -0.0096034122361183926 -0.10683882845205084
leaf_weight=0.38663634691329818 9.1724708192050439 6.7086642999202004 16.656654696911573 4.5923035582527518 0.40131292914156802
leaf_count=32 55 36 94 62 47
internal_value=0.0117881 0.0111332 0.00636136 -0.0242177 -0.109392
internal_weight=37.918 28.7456 22.0369 5.38025 0.787949
internal_count=326 271 235 141 79
is_linear=0
shrinkage=0.1


Tree=879
num_leaves=5
num_cat=0
split_feature=1 0 0 0
split_gain=0.00179089 0.161804 0.00418582 0.371214
threshold=6.5000000000000009 7.5000000000000009 5.5000000000000009 4.5000000000000009
decision_type=2 2 2 2
left_child=2 -2 3 -1
right_child=1 -3 -4 -5
leaf_value=-0.10394795278026277 0.020510045743464825 0.038345333547167459 0.020133077221049085 0.016519057620210571
leaf_weight=0.25658240247867325 2.791817736811935 5.1117181107401848 9.2229851050942653 0.62083507368333812
leaf_count=81 30 25 121 69
internal_value=0.0203874 0.0215149 0.0195052 0.012905
internal_weight=18.0039 7.90354 10.1004 0.877417
internal_count=326 55 271 150
is_linear=0
shrinkage=0.1


Tree=880
num_leaves=4
num_cat=0
split_feature=0 0 0
split_gain=0.0477817 0.00529854 0.108772
threshold=7.5000000000000009 6.5000000000000009 5.5000000000000009
decision_type=2 2 2
left_child=1 2 -1
right_child=-2 -3 -4
leaf_value=-0.090706653262081785 0.025111821079099619 0.012843168045461251 0.0075989251980304725
leaf_weight=0.1155122066293186 6.491118383128196 0.89760124583699497 0.9238600472217513
leaf_count=152 39 40 95
internal_value=0.0209987 0.00721509 0.00235468
internal_weight=8.42809 1.93697 1.03937
internal_count=326 287 247
is_linear=0
shrinkage=0.1


Tree=881
num_leaves=3
num_cat=0
split_feature=3 2
split_gain=0.00215032 0.0042201
threshold=7.5000000000000009 7.5000000000000009
decision_type=2 2
left_child=1 -1
right_child=-2 -3
leaf_value=0.021607277953998017 0.033088672994597106 0.029838688530836179
leaf_weight=0.83814221007833134 0.80594629049301136 0.54301226139068604
leaf_count=321 3 2
internal_value=0.0289839 0.0265887
internal_weight=2.1871 1.38115
internal_count=326 323
is_linear=0
shrinkage=0.1


Tree=882
num_leaves=2
num_cat=0
split_feature=0
split_gain=0.00101031
threshold=4.5000000000000009
decision_type=2
left_child=-1
right_child=-2
leaf_value=-0.001798171540310134 0.0024950826355812018
leaf_weight=1.1114917823579165 1.0814394835906567
leaf_count=81 245
internal_value=0.000319038
internal_weight=2.19293
internal_count=326
is_linear=0
shrinkage=0.1


Tree=883
num_leaves=1
num_cat=0
split_feature=
split_gain=
threshold=
decision_type=
left_child=
right_child=
leaf_value=0
leaf_weight=
leaf_count=326
internal_value=
internal_weight=
internal_count=
is_linear=0
shrinkage=1


Tree=884
num_leaves=3
num_cat=0
split_feature=2 1
split_gain=0.162435 0.00417419
threshold=2.5000000000000004 2.5000000000000004
decision_type=2 2
left_child=-1 -2
right_child=1 -3
leaf_value=-0.036136093193229767 -0.0020779217997924527 0.0023344145350017421
leaf_weight=1.1974777877330804 2.4457241445779827 17.382239681654028
leaf_count=6 14 306
internal_value=-0.000369878 0.00179017
internal_weight=21.0254 19.828
internal_count=326 320
is_linear=0
shrinkage=0.1


Tree=885
num_leaves=2
num_cat=0
split_feature=1
split_gain=0.0282948
threshold=2.5000000000000004
decision_type=2
left_child=-1
right_child=-2
leaf_value=-0.0080696896227261759 0.0015910765865927478
leaf_weight=3.3107677102088919 35.964746165671386
leaf_count=19 307
internal_value=0.000776713
internal_weight=39.2755
internal_count=326
is_linear=0
shrinkage=0.1


Tree=886
num_leaves=4
num_cat=0
split_feature=0 1 0
split_gain=0.0306103 0.0166776 0.0106195
threshold=4.5000000000000009 4.5000000000000009 3.5000000000000004
decision_type=2 2 2
left_child=2 -2 -1
right_child=1 -3 -4
leaf_value=-0.0090056865469427174 0.0016948805792613944 0.0065616202225053342 0.00030055913260916285
leaf_weight=1.6324432571418572 8.2178932130336744 28.220104767708108 4.9271204707911238
leaf_count=32 43 202 49
internal_value=0.00427313 0.0054052 -0.00201544
internal_weight=42.9976 36.438 6.55956
internal_count=326 245 81
is_linear=0
shrinkage=0.1


Tree=887
num_leaves=5
num_cat=0
split_feature=3 0 0 1
split_gain=0.00614698 0.359993 0.335661 0.0277901
threshold=5.5000000000000009 6.5000000000000009 5.5000000000000009 5.5000000000000009
decision_type=2 2 2 2
left_child=1 2 -1 -2
right_child=3 -3 -4 -5
leaf_value=-0.095900637662287985 0.010970178313905544 0.010970178313905544 -0.0079708721336713279 0.01542489020260546
leaf_weight=0.54230792520684135 12.945287993643435 3.2342920526862144 2.1765810591168702 18.923937309533358
leaf_count=95 81 15 28 107
internal_value=0.0121695 0.00921987 -0.0255093 0.0127205
internal_weight=37.8224 5.95318 2.71889 31.8692
internal_count=326 138 123 188
is_linear=0
shrinkage=0.1


Tree=888
num_leaves=4
num_cat=0
split_feature=3 1 1
split_gain=0.00216767 0.0323863 0.0199169
threshold=6.5000000000000009 5.5000000000000009 6.5000000000000009
decision_type=2 2 2
left_child=1 -1 -2
right_child=2 -3 -4
leaf_value=0.00052859653116922405 0.019249370785115724 0.019249370785115724 0.02651849076520468
leaf_weight=0.94965081815462404 6.8821178181096911 6.1767580688465387 4.0288485586643219
leaf_count=169 36 103 18
internal_value=0.0194846 0.0181282 0.0203706
internal_weight=18.0374 7.12641 10.911
internal_count=326 272 54
is_linear=0
shrinkage=0.1


Tree=889
num_leaves=6
num_cat=0
split_feature=2 1 3 3 0
split_gain=0.0473649 0.0646307 0.0525873 0.201718 0.000134017
threshold=7.5000000000000009 7.5000000000000009 6.5000000000000009 5.5000000000000009 7.5000000000000009
decision_type=2 2 2 2 2
left_child=1 2 3 -1 -4
right_child=-2 -3 4 -5 -6
leaf_value=-0.10203822076896765 0.050479731597720456 0.03241734556656415 0.018823351434772068 0.0085043149396775812 0.020019783762984314
leaf_weight=0.18023257799450187 0.52325505018234242 2.5732290335581638 1.7341214874759319 1.3601409538878215 2.0347890853881836
leaf_count=135 2 17 38 126 8
internal_value=0.0213447 0.0194107 0.0131068 -0.00246066 0.0194693
internal_weight=8.40577 7.88251 5.30928 1.54037 3.76891
internal_count=326 324 307 261 46
is_linear=0
shrinkage=0.1


Tree=890
num_leaves=5
num_cat=0
split_feature=2 3 3 3
split_gain=0.00210869 0.00462238 0.0793747 2.69062e-07
threshold=7.5000000000000009 7.5000000000000009 6.5000000000000009 5.5000000000000009
decision_type=2 2 2 2
left_child=1 2 3 -1
right_child=-2 -3 -4 -5
leaf_value=-0.089461007196767584 0.034155582688296625 0.030562009119640465 0.026077747471446214 -0.089014796481810821
leaf_weight=0.040631939737068246 0.54314148426055897 0.80489812791347504 0.77765018347417936 0.020247759924586717
leaf_count=138 2 3 49 134
internal_value=0.0287537 0.0269684 0.0215935 -0.0893126
internal_weight=2.18657 1.64343 0.83853 0.0608797
internal_count=326 324 321 272
is_linear=0
shrinkage=0.1


Tree=891
num_leaves=2
num_cat=0
split_feature=0
split_gain=0.00107596
threshold=4.5000000000000009
decision_type=2
left_child=-1
right_child=-2
leaf_value=-0.001808225198234818 0.0026241605497168219
leaf_weight=1.1112986700609329 1.079847659471852
leaf_count=81 245
internal_value=0.000376157
internal_weight=2.19115
internal_count=326
is_linear=0
shrinkage=0.1


Tree=892
num_leaves=1
num_cat=0
split_feature=
split_gain=
threshold=
decision_type=
left_child=
right_child=
leaf_value=0
leaf_weight=
leaf_count=326
internal_value=
internal_weight=
internal_count=
is_linear=0
shrinkage=1


Tree=893
num_leaves=2
num_cat=0
split_feature=1
split_gain=0.00425462
threshold=2.5000000000000004
decision_type=2
left_child=-1
right_child=-2
leaf_value=-0.0034759991610409098 0.00039970776749977609
leaf_weight=3.3747003562748459 17.627055185919744
leaf_count=19 307
internal_value=-0.000223066
internal_weight=21.0018
internal_count=326
is_linear=0
shrinkage=0.1


Tree=894
num_leaves=2
num_cat=0
split_feature=2
split_gain=0.0283725
threshold=3.5000000000000004
decision_type=2
left_child=-1
right_child=-2
leaf_value=-0.0081870975023859063 0.0017401949534616833
leaf_weight=3.1285624578595153 36.086235913739074
leaf_count=24 302
internal_value=0.000948194
internal_weight=39.2148
internal_count=326
is_linear=0
shrinkage=0.1


Tree=895
num_leaves=4
num_cat=0
split_feature=0 1 0
split_gain=0.0284875 0.0163879 0.00917405
threshold=4.5000000000000009 4.5000000000000009 3.5000000000000004
decision_type=2 2 2
left_child=2 -2 -1
right_child=1 -3 -4
leaf_value=-0.0081960843113348288 0.0018960669934544414 0.0066287028148465836 0.00046509862286068268
leaf_weight=1.6269863779889409 8.2121914923191053 28.139261758420616 4.9245308481622487
leaf_count=32 43 202 49
internal_value=0.00438399 0.00547793 -0.0016858
internal_weight=42.903 36.3515 6.55152
internal_count=326 245 81
is_linear=0
shrinkage=0.1


Tree=896
num_leaves=5
num_cat=0
split_feature=1 3 0 2
split_gain=0.00615428 0.0788868 0.511773 0.145953
threshold=6.5000000000000009 6.5000000000000009 5.5000000000000009 5.5000000000000009
decision_type=2 2 2 2
left_child=1 2 3 -1
right_child=-2 -3 -4 -5
leaf_value=-0.04804148180571427 0.014316918135867222 0.012825074735542267 0.0097057829566180465 -0.011426081346358509
leaf_weight=1.5346224652603329 9.117319477722047 6.6900654733180991 16.623481661546975 3.7460265308618546
leaf_count=120 55 36 94 21
internal_value=0.0120546 0.0113332 0.00658649 -0.022067
internal_weight=37.7115 28.5942 21.9041 5.28065
internal_count=326 271 235 141
is_linear=0
shrinkage=0.1


Tree=897
num_leaves=5
num_cat=0
split_feature=3 0 1 2
split_gain=0.00202638 0.309957 0.0941572 6.36775e-05
threshold=6.5000000000000009 6.5000000000000009 5.5000000000000009 6.5000000000000009
decision_type=2 2 2 2
left_child=1 2 -1 -2
right_child=3 -3 -4 -5
leaf_value=-0.090136283212860546 0.019769605259495449 0.018889029915370659 -0.016716074959086294 0.020260412995324561
leaf_weight=0.20171099320396102 6.3926141643896699 5.637876458815299 1.303035950171761 4.5071457177400589
leaf_count=161 32 52 59 22
internal_value=0.0191147 0.0178055 -0.026558 0.0199726
internal_weight=18.0424 7.14262 1.50475 10.8998
internal_count=326 272 220 54
is_linear=0
shrinkage=0.1


Tree=898
num_leaves=4
num_cat=0
split_feature=2 3 3
split_gain=0.0431311 0.118489 0.16122
threshold=6.5000000000000009 6.5000000000000009 5.5000000000000009
decision_type=2 2 2
left_child=1 2 -1
right_child=-2 -3 -4
leaf_value=-0.10323094202860816 0.026766516978014077 0.019337656472421635 0.0011178098410222206
leaf_weight=0.17821654806175524 5.301764746196568 2.0407897332916036 0.87505862510261068
leaf_count=135 44 32 115
internal_value=0.0212911 0.0119088 -0.0165382
internal_weight=8.39583 3.09406 1.05328
internal_count=326 282 250
is_linear=0
shrinkage=0.1


Tree=899
num_leaves=4
num_cat=0
split_feature=2 3 0
split_gain=0.00248096 0.00425185 0.0768149
threshold=7.5000000000000009 7.5000000000000009 6.5000000000000009
decision_type=2 2 2
left_child=1 2 -1
right_child=-2 -3 -4
leaf_value=-0.089226041096117037 0.034781724675790375 0.030880938803842801 0.026388741736350731
leaf_weight=0.058728888247969957 0.54247450828552235 0.80388358235359192 0.77711604797877953
leaf_count=247 2 3 74
internal_value=0.0289195 0.0269802 0.0218965
internal_weight=2.1822 1.63973 0.835845
internal_count=326 324 321
is_linear=0
shrinkage=0.1


Tree=900
num_leaves=2
num_cat=0
split_feature=0
split_gain=0.00103188
threshold=4.5000000000000009
decision_type=2
left_child=-1
right_child=-2
leaf_value=-0.0017026524225707798 0.002639502736404618
leaf_weight=1.1099797228816899 1.0796147050750731
leaf_count=81 245
internal_value=0.000438317
internal_weight=2.18959
internal_count=326
is_linear=0
shrinkage=0.1


Tree=901
num_leaves=1
num_cat=0
split_feature=
split_gain=
threshold=
decision_type=
left_child=
right_child=
leaf_value=0
leaf_weight=
leaf_count=326
internal_value=
internal_weight=
internal_count=
is_linear=0
shrinkage=1


Tree=902
num_leaves=2
num_cat=0
split_feature=1
split_gain=0.00390525
threshold=2.5000000000000004
decision_type=2
left_child=-1
right_child=-2
leaf_value=-0.0032397437484424914 0.00047601186246447438
leaf_weight=3.3698662184178856 17.60638536150509
leaf_count=19 307
internal_value=-0.00012093
internal_weight=20.9763
internal_count=326
is_linear=0
shrinkage=0.1


Tree=903
num_leaves=2
num_cat=0
split_feature=1
split_gain=0.0267876
threshold=2.5000000000000004
decision_type=2
left_child=-1
right_child=-2
leaf_value=-0.007590882512930594 0.0018208928692673859
leaf_weight=3.3026334941387168 35.852152617124375
leaf_count=19 307
internal_value=0.00102703
internal_weight=39.1548
internal_count=326
is_linear=0
shrinkage=0.1


Tree=904
num_leaves=4
num_cat=0
split_feature=0 1 0
split_gain=0.0256329 0.0160792 0.00789831
threshold=4.5000000000000009 4.5000000000000009 3.5000000000000004
decision_type=2 2 2
left_child=2 -2 -1
right_child=1 -3 -4
leaf_value=-0.0075227375495147356 0.0019291936091817873 0.0064740086554171839 0.00052366862377641109
leaf_weight=1.6218205307377491 8.2085262238979322 28.097921922104433 4.9227867784211412
leaf_count=32 43 202 49
internal_value=0.00429029 0.0053287 -0.00147031
internal_weight=42.8511 36.3064 6.54461
internal_count=326 245 81
is_linear=0
shrinkage=0.1


Tree=905
num_leaves=4
num_cat=0
split_feature=3 1 1
split_gain=0.004405 0.0464381 0.0270003
threshold=5.5000000000000009 6.5000000000000009 5.5000000000000009
decision_type=2 2 2
left_child=1 -1 -2
right_child=2 -3 -4
leaf_value=0.00010795641864620698 0.011136996174293083 0.011136996174293083 0.015389422959107908
leaf_weight=3.9250119018470278 12.890899247489871 1.9601276926696298 18.821828860789537
leaf_count=128 81 10 107
internal_value=0.0121602 0.00964753 0.0126265
internal_weight=37.5979 5.88514 31.7127
internal_count=326 138 188
is_linear=0
shrinkage=0.1


Tree=906
num_leaves=5
num_cat=0
split_feature=3 0 1 2
split_gain=0.00115904 0.270143 0.0908816 0.000397722
threshold=6.5000000000000009 6.5000000000000009 5.5000000000000009 6.5000000000000009
decision_type=2 2 2 2
left_child=1 2 -1 -2
right_child=3 -3 -4 -5
leaf_value=-0.090019742675706671 0.019166084937347262 0.018852506493874682 -0.014765067642850602 0.020393649543016507
leaf_weight=0.18362687592889493 6.3915374418720603 5.6620039303088561 1.2728291203966362 4.495806872844696
leaf_count=161 32 52 59 22
internal_value=0.0190242 0.018032 -0.024253 0.019673
internal_weight=18.0058 7.11846 1.45646 10.8873
internal_count=326 272 220 54
is_linear=0
shrinkage=0.1


Tree=907
num_leaves=5
num_cat=0
split_feature=1 3 2 0
split_gain=0.0449762 0.0670932 0.239052 0.00528678
threshold=7.5000000000000009 6.5000000000000009 6.5000000000000009 7.5000000000000009
decision_type=2 2 2 2
left_child=1 2 -1 -3
right_child=-2 3 -4 -5
leaf_value=-0.090729282246723025 0.03227170146087676 0.018291755108373248 0.010549099606430926 0.024322230387116894
leaf_weight=0.25520048682938035 2.5622588605619967 1.7417455759132279 1.2678228336153552 2.5579080581665039
leaf_count=242 17 38 19 10
internal_value=0.0212311 0.0163728 -0.00166329 0.0227615
internal_weight=8.38494 5.82268 1.52302 4.29965
internal_count=326 309 261 48
is_linear=0
shrinkage=0.1


Tree=908
num_leaves=5
num_cat=0
split_feature=2 3 3 3
split_gain=0.00194824 0.00357347 0.071761 2.20045e-07
threshold=7.5000000000000009 7.5000000000000009 6.5000000000000009 5.5000000000000009
decision_type=2 2 2 2
left_child=1 2 3 -1
right_child=-2 -3 -4 -5
leaf_value=-0.089431331670894787 0.033747619964533529 0.030292689666633534 0.026221103679576221 -0.08900525052314473
leaf_weight=0.036725979082803173 0.54357123374938954 0.80304995179176331 0.77866525892022764 0.01809137656027815
leaf_count=138 2 3 49 134
internal_value=0.0285606 0.0268378 0.0221495 -0.0892907
internal_weight=2.1801 1.63653 0.833483 0.0548174
internal_count=326 324 321 272
is_linear=0
shrinkage=0.1


Tree=909
num_leaves=2
num_cat=0
split_feature=0
split_gain=0.00106604
threshold=4.5000000000000009
decision_type=2
left_child=-1
right_child=-2
leaf_value=-0.0016054012059055081 0.0028113640275043272
leaf_weight=1.108741795876995 1.0775793802895348
leaf_count=81 245
internal_value=0.000571505
internal_weight=2.18632
internal_count=326
is_linear=0
shrinkage=0.1


Tree=910
num_leaves=1
num_cat=0
split_feature=
split_gain=
threshold=
decision_type=
left_child=
right_child=
leaf_value=0
leaf_weight=
leaf_count=326
internal_value=
internal_weight=
internal_count=
is_linear=0
shrinkage=1


Tree=911
num_leaves=2
num_cat=0
split_feature=1
split_gain=0.00410975
threshold=2.5000000000000004
decision_type=2
left_child=-1
right_child=-2
leaf_value=-0.003166667399063532 0.00064609097158630944
leaf_weight=3.3689165636897114 17.577230551731191
leaf_count=19 307
internal_value=3.28582e-05
internal_weight=20.9461
internal_count=326
is_linear=0
shrinkage=0.1


Tree=912
num_leaves=2
num_cat=0
split_feature=2
split_gain=0.0251384
threshold=3.5000000000000004
decision_type=2
left_child=-1
right_child=-2
leaf_value=-0.007442342177788607 0.0019314464412539163
leaf_weight=3.1080755293369284 35.979628243134357
leaf_count=24 302
internal_value=0.00118609
internal_weight=39.0877
internal_count=326
is_linear=0
shrinkage=0.1


Tree=913
num_leaves=4
num_cat=0
split_feature=0 1 0
split_gain=0.0243812 0.015798 0.00669004
threshold=4.5000000000000009 4.5000000000000009 3.5000000000000004
decision_type=2 2 2
left_child=2 -2 -1
right_child=1 -3 -4
leaf_value=-0.0067562024969091208 0.0021429823328426158 0.0065998595533451991 0.0006589127004590201
leaf_weight=1.6164080080925476 8.2043687254190427 28.030657956609502 4.9207172356545925
leaf_count=32 43 202 49
internal_value=0.00444647 0.00546056 -0.00117459
internal_weight=42.7722 36.235 6.53713
internal_count=326 245 81
is_linear=0
shrinkage=0.1


Tree=914
num_leaves=5
num_cat=0
split_feature=2 0 1 1
split_gain=0.00455386 0.4182 0.870701 0.00330589
threshold=5.5000000000000009 6.5000000000000009 5.5000000000000009 6.5000000000000009
decision_type=2 2 2 2
left_child=1 2 -1 -2
right_child=3 -3 -4 -5
leaf_value=-0.046995659817939767 0.011716650564163331 0.011107501964860775 -0.0014999482290345091 0.014077794910006859
leaf_weight=4.7134755239603674 20.310481702908877 2.2294506933540106 1.8875678592594338 8.3750044442713243
leaf_count=138 104 11 23 50
internal_value=0.0117947 0.00980899 -0.0141074 0.012406
internal_weight=37.516 8.83049 6.60104 28.6855
internal_count=326 172 161 154
is_linear=0
shrinkage=0.1


Tree=915
num_leaves=7
num_cat=0
split_feature=1 2 2 3 1 3
split_gain=0.00178327 0.0939914 0.0375446 0.0739413 0.00693874 0.0514155
threshold=7.5000000000000009 6.5000000000000009 5.5000000000000009 6.5000000000000009 5.5000000000000009 6.5000000000000009
decision_type=2 2 2 2 2 2
left_child=1 2 3 -1 -4 -6
right_child=-2 -3 4 -5 5 -7
leaf_value=-0.089200672324756189 0.021385443512170591 0.020000397751715186 0.0063114228341381445 0.000586268709353599 0.0098214774138368488 0.01480248618350753
leaf_weight=0.1038289801290383 2.742584037128835 6.2581114843487731 1.8164858279924372 0.78640401922166348 3.0256324084475636 3.2349284738302231
leaf_count=164 17 39 37 5 51 13
internal_value=0.0190382 0.0186154 0.00960457 -0.00988569 0.0117527 0.0133315
internal_weight=17.968 15.2254 8.96728 0.890233 8.07705 6.26056
internal_count=326 309 270 169 101 64
is_linear=0
shrinkage=0.1


Tree=916
num_leaves=6
num_cat=0
split_feature=2 1 0 3 3
split_gain=0.0439588 0.0519935 0.0399232 0.0126807 0.187361
threshold=7.5000000000000009 7.5000000000000009 8.5000000000000018 6.5000000000000009 5.5000000000000009
decision_type=2 2 2 2 2
left_child=1 2 3 4 -1
right_child=-2 -3 -4 -5 -6
leaf_value=-0.10123312619356253 0.04917652242535385 0.030945512288788973 0.022273455132588084 0.012808072389315681 0.0072301348672198992
leaf_weight=0.16315649618309147 0.52500563859939564 2.5714429206273053 0.49109374731779087 3.3085322210099548 1.3091827529697184
leaf_count=135 2 17 3 44 125
internal_value=0.0211628 0.0192876 0.0136014 0.00937246 0.0016522
internal_weight=8.36841 7.84341 5.27197 4.78087 1.47234
internal_count=326 324 307 304 260
is_linear=0
shrinkage=0.1


Tree=917
num_leaves=4
num_cat=0
split_feature=2 3 0
split_gain=0.00144112 0.00317511 0.0682782
threshold=7.5000000000000009 7.5000000000000009 6.5000000000000009
decision_type=2 2 2
left_child=1 2 -1
right_child=-2 -3 -4
leaf_value=-0.089198042039957862 0.032680077297726748 0.02971039482419259 0.025986095577843829
leaf_weight=0.052333077785533755 0.54467755556106556 0.80227681994438171 0.77973254235621425
leaf_count=247 2 3 74
internal_value=0.0282253 0.0267407 0.0222618
internal_weight=2.17902 1.63434 0.832066
internal_count=326 324 321
is_linear=0
shrinkage=0.1


Tree=918
num_leaves=2
num_cat=0
split_feature=0
split_gain=0.000974922
threshold=4.5000000000000009
decision_type=2
left_child=-1
right_child=-2
leaf_value=-0.0014856900900688643 0.0027387086688830534
leaf_weight=1.1072558981832119 1.0783693259436402
leaf_count=81 245
internal_value=0.000598593
internal_weight=2.18563
internal_count=326
is_linear=0
shrinkage=0.1


Tree=919
num_leaves=1
num_cat=0
split_feature=
split_gain=
threshold=
decision_type=
left_child=
right_child=
leaf_value=0
leaf_weight=
leaf_count=326
internal_value=
internal_weight=
internal_count=
is_linear=0
shrinkage=1


Tree=920
num_leaves=2
num_cat=0
split_feature=1
split_gain=0.00369804
threshold=2.5000000000000004
decision_type=2
left_child=-1
right_child=-2
leaf_value=-0.0029285184488735422 0.00069077141089914887
leaf_weight=3.3638299554586437 17.561939475504914
leaf_count=19 307
internal_value=0.000108968
internal_weight=20.9258
internal_count=326
is_linear=0
shrinkage=0.1


Tree=921
num_leaves=2
num_cat=0
split_feature=1
split_gain=0.0246443
threshold=2.5000000000000004
decision_type=2
left_child=-1
right_child=-2
leaf_value=-0.0070637628674476427 0.0019787705072334383
leaf_weight=3.291432946920394 35.751273784437217
leaf_count=19 307
internal_value=0.00121645
internal_weight=39.0427
internal_count=326
is_linear=0
shrinkage=0.1


Tree=922
num_leaves=3
num_cat=0
split_feature=2 1
split_gain=0.0245933 0.22949
threshold=4.5000000000000009 4.5000000000000009
decision_type=2 2
left_child=1 -1
right_child=-2 -3
leaf_value=-0.037117601126784985 0.0050186208762277897 0.0011492468334331311
leaf_weight=1.6142328936839465 38.109539249679074 2.9882531985640526
leaf_count=59 249 18
internal_value=0.00418472 -0.00272013
internal_weight=42.712 4.60249
internal_count=326 77
is_linear=0
shrinkage=0.1


Tree=923
num_leaves=4
num_cat=0
split_feature=3 1 1
split_gain=0.00525144 0.0434446 0.0209824
threshold=5.5000000000000009 6.5000000000000009 5.5000000000000009
decision_type=2 2 2
left_child=1 -1 -2
right_child=2 -3 -4
leaf_value=0.00029406161082411381 0.011021207231623484 0.011021207231623484 0.014983115996849667
leaf_weight=3.9107726094443924 12.804425740148874 1.9553785044699905 18.694912679493427
leaf_count=128 81 10 107
internal_value=0.012139 0.00939185 0.0126506
internal_weight=37.3655 5.86615 31.4993
internal_count=326 138 188
is_linear=0
shrinkage=0.1


Tree=924
num_leaves=6
num_cat=0
split_feature=1 2 2 1 3
split_gain=0.0020642 0.0907286 0.0352678 0.006302 0.0499617
threshold=7.5000000000000009 6.5000000000000009 5.5000000000000009 5.5000000000000009 6.5000000000000009
decision_type=2 2 2 2 2
left_child=1 2 -1 -4 -5
right_child=-2 -3 3 4 -6
leaf_value=-0.009297607676932244 0.02143015481815963 0.019939967418978161 0.0065777238388486474 0.0099230950135944466 0.014813753253380316
leaf_weight=0.88207309502649955 2.7428793096914879 6.2587949540466061 1.8166824397630987 3.0220127198845148 3.2321871817111969
leaf_count=169 17 39 37 51 13
internal_value=0.0189051 0.0184498 0.00968754 0.0117624 0.0132685
internal_weight=17.9546 15.2118 8.95296 8.07088 6.2542
internal_count=326 309 270 101 64
is_linear=0
shrinkage=0.1


Tree=925
num_leaves=4
num_cat=0
split_feature=0 0 0
split_gain=0.0409305 0.00460743 0.102607
threshold=7.5000000000000009 6.5000000000000009 5.5000000000000009
decision_type=2 2 2
left_child=1 2 -1
right_child=-2 -3 -4
leaf_value=-0.090575494471482124 0.025007473075061848 0.013615592424407628 0.0087006555361996609
leaf_weight=0.10661946870231964 6.4418868762440979 0.89198807363936783 0.91786829873763054
leaf_count=152 39 40 95
internal_value=0.0211906 0.00836085 0.00378572
internal_weight=8.35836 1.91648 1.02449
internal_count=326 287 247
is_linear=0
shrinkage=0.1


Tree=926
num_leaves=3
num_cat=0
split_feature=2 3
split_gain=0.00184531 0.00317261
threshold=7.5000000000000009 7.5000000000000009
decision_type=2 2
left_child=1 -1
right_child=-2 -3
leaf_value=0.022065723153521045 0.033191367962127322 0.029829656640857849
leaf_weight=0.83268252031712131 0.54415100812911976 0.80139979720115662
leaf_count=321 2 3
internal_value=0.0281475 0.0264679
internal_weight=2.17823 1.63408
internal_count=326 324
is_linear=0
shrinkage=0.1


Tree=927
num_leaves=2
num_cat=0
split_feature=0
split_gain=0.00093413
threshold=4.5000000000000009
decision_type=2
left_child=-1
right_child=-2
leaf_value=-0.0013516781727191838 0.0027855622507717993
leaf_weight=1.1055719198193403 1.0777424826264903
leaf_count=81 245
internal_value=0.000690575
internal_weight=2.18331
internal_count=326
is_linear=0
shrinkage=0.1


Tree=928
num_leaves=1
num_cat=0
split_feature=
split_gain=
threshold=
decision_type=
left_child=
right_child=
leaf_value=0
leaf_weight=
leaf_count=326
internal_value=
internal_weight=
internal_count=
is_linear=0
shrinkage=1


Tree=929
num_leaves=2
num_cat=0
split_feature=1
split_gain=0.0037647
threshold=2.5000000000000004
decision_type=2
left_child=-1
right_child=-2
leaf_value=-0.002858980007052845 0.00079363650505317085
leaf_weight=3.3628060631454018 17.53889007482212
leaf_count=19 307
internal_value=0.000205979
internal_weight=20.9017
internal_count=326
is_linear=0
shrinkage=0.1


Tree=930
num_leaves=2
num_cat=0
split_feature=2
split_gain=0.0222911
threshold=3.5000000000000004
decision_type=2
left_child=-1
right_child=-2
leaf_value=-0.0068289155665575488 0.0020210399190286939
leaf_weight=3.0913134589791289 35.879416003415827
leaf_count=24 302
internal_value=0.00131903
internal_weight=38.9707
internal_count=326
is_linear=0
shrinkage=0.1


Tree=931
num_leaves=4
num_cat=0
split_feature=0 1 0
split_gain=0.0231108 0.013091 0.0054636
threshold=4.5000000000000009 4.5000000000000009 3.5000000000000004
decision_type=2 2 2
left_child=2 -2 -1
right_child=1 -3 -4
leaf_value=-0.0060936255872540536 0.0021979826809428124 0.0064638788567834534 0.00061964217978138379
leaf_weight=1.609011209278832 8.1469500511884672 27.911126475548372 4.9169688028050587
leaf_count=32 43 202 49
internal_value=0.00444044 0.00543151 -0.00103555
internal_weight=42.5841 36.0581 6.52598
internal_count=326 245 81
is_linear=0
shrinkage=0.1


Tree=932
num_leaves=4
num_cat=0
split_feature=3 1 1
split_gain=0.00354949 0.0397654 0.0208366
threshold=5.5000000000000009 6.5000000000000009 5.5000000000000009
decision_type=2 2 2
left_child=1 -1 -2
right_child=2 -3 -4
leaf_value=0.00063769785356550441 0.010855226829648831 0.010855226829648831 0.014625218689090308
leaf_weight=3.9098745455557937 12.814252462703736 1.954667344689369 18.632591176778078
leaf_count=128 81 10 107
internal_value=0.0117739 0.00951534 0.0121951
internal_weight=37.3114 5.86454 31.4468
internal_count=326 138 188
is_linear=0
shrinkage=0.1


Tree=933
num_leaves=6
num_cat=0
split_feature=1 2 2 1 3
split_gain=0.00171665 0.0849365 0.0306466 0.00619584 0.0490346
threshold=7.5000000000000009 6.5000000000000009 5.5000000000000009 5.5000000000000009 6.5000000000000009
decision_type=2 2 2 2 2
left_child=1 2 -1 -4 -5
right_child=-2 -3 3 4 -6
leaf_value=-0.0078136279118668616 0.021231088571599548 0.019872289354522722 0.0067539804287210462 0.01007112363960039 0.014918670162523809
leaf_weight=0.87470508517617496 2.7442319625988594 6.2543362602591506 1.8171628426935056 3.0158390691503882 3.2315434068441391
leaf_count=169 17 39 37 51 13
internal_value=0.0189292 0.0185135 0.00996505 0.0118934 0.0133883
internal_weight=17.9378 15.1936 8.93925 8.06455 6.24738
internal_count=326 309 270 101 64
is_linear=0
shrinkage=0.1


Tree=934
num_leaves=4
num_cat=0
split_feature=2 3 3
split_gain=0.0399669 0.103264 0.152296
threshold=6.5000000000000009 6.5000000000000009 5.5000000000000009
decision_type=2 2 2
left_child=1 2 -1
right_child=-2 -3 -4
leaf_value=-0.10279071092055243 0.026297882086067422 0.019123215314598093 0.0019556410464656709
leaf_weight=0.16552043619344681 5.2796126496978104 2.0440007443539798 0.86006942704261746
leaf_count=135 44 32 115
internal_value=0.0210223 0.0119485 -0.0149494
internal_weight=8.3492 3.06959 1.02559
internal_count=326 282 250
is_linear=0
shrinkage=0.1


Tree=935
num_leaves=3
num_cat=0
split_feature=2 3
split_gain=0.00155186 0.00295373
threshold=7.5000000000000009 7.5000000000000009
decision_type=2 2
left_child=1 -1
right_child=-2 -3
leaf_value=0.021781009325228615 0.032208496223798441 0.029128045338804132
leaf_weight=0.83465978081585512 0.54515767097473133 0.80053974688053131
leaf_count=321 2 3
internal_value=0.027588 0.0260476
internal_weight=2.18036 1.6352
internal_count=326 324
is_linear=0
shrinkage=0.1


Tree=936
num_leaves=2
num_cat=0
split_feature=0
split_gain=0.000935324
threshold=4.5000000000000009
decision_type=2
left_child=-1
right_child=-2
leaf_value=-0.0012165104769938969 0.002926533564999027
leaf_weight=1.1039264716673645 1.0760617827872918
leaf_count=81 245
internal_value=0.000828533
internal_weight=2.17999
internal_count=326
is_linear=0
shrinkage=0.1


Tree=937
num_leaves=1
num_cat=0
split_feature=
split_gain=
threshold=
decision_type=
left_child=
right_child=
leaf_value=0
leaf_weight=
leaf_count=326
internal_value=
internal_weight=
internal_count=
is_linear=0
shrinkage=1


Tree=938
num_leaves=2
num_cat=0
split_feature=1
split_gain=0.00348351
threshold=2.5000000000000004
decision_type=2
left_child=-1
right_child=-2
leaf_value=-0.0026191181231023566 0.00089708321140803248
leaf_weight=3.3577138595283058 17.513807314746373
leaf_count=19 307
internal_value=0.000331413
internal_weight=20.8715
internal_count=326
is_linear=0
shrinkage=0.1


Tree=939
num_leaves=2
num_cat=0
split_feature=1
split_gain=0.0228835
threshold=2.5000000000000004
decision_type=2
left_child=-1
right_child=-2
leaf_value=-0.006533508648137106 0.002194529205060389
leaf_weight=3.2806192040443412 35.61690244381316
leaf_count=19 307
internal_value=0.00145841
internal_weight=38.8975
internal_count=326
is_linear=0
shrinkage=0.1


Tree=940
num_leaves=3
num_cat=0
split_feature=1 2
split_gain=0.0457139 0.00261926
threshold=3.5000000000000004 4.5000000000000009
decision_type=2 2
left_child=-1 -2
right_child=1 -3
leaf_value=-0.0084491339009127499 0.0030712528518101545 0.005677477224215112
leaf_weight=2.5362514381995416 4.3238022485747925 35.654417096404359
leaf_count=56 37 233
internal_value=0.00456968 0.0053956
internal_weight=42.5145 39.9782
internal_count=326 270
is_linear=0
shrinkage=0.1


Tree=941
num_leaves=6
num_cat=0
split_feature=1 3 0 0 0
split_gain=0.00398668 0.0754954 0.472132 0.639199 0.00047774
threshold=6.5000000000000009 6.5000000000000009 5.5000000000000009 4.5000000000000009 3.5000000000000004
decision_type=2 2 2 2 2
left_child=1 2 3 4 -1
right_child=-2 -3 -4 -5 -6
leaf_value=-0.11177035304961705 0.013264362599772539 0.0120549318763416 0.0090208078589327171 -0.007678261470932108 -0.10662048679711678
leaf_weight=0.35709093503829237 8.9762036856263858 6.6588194798678151 16.437038118485361 4.4677598920534365 0.36350821167434333
leaf_count=32 55 36 94 62 47
internal_value=0.0114282 0.0108455 0.00598668 -0.0217746 -0.109172
internal_weight=37.2604 28.2842 21.6254 5.18836 0.720599
internal_count=326 271 235 141 79
is_linear=0
shrinkage=0.1


Tree=942
num_leaves=5
num_cat=0
split_feature=3 3 0 3
split_gain=0.00112531 0.639214 0.134319 5.38918e-05
threshold=6.5000000000000009 5.5000000000000009 6.5000000000000009 4.5000000000000009
decision_type=2 2 2 2
left_child=1 3 -3 -1
right_child=-2 2 -4 -5
leaf_value=-0.093943992741128649 0.019595575996211298 -0.017600846306336824 0.01878565841905748 -0.091584039010164611
leaf_weight=0.12858399505785278 10.829931702464819 1.3236726196009838 5.2574400501325727 0.39102823560915567
leaf_count=32 54 97 37 106
internal_value=0.0189541 0.0179757 0.0187857 -0.092168
internal_weight=17.9307 7.10072 6.58111 0.519612
internal_count=326 272 134 138
is_linear=0
shrinkage=0.1


Tree=943
num_leaves=5
num_cat=0
split_feature=1 3 0 1
split_gain=0.0422752 0.113282 0.0840798 0.0739296
threshold=5.5000000000000009 6.5000000000000009 7.5000000000000009 7.5000000000000009
decision_type=2 2 2 2
left_child=2 3 -1 -2
right_child=1 -3 -4 -5
leaf_value=-0.089735637825746895 0.01002617177792124 0.031514222371032588 0.01002617177792124 0.020770197074476915
leaf_weight=0.096041550020345201 1.1636999997081148 5.2669520433992147 0.58255795040167868 1.2321678910229821
leaf_count=179 92 39 5 11
internal_value=0.0209283 0.0230468 -0.00299445 0.0100262
internal_weight=8.34142 7.66282 0.6786 2.39587
internal_count=326 142 184 103
is_linear=0
shrinkage=0.1


Tree=944
num_leaves=3
num_cat=0
split_feature=2 3
split_gain=0.00129896 0.00273297
threshold=7.5000000000000009 7.5000000000000009
decision_type=2 2
left_child=1 -1
right_child=-2 -3
leaf_value=0.021636596908917477 0.031397751888510107 0.028581133701806889
leaf_weight=0.83575445969177076 0.54597055912017811 0.79986493289470673
leaf_count=321 2 3
internal_value=0.0271743 0.0257645
internal_weight=2.18159 1.63562
internal_count=326 324
is_linear=0
shrinkage=0.1


Tree=945
num_leaves=2
num_cat=0
split_feature=0
split_gain=0.000944024
threshold=4.5000000000000009
decision_type=2
left_child=-1
right_child=-2
leaf_value=-0.0012077293057001189 0.0029550829355219138
leaf_weight=1.1037335556466135 1.0756875534352728
leaf_count=81 245
internal_value=0.000846892
internal_weight=2.17942
internal_count=326
is_linear=0
shrinkage=0.1


Tree=946
num_leaves=1
num_cat=0
split_feature=
split_gain=
threshold=
decision_type=
left_child=
right_child=
leaf_value=0
leaf_weight=
leaf_count=326
internal_value=
internal_weight=
internal_count=
is_linear=0
shrinkage=1


Tree=947
num_leaves=2
num_cat=0
split_feature=1
split_gain=0.0037047
threshold=2.5000000000000004
decision_type=2
left_child=-1
right_child=-2
leaf_value=-0.0026261196570127304 0.00099992717628529697
leaf_weight=3.3585357852280167 17.495554629364051
leaf_count=19 307
internal_value=0.000415955
internal_weight=20.8541
internal_count=326
is_linear=0
shrinkage=0.1


Tree=948
num_leaves=2
num_cat=0
split_feature=1
split_gain=0.0208394
threshold=2.5000000000000004
decision_type=2
left_child=-1
right_child=-2
leaf_value=-0.0061371720631240995 0.0021964583379495166
leaf_weight=3.2770359814167014 35.579311321198475
leaf_count=19 307
internal_value=0.00149362
internal_weight=38.8563
internal_count=326
is_linear=0
shrinkage=0.1


Tree=949
num_leaves=3
num_cat=0
split_feature=1 2
split_gain=0.0400643 0.00261742
threshold=3.5000000000000004 4.5000000000000009
decision_type=2 2
left_child=-1 -2
right_child=1 -3
leaf_value=-0.0077291373445799554 0.0029341167040529133 0.0055385012112836342
leaf_weight=2.5262547897873437 4.3278220812790087 35.615003505488858
leaf_count=56 37 233
internal_value=0.00448388 0.00525632
internal_weight=42.4691 39.9428
internal_count=326 270
is_linear=0
shrinkage=0.1


Tree=950
num_leaves=4
num_cat=0
split_feature=3 1 1
split_gain=0.00492891 0.035584 0.0215348
threshold=5.5000000000000009 6.5000000000000009 5.5000000000000009
decision_type=2 2 2
left_child=1 -1 -2
right_child=2 -3 -4
leaf_value=0.00070595501974636088 0.010462042442862127 0.010462042442862127 0.014443773935345669
leaf_weight=3.8921625467482945 12.771490669809284 1.9451119303703306 18.52768930606544
leaf_count=128 81 10 107
internal_value=0.0115471 0.00887943 0.0120447
internal_weight=37.1365 5.83727 31.2992
internal_count=326 138 188
is_linear=0
shrinkage=0.1


Tree=951
num_leaves=5
num_cat=0
split_feature=1 2 3 2
split_gain=0.00218536 0.084526 0.0259627 0.0219411
threshold=6.5000000000000009 6.5000000000000009 6.5000000000000009 5.5000000000000009
decision_type=2 2 2 2
left_child=1 3 -2 -1
right_child=2 -3 -4 -5
leaf_value=-0.006762689717656617 0.019280596711645972 0.019280596711645972 0.027509356646498968 0.010259965679291135
leaf_weight=0.86620377624604028 3.8937783797737202 3.1112491134554148 3.9785031527280807 6.0163929256814299
leaf_count=167 37 21 18 83
internal_value=0.0191483 0.0181667 0.0203945 0.00811759
internal_weight=17.8661 9.99385 7.87228 6.8826
internal_count=326 271 55 250
is_linear=0
shrinkage=0.1


Tree=952
num_leaves=6
num_cat=0
split_feature=2 1 0 3 3
split_gain=0.040295 0.0463672 0.0376892 0.00998453 0.171809
threshold=7.5000000000000009 7.5000000000000009 8.5000000000000018 6.5000000000000009 5.5000000000000009
decision_type=2 2 2 2 2
left_child=1 2 3 4 -1
right_child=-2 -3 -4 -5 -6
leaf_value=-0.10054117998837425 0.047053734742282596 0.029514241678348169 0.021321147125128628 0.011988923703324238 0.0070253847070465801
leaf_weight=0.15159728486878488 0.52780562639236439 2.5707832894986495 0.49065039306879032 3.3094500823644921 1.3086183777068072
leaf_count=135 2 17 3 44 125
internal_value=0.0203098 0.0185073 0.0131281 0.00894979 0.00206185
internal_weight=8.35891 7.8311 5.26032 4.76967 1.46022
internal_count=326 324 307 304 260
is_linear=0
shrinkage=0.1


Tree=953
num_leaves=3
num_cat=0
split_feature=0 2
split_gain=0.00123676 0.00182081
threshold=8.5000000000000018 7.5000000000000009
decision_type=2 2
left_child=1 -1
right_child=-2 -3
leaf_value=0.023612307174198328 0.03199275080385372 0.028933794471322771
leaf_weight=1.2299383398537886 0.40594318670628116 0.54639512300491322
leaf_count=319 5 2
internal_value=0.0270129 0.0258748
internal_weight=2.18228 1.77633
internal_count=326 321
is_linear=0
shrinkage=0.1


Tree=954
num_leaves=2
num_cat=0
split_feature=0
split_gain=0.000936014
threshold=4.5000000000000009
decision_type=2
left_child=-1
right_child=-2
leaf_value=-0.0010831606600168271 0.0030646847180966657
leaf_weight=1.1021699537523093 1.0743778658888912
leaf_count=81 245
internal_value=0.00096428
internal_weight=2.17655
internal_count=326
is_linear=0
shrinkage=0.1


Tree=955
num_leaves=1
num_cat=0
split_feature=
split_gain=
threshold=
decision_type=
left_child=
right_child=
leaf_value=0
leaf_weight=
leaf_count=326
internal_value=
internal_weight=
internal_count=
is_linear=0
shrinkage=1


Tree=956
num_leaves=2
num_cat=0
split_feature=1
split_gain=0.00390906
threshold=2.5000000000000004
decision_type=2
left_child=-1
right_child=-2
leaf_value=-0.0025746841357292358 0.0011507262925552035
leaf_weight=3.3580117188394096 17.469123922164727
leaf_count=19 307
internal_value=0.000550069
internal_weight=20.8271
internal_count=326
is_linear=0
shrinkage=0.1


Tree=957
num_leaves=2
num_cat=0
split_feature=2
split_gain=0.0202504
threshold=3.5000000000000004
decision_type=2
left_child=-1
right_child=-2
leaf_value=-0.0061525267985942057 0.0023079615834284148
leaf_weight=3.0723816603422156 35.722486796090379
leaf_count=24 302
internal_value=0.00163793
internal_weight=38.7949
internal_count=326
is_linear=0
shrinkage=0.1


Tree=958
num_leaves=4
num_cat=0
split_feature=0 1 0
split_gain=0.0283088 0.0134741 0.00566374
threshold=4.5000000000000009 4.5000000000000009 3.5000000000000004
decision_type=2 2 2
left_child=2 -2 -1
right_child=1 -3 -4
leaf_value=-0.0065942500662728555 0.002132766967414098 0.0067626030313852536 0.00023916584653853052
leaf_weight=1.6106330708716985 8.1233309023082239 27.743107321439311 4.9117859628750011
leaf_count=32 43 202 49
internal_value=0.00461176 0.0057138 -0.00144826
internal_weight=42.3889 35.8664 6.52242
internal_count=326 245 81
is_linear=0
shrinkage=0.1


Tree=959
num_leaves=5
num_cat=0
split_feature=3 0 0 1
split_gain=0.00384575 0.289826 0.297365 0.0219989
threshold=5.5000000000000009 6.5000000000000009 5.5000000000000009 5.5000000000000009
decision_type=2 2 2 2
left_child=1 2 -1 -2
right_child=3 -3 -4 -5
leaf_value=-0.095105106502374526 0.010269055268616548 0.010269055268616548 -0.0073153034576116868 0.014169883634734735
leaf_weight=0.46963917712127967 12.781057383399459 3.2022899221628904 2.1622251677326858 18.474097140133381
leaf_count=95 81 15 28 107
internal_value=0.0112275 0.00887064 -0.0229808 0.0116675
internal_weight=37.0893 5.83415 2.63186 31.2552
internal_count=326 138 123 188
is_linear=0
shrinkage=0.1


Tree=960
num_leaves=3
num_cat=0
split_feature=1 1
split_gain=0.00174162 0.000297232
threshold=7.5000000000000009 6.5000000000000009
decision_type=2 2
left_child=1 -1
right_child=-2 -3
leaf_value=0.018148929616403714 0.021208558836680658 0.019084761792123775
leaf_weight=9.992323012388626 2.7356541487388304 5.1395590042229733
leaf_count=271 17 38
internal_value=0.0188866 0.0184668
internal_weight=17.8675 15.1319
internal_count=326 309
is_linear=0
shrinkage=0.1


Tree=961
num_leaves=4
num_cat=0
split_feature=2 3 3
split_gain=0.0387194 0.0920193 0.141346
threshold=6.5000000000000009 6.5000000000000009 5.5000000000000009
decision_type=2 2 2
left_child=1 2 -1
right_child=-2 -3 -4
leaf_value=-0.10197365332350515 0.02575112278485317 0.018687818239834161 0.0019731899504549471
leaf_weight=0.15433244947757907 5.2729126432677731 2.0569445563014597 0.85851285150056356
leaf_count=135 44 32 115
internal_value=0.0205531 0.0116245 -0.0138657
internal_weight=8.3427 3.06979 1.01285
internal_count=326 282 250
is_linear=0
shrinkage=0.1


Tree=962
num_leaves=5
num_cat=0
split_feature=2 3 3 3
split_gain=0.00176858 0.00316011 0.0669685 2.12577e-07
threshold=7.5000000000000009 7.5000000000000009 6.5000000000000009 5.5000000000000009
decision_type=2 2 2 2
left_child=1 2 3 -1
right_child=-2 -3 -4 -5
leaf_value=-0.089430912162603918 0.031950505524393602 0.028663526572327808 0.024833133348917898 -0.088998979305718193
leaf_weight=0.035606665484010813 0.54541808366775502 0.79876516759395599 0.78782659042917658 0.01675627189001716
leaf_count=138 2 3 49 134
internal_value=0.027018 0.0253765 0.0210027 -0.0892927
internal_weight=2.18437 1.63895 0.84019 0.0523629
internal_count=326 324 321 272
is_linear=0
shrinkage=0.1


Tree=963
num_leaves=2
num_cat=0
split_feature=0
split_gain=0.000933357
threshold=4.5000000000000009
decision_type=2
left_child=-1
right_child=-2
leaf_value=-0.00096047108895443373 0.0031842575812399904
leaf_weight=1.1006823179777714 1.0729512152502136
leaf_count=81 245
internal_value=0.00108545
internal_weight=2.17363
internal_count=326
is_linear=0
shrinkage=0.1


Tree=964
num_leaves=1
num_cat=0
split_feature=
split_gain=
threshold=
decision_type=
left_child=
right_child=
leaf_value=0
leaf_weight=
leaf_count=326
internal_value=
internal_weight=
internal_count=
is_linear=0
shrinkage=1


Tree=965
num_leaves=3
num_cat=0
split_feature=2 0
split_gain=0.141133 0.0948699
threshold=2.5000000000000004 2.5000000000000004
decision_type=2 2
left_child=-1 -2
right_child=1 -3
leaf_value=-0.033090994162447679 -0.015217264240857887 0.0045791516142940853
leaf_weight=1.1702622771263147 1.2073934525251413 18.424202453774342
leaf_count=6 8 312
internal_value=0.0006454 0.00265647
internal_weight=20.8019 19.6316
internal_count=326 320
is_linear=0
shrinkage=0.1


Tree=966
num_leaves=2
num_cat=0
split_feature=1
split_gain=0.0200077
threshold=2.5000000000000004
decision_type=2
left_child=-1
right_child=-2
leaf_value=-0.005754859890612949 0.0024219908547063332
leaf_weight=3.2682523429393759 35.459286088589579
leaf_count=19 307
internal_value=0.00173194
internal_weight=38.7275
internal_count=326
is_linear=0
shrinkage=0.1


Tree=967
num_leaves=4
num_cat=0
split_feature=0 1 0
split_gain=0.0261089 0.0131416 0.00486621
threshold=4.5000000000000009 4.5000000000000009 3.5000000000000004
decision_type=2 2 2
left_child=2 -2 -1
right_child=1 -3 -4
leaf_value=-0.0059081739365229816 0.002311805660736869 0.0067914194340886599 0.0004336042486392975
leaf_weight=1.6057790145860042 8.1178129129111749 27.672259006183594 4.9085446130484343
leaf_count=32 43 202 49
internal_value=0.00469338 0.00575325 -0.00112964
internal_weight=42.3044 35.7901 6.51432
internal_count=326 245 81
is_linear=0
shrinkage=0.1


Tree=968
num_leaves=5
num_cat=0
split_feature=1 3 0 2
split_gain=0.00373633 0.0766613 0.414211 0.105941
threshold=6.5000000000000009 6.5000000000000009 5.5000000000000009 5.5000000000000009
decision_type=2 2 2 2
left_child=1 2 3 -1
right_child=-2 -3 -4 -5
leaf_value=-0.043540604493153778 0.012966903132711399 0.01179098066712363 0.008727949882816409 -0.011457035167960775
leaf_weight=1.4308168278075815 8.8927371688187105 6.6378107108175746 16.365406461525708 3.6665900815278292
leaf_count=120 55 36 94 21
internal_value=0.0111804 0.0106151 0.00566492 -0.0204627
internal_weight=36.9934 28.1006 21.4628 5.09741
internal_count=326 271 235 141
is_linear=0
shrinkage=0.1


Tree=969
num_leaves=6
num_cat=0
split_feature=1 2 2 1 1
split_gain=0.00144961 0.0842098 0.02465 0.00841912 0.00179021
threshold=7.5000000000000009 6.5000000000000009 5.5000000000000009 5.5000000000000009 6.5000000000000009
decision_type=2 2 2 2 2
left_child=1 2 -1 -4 -5
right_child=-2 -3 3 4 -6
leaf_value=-0.0065074985353577716 0.020621358373626206 0.019371639897015375 0.0052618168058245303 0.011727066613006668 0.014446602133092901
leaf_weight=0.8662635894888816 2.7401048336178055 6.2265680450946084 1.8204331527813336 4.2059844890609384 2.030462677590549
leaf_count=169 17 39 37 46 18
internal_value=0.0185047 0.0181219 0.00952156 0.011245 0.0129915
internal_weight=17.8898 15.1497 8.92314 8.05688 6.23645
internal_count=326 309 270 101 64
is_linear=0
shrinkage=0.1


Tree=970
num_leaves=4
num_cat=0
split_feature=0 0 0
split_gain=0.0386413 0.00379621 0.0904962
threshold=7.5000000000000009 6.5000000000000009 5.5000000000000009
decision_type=2 2 2
left_child=1 2 -1
right_child=-2 -3 -4
leaf_value=-0.090485845135854864 0.024218717799600963 0.012793586858616602 0.0083373495961648267
leaf_weight=0.09474343981696598 6.4133749365573749 0.89735730976099137 0.92772481700922071
leaf_count=152 39 40 95
internal_value=0.020493 0.00804695 0.00388111
internal_weight=8.3332 1.91983 1.02247
internal_count=326 287 247
is_linear=0
shrinkage=0.1


Tree=971
num_leaves=3
num_cat=0
split_feature=2 3
split_gain=0.00139153 0.0026961
threshold=7.5000000000000009 7.5000000000000009
decision_type=2 2
left_child=1 -1
right_child=-2 -3
leaf_value=0.021218372223289317 0.03111513191526874 0.028200563303599803
leaf_weight=0.83813711622383402 0.54625016450881947 0.79805450141429901
leaf_count=321 2 3
internal_value=0.026745 0.025286
internal_weight=2.18244 1.63619
internal_count=326 324
is_linear=0
shrinkage=0.1


Tree=972
num_leaves=2
num_cat=0
split_feature=0
split_gain=0.000925969
threshold=4.5000000000000009
decision_type=2
left_child=-1
right_child=-2
leaf_value=-0.00097242352568642813 0.0031557729761059472
leaf_weight=1.1005278632510456 1.0731962105001001
leaf_count=81 245
internal_value=0.00106572
internal_weight=2.17372
internal_count=326
is_linear=0
shrinkage=0.1


Tree=973
num_leaves=1
num_cat=0
split_feature=
split_gain=
threshold=
decision_type=
left_child=
right_child=
leaf_value=0
leaf_weight=
leaf_count=326
internal_value=
internal_weight=
internal_count=
is_linear=0
shrinkage=1


Tree=974
num_leaves=2
num_cat=0
split_feature=1
split_gain=0.00186409
threshold=2.5000000000000004
decision_type=2
left_child=-1
right_child=-2
leaf_value=-0.0015025140495872392 0.0010784032746212076
leaf_weight=3.3324635364115265 17.463884651369881
leaf_count=19 307
internal_value=0.00066483
internal_weight=20.7963
internal_count=326
is_linear=0
shrinkage=0.1


Tree=975
num_leaves=2
num_cat=0
split_feature=1
split_gain=0.0189582
threshold=2.5000000000000004
decision_type=2
left_child=-1
right_child=-2
leaf_value=-0.0054748109992526529 0.0024865165176771679
leaf_weight=3.2668331041932097 35.432821718044579
leaf_count=19 307
internal_value=0.00181446
internal_weight=38.6997
internal_count=326
is_linear=0
shrinkage=0.1


Tree=976
num_leaves=3
num_cat=0
split_feature=2 1
split_gain=0.0249621 0.20068
threshold=4.5000000000000009 4.5000000000000009
decision_type=2 2
left_child=1 -1
right_child=-2 -3
leaf_value=-0.034897401553993478 0.0054430107928817644 0.0015310767714065397
leaf_weight=1.5649723914684717 37.694056754466146 3.0076254568994045
leaf_count=59 249 18
internal_value=0.00459659 -0.00238086
internal_weight=42.2667 4.5726
internal_count=326 77
is_linear=0
shrinkage=0.1


Tree=977
num_leaves=5
num_cat=0
split_feature=1 3 0 2
split_gain=0.00330131 0.0706735 0.362496 0.0939587
threshold=6.5000000000000009 6.5000000000000009 5.5000000000000009 5.5000000000000009
decision_type=2 2 2 2
left_child=1 2 3 -1
right_child=-2 -3 -4 -5
leaf_value=-0.040623953927263305 0.013049084448804191 0.011942597951689282 0.0090015659760879739 -0.010069288931089035
leaf_weight=1.3863336907015824 8.8729116376489383 6.6387263890355817 16.360594199039042 3.6725858971476555
leaf_count=120 55 36 94 21
internal_value=0.0113678 0.0108361 0.00606053 -0.0184424
internal_weight=36.9312 28.0582 21.4195 5.05892
internal_count=326 271 235 141
is_linear=0
shrinkage=0.1


Tree=978
num_leaves=4
num_cat=0
split_feature=3 0 0
split_gain=0.00155453 0.213912 0.0905533
threshold=6.5000000000000009 6.5000000000000009 5.5000000000000009
decision_type=2 2 2
left_child=1 2 -1
right_child=-2 -3 -4
leaf_value=-0.08981571976945607 0.019156820079672628 0.018204423383375856 -0.011595000798303808
leaf_weight=0.16836367650739759 10.779779201373458 5.7187709439313039 1.2236127123323968
leaf_count=143 54 52 77
internal_value=0.0183997 0.017252 -0.021056
internal_weight=17.8905 7.11075 1.39198
internal_count=326 272 220
is_linear=0
shrinkage=0.1


Tree=979
num_leaves=6
num_cat=0
split_feature=2 1 0 3 3
split_gain=0.0361259 0.0425518 0.0366318 0.0106009 0.157257
threshold=7.5000000000000009 7.5000000000000009 8.5000000000000018 6.5000000000000009 5.5000000000000009
decision_type=2 2 2 2 2
left_child=1 2 3 4 -1
right_child=-2 -3 -4 -5 -6
leaf_value=-0.099807487976050435 0.045548435877327431 0.029123320206576504 0.021258752211960798 0.012335663247018709 0.0072060708535355306
leaf_weight=0.14065254703859831 0.52974998950958241 2.561452867143089 0.48952143639326084 3.2949036012869328 1.3099919775359012
leaf_count=135 2 17 3 44 125
internal_value=0.0202788 0.0185618 0.0133942 0.00919958 0.00207648
internal_weight=8.32627 7.79652 5.23507 4.74555 1.45064
internal_count=326 324 307 304 260
is_linear=0
shrinkage=0.1


Tree=980
num_leaves=3
num_cat=0
split_feature=2 3
split_gain=0.00117604 0.00252245
threshold=7.5000000000000009 7.5000000000000009
decision_type=2 2
left_child=1 -1
right_child=-2 -3
leaf_value=0.020959935343307815 0.030271364264916879 0.027593671816455952
leaf_weight=0.83995669277737783 0.54707312583923329 0.79727329313755035
leaf_count=321 2 3
internal_value=0.0262573 0.024916
internal_weight=2.1843 1.63723
internal_count=326 324
is_linear=0
shrinkage=0.1


Tree=981
num_leaves=2
num_cat=0
split_feature=0
split_gain=0.000839495
threshold=4.5000000000000009
decision_type=2
left_child=-1
right_child=-2
leaf_value=-0.00086141670126640068 0.0030696838552023036
leaf_weight=1.0991350468248131 1.074103787757849
leaf_count=81 245
internal_value=0.00108149
internal_weight=2.17324
internal_count=326
is_linear=0
shrinkage=0.1


Tree=982
num_leaves=1
num_cat=0
split_feature=
split_gain=
threshold=
decision_type=
left_child=
right_child=
leaf_value=0
leaf_weight=
leaf_count=326
internal_value=
internal_weight=
internal_count=
is_linear=0
shrinkage=1


Tree=983
num_leaves=2
num_cat=0
split_feature=1
split_gain=0.0020121
threshold=2.5000000000000004
decision_type=2
left_child=-1
right_child=-2
leaf_value=-0.0015371504239142697 0.0011441226050959957
leaf_weight=3.333505846560004 17.447404523256409
leaf_count=19 307
internal_value=0.000714014
internal_weight=20.7809
internal_count=326
is_linear=0
shrinkage=0.1


Tree=984
num_leaves=2
num_cat=0
split_feature=2
split_gain=0.0190386
threshold=3.5000000000000004
decision_type=2
left_child=-1
right_child=-2
leaf_value=-0.0057474176581690066 0.0024715688143252556
leaf_weight=3.060746766626834 35.591260252404027
leaf_count=24 302
internal_value=0.00182073
internal_weight=38.652
internal_count=326
is_linear=0
shrinkage=0.1


Tree=985
num_leaves=4
num_cat=0
split_feature=0 1 0
split_gain=0.024748 0.0113992 0.00429939
threshold=4.5000000000000009 4.5000000000000009 3.5000000000000004
decision_type=2 2 2
left_child=2 -2 -1
right_child=1 -3 -4
leaf_value=-0.0055688695906184063 0.0023322801866257487 0.0066043148467132846 0.00039940389203647442
leaf_weight=1.6011297326185729 8.0733912009745818 27.596041383687407 4.9034667436499149
leaf_count=32 43 202 49
internal_value=0.00460294 0.00563739 -0.00106971
internal_weight=42.174 35.6694 6.5046
internal_count=326 245 81
is_linear=0
shrinkage=0.1


Tree=986
num_leaves=5
num_cat=0
split_feature=3 0 0 1
split_gain=0.00383492 0.258409 0.265841 0.0215298
threshold=5.5000000000000009 6.5000000000000009 5.5000000000000009 5.5000000000000009
decision_type=2 2 2 2
left_child=1 2 -1 -2
right_child=3 -3 -4 -5
leaf_value=-0.094408372424636344 0.010517918601587607 0.010517918601587607 -0.0071236932881574072 0.014397748228574328
leaf_weight=0.41610055980709093 12.697924389503898 3.1890363730490208 2.1617477643303573 18.370716897770762
leaf_count=95 81 15 28 107
internal_value=0.0114823 0.00911397 -0.0212127 0.0119219
internal_weight=36.8355 5.76688 2.57785 31.0686
internal_count=326 138 123 188
is_linear=0
shrinkage=0.1


Tree=987
num_leaves=6
num_cat=0
split_feature=1 2 2 1 1
split_gain=0.00228298 0.0870806 0.0216423 0.00813795 0.00218465
threshold=7.5000000000000009 6.5000000000000009 5.5000000000000009 5.5000000000000009 6.5000000000000009
decision_type=2 2 2 2 2
left_child=1 2 -1 -4 -5
right_child=-2 -3 3 4 -6
leaf_value=-0.005902108374477499 0.020816957602510264 0.019247387924211726 0.0048877452449428305 0.01110882963390105 0.014201782687474566
leaf_weight=0.8621691625776301 2.7357160509563974 6.2108824122697106 1.8214206193661082 4.2019901825115085 2.0317601161077619
leaf_count=169 17 39 37 46 18
internal_value=0.0181586 0.0176778 0.00915618 0.0107679 0.012486
internal_weight=17.8639 15.1282 8.91734 8.05517 6.23375
internal_count=326 309 270 101 64
is_linear=0
shrinkage=0.1


Tree=988
num_leaves=4
num_cat=0
split_feature=2 3 3
split_gain=0.0351932 0.087097 0.129264
threshold=6.5000000000000009 6.5000000000000009 5.5000000000000009
decision_type=2 2 2
left_child=1 2 -1
right_child=-2 -3 -4
leaf_value=-0.10109766740986553 0.025269366106074765 0.018522664059287746 0.0014506355758160507
leaf_weight=0.14339622074135172 5.2580069717951119 2.0524016859708354 0.86077012323403324
leaf_count=135 44 32 115
internal_value=0.020309 0.011776 -0.0131934
internal_weight=8.31458 3.05657 1.00417
internal_count=326 282 250
is_linear=0
shrinkage=0.1


Tree=989
num_leaves=3
num_cat=0
split_feature=2 3
split_gain=0.00162601 0.00272971
threshold=7.5000000000000009 7.5000000000000009
decision_type=2 2
left_child=1 -1
right_child=-2 -3
leaf_value=0.020478400627607064 0.030814583419897353 0.027665496150278149
leaf_weight=0.84326044420481616 0.5465453267097472 0.79649104177951813
leaf_count=321 2 3
internal_value=0.0260909 0.0245164
internal_weight=2.1863 1.63975
internal_count=326 324
is_linear=0
shrinkage=0.1


Tree=990
num_leaves=2
num_cat=0
split_feature=0
split_gain=0.00083388
threshold=4.5000000000000009
decision_type=2
left_child=-1
right_child=-2
leaf_value=-0.00073918974676583137 0.0031812658315645338
leaf_weight=1.0976674510166051 1.072770829154251
leaf_count=81 245
internal_value=0.00119855
internal_weight=2.17044
internal_count=326
is_linear=0
shrinkage=0.1


Tree=991
num_leaves=1
num_cat=0
split_feature=
split_gain=
threshold=
decision_type=
left_child=
right_child=
leaf_value=0
leaf_weight=
leaf_count=326
internal_value=
internal_weight=
internal_count=
is_linear=0
shrinkage=1


Tree=992
num_leaves=2
num_cat=0
split_feature=1
split_gain=0.00191614
threshold=2.5000000000000004
decision_type=2
left_child=-1
right_child=-2
leaf_value=-0.00139422113601491 0.0012236429265458136
leaf_weight=3.3303058668971088 17.42619952646055
leaf_count=19 307
internal_value=0.000803616
internal_weight=20.7565
internal_count=326
is_linear=0
shrinkage=0.1


Tree=993
num_leaves=2
num_cat=0
split_feature=1
split_gain=0.0174509
threshold=2.5000000000000004
decision_type=2
left_child=-1
right_child=-2
leaf_value=-0.0051032885940628051 0.002544892843503543
leaf_weight=3.2584853395819655 35.330737509997562
leaf_count=19 307
internal_value=0.00189908
internal_weight=38.5892
internal_count=326
is_linear=0
shrinkage=0.1


Tree=994
num_leaves=4
num_cat=0
split_feature=0 1 0
split_gain=0.0228722 0.0110706 0.00367348
threshold=4.5000000000000009 4.5000000000000009 3.5000000000000004
decision_type=2 2 2
left_child=2 -2 -1
right_child=1 -3 -4
leaf_value=-0.0049488393367249318 0.0024426720686214131 0.0066232745761786171 0.00057398944096346074
leaf_weight=1.5967674131388765 8.0682023763656598 27.531497215037234 4.900667940848507
leaf_count=32 43 202 49
internal_value=0.0046728 0.00566861 -0.000783265
internal_weight=42.0971 35.5997 6.49744
internal_count=326 245 81
is_linear=0
shrinkage=0.1


Tree=995
num_leaves=4
num_cat=0
split_feature=1 3 2
split_gain=0.00254351 0.0671039 0.153592
threshold=6.5000000000000009 6.5000000000000009 5.5000000000000009
decision_type=2 2 2
left_child=1 2 -1
right_child=-2 -3 -4
leaf_value=-0.0068468820211538125 0.012752247403751919 0.011778270573124154 0.0089169951419750277
leaf_weight=6.8825303478224731 8.8198495805263502 6.6297754403203717 14.417809961363671
leaf_count=162 55 36 73
internal_value=0.0112718 0.0108043 0.00605572
internal_weight=36.75 27.9301 21.3003
internal_count=326 271 235
is_linear=0
shrinkage=0.1


Tree=996
num_leaves=5
num_cat=0
split_feature=3 0 1 2
split_gain=0.0016237 0.18717 0.0882075 0.000733262
threshold=6.5000000000000009 6.5000000000000009 5.5000000000000009 6.5000000000000009
decision_type=2 2 2 2
left_child=1 2 -1 -2
right_child=3 -3 -4 -5
leaf_value=-0.089974668183350176 0.018289711507249833 0.018001012514142389 -0.01001626281251543 0.019969812082133036
leaf_weight=0.15586051673108237 6.3694895468652248 5.7500752140767872 1.2017995086498556 4.3867769613862038
leaf_count=161 32 52 59 22
internal_value=0.0181999 0.0170271 -0.0191956 0.0189749
internal_weight=17.864 7.10774 1.35766 10.7563
internal_count=326 272 220 54
is_linear=0
shrinkage=0.1


Tree=997
num_leaves=5
num_cat=0
split_feature=1 3 0 1
split_gain=0.036635 0.097051 0.0736761 0.068541
threshold=5.5000000000000009 6.5000000000000009 7.5000000000000009 7.5000000000000009
decision_type=2 2 2 2
left_child=2 3 -1 -2
right_child=1 -3 -4 -5
leaf_value=-0.089647126792235021 0.0099417290026961036 0.029929559817120879 0.0099417290026961036 0.019935644409908491
leaf_weight=0.084325201819183238 1.1423517315251956 5.2884617131203413 0.58181191864423454 1.2112668290792499
leaf_count=179 92 39 5 11
internal_value=0.0202072 0.0221677 -0.00228427 0.00994173
internal_weight=8.30822 7.64208 0.666137 2.35362
internal_count=326 142 184 103
is_linear=0
shrinkage=0.1


Tree=998
num_leaves=3
num_cat=0
split_feature=2 3
split_gain=0.00136542 0.00251337
threshold=7.5000000000000009 7.5000000000000009
decision_type=2 2
left_child=1 -1
right_child=-2 -3
leaf_value=0.02040895853487712 0.030071836172966149 0.027187528321578128
leaf_weight=0.84387479027236645 0.5472651720046996 0.79587885737419128
leaf_count=321 2 3
internal_value=0.0257467 0.0243032
internal_weight=2.18702 1.63975
internal_count=326 324
is_linear=0
shrinkage=0.1


Tree=999
num_leaves=2
num_cat=0
split_feature=0
split_gain=0.000815402
threshold=4.5000000000000009
decision_type=2
left_child=-1
right_child=-2
leaf_value=-0.00066066636939209999 0.0032173807777644142
leaf_weight=1.0966830798424783 1.0723213517157999
leaf_count=81 245
internal_value=0.00125658
internal_weight=2.169
internal_count=326
is_linear=0
shrinkage=0.1


Tree=1000
num_leaves=1
num_cat=0
split_feature=
split_gain=
threshold=
decision_type=
left_child=
right_child=
leaf_value=0
leaf_weight=
leaf_count=326
internal_value=
internal_weight=
internal_count=
is_linear=0
shrinkage=1


Tree=1001
num_leaves=2
num_cat=0
split_feature=1
split_gain=0.0021072
threshold=2.5000000000000004
decision_type=2
left_child=-1
right_child=-2
leaf_value=-0.0014101717106918675 0.0013351577735805388
leaf_weight=3.3308831639587906 17.406488810680457
leaf_count=19 307
internal_value=0.000894197
internal_weight=20.7374
internal_count=326
is_linear=0
shrinkage=0.1


Tree=1002
num_leaves=2
num_cat=0
split_feature=2
split_gain=0.0170246
threshold=3.5000000000000004
decision_type=2
left_child=-1
right_child=-2
leaf_value=-0.0052201594925256499 0.002569248989716469
leaf_weight=3.046650141477584 35.503428866359172
leaf_count=24 302
internal_value=0.00195364
internal_weight=38.5501
internal_count=326
is_linear=0
shrinkage=0.1


Tree=1003
num_leaves=3
num_cat=0
split_feature=2 1
split_gain=0.0205954 0.175395
threshold=4.5000000000000009 4.5000000000000009
decision_type=2 2
left_child=1 -1
right_child=-2 -3
leaf_value=-0.03270622155360664 0.0053851872311025343 0.0018186594865033899
leaf_weight=1.5198974840459403 37.515322658699006 3.0174827761948109
leaf_count=59 249 18
internal_value=0.00461555 -0.00174787
internal_weight=42.0527 4.53738
internal_count=326 77
is_linear=0
shrinkage=0.1


Tree=1004
num_leaves=4
num_cat=0
split_feature=3 0 1
split_gain=0.0020865 0.230213 0.020835
threshold=5.5000000000000009 6.5000000000000009 5.5000000000000009
decision_type=2 2 2
left_child=1 -1 -2
right_child=2 -3 -4
leaf_value=-0.019519643413778601 0.010658230426167384 0.010658230426167384 0.014295382141678687
leaf_weight=2.5346422664078991 12.683598003815861 3.1782369110733271 18.281170090660453
leaf_count=123 81 15 107
internal_value=0.0113742 0.00961827 0.0116982
internal_weight=36.6776 5.71288 30.9648
internal_count=326 138 188
is_linear=0
shrinkage=0.1


Tree=1005
num_leaves=5
num_cat=0
split_feature=1 2 3 2
split_gain=0.00213533 0.0801498 0.0338543 0.0149243
threshold=6.5000000000000009 6.5000000000000009 6.5000000000000009 5.5000000000000009
decision_type=2 2 2 2
left_child=1 3 -2 -1
right_child=2 -3 -4 -5
leaf_value=-0.0049971322239334183 0.018242814870479618 0.018242814870479618 0.027644187989786784 0.0091198451590418679
leaf_weight=0.85530603428196794 3.9311512724962077 3.1014867722988129 3.9383362680673599 6.0183661438495619
leaf_count=167 37 21 18 83
internal_value=0.0181128 0.0171412 0.0193444 0.00736324
internal_weight=17.8446 9.97516 7.86949 6.87367
internal_count=326 271 55 250
is_linear=0
shrinkage=0.1


Tree=1006
num_leaves=4
num_cat=0
split_feature=0 0 0
split_gain=0.0337793 0.00302964 0.0802299
threshold=7.5000000000000009 6.5000000000000009 5.5000000000000009
decision_type=2 2 2
left_child=1 2 -1
right_child=-2 -3 -4
leaf_value=-0.090394337165445163 0.023157602885072473 0.012254120876288122 0.0082727481211252261
leaf_weight=0.084069051115761573 6.4043156516272575 0.90084961695174559 0.93346600412860425
leaf_count=152 39 40 95
internal_value=0.0196708 0.00803058 0.00429138
internal_weight=8.3227 1.91838 1.01754
internal_count=326 287 247
is_linear=0
shrinkage=0.1


Tree=1007
num_leaves=4
num_cat=0
split_feature=2 3 0
split_gain=0.00119172 0.00238947 0.062544
threshold=7.5000000000000009 7.5000000000000009 6.5000000000000009
decision_type=2 2 2
left_child=1 2 -1
right_child=-2 -3 -4
leaf_value=-0.089168004363535169 0.029703047457440748 0.027008992689453826 0.023752030995469176
leaf_weight=0.049752292186440394 0.54761737585067738 0.79575321078300476 0.79379322477689129
leaf_count=247 2 3 74
internal_value=0.0256642 0.0243149 0.0204951
internal_weight=2.18692 1.6393 0.843546
internal_count=326 324 321
is_linear=0
shrinkage=0.1


Tree=1008
num_leaves=4
num_cat=0
split_feature=0 3 3
split_gain=0.000753277 0.397074 5.18115e-07
threshold=4.5000000000000009 5.5000000000000009 4.5000000000000009
decision_type=2 2 2
left_child=1 2 -1
right_child=-2 -3 -4
leaf_value=-0.089910084105880042 0.0032266294612235966 0.0013620490453639341 -0.08969688013417193
leaf_weight=0.18731402186676882 1.0721250093811248 0.6163208857178688 0.29114659153856337
leaf_count=20 245 22 39
internal_value=0.00134255 -0.000502531 -0.0897803
internal_weight=2.16691 1.09478 0.478461
internal_count=326 81 59
is_linear=0
shrinkage=0.1


Tree=1009
num_leaves=1
num_cat=0
split_feature=
split_gain=
threshold=
decision_type=
left_child=
right_child=
leaf_value=0
leaf_weight=
leaf_count=326
internal_value=
internal_weight=
internal_count=
is_linear=0
shrinkage=1


Tree=1010
num_leaves=2
num_cat=0
split_feature=1
split_gain=0.00194059
threshold=2.5000000000000004
decision_type=2
left_child=-1
right_child=-2
leaf_value=-0.0012675702912967653 0.0013682984887557941
leaf_weight=3.3276033252477673 17.388645474733494
leaf_count=19 307
internal_value=0.000944905
internal_weight=20.7162
internal_count=326
is_linear=0
shrinkage=0.1


Tree=1011
num_leaves=2
num_cat=0
split_feature=1
split_gain=0.0161655
threshold=2.5000000000000004
decision_type=2
left_child=-1
right_child=-2
leaf_value=-0.0047396218107659017 0.0026310855715051236
leaf_weight=3.2500739917159072 35.229649445158429
leaf_count=19 307
internal_value=0.00200854
internal_weight=38.4797
internal_count=326
is_linear=0
shrinkage=0.1


Tree=1012
num_leaves=3
num_cat=0
split_feature=1 2
split_gain=0.0345505 0.00135464
threshold=3.5000000000000004 4.5000000000000009
decision_type=2 2
left_child=-1 -2
right_child=1 -3
leaf_value=-0.0066220966207742567 0.0038173809213115544 0.005701829352642275
leaf_weight=2.5014913419145151 4.278950323816388 35.15628542995546
leaf_count=56 37 233
internal_value=0.00477444 0.00549736
internal_weight=41.9367 39.4352
internal_count=326 270
is_linear=0
shrinkage=0.1


Tree=1013
num_leaves=4
num_cat=0
split_feature=1 3 0
split_gain=0.00352183 0.0698437 0.323704
threshold=6.5000000000000009 6.5000000000000009 5.5000000000000009
decision_type=2 2 2
left_child=1 2 -1
right_child=-2 -3 -4
leaf_value=-0.017403461741576861 0.012927510419703012 0.011778244381920168 0.0088351551541475237
leaf_weight=4.9688014245402945 8.7646369710564596 6.6202016510069361 16.251122412737459
leaf_count=141 55 36 94
internal_value=0.0111793 0.010629 0.00589207
internal_weight=36.6048 27.8401 21.2199
internal_count=326 271 235
is_linear=0
shrinkage=0.1


Tree=1014
num_leaves=6
num_cat=0
split_feature=1 2 2 1 3
split_gain=0.00147336 0.0787622 0.0167529 0.00816898 0.053804
threshold=7.5000000000000009 6.5000000000000009 5.5000000000000009 5.5000000000000009 6.5000000000000009
decision_type=2 2 2 2 2
left_child=1 2 -1 -4 -5
right_child=-2 -3 3 4 -6
leaf_value=-0.0040629183925563325 0.020077729101900095 0.018817179495845621 0.0047815155703581124 0.0085911487145897605 0.01404475695008452
leaf_weight=0.85198473304171862 2.7385494280606499 6.1890416331589213 1.8168873587856067 3.0169353829696774 3.2228190153837204
leaf_count=169 17 39 37 51 13
internal_value=0.0179437 0.0175566 0.00927233 0.0106825 0.0124008
internal_weight=17.8362 15.0977 8.90863 8.05664 6.23975
internal_count=326 309 270 101 64
is_linear=0
shrinkage=0.1


Tree=1015
num_leaves=6
num_cat=0
split_feature=2 1 0 3 3
split_gain=0.0333387 0.0378044 0.034611 0.00904338 0.143719
threshold=7.5000000000000009 7.5000000000000009 8.5000000000000018 6.5000000000000009 5.5000000000000009
decision_type=2 2 2 2 2
left_child=1 2 3 4 -1
right_child=-2 -3 -4 -5 -6
leaf_value=-0.099076071226862225 0.043955860489222912 0.028035519932584907 0.020615149169169861 0.011933805826058541 0.0071820085767432445
leaf_weight=0.1301665281304164 0.53176736831665028 2.5574822290800512 0.48911939561367024 3.2913561350433156 1.3088960571485586
leaf_count=135 2 17 3 44 125
internal_value=0.0197316 0.0180752 0.0131948 0.00904267 0.00243021
internal_weight=8.30879 7.77702 5.21954 4.73042 1.43906
internal_count=326 324 307 304 260
is_linear=0
shrinkage=0.1


Tree=1016
num_leaves=3
num_cat=0
split_feature=2 3
split_gain=0.000926628 0.00192046
threshold=7.5000000000000009 7.5000000000000009
decision_type=2 2
left_child=1 -1
right_child=-2 -3
leaf_value=0.020972049317622827 0.029165789473684162 0.026790236963098471
leaf_weight=0.83988249010189997 0.54812431335449208 0.7950860857963562
leaf_count=321 2 3
internal_value=0.0256076 0.0244147
internal_weight=2.18309 1.63497
internal_count=326 324
is_linear=0
shrinkage=0.1


Tree=1017
num_leaves=2
num_cat=0
split_feature=0
split_gain=4.72744e-06
threshold=4.5000000000000009
decision_type=2
left_child=-1
right_child=-2
leaf_value=0.0029093443260350201 0.0032075200287289651
leaf_weight=1.0547169419005515 1.0723020725654349
leaf_count=81 245
internal_value=0.00305966
internal_weight=2.12702
internal_count=326
is_linear=0
shrinkage=0.1


Tree=1018
num_leaves=1
num_cat=0
split_feature=
split_gain=
threshold=
decision_type=
left_child=
right_child=
leaf_value=0
leaf_weight=
leaf_count=326
internal_value=
internal_weight=
internal_count=
is_linear=0
shrinkage=1


Tree=1019
num_leaves=2
num_cat=0
split_feature=1
split_gain=0.00223414
threshold=2.5000000000000004
decision_type=2
left_child=-1
right_child=-2
leaf_value=-0.0013967804221578137 0.0014308043469092302
leaf_weight=3.3299950733780888 17.371528905408923
leaf_count=19 307
internal_value=0.000975966
internal_weight=20.7015
internal_count=326
is_linear=0
shrinkage=0.1


Tree=1020
num_leaves=2
num_cat=0
split_feature=2
split_gain=0.0157104
threshold=3.5000000000000004
decision_type=2
left_child=-1
right_child=-2
leaf_value=-0.0048762923911972039 0.0026177433711120509
leaf_weight=3.0373868718743315 35.405512878729496
leaf_count=24 302
internal_value=0.00202564
internal_weight=38.4429
internal_count=326
is_linear=0
shrinkage=0.1


Tree=1021
num_leaves=3
num_cat=0
split_feature=1 2
split_gain=0.0307546 0.00139884
threshold=3.5000000000000004 4.5000000000000009
decision_type=2 2
left_child=-1 -2
right_child=1 -3
leaf_value=-0.0061037602036961638 0.0036417265167558634 0.0055557471381811685
leaf_weight=2.4936521186609744 4.2840377781540147 35.124804691644385
leaf_count=56 37 233
internal_value=0.00466619 0.00534768
internal_weight=41.9025 39.4088
internal_count=326 270
is_linear=0
shrinkage=0.1


Tree=1022
num_leaves=4
num_cat=0
split_feature=1 3 0
split_gain=0.00275439 0.0644689 0.280838
threshold=6.5000000000000009 6.5000000000000009 5.5000000000000009
decision_type=2 2 2
left_child=1 2 -1
right_child=-2 -3 -4
leaf_value=-0.015563858544109542 0.012778392429522535 0.011760914137148762 0.008942699603674607
leaf_weight=4.9565318569948493 8.7414355240762216 6.620328325778245 16.242816678714007
leaf_count=141 55 36 94
internal_value=0.01123 0.0107434 0.00612449
internal_weight=36.5611 27.8197 21.1993
internal_count=326 271 235
is_linear=0
shrinkage=0.1


Tree=1023
num_leaves=4
num_cat=0
split_feature=3 0 0
split_gain=0.00195894 0.16549 0.089282
threshold=6.5000000000000009 6.5000000000000009 5.5000000000000009
decision_type=2 2 2
left_child=1 2 -1
right_child=-2 -3 -4
leaf_value=-0.089755561738287207 0.018679060959677234 0.017608963258978427 -0.0084224823045813187
leaf_weight=0.15241483669251521 10.714957511052489 5.7862484648358077 1.1790384894702584
leaf_count=143 54 52 77
internal_value=0.0178248 0.0165389 -0.0177329
internal_weight=17.8327 7.1177 1.33145
internal_count=326 272 220
is_linear=0
shrinkage=0.1


Tree=1024
num_leaves=4
num_cat=0
split_feature=2 3 3
split_gain=0.0350552 0.0804405 0.118816
threshold=6.5000000000000009 6.5000000000000009 5.5000000000000009
decision_type=2 2 2
left_child=1 2 -1
right_child=-2 -3 -4
leaf_value=-0.10036738166416392 0.024718605175308214 0.017981733019628087 0.00083018120357258049
leaf_weight=0.13403511405454116 5.2425407071132213 2.0596707594813779 0.86321190047692653
leaf_count=135 44 32 115
internal_value=0.0197559 0.0112449 -0.0127713
internal_weight=8.29946 3.05692 0.997247
internal_count=326 282 250
is_linear=0
shrinkage=0.1


Tree=1025
num_leaves=3
num_cat=0
split_feature=2 3
split_gain=0.00134282 0.0021387
threshold=7.5000000000000009 7.5000000000000009
decision_type=2 2
left_child=1 -1
right_child=-2 -3
leaf_value=0.020445787071577775 0.02972769868017135 0.026867585626006715
leaf_weight=0.84348088371825747 0.54759395122528065 0.79433514177799225
leaf_count=321 2 3
internal_value=0.0254408 0.0240075
internal_weight=2.18541 1.63782
internal_count=326 324
is_linear=0
shrinkage=0.1


Tree=1026
num_leaves=2
num_cat=0
split_feature=0
split_gain=1.16916e-05
threshold=4.5000000000000009
decision_type=2
left_child=-1
right_child=-2
leaf_value=0.0027223911887862668 0.0031910753209384531
leaf_weight=1.0566759614739569 1.0724380000992821
leaf_count=81 245
internal_value=0.00295847
internal_weight=2.12911
internal_count=326
is_linear=0
shrinkage=0.1


Tree=1027
num_leaves=1
num_cat=0
split_feature=
split_gain=
threshold=
decision_type=
left_child=
right_child=
leaf_value=0
leaf_weight=
leaf_count=326
internal_value=
internal_weight=
internal_count=
is_linear=0
shrinkage=1


Tree=1028
num_leaves=2
num_cat=0
split_feature=1
split_gain=0.00215508
threshold=2.5000000000000004
decision_type=2
left_child=-1
right_child=-2
leaf_value=-0.0012799055361681793 0.0014982421951866142
leaf_weight=3.3276795335114029 17.353356773586711
leaf_count=19 307
internal_value=0.00105122
internal_weight=20.681
internal_count=326
is_linear=0
shrinkage=0.1


Tree=1029
num_leaves=2
num_cat=0
split_feature=1
split_gain=0.0158028
threshold=2.5000000000000004
decision_type=2
left_child=-1
right_child=-2
leaf_value=-0.0045917475813803208 0.002701027287354902
leaf_weight=3.2456878274679175 35.149032302782871
leaf_count=19 307
internal_value=0.00208453
internal_weight=38.3947
internal_count=326
is_linear=0
shrinkage=0.1


Tree=1030
num_leaves=3
num_cat=0
split_feature=3 1
split_gain=0.600087 0.000689672
threshold=4.5000000000000009 4.5000000000000009
decision_type=2 2
left_child=-1 -2
right_child=1 -3
leaf_value=-0.043470740998462785 0.0069660725720544509 0.0078707148495131881
leaf_weight=2.4443515649763858 12.209671655495184 27.203792068990879
leaf_count=32 93 201
internal_value=0.00460867 0.00759047
internal_weight=41.8578 39.4135
internal_count=326 294
is_linear=0
shrinkage=0.1


Tree=1031
num_leaves=4
num_cat=0
split_feature=3 0 1
split_gain=0.00197816 0.202604 0.0211857
threshold=5.5000000000000009 6.5000000000000009 5.5000000000000009
decision_type=2 2 2
left_child=1 -1 -2
right_child=2 -3 -4
leaf_value=-0.017863469609747062 0.010612885358661645 0.010612885358661645 0.01427454485482467
leaf_weight=2.5057234721170962 12.646196766290815 3.1635093577206135 18.17518044449389
leaf_count=123 81 15 107
internal_value=0.0113134 0.00959663 0.0116291
internal_weight=36.4906 5.66923 30.8214
internal_count=326 138 188
is_linear=0
shrinkage=0.1


Tree=1032
num_leaves=6
num_cat=0
split_feature=1 2 2 1 1
split_gain=0.00163662 0.0791536 0.0150253 0.00801903 0.0020715
threshold=7.5000000000000009 6.5000000000000009 5.5000000000000009 5.5000000000000009 6.5000000000000009
decision_type=2 2 2 2 2
left_child=1 2 -1 -4 -5
right_child=-2 -3 3 4 -6
leaf_value=-0.0036841658267680573 0.019884481354558996 0.018555568663664364 0.0044579004753645185 0.01067696272369963 0.013760792558984195
leaf_weight=0.84929595579615202 2.7375005409121504 6.17979279346764 1.8181057423644231 4.1945481104776263 2.0350333005189896
leaf_count=169 17 39 37 46 18
internal_value=0.0176351 0.0172267 0.00896602 0.010301 0.0120063
internal_weight=17.8143 15.0768 8.89698 8.04769 6.22958
internal_count=326 309 270 101 64
is_linear=0
shrinkage=0.1


Tree=1033
num_leaves=5
num_cat=0
split_feature=1 3 2 1
split_gain=0.0313738 0.0904317 0.0659126 0.0616714
threshold=5.5000000000000009 6.5000000000000009 6.5000000000000009 7.5000000000000009
decision_type=2 2 2 2
left_child=2 3 -1 -2
right_child=1 -3 -4 -5
leaf_value=-0.089494765911623239 0.010051564325881843 0.028971527685026661 0.010051564325881843 0.019511546005454253
leaf_weight=0.075108944058456362 1.1343445014372264 5.2992219431325793 0.58002328290604055 1.2022561153571587
leaf_count=179 92 39 5 11
internal_value=0.0196513 0.0214531 -0.00134997 0.0100516
internal_weight=8.29095 7.63582 0.655132 2.3366
internal_count=326 142 184 103
is_linear=0
shrinkage=0.1


Tree=1034
num_leaves=3
num_cat=0
split_feature=2 3
split_gain=0.00114311 0.00197782
threshold=7.5000000000000009 7.5000000000000009
decision_type=2 2
left_child=1 -1
right_child=-2 -3
leaf_value=0.020326318447631841 0.029040080791722302 0.026402437434522686
leaf_weight=0.84440917014399042 0.54824185371398915 0.79371698200702667
leaf_count=321 2 3
internal_value=0.0250876 0.0237648
internal_weight=2.18637 1.63813
internal_count=326 324
is_linear=0
shrinkage=0.1


Tree=1035
num_leaves=2
num_cat=0
split_feature=0
split_gain=2.67442e-05
threshold=4.5000000000000009
decision_type=2
left_child=-1
right_child=-2
leaf_value=0.0025637509971819265 0.0032724916168840826
leaf_weight=1.0583257460966708 1.0714414710910203
leaf_count=81 245
internal_value=0.0029203
internal_weight=2.12977
internal_count=326
is_linear=0
shrinkage=0.1


Tree=1036
num_leaves=1
num_cat=0
split_feature=
split_gain=
threshold=
decision_type=
left_child=
right_child=
leaf_value=0
leaf_weight=
leaf_count=326
internal_value=
internal_weight=
internal_count=
is_linear=0
shrinkage=1


Tree=1037
num_leaves=2
num_cat=0
split_feature=1
split_gain=0.0022391
threshold=2.5000000000000004
decision_type=2
left_child=-1
right_child=-2
leaf_value=-0.0012592416289856502 0.0015728797196990505
leaf_weight=3.3274079263210323 17.334960715648776
leaf_count=19 307
internal_value=0.0011168
internal_weight=20.6624
internal_count=326
is_linear=0
shrinkage=0.1


Tree=1038
num_leaves=2
num_cat=0
split_feature=2
split_gain=0.0142505
threshold=3.5000000000000004
decision_type=2
left_child=-1
right_child=-2
leaf_value=-0.0044532139060812943 0.0026971879632588657
leaf_weight=3.026093751192092 35.305881044070702
leaf_count=24 302
internal_value=0.0021327
internal_weight=38.332
internal_count=326
is_linear=0
shrinkage=0.1


Tree=1039
num_leaves=3
num_cat=0
split_feature=1 2
split_gain=0.0289758 0.000732777
threshold=3.5000000000000004 4.5000000000000009
decision_type=2 2
left_child=-1 -2
right_child=1 -3
leaf_value=-0.0057731559729322802 0.0041192409769430696 0.0055076841061536177
leaf_weight=2.4871996575966469 4.2642078613862386 35.004458535928279
leaf_count=56 37 233
internal_value=0.00469395 0.00535691
internal_weight=41.7559 39.2687
internal_count=326 270
is_linear=0
shrinkage=0.1


Tree=1040
num_leaves=6
num_cat=0
split_feature=1 3 0 2 2
split_gain=0.00233621 0.0625828 0.250501 0.0791242 0.0213427
threshold=6.5000000000000009 6.5000000000000009 5.5000000000000009 5.5000000000000009 5.5000000000000009
decision_type=2 2 2 2 2
left_child=1 2 3 -1 -4
right_child=-2 -3 4 -5 -6
leaf_value=-0.035469878627573996 0.012573198447982643 0.011633835501678793 0.00026410440764030474 -0.0067838616292580957 0.0088598424414156624
leaf_weight=1.308560021010641 8.6934211868792755 6.6092608869075766 5.5211823293939259 3.625862224958837 10.671754404902456
leaf_count=120 55 36 42 21 52
internal_value=0.0111428 0.0106945 0.00608585 -0.0143911 0.00885984
internal_weight=36.43 27.7366 21.1274 4.93442 16.1929
internal_count=326 271 235 141 94
is_linear=0
shrinkage=0.1


Tree=1041
num_leaves=4
num_cat=0
split_feature=3 0 0
split_gain=0.00282824 0.14565 0.0852766
threshold=6.5000000000000009 6.5000000000000009 5.5000000000000009
decision_type=2 2 2
left_child=1 2 -1
right_child=-2 -3 -4
leaf_value=-0.089689254225937348 0.018831405133161602 0.017545250473201081 -0.0071412249106980064
leaf_weight=0.14024679763133518 10.698635950684547 5.8157526516588405 1.1622710496594664
leaf_count=143 54 52 77
internal_value=0.0178037 0.0162591 -0.0160295
internal_weight=17.8169 7.11827 1.30252
internal_count=326 272 220
is_linear=0
shrinkage=0.1


Tree=1042
num_leaves=3
num_cat=0
split_feature=0 0
split_gain=0.0312702 0.0024346
threshold=7.5000000000000009 6.5000000000000009
decision_type=2 2
left_child=1 -1
right_child=-2 -3
leaf_value=0.0045688216308472371 0.022490251745450569 0.011704028093002796
leaf_weight=1.0140568767658349 6.3885391716612503 0.90496374230315257
leaf_count=247 39 40
internal_value=0.0191277 0.00793361
internal_weight=8.30756 1.91902
internal_count=326 287
is_linear=0
shrinkage=0.1


Tree=1043
num_leaves=3
num_cat=0
split_feature=0 2
split_gain=0.00102176 0.00156693
threshold=8.5000000000000018 7.5000000000000009
decision_type=2 2
left_child=1 -1
right_child=-2 -3
leaf_value=0.021858896361289591 0.029544278503988022 0.02675042515516245
leaf_weight=1.2375548648751649 0.40066062763071375 0.54856806993484486
leaf_count=319 5 2
internal_value=0.0249803 0.0239566
internal_weight=2.18678 1.78612
internal_count=326 321
is_linear=0
shrinkage=0.1


Tree=1044
num_leaves=2
num_cat=0
split_feature=0
split_gain=3.52975e-05
threshold=4.5000000000000009
decision_type=2
left_child=-1
right_child=-2
leaf_value=0.0024142171664676558 0.0032280541284115936
leaf_weight=1.0598842604085805 1.0718989757024244
leaf_count=81 245
internal_value=0.00282343
internal_weight=2.13178
internal_count=326
is_linear=0
shrinkage=0.1


Tree=1045
num_leaves=1
num_cat=0
split_feature=
split_gain=
threshold=
decision_type=
left_child=
right_child=
leaf_value=0
leaf_weight=
leaf_count=326
internal_value=
internal_weight=
internal_count=
is_linear=0
shrinkage=1


Tree=1046
num_leaves=2
num_cat=0
split_feature=1
split_gain=0.00214624
threshold=2.5000000000000004
decision_type=2
left_child=-1
right_child=-2
leaf_value=-0.0011485002054903448 0.0016252741326900665
leaf_weight=3.3251273557543781 17.319252191635314
leaf_count=19 307
internal_value=0.00117851
internal_weight=20.6444
internal_count=326
is_linear=0
shrinkage=0.1


Tree=1047
num_leaves=2
num_cat=0
split_feature=1
split_gain=0.0148274
threshold=2.5000000000000004
decision_type=2
left_child=-1
right_child=-2
leaf_value=-0.0043020189332915425 0.0027696228136270401
leaf_weight=3.2390035614371291 35.050481407582993
leaf_count=19 307
internal_value=0.00217141
internal_weight=38.2895
internal_count=326
is_linear=0
shrinkage=0.1


Tree=1048
num_leaves=4
num_cat=0
split_feature=0 1 0
split_gain=0.0253577 0.0120522 0.00377856
threshold=4.5000000000000009 4.5000000000000009 3.5000000000000004
decision_type=2 2 2
left_child=2 -2 -1
right_child=1 -3 -4
leaf_value=-0.0054047628876077837 0.0022281673884550928 0.0066343342061943511 0.00020378945892409503
leaf_weight=1.5932231355109241 7.9920083675533524 27.23877418320626 4.8822520282119513
leaf_count=32 43 202 49
internal_value=0.00457534 0.00563247 -0.00117614
internal_weight=41.7063 35.2308 6.47548
internal_count=326 245 81
is_linear=0
shrinkage=0.1


Tree=1049
num_leaves=4
num_cat=0
split_feature=1 3 0
split_gain=0.00145564 0.0579389 0.224809
threshold=6.5000000000000009 6.5000000000000009 5.5000000000000009
decision_type=2 2 2
left_child=1 2 -1
right_child=-2 -3 -4
leaf_value=-0.013000369880157582 0.012513930297678978 0.011771393047590653 0.0091155848198584393
leaf_weight=4.9001737023718368 8.6674293987452966 6.5964943943545213 16.176682021003217
leaf_count=141 55 36 94
internal_value=0.0113831 0.0110289 0.00645978
internal_weight=36.3408 27.6734 21.0769
internal_count=326 271 235
is_linear=0
shrinkage=0.1


Tree=1050
num_leaves=5
num_cat=0
split_feature=3 0 1 2
split_gain=0.00193367 0.125964 0.0862968 0.000986347
threshold=6.5000000000000009 6.5000000000000009 5.5000000000000009 6.5000000000000009
decision_type=2 2 2 2
left_child=1 2 -1 -2
right_child=3 -3 -4 -5
leaf_value=-0.089892366866613116 0.017604392160142594 0.017332450024593292 -0.0052641113194103212 0.019562094507986908
leaf_weight=0.13475423758336624 6.3594754859805107 5.8360430359607562 1.1385878104483707 4.3230261579155922
leaf_count=161 32 52 59 22
internal_value=0.0175462 0.0162683 -0.0142201 0.0183966
internal_weight=17.7919 7.10939 1.27334 10.6825
internal_count=326 272 220 54
is_linear=0
shrinkage=0.1


Tree=1051
num_leaves=4
num_cat=0
split_feature=2 3 3
split_gain=0.0309416 0.0693975 0.1107
threshold=6.5000000000000009 6.5000000000000009 5.5000000000000009
decision_type=2 2 2
left_child=1 2 -1
right_child=-2 -3 -4
leaf_value=-0.099451590096197529 0.023619879918776437 0.017289412220913184 0.0012791346478846638
leaf_weight=0.12495662767560167 5.2474182348232716 2.068749905214645 0.85971995396448619
leaf_count=135 44 32 115
internal_value=0.0189626 0.0109589 -0.0115037
internal_weight=8.30084 3.05343 0.984677
internal_count=326 282 250
is_linear=0
shrinkage=0.1


Tree=1052
num_leaves=5
num_cat=0
split_feature=2 3 3 3
split_gain=0.000958465 0.00206308 0.0641907 2.15597e-07
threshold=7.5000000000000009 7.5000000000000009 6.5000000000000009 5.5000000000000009
decision_type=2 2 2 2
left_child=1 2 3 -1
right_child=-2 -3 -4 -5
leaf_value=-0.089436136649697504 0.028147812185083582 0.025734458460425047 0.022751647519540036 -0.088994117278128337
leaf_weight=0.035768972089045059 0.54906433820724476 0.79273249208927155 0.7965332817802846 0.015957640671558693
leaf_count=138 2 3 49 134
internal_value=0.0245312 0.0233211 0.0197688 -0.0892998
internal_weight=2.19006 1.64099 0.84826 0.0517266
internal_count=326 324 321 272
is_linear=0
shrinkage=0.1


Tree=1053
num_leaves=2
num_cat=0
split_feature=0
split_gain=5.90117e-05
threshold=4.5000000000000009
decision_type=2
left_child=-1
right_child=-2
leaf_value=0.0022096072891274843 0.0032614563020486073
leaf_weight=1.0620559642557057 1.0714796036190817
leaf_count=81 245
internal_value=0.00273785
internal_weight=2.13354
internal_count=326
is_linear=0
shrinkage=0.1


Tree=1054
num_leaves=1
num_cat=0
split_feature=
split_gain=
threshold=
decision_type=
left_child=
right_child=
leaf_value=0
leaf_weight=
leaf_count=326
internal_value=
internal_weight=
internal_count=
is_linear=0
shrinkage=1


Tree=1055
num_leaves=2
num_cat=0
split_feature=1
split_gain=0.00231132
threshold=2.5000000000000004
decision_type=2
left_child=-1
right_child=-2
leaf_value=-0.0011709204979464551 0.0017074428680180502
leaf_weight=3.3260011523962048 17.303576718120894
leaf_count=19 307
internal_value=0.00124338
internal_weight=20.6296
internal_count=326
is_linear=0
shrinkage=0.1


Tree=1056
num_leaves=2
num_cat=0
split_feature=1
split_gain=0.0134905
threshold=2.5000000000000004
decision_type=2
left_child=-1
right_child=-2
leaf_value=-0.0039771418971041332 0.002771024508130748
leaf_weight=3.2362597510218611 35.019181949959602
leaf_count=19 307
internal_value=0.00220016
internal_weight=38.2554
internal_count=326
is_linear=0
shrinkage=0.1


Tree=1057
num_leaves=4
num_cat=0
split_feature=0 1 0
split_gain=0.0227602 0.0117249 0.00331876
threshold=4.5000000000000009 4.5000000000000009 3.5000000000000004
decision_type=2 2 2
left_child=2 -2 -1
right_child=1 -3 -4
leaf_value=-0.0048730860316533037 0.002322321670599781 0.0065390221327004438 0.00038827663160108302
leaf_weight=1.5895041797193687 7.9909094255417576 27.210947096114978 4.8785528788575903
leaf_count=32 43 202 49
internal_value=0.00454753 0.00554933 -0.000904686
internal_weight=41.6699 35.2019 6.46806
internal_count=326 245 81
is_linear=0
shrinkage=0.1


Tree=1058
num_leaves=4
num_cat=0
split_feature=3 1 1
split_gain=0.00223094 0.0214731 0.0131072
threshold=5.5000000000000009 5.5000000000000009 6.5000000000000009
decision_type=2 2 2
left_child=2 -2 -1
right_child=1 -3 -4
leaf_value=0.0046240874165294947 0.01070597125290673 0.014430743218690449 0.01070597125290673
leaf_weight=3.7219622597476691 12.584259125404062 18.069070616737008 1.905550582334399
leaf_count=128 81 107 10
internal_value=0.0114531 0.011789 0.0096229
internal_weight=36.2808 30.6533 5.62751
internal_count=326 188 138
is_linear=0
shrinkage=0.1


Tree=1059
num_leaves=5
num_cat=0
split_feature=1 2 3 2
split_gain=0.00223884 0.0779031 0.0387255 0.0102917
threshold=6.5000000000000009 6.5000000000000009 6.5000000000000009 5.5000000000000009
decision_type=2 2 2 2
left_child=1 3 -2 -1
right_child=2 -3 -4 -5
leaf_value=-0.0036132334799848726 0.017465357318527587 0.017465357318527587 0.02755794779534923 0.0081690134966129462
leaf_weight=0.84581684953445968 3.946422640932723 3.0830840617418289 3.9001776129007339 6.0034221508831251
leaf_count=167 37 21 18 83
internal_value=0.0173328 0.0163354 0.0185953 0.00671402
internal_weight=17.7789 9.93232 7.8466 6.84924
internal_count=326 271 55 250
is_linear=0
shrinkage=0.1


Tree=1060
num_leaves=6
num_cat=0
split_feature=2 1 0 3 3
split_gain=0.0310005 0.03941 0.035239 0.00768066 0.130389
threshold=7.5000000000000009 7.5000000000000009 8.5000000000000018 6.5000000000000009 5.5000000000000009
decision_type=2 2 2 2 2
left_child=1 2 3 4 -1
right_child=-2 -3 -4 -5 -6
leaf_value=-0.098555240198456309 0.042217840386697972 0.02752152310101626 0.019927385960167542 0.010825975930113375 0.0064378385069652393
leaf_weight=0.12077843584972892 0.53391975164413441 2.5401090401283 0.48802184499800194 3.300708967843093 1.3080954487159033
leaf_count=135 2 17 3 44 125
internal_value=0.0189105 0.0173063 0.0123332 0.00817454 0.0020497
internal_weight=8.29163 7.75771 5.2176 4.72958 1.42887
internal_count=326 324 307 304 260
is_linear=0
shrinkage=0.1


Tree=1061
num_leaves=3
num_cat=0
split_feature=0 2
split_gain=0.000832778 0.0011858
threshold=8.5000000000000018 7.5000000000000009
decision_type=2 2
left_child=1 -1
right_child=-2 -3
leaf_value=0.021682368860353352 0.028538183666468615 0.026015653338261682
leaf_weight=1.2368976641939755 0.40054563667217724 0.54958724975585926
leaf_count=319 5 2
internal_value=0.0244171 0.0234931
internal_weight=2.18703 1.78648
internal_count=326 321
is_linear=0
shrinkage=0.1


Tree=1062
num_leaves=2
num_cat=0
split_feature=0
split_gain=9.65962e-05
threshold=4.5000000000000009
decision_type=2
left_child=-1
right_child=-2
leaf_value=0.0020517279360139909 0.0033974472046038409
leaf_weight=1.0637233275920155 1.069885662933302
leaf_count=81 245
internal_value=0.00272653
internal_weight=2.13361
internal_count=326
is_linear=0
shrinkage=0.1


Tree=1063
num_leaves=1
num_cat=0
split_feature=
split_gain=
threshold=
decision_type=
left_child=
right_child=
leaf_value=0
leaf_weight=
leaf_count=326
internal_value=
internal_weight=
internal_count=
is_linear=0
shrinkage=1


Tree=1064
num_leaves=2
num_cat=0
split_feature=1
split_gain=0.002466
threshold=2.5000000000000004
decision_type=2
left_child=-1
right_child=-2
leaf_value=-0.0011588447369694462 0.0018145663292865426
leaf_weight=3.3259729929268387 17.283313522035314
leaf_count=19 307
internal_value=0.00133471
internal_weight=20.6093
internal_count=326
is_linear=0
shrinkage=0.1


Tree=1065
num_leaves=2
num_cat=0
split_feature=2
split_gain=0.0130858
threshold=3.5000000000000004
decision_type=2
left_child=-1
right_child=-2
leaf_value=-0.0040319451251833735 0.0028330909989059102
leaf_weight=3.0144681409001342 35.189788103860337
leaf_count=24 302
internal_value=0.00229141
internal_weight=38.2043
internal_count=326
is_linear=0
shrinkage=0.1


Tree=1066
num_leaves=4
num_cat=0
split_feature=0 1 0
split_gain=0.0214763 0.0113392 0.00279965
threshold=4.5000000000000009 4.5000000000000009 3.5000000000000004
decision_type=2 2 2
left_child=2 -2 -1
right_child=1 -3 -4
leaf_value=-0.0042371794361697156 0.0025502594431482391 0.0066622152908599316 0.00060063805040470593
leaf_weight=1.5851526873302635 7.9868908394128075 27.155487428652123 4.87507538869977
leaf_count=32 43 202 49
internal_value=0.00471279 0.00568694 -0.000586422
internal_weight=41.6026 35.1424 6.46023
internal_count=326 245 81
is_linear=0
shrinkage=0.1


Tree=1067
num_leaves=4
num_cat=0
split_feature=3 0 1
split_gain=0.00179597 0.177715 0.0219024
threshold=5.5000000000000009 6.5000000000000009 5.5000000000000009
decision_type=2 2 2
left_child=1 -1 -2
right_child=2 -3 -4
leaf_value=-0.016388757741152258 0.010411186435736328 0.010411186435736328 0.014120349150012923
leaf_weight=2.4817180041063684 12.593902349006386 3.1446867994964123 18.022055736742914
leaf_count=123 81 15 107
internal_value=0.0110813 0.00943925 0.0113831
internal_weight=36.2424 5.6264 30.616
internal_count=326 138 188
is_linear=0
shrinkage=0.1


Tree=1068
num_leaves=6
num_cat=0
split_feature=1 2 2 1 1
split_gain=0.00170723 0.0766311 0.0120816 0.00857274 0.00154102
threshold=7.5000000000000009 6.5000000000000009 5.5000000000000009 5.5000000000000009 6.5000000000000009
decision_type=2 2 2 2 2
left_child=1 2 -1 -4 -5
right_child=-2 -3 3 4 -6
leaf_value=-0.0027391032652079846 0.01946223931086738 0.018104509558023847 0.0037980546063872004 0.010489966881325802 0.013378137147296312
leaf_weight=0.8428180917035214 2.7366048274561754 6.1525193303823462 1.8152054473466703 4.1876268987543881 2.0407002046704292
leaf_count=169 17 39 37 46 18
internal_value=0.0171648 0.0167468 0.00865176 0.00984532 0.0116078
internal_weight=17.7755 15.0389 8.88635 8.04353 6.22833
internal_count=326 309 270 101 64
is_linear=0
shrinkage=0.1


Tree=1069
num_leaves=4
num_cat=0
split_feature=2 3 3
split_gain=0.0284537 0.0641324 0.101904
threshold=6.5000000000000009 6.5000000000000009 5.5000000000000009
decision_type=2 2 2
left_child=1 2 -1
right_child=-2 -3 -4
leaf_value=-0.09858826464469736 0.023667700137931232 0.017586713438468949 0.0016081326644676955
leaf_weight=0.11514351829379199 5.2337428774917498 2.0695489643840119 0.85692524016303651
leaf_count=135 44 32 115
internal_value=0.0191976 0.0115057 -0.0102603
internal_weight=8.27536 3.04162 0.972069
internal_count=326 282 250
is_linear=0
shrinkage=0.1


Tree=1070
num_leaves=3
num_cat=0
split_feature=2 3
split_gain=0.00118892 0.00203588
threshold=7.5000000000000009 7.5000000000000009
decision_type=2 2
left_child=1 -1
right_child=-2 -3
leaf_value=0.019721961503616076 0.028574175459774361 0.025885276446927525
leaf_weight=0.84800630239192309 0.54867392778396595 0.79151023924350739
leaf_count=321 2 3
internal_value=0.0245448 0.0231964
internal_weight=2.18819 1.63952
internal_count=326 324
is_linear=0
shrinkage=0.1


Tree=1071
num_leaves=2
num_cat=0
split_feature=0
split_gain=0.000127114
threshold=4.5000000000000009
decision_type=2
left_child=-1
right_child=-2
leaf_value=0.0019505137192001492 0.0034942711953016674
leaf_weight=1.0647919334005567 1.0687328224612427
leaf_count=81 245
internal_value=0.00272382
internal_weight=2.13352
internal_count=326
is_linear=0
shrinkage=0.1


Tree=1072
num_leaves=1
num_cat=0
split_feature=
split_gain=
threshold=
decision_type=
left_child=
right_child=
leaf_value=0
leaf_weight=
leaf_count=326
internal_value=
internal_weight=
internal_count=
is_linear=0
shrinkage=1


Tree=1073
num_leaves=2
num_cat=0
split_feature=1
split_gain=0.00231596
threshold=2.5000000000000004
decision_type=2
left_child=-1
right_child=-2
leaf_value=-0.0010161429765331695 0.0018667645638105646
leaf_weight=3.3228202387690571 17.266430854608188
leaf_count=19 307
internal_value=0.0014015
internal_weight=20.5893
internal_count=326
is_linear=0
shrinkage=0.1


Tree=1074
num_leaves=2
num_cat=0
split_feature=1
split_gain=0.0130752
threshold=2.5000000000000004
decision_type=2
left_child=-1
right_child=-2
leaf_value=-0.0037291083880644838 0.0029214104542798075
leaf_weight=3.2296265214681616 34.919916283193743
leaf_count=19 307
internal_value=0.0023584
internal_weight=38.1495
internal_count=326
is_linear=0
shrinkage=0.1


Tree=1075
num_leaves=3
num_cat=0
split_feature=1 2
split_gain=0.024831 0.00219638
threshold=3.5000000000000004 4.5000000000000009
decision_type=2 2
left_child=-1 -2
right_child=1 -3
leaf_value=-0.0049262274492465489 0.0032689154108970402 0.0056688629883926726
leaf_weight=2.4733775134081943 4.282904064282774 34.781118783750571
leaf_count=56 37 233
internal_value=0.00479051 0.00540574
internal_weight=41.5374 39.064
internal_count=326 270
is_linear=0
shrinkage=0.1


Tree=1076
num_leaves=6
num_cat=0
split_feature=1 3 0 2 2
split_gain=0.0022535 0.0606858 0.206072 0.0677945 0.0335109
threshold=6.5000000000000009 6.5000000000000009 5.5000000000000009 5.5000000000000009 5.5000000000000009
decision_type=2 2 2 2 2
left_child=1 2 3 -1 -4
right_child=-2 -3 4 -5 -6
leaf_value=-0.032592109276588052 0.012255635165542721 0.011328494228096378 -0.00064413287844464597 -0.0057376968133696195 0.0085879909738888604
leaf_weight=1.2698394449689718 8.5963719673454744 6.5959917120635501 5.5161041254177716 3.6200087079778314 10.58406527340412
leaf_count=120 55 36 42 21 52
internal_value=0.0108419 0.0104014 0.00584749 -0.0127115 0.00858799
internal_weight=36.1824 27.586 20.99 4.88985 16.1002
internal_count=326 271 235 141 94
is_linear=0
shrinkage=0.1


Tree=1077
num_leaves=5
num_cat=0
split_feature=3 3 0 3
split_gain=0.00250983 0.611297 0.0414184 7.31551e-05
threshold=6.5000000000000009 5.5000000000000009 6.5000000000000009 4.5000000000000009
decision_type=2 2 2 2
left_child=1 3 -3 -1
right_child=-2 2 -4 -5
leaf_value=-0.094469989533270682 0.018210329411012603 -0.008257152892629854 0.016997778450037897 -0.091737859730960991
leaf_weight=0.13217648550016825 10.656841957941651 1.1807662377559607 5.4260960314422846 0.37906618651868484
leaf_count=32 54 97 37 106
internal_value=0.0172392 0.0157852 0.0169978 -0.0924442
internal_weight=17.7749 7.1181 6.60686 0.511243
internal_count=326 272 134 138
is_linear=0
shrinkage=0.1


Tree=1078
num_leaves=5
num_cat=0
split_feature=1 3 1 0
split_gain=0.0296491 0.0807474 0.0628525 0.0608512
threshold=5.5000000000000009 6.5000000000000009 7.5000000000000009 7.5000000000000009
decision_type=2 2 2 2
left_child=3 2 -2 -1
right_child=1 -3 -4 -5
leaf_value=-0.089560222423711741 0.0097058998574477504 0.027864505447256889 0.018785202652352319 0.0092164901824198647
leaf_weight=0.069902573800334156 1.1265638463246432 5.3155218502506614 1.1793603922706097 0.57860211475053802
leaf_count=179 92 39 11 5
internal_value=0.0190959 0.0208425 0.0097059 -0.00143069
internal_weight=8.26995 7.62145 2.30592 0.648505
internal_count=326 142 103 184
is_linear=0
shrinkage=0.1


Tree=1079
num_leaves=3
num_cat=0
split_feature=2 3
split_gain=0.00100585 0.0018882
threshold=7.5000000000000009 7.5000000000000009
decision_type=2 2
left_child=1 -1
right_child=-2 -3
leaf_value=0.019620754365781558 0.027928320350311488 0.025456129459093604
leaf_weight=0.84882211535523333 0.54926347732543934 0.79093395173549652
leaf_count=321 2 3
internal_value=0.0242246 0.0229839
internal_weight=2.18902 1.63976
internal_count=326 324
is_linear=0
shrinkage=0.1


Tree=1080
num_leaves=2
num_cat=0
split_feature=0
split_gain=0.000137164
threshold=4.5000000000000009
decision_type=2
left_child=-1
right_child=-2
leaf_value=0.0018400031991186519 0.0034429972030090949
leaf_weight=1.0659186865668746 1.0692760640704362
leaf_count=81 245
internal_value=0.00264276
internal_weight=2.13519
internal_count=326
is_linear=0
shrinkage=0.1


Tree=1081
num_leaves=1
num_cat=0
split_feature=
split_gain=
threshold=
decision_type=
left_child=
right_child=
leaf_value=0
leaf_weight=
leaf_count=326
internal_value=
internal_weight=
internal_count=
is_linear=0
shrinkage=1


Tree=1082
num_leaves=2
num_cat=0
split_feature=1
split_gain=0.00247395
threshold=2.5000000000000004
decision_type=2
left_child=-1
right_child=-2
leaf_value=-0.0010434541194313113 0.0019360059647395866
leaf_weight=3.3237523250281837 17.252739399424172
leaf_count=19 307
internal_value=0.00145473
internal_weight=20.5765
internal_count=326
is_linear=0
shrinkage=0.1


Tree=1083
num_leaves=2
num_cat=0
split_feature=1
split_gain=0.0120313
threshold=2.5000000000000004
decision_type=2
left_child=-1
right_child=-2
leaf_value=-0.003466158523570342 0.0029155585494097611
leaf_weight=3.227417677640914 34.894295140838949
leaf_count=19 307
internal_value=0.00237528
internal_weight=38.1217
internal_count=326
is_linear=0
shrinkage=0.1


Tree=1084
num_leaves=3
num_cat=0
split_feature=1 2
split_gain=0.021469 0.00201013
threshold=3.5000000000000004 4.5000000000000009
decision_type=2 2
left_child=-1 -2
right_child=1 -3
leaf_value=-0.0044081156861974146 0.0031691342559280033 0.0054645195512929472
leaf_weight=2.46613647986669 4.2857608795166007 34.744153481326066
leaf_count=56 37 233
internal_value=0.00464071 0.00521247
internal_weight=41.4961 39.0299
internal_count=326 270
is_linear=0
shrinkage=0.1


Tree=1085
num_leaves=4
num_cat=0
split_feature=3 0 1
split_gain=0.00192592 0.154303 0.0221771
threshold=5.5000000000000009 6.5000000000000009 5.5000000000000009
decision_type=2 2 2
left_child=1 -1 -2
right_child=2 -3 -4
leaf_value=-0.014782820531069725 0.010317709483905892 0.010317709483905892 0.014071638868876976
leaf_weight=2.4581531089424962 12.561725952662529 3.1243126858025789 17.946298587135971
leaf_count=123 81 15 107
internal_value=0.0110153 0.00930761 0.0113278
internal_weight=36.0905 5.58247 30.508
internal_count=326 138 188
is_linear=0
shrinkage=0.1


Tree=1086
num_leaves=6
num_cat=0
split_feature=1 2 2 1 1
split_gain=0.00164138 0.0773135 0.0114623 0.00930864 0.00152984
threshold=7.5000000000000009 6.5000000000000009 5.5000000000000009 5.5000000000000009 6.5000000000000009
decision_type=2 2 2 2 2
left_child=1 2 -1 -4 -5
right_child=-2 -3 3 4 -6
leaf_value=-0.0023282908073222375 0.019620272464724444 0.018286891687287556 0.0038118234989225619 0.010674214694962153 0.013537957622593863
leaf_weight=0.8395900414607248 2.727906397311016 6.1291008815169326 1.8129758345748994 4.1750007933005691 2.0383988772518933
leaf_count=169 17 39 37 46 18
internal_value=0.017364 0.0169535 0.00878902 0.00995194 0.011792
internal_weight=17.723 14.9951 8.86597 8.02638 6.2134
internal_count=326 309 270 101 64
is_linear=0
shrinkage=0.1


Tree=1087
num_leaves=3
num_cat=0
split_feature=0 0
split_gain=0.0300001 0.00237971
threshold=7.5000000000000009 6.5000000000000009
decision_type=2 2
left_child=1 -1
right_child=-2 -3
leaf_value=0.0043231444634858358 0.021898982479250678 0.011369519363901265
leaf_weight=1.0162906341465143 6.3611213797121309 0.90704766194085085
leaf_count=247 39 40
internal_value=0.01859 0.00764622
internal_weight=8.28446 1.92334
internal_count=326 287
is_linear=0
shrinkage=0.1


Tree=1088
num_leaves=3
num_cat=0
split_feature=2 3
split_gain=0.00089382 0.00183011
threshold=7.5000000000000009 7.5000000000000009
decision_type=2 2
left_child=1 -1
right_child=-2 -3
leaf_value=0.019615520475436431 0.027605750466134223 0.025275785363122017
leaf_weight=0.84908968450963607 0.54955381155014027 0.79080061614513397
leaf_count=321 2 3
internal_value=0.0241155 0.0229458
internal_weight=2.18944 1.63989
internal_count=326 324
is_linear=0
shrinkage=0.1


Tree=1089
num_leaves=2
num_cat=0
split_feature=0
split_gain=0.000164868
threshold=4.5000000000000009
decision_type=2
left_child=-1
right_child=-2
leaf_value=0.0017643288780157759 0.0035218443631792407
leaf_weight=1.0666695893742146 1.0683339617226009
leaf_count=81 245
internal_value=0.00264377
internal_weight=2.135
internal_count=326
is_linear=0
shrinkage=0.1


Tree=1090
num_leaves=1
num_cat=0
split_feature=
split_gain=
threshold=
decision_type=
left_child=
right_child=
leaf_value=0
leaf_weight=
leaf_count=326
internal_value=
internal_weight=
internal_count=
is_linear=0
shrinkage=1


Tree=1091
num_leaves=2
num_cat=0
split_feature=1
split_gain=0.00262739
threshold=2.5000000000000004
decision_type=2
left_child=-1
right_child=-2
leaf_value=-0.0010398056632122917 0.0020308638855369094
leaf_weight=3.3239171281456974 17.234164475667058
leaf_count=19 307
internal_value=0.00153439
internal_weight=20.5581
internal_count=326
is_linear=0
shrinkage=0.1


Tree=1092
num_leaves=3
num_cat=0
split_feature=2 1
split_gain=0.0122379 0.0157843
threshold=3.5000000000000004 2.5000000000000004
decision_type=2 2
left_child=-1 -2
right_child=1 -3
leaf_value=-0.0036683205069859455 -0.0003433303966277694 0.0037359147250032761
leaf_weight=3.0044536441564551 2.2844793498516074 32.785886293830117
leaf_count=24 9 293
internal_value=0.00245692 0.00298166
internal_weight=38.0748 35.0704
internal_count=326 302
is_linear=0
shrinkage=0.1


Tree=1093
num_leaves=4
num_cat=0
split_feature=0 1 0
split_gain=0.0216103 0.0112642 0.00259155
threshold=4.5000000000000009 4.5000000000000009 3.5000000000000004
decision_type=2 2 2
left_child=2 -2 -1
right_child=1 -3 -4
leaf_value=-0.0040937775910802228 0.0025704227072175468 0.006695604476571324 0.00056385764695952877
leaf_weight=1.5830979830934655 7.9654068890959016 27.002262292196974 4.868198225973174
leaf_count=32 43 202 49
internal_value=0.00473882 0.00571994 -0.00057909
internal_weight=41.419 34.9677 6.4513
internal_count=326 245 81
is_linear=0
shrinkage=0.1


Tree=1094
num_leaves=4
num_cat=0
split_feature=1 3 0
split_gain=0.00188939 0.0582013 0.187233
threshold=6.5000000000000009 6.5000000000000009 5.5000000000000009
decision_type=2 2 2
left_child=1 2 -1
right_child=-2 -3 -4
leaf_value=-0.011869838129277346 0.012072482395927391 0.011221227628711007 0.0085379098375758349
leaf_weight=4.8569658306951231 8.5448152553290111 6.5869663376361123 16.042849286459386
leaf_count=141 55 36 94
internal_value=0.0107737 0.01037 0.00585459
internal_weight=36.0316 27.4868 20.8998
internal_count=326 271 235
is_linear=0
shrinkage=0.1


Tree=1095
num_leaves=4
num_cat=0
split_feature=3 0 0
split_gain=0.00172439 0.0992028 0.0847923
threshold=6.5000000000000009 6.5000000000000009 5.5000000000000009
decision_type=2 2 2
left_child=1 2 -1
right_child=-2 -3 -4
leaf_value=-0.089630638173998106 0.018181274528794391 0.017174153741156429 -0.0025272132828170952
leaf_weight=0.12433997551897902 10.634194288402796 5.8509055075701326 1.1046251562365796
leaf_count=143 54 52 77
internal_value=0.0173762 0.016167 -0.0113399
internal_weight=17.7141 7.07987 1.22897
internal_count=326 272 220
is_linear=0
shrinkage=0.1


Tree=1096
num_leaves=6
num_cat=0
split_feature=2 1 0 3 3
split_gain=0.0283805 0.0355541 0.0338085 0.00619866 0.120644
threshold=7.5000000000000009 7.5000000000000009 8.5000000000000018 6.5000000000000009 5.5000000000000009
decision_type=2 2 2 2 2
left_child=1 2 3 4 -1
right_child=-2 -3 -4 -5 -6
leaf_value=-0.097929970937371408 0.040713137305491032 0.026622560402382769 0.019403542063599039 0.010415811681822864 0.0064637633347215178
leaf_weight=0.11273551965689388 0.53573924303054798 2.5364614365971647 0.48722161166369904 3.3009207881987095 1.305847960788924
leaf_count=135 2 17 3 44 125
internal_value=0.0184541 0.016914 0.0121845 0.00804001 0.00251171
internal_weight=8.27893 7.74319 5.20673 4.7195 1.41858
internal_count=326 324 307 304 260
is_linear=0
shrinkage=0.1


Tree=1097
num_leaves=3
num_cat=0
split_feature=2 3
split_gain=0.000759462 0.00171913
threshold=7.5000000000000009 7.5000000000000009
decision_type=2 2
left_child=1 -1
right_child=-2 -3
leaf_value=0.019405286750074899 0.02694640855473043 0.024799686973190165
leaf_weight=0.85061656770881222 0.55013859272003163 0.79013940691947937
leaf_count=321 2 3
internal_value=0.0237311 0.022653
internal_weight=2.19089 1.64076
internal_count=326 324
is_linear=0
shrinkage=0.1


Tree=1098
num_leaves=2
num_cat=0
split_feature=0
split_gain=0.00018807
threshold=4.5000000000000009
decision_type=2
left_child=-1
right_child=-2
leaf_value=0.0016707696128685564 0.0035476053992623152
leaf_weight=1.0676433194894346 1.0679970080800556
leaf_count=81 245
internal_value=0.00260934
internal_weight=2.13564
internal_count=326
is_linear=0
shrinkage=0.1


Tree=1099
num_leaves=1
num_cat=0
split_feature=
split_gain=
threshold=
decision_type=
left_child=
right_child=
leaf_value=0
leaf_weight=
leaf_count=326
internal_value=
internal_weight=
internal_count=
is_linear=0
shrinkage=1


Tree=1100
num_leaves=2
num_cat=0
split_feature=1
split_gain=0.00262815
threshold=2.5000000000000004
decision_type=2
left_child=-1
right_child=-2
leaf_value=-0.00098678905101663001 0.0020849252316961857
leaf_weight=3.3229788281023529 17.217809689595015
leaf_count=19 307
internal_value=0.001588
internal_weight=20.5408
internal_count=326
is_linear=0
shrinkage=0.1


Tree=1101
num_leaves=2
num_cat=0
split_feature=1
split_gain=0.0108754
threshold=2.5000000000000004
decision_type=2
left_child=-1
right_child=-2
leaf_value=-0.0031204586760602924 0.0029517401118262896
leaf_weight=3.2225184664130202 34.816879861638881
leaf_count=19 307
internal_value=0.00243733
internal_weight=38.0394
internal_count=326
is_linear=0
shrinkage=0.1


Tree=1102
num_leaves=4
num_cat=0
split_feature=0 1 0
split_gain=0.0192028 0.0108317 0.00228058
threshold=4.5000000000000009 4.5000000000000009 3.5000000000000004
decision_type=2 2 2
left_child=2 -2 -1
right_child=1 -3 -4
leaf_value=-0.0035999205950852189 0.0026718386601805293 0.0066017038967353756 0.00077340258725488303
leaf_weight=1.579630282067227 7.9648556523025027 26.97898172121495 4.8641590838087723
leaf_count=32 43 202 49
internal_value=0.00471737 0.00564235 -0.000298674
internal_weight=41.3876 34.9438 6.44379
internal_count=326 245 81
is_linear=0
shrinkage=0.1


Tree=1103
num_leaves=4
num_cat=0
split_feature=1 3 0
split_gain=0.0013551 0.0559661 0.164695
threshold=6.5000000000000009 6.5000000000000009 5.5000000000000009
decision_type=2 2 2
left_child=1 2 -1
right_child=-2 -3 -4
leaf_value=-0.010570206497812082 0.011993870775335334 0.011272140030395887 0.0086509552065879777
leaf_weight=4.8461870766150303 8.5221148859709484 6.5749598378315559 16.038574849721044
leaf_count=141 55 36 94
internal_value=0.0108923 0.0105504 0.00602977
internal_weight=35.9818 27.4597 20.8848
internal_count=326 271 235
is_linear=0
shrinkage=0.1


Tree=1104
num_leaves=6
num_cat=0
split_feature=1 2 2 1 1
split_gain=0.00231217 0.0780647 0.0103978 0.00921126 0.00160515
threshold=7.5000000000000009 6.5000000000000009 5.5000000000000009 5.5000000000000009 6.5000000000000009
decision_type=2 2 2 2 2
left_child=1 2 -1 -4 -5
right_child=-2 -3 3 4 -6
leaf_value=-0.0020746686162145043 0.01971966364288048 0.018136279722018405 0.0037795184137812791 0.010328165725822527 0.013331526322147992
leaf_weight=0.83768217803754019 2.725142106646671 6.1164433453232041 1.8139937090018063 4.1685758950188756 2.0401765578426421
leaf_count=169 17 39 37 46 18
internal_value=0.0170404 0.0165529 0.00852677 0.00963371 0.0114685
internal_weight=17.702 14.9769 8.86043 8.02275 6.20875
internal_count=326 309 270 101 64
is_linear=0
shrinkage=0.1


Tree=1105
num_leaves=4
num_cat=0
split_feature=2 3 3
split_gain=0.0297635 0.0584295 0.0945874
threshold=6.5000000000000009 6.5000000000000009 5.5000000000000009
decision_type=2 2 2
left_child=1 2 -1
right_child=-2 -3 -4
leaf_value=-0.098050529435900216 0.02314082819969826 0.016921485282973062 0.0010875868085610931
leaf_weight=0.10838352797100048 5.2193175295833498 2.0792902671964839 0.8588973160212845
leaf_count=135 44 32 115
internal_value=0.0185563 0.0107021 -0.0100208
internal_weight=8.26589 3.04657 0.967281
internal_count=326 282 250
is_linear=0
shrinkage=0.1


Tree=1106
num_leaves=3
num_cat=0
split_feature=2 3
split_gain=0.00111831 0.00191328
threshold=7.5000000000000009 7.5000000000000009
decision_type=2 2
left_child=1 -1
right_child=-2 -3
leaf_value=0.018974147008137536 0.027536037463931587 0.024930610459139437
leaf_weight=0.85364538267367629 0.54961615800857533 0.78949274122714996
leaf_count=321 2 3
internal_value=0.0236313 0.0223252
internal_weight=2.19275 1.64314
internal_count=326 324
is_linear=0
shrinkage=0.1


Tree=1107
num_leaves=2
num_cat=0
split_feature=0
split_gain=0.000212142
threshold=4.5000000000000009
decision_type=2
left_child=-1
right_child=-2
leaf_value=0.001568071159545351 0.0035609867953117166
leaf_weight=1.0687166012357923 1.067809403664796
leaf_count=81 245
internal_value=0.00256411
internal_weight=2.13653
internal_count=326
is_linear=0
shrinkage=0.1


Tree=1108
num_leaves=1
num_cat=0
split_feature=
split_gain=
threshold=
decision_type=
left_child=
right_child=
leaf_value=0
leaf_weight=
leaf_count=326
internal_value=
internal_weight=
internal_count=
is_linear=0
shrinkage=1


Tree=1109
num_leaves=2
num_cat=0
split_feature=1
split_gain=0.00271983
threshold=2.5000000000000004
decision_type=2
left_child=-1
right_child=-2
leaf_value=-0.00098528940526654437 0.0021396060071249864
leaf_weight=3.323271062225106 17.205629949414288
leaf_count=19 307
internal_value=0.00163374
internal_weight=20.5289
internal_count=326
is_linear=0
shrinkage=0.1


Tree=1110
num_leaves=3
num_cat=0
split_feature=2 1
split_gain=0.010855 0.0147155
threshold=3.5000000000000004 2.5000000000000004
decision_type=2 2
left_child=-1 -2
right_child=1 -3
leaf_value=-0.0033168528196541184 -0.00018076892391164935 0.0036945211157539976
leaf_weight=2.9953128024935713 2.2850115671753874 32.728754467505496
leaf_count=24 9 293
internal_value=0.00246104 0.00295531
internal_weight=38.0091 35.0138
internal_count=326 302
is_linear=0
shrinkage=0.1


Tree=1111
num_leaves=3
num_cat=0
split_feature=2 1
split_gain=0.0198594 0.150084
threshold=4.5000000000000009 4.5000000000000009
decision_type=2 2
left_child=1 -1
right_child=-2 -3
leaf_value=-0.030574657455534528 0.0054336108739762093 0.001916015225064112
leaf_weight=1.4745042613358226 36.857057822984643 3.0281891711056232
leaf_count=59 249 18
internal_value=0.00466771 -0.00160158
internal_weight=41.3598 4.50269
internal_count=326 77
is_linear=0
shrinkage=0.1


Tree=1112
num_leaves=4
num_cat=0
split_feature=3 0 1
split_gain=0.001819 0.136378 0.0239582
threshold=5.5000000000000009 6.5000000000000009 5.5000000000000009
decision_type=2 2 2
left_child=1 -1 -2
right_child=2 -3 -4
leaf_value=-0.013466688765675897 0.01023674532565466 0.01023674532565466 0.014117551237544795
leaf_weight=2.4368678601931597 12.537885223049672 3.1114568784832954 17.864238525740802
leaf_count=123 81 15 107
internal_value=0.0109173 0.00925227 0.0112212
internal_weight=35.9504 5.54832 30.4021
internal_count=326 138 188
is_linear=0
shrinkage=0.1


Tree=1113
num_leaves=4
num_cat=0
split_feature=3 0 1
split_gain=0.00233298 0.0875152 0.0820431
threshold=6.5000000000000009 6.5000000000000009 5.5000000000000009
decision_type=2 2 2
left_child=1 2 -1
right_child=-2 -3 -4
leaf_value=-0.089826114733057683 0.017904412813246794 0.016733394956243715 -0.0017732272480809061
leaf_weight=0.11712537421908642 10.612454516813159 5.8849441565107554 1.095975880482001
leaf_count=161 54 52 59
internal_value=0.0169658 0.0155624 -0.0102748
internal_weight=17.7105 7.09805 1.2131
internal_count=326 272 220
is_linear=0
shrinkage=0.1


Tree=1114
num_leaves=4
num_cat=0
split_feature=1 3 1
split_gain=0.0258686 0.0743533 0.0577578
threshold=5.5000000000000009 6.5000000000000009 7.5000000000000009
decision_type=2 2 2
left_child=-1 2 -2
right_child=1 -3 -4
leaf_value=-0.00084042060080173208 0.0096118644867528233 0.026810634516818862 0.018211249501785844
leaf_weight=0.64182101132399783 1.1196266702681896 5.3278169855475426 1.1719688314769883
leaf_count=184 92 39 11
internal_value=0.0184401 0.0200641 0.00961186
internal_weight=8.26123 7.61941 2.2916
internal_count=326 142 103
is_linear=0
shrinkage=0.1


Tree=1115
num_leaves=3
num_cat=0
split_feature=2 3
split_gain=0.000947196 0.00177437
threshold=7.5000000000000009 7.5000000000000009
decision_type=2 2
left_child=1 -1
right_child=-2 -3
leaf_value=0.018916290803413147 0.026954668594940275 0.024557685570560792
leaf_weight=0.85418070487116915 0.55013132095336903 0.78898291289806366
leaf_count=321 2 3
internal_value=0.0233631 0.0221607
internal_weight=2.19329 1.64316
internal_count=326 324
is_linear=0
shrinkage=0.1


Tree=1116
num_leaves=2
num_cat=0
split_feature=0
split_gain=0.000219629
threshold=4.5000000000000009
decision_type=2
left_child=-1
right_child=-2
leaf_value=0.001556663258795077 0.0035845874945670633
leaf_weight=1.0687632129993292 1.0674559240997039
leaf_count=81 245
internal_value=0.00257
internal_weight=2.13622
internal_count=326
is_linear=0
shrinkage=0.1


Tree=1117
num_leaves=1
num_cat=0
split_feature=
split_gain=
threshold=
decision_type=
left_child=
right_child=
leaf_value=0
leaf_weight=
leaf_count=326
internal_value=
internal_weight=
internal_count=
is_linear=0
shrinkage=1


Tree=1118
num_leaves=2
num_cat=0
split_feature=1
split_gain=0.00263221
threshold=2.5000000000000004
decision_type=2
left_child=-1
right_child=-2
leaf_value=-0.00090930342161316959 0.0021657341548443304
leaf_weight=3.3215998038649586 17.189162845097599
leaf_count=19 307
internal_value=0.00166775
internal_weight=20.5108
internal_count=326
is_linear=0
shrinkage=0.1


Tree=1119
num_leaves=3
num_cat=0
split_feature=2 1
split_gain=0.00975386 0.0140665
threshold=3.5000000000000004 2.5000000000000004
decision_type=2 2
left_child=-1 -2
right_child=1 -3
leaf_value=-0.0030202191987830887 -4.3943008737815961e-05 0.0036684616341919707
leaf_weight=2.9880311489105216 2.2842734530568114 32.678393410664285
leaf_count=24 9 293
internal_value=0.00246366 0.00293233
internal_weight=37.9507 34.9627
internal_count=326 302
is_linear=0
shrinkage=0.1


Tree=1120
num_leaves=3
num_cat=0
split_feature=1 2
split_gain=0.019586 0.00153434
threshold=3.5000000000000004 4.5000000000000009
decision_type=2 2
left_child=-1 -2
right_child=1 -3
leaf_value=-0.0037857663179793177 0.003637950903575471 0.0056491111915974342
leaf_weight=2.4528983922209582 4.2615178124979129 34.532626149244606
leaf_count=56 37 233
internal_value=0.00488025 0.00542819
internal_weight=41.247 38.7941
internal_count=326 270
is_linear=0
shrinkage=0.1


Tree=1121
num_leaves=6
num_cat=0
split_feature=1 3 0 2 2
split_gain=0.00147499 0.0567925 0.146733 0.0590947 0.0492001
threshold=6.5000000000000009 6.5000000000000009 5.5000000000000009 5.5000000000000009 5.5000000000000009
decision_type=2 2 2 2 2
left_child=1 2 3 -1 -4
right_child=-2 -3 4 -5 -6
leaf_value=-0.028794522624703157 0.011890609503819845 0.011135939497511557 -0.00064449497523695056 -0.0033499596522648446 0.008489332252543294
leaf_weight=1.2213208822067887 8.4788129832595569 6.5647407611832014 5.5072494330815962 3.6128769172355533 10.485252037644385
leaf_count=120 55 36 42 21 52
internal_value=0.010738 0.0103813 0.00584273 -0.00977832 0.00848933
internal_weight=35.8703 27.3914 20.8267 4.8342 15.9925
internal_count=326 271 235 141 94
is_linear=0
shrinkage=0.1


Tree=1122
num_leaves=5
num_cat=0
split_feature=3 0 0 2
split_gain=0.00214576 0.0746788 0.0820854 0.00124612
threshold=6.5000000000000009 6.5000000000000009 5.5000000000000009 6.5000000000000009
decision_type=2 2 2 2
left_child=1 2 -1 -2
right_child=3 -3 -4 -5
leaf_value=-0.089580710100305161 0.016929537182427672 0.016692880078795158 -3.0774944586788069e-06 0.019140967167736174
leaf_weight=0.11305200419064987 6.3534783814102411 5.9009312537964433 1.0754019479209092 4.2542890906333923
leaf_count=143 32 52 77 22
internal_value=0.0169163 0.0155693 -0.00852417 0.0178164
internal_weight=17.6972 7.08939 1.18845 10.6078
internal_count=326 272 220 54
is_linear=0
shrinkage=0.1


Tree=1123
num_leaves=3
num_cat=0
split_feature=0 0
split_gain=0.0283509 0.00217199
threshold=7.5000000000000009 6.5000000000000009
decision_type=2 2
left_child=1 -1
right_child=-2 -3
leaf_value=0.0042426706906926043 0.02126570013734274 0.01096723361489404
leaf_weight=1.0172161787326102 6.3489896329701878 0.91002083916373511
leaf_count=247 39 40
internal_value=0.0180411 0.00741794
internal_weight=8.27623 1.92724
internal_count=326 287
is_linear=0
shrinkage=0.1


Tree=1124
num_leaves=3
num_cat=0
split_feature=2 3
split_gain=0.000839636 0.00170927
threshold=7.5000000000000009 7.5000000000000009
decision_type=2 2
left_child=1 -1
right_child=-2 -3
leaf_value=0.018949081813769062 0.026664823102291031 0.024408407982319729
leaf_weight=0.85417911828221826 0.55038475990295399 0.78888325393199921
leaf_count=321 2 3
internal_value=0.0232844 0.022152
internal_weight=2.19345 1.64306
internal_count=326 324
is_linear=0
shrinkage=0.1


Tree=1125
num_leaves=2
num_cat=0
split_feature=0
split_gain=0.000220436
threshold=4.5000000000000009
decision_type=2
left_child=-1
right_child=-2
leaf_value=0.0015240046363082522 0.0035553826059913775
leaf_weight=1.0690412300173195 1.0677409210293261
leaf_count=81 245
internal_value=0.00253908
internal_weight=2.13678
internal_count=326
is_linear=0
shrinkage=0.1


Tree=1126
num_leaves=1
num_cat=0
split_feature=
split_gain=
threshold=
decision_type=
left_child=
right_child=
leaf_value=0
leaf_weight=
leaf_count=326
internal_value=
internal_weight=
internal_count=
is_linear=0
shrinkage=1


Tree=1127
num_leaves=2
num_cat=0
split_feature=1
split_gain=0.00264025
threshold=2.5000000000000004
decision_type=2
left_child=-1
right_child=-2
leaf_value=-0.00086471431364885671 0.0022155476722991539
leaf_weight=3.3207972720265415 17.173759096542199
leaf_count=19 307
internal_value=0.00171644
internal_weight=20.4946
internal_count=326
is_linear=0
shrinkage=0.1


Tree=1128
num_leaves=2
num_cat=0
split_feature=1
split_gain=0.00955526
threshold=2.5000000000000004
decision_type=2
left_child=-1
right_child=-2
leaf_value=-0.0027585309252049464 0.0029394390648652094
leaf_weight=3.2158200889825812 34.7012773292372
leaf_count=19 307
internal_value=0.00245618
internal_weight=37.9171
internal_count=326
is_linear=0
shrinkage=0.1


Tree=1129
num_leaves=4
num_cat=0
split_feature=0 1 0
split_gain=0.0194939 0.00967352 0.00210083
threshold=4.5000000000000009 4.5000000000000009 3.5000000000000004
decision_type=2 2 2
left_child=2 -2 -1
right_child=1 -3 -4
leaf_value=-0.0034406922341644521 0.0027275423570552945 0.006629806084161899 0.00076085178421660734
leaf_weight=1.5763260875246476 7.9188719894736996 26.85051042214036 4.8567448594840243
leaf_count=32 43 202 49
internal_value=0.00478814 0.00572376 -0.000268673
internal_weight=41.2025 34.7694 6.43307
internal_count=326 245 81
is_linear=0
shrinkage=0.1


Tree=1130
num_leaves=4
num_cat=0
split_feature=3 0 1
split_gain=0.00120905 0.122009 0.022105
threshold=5.5000000000000009 6.5000000000000009 5.5000000000000009
decision_type=2 2 2
left_child=1 -1 -2
right_child=2 -3 -4
leaf_value=-0.01207814183270303 0.010420640290930601 0.010420640290930601 0.014099936861824312
leaf_weight=2.4173733343850463 12.499066095799209 3.1045008916407824 17.776541044935584
leaf_count=123 81 15 107
internal_value=0.010977 0.00961614 0.0112251
internal_weight=35.7975 5.52187 30.2756
internal_count=326 138 188
is_linear=0
shrinkage=0.1


Tree=1131
num_leaves=5
num_cat=0
split_feature=1 2 3 2
split_gain=0.00261702 0.0721067 0.0455483 0.00701447
threshold=6.5000000000000009 6.5000000000000009 6.5000000000000009 5.5000000000000009
decision_type=2 2 2 2
left_child=1 3 -2 -1
right_child=2 -3 -4 -5
leaf_value=-0.0022098461913461812 0.016762568541140267 0.016762568541140267 0.027772373889675808 0.007570353204444609
leaf_weight=0.83585684410081906 3.9511983009288079 3.0621240073814988 3.8542494028806686 5.9784904926564195
leaf_count=167 37 21 18 83
internal_value=0.0166191 0.0155376 0.0179876 0.0063707
internal_weight=17.6819 9.87647 7.80545 6.81435
internal_count=326 271 55 250
is_linear=0
shrinkage=0.1


Tree=1132
num_leaves=4
num_cat=0
split_feature=2 3 3
split_gain=0.0282752 0.0503065 0.087523
threshold=6.5000000000000009 6.5000000000000009 5.5000000000000009
decision_type=2 2 2
left_child=1 2 -1
right_child=-2 -3 -4
leaf_value=-0.097266845275536334 0.022390746240687192 0.01633015764046284 0.0013438968511972184
leaf_weight=0.10056138797040182 5.2199501249706373 2.0902759103337303 0.85753289600597782
leaf_count=135 44 32 115
internal_value=0.0179219 0.0102696 -0.00900627
internal_weight=8.26832 3.04837 0.958094
internal_count=326 282 250
is_linear=0
shrinkage=0.1


Tree=1133
num_leaves=3
num_cat=0
split_feature=0 1
split_gain=0.000907533 0.27809
threshold=8.5000000000000018 6.5000000000000009
decision_type=2 2
left_child=1 -1
right_child=-2 -3
leaf_value=-0.091058407575652811 0.027290829483159553 0.024648021960192099
leaf_weight=0.20865387339290498 0.39647816597425833 1.5892001510378575
leaf_count=269 5 52
internal_value=0.0229602 0.0220052
internal_weight=2.19433 1.79785
internal_count=326 321
is_linear=0
shrinkage=0.1


Tree=1134
num_leaves=2
num_cat=0
split_feature=0
split_gain=0.000258567
threshold=4.5000000000000009
decision_type=2
left_child=-1
right_child=-2
leaf_value=0.0014573512999463767 0.0036576952356446022
leaf_weight=1.0697167078033092 1.0665394752159043
leaf_count=81 245
internal_value=0.00255589
internal_weight=2.13626
internal_count=326
is_linear=0
shrinkage=0.1


Tree=1135
num_leaves=1
num_cat=0
split_feature=
split_gain=
threshold=
decision_type=
left_child=
right_child=
leaf_value=0
leaf_weight=
leaf_count=326
internal_value=
internal_weight=
internal_count=
is_linear=0
shrinkage=1


Tree=1136
num_leaves=2
num_cat=0
split_feature=1
split_gain=0.00272003
threshold=2.5000000000000004
decision_type=2
left_child=-1
right_child=-2
leaf_value=-0.00084968275280847326 0.0022770601693434802
leaf_weight=3.3206075616180923 17.159423119002895
leaf_count=19 307
internal_value=0.00177009
internal_weight=20.48
internal_count=326
is_linear=0
shrinkage=0.1


Tree=1137
num_leaves=2
num_cat=0
split_feature=1
split_gain=0.00893522
threshold=2.5000000000000004
decision_type=2
left_child=-1
right_child=-2
leaf_value=-0.0025208065416235277 0.0029914167965817843
leaf_weight=3.2133444920182219 34.659689575899392
leaf_count=19 307
internal_value=0.00252373
internal_weight=37.873
internal_count=326
is_linear=0
shrinkage=0.1


Tree=1138
num_leaves=4
num_cat=0
split_feature=0 1 0
split_gain=0.0181069 0.00933079 0.00178096
threshold=4.5000000000000009 4.5000000000000009 3.5000000000000004
decision_type=2 2 2
left_child=2 -2 -1
right_child=1 -3 -4
leaf_value=-0.0029183951491148809 0.0028952949397430027 0.0066763287623185404 0.00095364998918884194
leaf_weight=1.5728179500438262 7.9154366943985215 26.7958995931549 4.8535962710157037
leaf_count=32 43 202 49
internal_value=0.00488188 0.00578459 5.99522e-06
internal_weight=41.1378 34.7113 6.42641
internal_count=326 245 81
is_linear=0
shrinkage=0.1


Tree=1139
num_leaves=4
num_cat=0
split_feature=1 3 0
split_gain=0.00167324 0.0558801 0.136861
threshold=6.5000000000000009 6.5000000000000009 5.5000000000000009
decision_type=2 2 2
left_child=1 2 -1
right_child=-2 -3 -4
leaf_value=-0.0092395279791691615 0.011947318578903956 0.011141490930087837 0.0085057299918757379
leaf_weight=4.8039583509453285 8.4307081457227451 6.5605175066739312 15.942881592083721
leaf_count=141 55 36 94
internal_value=0.0107159 0.0103357 0.00586997
internal_weight=35.7381 27.3074 20.7468
internal_count=326 271 235
is_linear=0
shrinkage=0.1


Tree=1140
num_leaves=5
num_cat=0
split_feature=3 0 1 2
split_gain=0.00168868 0.0691425 0.432706 0.000860448
threshold=6.5000000000000009 7.5000000000000009 5.5000000000000009 6.5000000000000009
decision_type=2 2 2 2
left_child=1 2 -1 -2
right_child=3 -3 -4 -5
leaf_value=-0.10797587387867254 0.016547671401419588 0.016286855715086184 0.0086331796365992034 0.018388082366029523
leaf_weight=0.33106272464374464 6.3506997469812632 4.1123562939465046 2.6498626184184104 4.2340217977762222
leaf_count=165 32 24 83 22
internal_value=0.0164838 0.0152899 0.000979504 0.0172839
internal_weight=17.678 7.09328 2.98093 10.5847
internal_count=326 272 248 54
is_linear=0
shrinkage=0.1


Tree=1141
num_leaves=5
num_cat=0
split_feature=2 1 0 3
split_gain=0.0264496 0.0374509 0.0345676 0.0053367
threshold=7.5000000000000009 7.5000000000000009 8.5000000000000018 6.5000000000000009
decision_type=2 2 2 2
left_child=1 2 3 -1
right_child=-2 -3 -4 -5
leaf_value=0.0023852253883665615 0.039485542773184015 0.02654886944055139 0.01911943956628654 0.0097328784720535199
leaf_weight=1.4105939535378409 0.53719198703765858 2.5174340164521709 0.4860977567732333 3.3034285207977518
leaf_count=260 2 17 3 44
internal_value=0.0180303 0.0165369 0.01169 0.00753421
internal_weight=8.25475 7.71755 5.20012 4.71402
internal_count=326 324 307 304
is_linear=0
shrinkage=0.1


Tree=1142
num_leaves=3
num_cat=0
split_feature=0 2
split_gain=0.000415917 0.0005448
threshold=8.5000000000000018 7.5000000000000009
decision_type=2 2
left_child=1 -1
right_child=-2 -3
leaf_value=0.022013992897659415 0.026820482119981545 0.025029075488506455
leaf_weight=1.2269135139263201 0.39621781595633354 0.55098932981491078
leaf_count=319 5 2
internal_value=0.0238906 0.0232377
internal_weight=2.17412 1.7779
internal_count=326 321
is_linear=0
shrinkage=0.1


Tree=1143
num_leaves=2
num_cat=0
split_feature=0
split_gain=0.000278308
threshold=4.5000000000000009
decision_type=2
left_child=-1
right_child=-2
leaf_value=0.001389120531050686 0.0036716492330605374
leaf_weight=1.0704097298439594 1.0663452554954345
leaf_count=81 245
internal_value=0.00252821
internal_weight=2.13675
internal_count=326
is_linear=0
shrinkage=0.1


Tree=1144
num_leaves=1
num_cat=0
split_feature=
split_gain=
threshold=
decision_type=
left_child=
right_child=
leaf_value=0
leaf_weight=
leaf_count=326
internal_value=
internal_weight=
internal_count=
is_linear=0
shrinkage=1


Tree=1145
num_leaves=2
num_cat=0
split_feature=1
split_gain=0.00278712
threshold=2.5000000000000004
decision_type=2
left_child=-1
right_child=-2
leaf_value=-0.00084402064399862777 0.0023211548323464112
leaf_weight=3.3207590728998211 17.1483029005758
leaf_count=19 307
internal_value=0.00180766
internal_weight=20.4691
internal_count=326
is_linear=0
shrinkage=0.1


Tree=1146
num_leaves=3
num_cat=0
split_feature=2 1
split_gain=0.00914624 0.0132737
threshold=3.5000000000000004 2.5000000000000004
decision_type=2 2
left_child=-1 -2
right_child=1 -3
leaf_value=-0.0027626798893506791 0.00012288032820168392 0.0037263408090569151
leaf_weight=2.9809615910053244 2.2842204272747031 32.576406365958974
leaf_count=24 9 293
internal_value=0.00255382 0.00300844
internal_weight=37.8416 34.8606
internal_count=326 302
is_linear=0
shrinkage=0.1


Tree=1147
num_leaves=3
num_cat=0
split_feature=2 1
split_gain=0.0175598 0.130733
threshold=4.5000000000000009 4.5000000000000009
decision_type=2 2
left_child=1 -1
right_child=-2 -3
leaf_value=-0.028503018788290469 0.0055547582429080651 0.0022361620933788306
leaf_weight=1.4357014973647881 36.637145919026807 3.0370599552989006
leaf_count=59 249 18
internal_value=0.00483263 -0.00108243
internal_weight=41.1099 4.47276
internal_count=326 77
is_linear=0
shrinkage=0.1


Tree=1148
num_leaves=5
num_cat=0
split_feature=1 3 0 0
split_gain=0.00153445 0.055871 0.117366 0.00365738
threshold=6.5000000000000009 6.5000000000000009 5.5000000000000009 6.5000000000000009
decision_type=2 2 2 2
left_child=1 2 -1 -4
right_child=-2 -3 3 -5
leaf_value=-0.0080561194081238303 0.011919222081309289 0.011146797310728911 0.0057041089785824003 0.0085134845292850342
leaf_weight=4.7983783114941678 8.4122044686228019 6.5505051854997864 9.5725995344109815 6.3586898911744347
leaf_count=141 55 36 64 30
internal_value=0.0107385 0.0103744 0.00588017 0.00851348
internal_weight=35.6924 27.2802 20.7297 15.9313
internal_count=326 271 235 94
is_linear=0
shrinkage=0.1


Tree=1149
num_leaves=6
num_cat=0
split_feature=1 2 2 1 1
split_gain=0.00212753 0.0776318 0.00842457 0.00924473 0.00120195
threshold=7.5000000000000009 6.5000000000000009 5.5000000000000009 5.5000000000000009 6.5000000000000009
decision_type=2 2 2 2 2
left_child=1 2 -1 -4 -5
right_child=-2 -3 3 4 -6
leaf_value=-0.0017403124835910907 0.018921356080265361 0.017402256586574506 0.0035434607693706414 0.0097040264373513402 0.012617862014118042
leaf_weight=0.83270299395826519 2.7257556479889891 6.0713472068309775 1.8085288541333282 4.1654707724228501 2.0481208213604987
leaf_count=169 17 39 37 46 18
internal_value=0.0163523 0.0158832 0.00783347 0.00882723 0.0106795
internal_weight=17.6519 14.9262 8.85482 8.02212 6.21359
internal_count=326 309 270 101 64
is_linear=0
shrinkage=0.1


Tree=1150
num_leaves=4
num_cat=0
split_feature=2 3 3
split_gain=0.0253069 0.0467504 0.0810225
threshold=6.5000000000000009 6.5000000000000009 5.5000000000000009
decision_type=2 2 2
left_child=1 2 -1
right_child=-2 -3 -4
leaf_value=-0.096545154888581744 0.022285013602776432 0.016543225846579267 0.0017167589213331093
leaf_weight=0.093054452054673553 5.2118218211689964 2.0900983856990933 0.85430696219646052
leaf_count=135 44 32 115
internal_value=0.0180567 0.0108014 -0.007935
internal_weight=8.24928 3.03746 0.947361
internal_count=326 282 250
is_linear=0
shrinkage=0.1


Tree=1151
num_leaves=3
num_cat=0
split_feature=2 3
split_gain=0.000640887 0.000767172
threshold=7.5000000000000009 7.5000000000000009
decision_type=2 2
left_child=1 -1
right_child=-2 -3
leaf_value=0.020616975287806635 0.026672880067005911 0.024699181602895581
leaf_weight=0.84085262232065383 0.55037772655487049 0.78682301938533783
leaf_count=321 2 3
internal_value=0.023723 0.0227255
internal_weight=2.17805 1.62768
internal_count=326 324
is_linear=0
shrinkage=0.1


Tree=1152
num_leaves=2
num_cat=0
split_feature=0
split_gain=0.0002597
threshold=4.5000000000000009
decision_type=2
left_child=-1
right_child=-2
leaf_value=0.0013890157815877619 0.003593538366486692
leaf_weight=1.0703338591847571 1.0671556928282369
leaf_count=81 245
internal_value=0.00248964
internal_weight=2.13749
internal_count=326
is_linear=0
shrinkage=0.1


Tree=1153
num_leaves=1
num_cat=0
split_feature=
split_gain=
threshold=
decision_type=
left_child=
right_child=
leaf_value=0
leaf_weight=
leaf_count=326
internal_value=
internal_weight=
internal_count=
is_linear=0
shrinkage=1


Tree=1154
num_leaves=2
num_cat=0
split_feature=1
split_gain=0.00267453
threshold=2.5000000000000004
decision_type=2
left_child=-1
right_child=-2
leaf_value=-0.000783195779414578 0.0023180336736732567
leaf_weight=3.3195245675742653 17.13731469243794
leaf_count=19 307
internal_value=0.0018148
internal_weight=20.4568
internal_count=326
is_linear=0
shrinkage=0.1


Tree=1155
num_leaves=3
num_cat=0
split_feature=2 1
split_gain=0.00810476 0.0126345
threshold=3.5000000000000004 2.5000000000000004
decision_type=2 2
left_child=-1 -2
right_child=1 -3
leaf_value=-0.0024993925549009867 0.00021971006531816968 0.003654057860240745
leaf_weight=2.9745528548955908 2.2841311171650878 32.543843277468113
leaf_count=24 9 293
internal_value=0.0025109 0.00293881
internal_weight=37.8025 34.828
internal_count=326 302
is_linear=0
shrinkage=0.1


Tree=1156
num_leaves=4
num_cat=0
split_feature=0 1 0
split_gain=0.0172359 0.00809823 0.0016025
threshold=4.5000000000000009 4.5000000000000009 3.5000000000000004
decision_type=2 2 2
left_child=2 -2 -1
right_child=1 -3 -4
leaf_value=-0.0026968061727837113 0.002905172421174866 0.0065521300230709598 0.0009792600929381431
leaf_weight=1.5697303800261568 7.8831587880849829 26.749134025420062 4.8491072029573843
leaf_count=32 43 202 49
internal_value=0.00483984 0.00572199 8.0276e-05
internal_weight=41.0511 34.6323 6.41884
internal_count=326 245 81
is_linear=0
shrinkage=0.1


Tree=1157
num_leaves=4
num_cat=0
split_feature=1 3 2
split_gain=0.00117977 0.0515831 0.131151
threshold=6.5000000000000009 6.5000000000000009 5.5000000000000009
decision_type=2 2 2
left_child=1 2 -1
right_child=-2 -3 -4
leaf_value=-0.0060778046577816868 0.011825155876743767 0.011147258820189935 0.0086223476011997122
leaf_weight=6.680408686057496 8.3935402035713178 6.5514588830992571 14.039148421958087
leaf_count=162 55 36 73
internal_value=0.0107884 0.0104694 0.00609744
internal_weight=35.6646 27.271 20.7196
internal_count=326 271 235
is_linear=0
shrinkage=0.1


Tree=1158
num_leaves=5
num_cat=0
split_feature=3 0 0 2
split_gain=0.00164944 0.0616794 0.0779239 0.00081569
threshold=6.5000000000000009 6.5000000000000009 5.5000000000000009 6.5000000000000009
decision_type=2 2 2 2
left_child=1 2 -1 -2
right_child=3 -3 -4 -5
leaf_value=-0.089547935204094209 0.016386206362550837 0.01611674582798733 0.0010876483371293473 0.018180409755868734
leaf_weight=0.10415493784057672 6.3478495087474585 5.9281384024070576 1.0626856673115981 4.2172402366995811
leaf_count=143 32 52 77 22
internal_value=0.0163104 0.0151311 -0.0070027 0.0171024
internal_weight=17.6601 7.09498 1.16684 10.5651
internal_count=326 272 220 54
is_linear=0
shrinkage=0.1


Tree=1159
num_leaves=3
num_cat=0
split_feature=0 0
split_gain=0.0255112 0.00210131
threshold=7.5000000000000009 6.5000000000000009
decision_type=2 2
left_child=1 -1
right_child=-2 -3
leaf_value=0.0047052483601257161 0.020995259697062896 0.011330680449405885
leaf_weight=1.0129946008767658 6.3254216958303005 0.90758137164993957
leaf_count=247 39 40
internal_value=0.0179304 0.00783614
internal_weight=8.246 1.92058
internal_count=326 287
is_linear=0
shrinkage=0.1


Tree=1160
num_leaves=3
num_cat=0
split_feature=2 3
split_gain=0.000561766 0.000754501
threshold=7.5000000000000009 7.5000000000000009
decision_type=2 2
left_child=1 -1
right_child=-2 -3
leaf_value=0.020315127369972503 0.026104746468037829 0.024257723308773835
leaf_weight=0.8429551617350628 0.55086791515350331 0.78622423112392426
leaf_count=321 2 3
internal_value=0.0233441 0.0224107
internal_weight=2.18005 1.62918
internal_count=326 324
is_linear=0
shrinkage=0.1


Tree=1161
num_leaves=2
num_cat=0
split_feature=0
split_gain=0.000272581
threshold=4.5000000000000009
decision_type=2
left_child=-1
right_child=-2
leaf_value=0.0013619240963494489 0.0036205137896097085
leaf_weight=1.0705718661192807 1.0668097206462333
leaf_count=81 245
internal_value=0.00248923
internal_weight=2.13738
internal_count=326
is_linear=0
shrinkage=0.1


Tree=1162
num_leaves=1
num_cat=0
split_feature=
split_gain=
threshold=
decision_type=
left_child=
right_child=
leaf_value=0
leaf_weight=
leaf_count=326
internal_value=
internal_weight=
internal_count=
is_linear=0
shrinkage=1


Tree=1163
num_leaves=2
num_cat=0
split_feature=1
split_gain=0.00262399
threshold=2.5000000000000004
decision_type=2
left_child=-1
right_child=-2
leaf_value=-0.00071811860991297365 0.0023544063575166516
leaf_weight=3.3181339874863651 17.123617313118302
leaf_count=19 307
internal_value=0.00185567
internal_weight=20.4418
internal_count=326
is_linear=0
shrinkage=0.1


Tree=1164
num_leaves=2
num_cat=0
split_feature=1
split_gain=0.00790853
threshold=2.5000000000000004
decision_type=2
left_child=-1
right_child=-2
leaf_value=-0.0022442413522366375 0.0029464426719111618
leaf_weight=3.2076960429549208 34.560346156038577
leaf_count=19 307
internal_value=0.00250559
internal_weight=37.768
internal_count=326
is_linear=0
shrinkage=0.1


Tree=1165
num_leaves=4
num_cat=0
split_feature=0 1 0
split_gain=0.0149829 0.00718996 0.00136456
threshold=4.5000000000000009 4.5000000000000009 3.5000000000000004
decision_type=2 2 2
left_child=2 -2 -1
right_child=1 -3 -4
leaf_value=-0.0022002200278850967 0.0029970864150799521 0.0064113029958200035 0.0011950688397002356
leaf_weight=1.5663393227732729 7.8783951718360177 26.721895934664644 4.8453362076543272
leaf_count=32 43 202 49
internal_value=0.00480577 0.00562856 0.000365617
internal_weight=41.012 34.6003 6.41168
internal_count=326 245 81
is_linear=0
shrinkage=0.1


Tree=1166
num_leaves=4
num_cat=0
split_feature=3 0 1
split_gain=0.00171468 0.108225 0.0256781
threshold=5.5000000000000009 6.5000000000000009 5.5000000000000009
decision_type=2 2 2
left_child=1 -1 -2
right_child=2 -3 -4
leaf_value=-0.011027784903399084 0.010265114056357738 0.010265114056357738 0.014278174956639756
leaf_weight=2.3982157423633899 12.454689762555065 3.0850310381501913 17.673233179375529
leaf_count=123 81 15 107
internal_value=0.0109304 0.00930383 0.0112264
internal_weight=35.6112 5.48325 30.1279
internal_count=326 138 188
is_linear=0
shrinkage=0.1


Tree=1167
num_leaves=6
num_cat=0
split_feature=1 2 2 1 1
split_gain=0.0018725 0.0760852 0.00758007 0.00876988 0.001374
threshold=7.5000000000000009 6.5000000000000009 5.5000000000000009 5.5000000000000009 6.5000000000000009
decision_type=2 2 2 2 2
left_child=1 2 -1 -4 -5
right_child=-2 -3 3 4 -6
leaf_value=-0.0014869621307537014 0.018478130453321185 0.017053139283825059 0.0035285306353994416 0.0093091552026122997 0.0123278660473824
leaf_weight=0.83135591498421568 2.7267063246108583 6.0603823261335483 1.8102161682618314 4.1656450438313186 2.0509177567437291
leaf_count=169 17 39 37 46 18
internal_value=0.0160686 0.0156281 0.00760259 0.00854402 0.010354
internal_weight=17.6452 14.9185 8.85813 8.02678 6.21656
internal_count=326 309 270 101 64
is_linear=0
shrinkage=0.1


Tree=1168
num_leaves=4
num_cat=0
split_feature=1 3 1
split_gain=0.0255166 0.0750734 0.0576764
threshold=5.5000000000000009 6.5000000000000009 7.5000000000000009
decision_type=2 2 2
left_child=-1 2 -2
right_child=1 -3 -4
leaf_value=-0.0013706256612297746 0.0090171829097350758 0.026196792584941855 0.017606987747338466
leaf_weight=0.64104882423259812 1.1236453208712192 5.3216727674007416 1.1529118748585461
leaf_count=184 92 39 11
internal_value=0.0177886 0.019405 0.00901718
internal_weight=8.23928 7.59823 2.27656
internal_count=326 142 103
is_linear=0
shrinkage=0.1


Tree=1169
num_leaves=5
num_cat=0
split_feature=2 3 3 3
split_gain=0.000494976 0.000733784 0.0637133 2.35036e-07
threshold=7.5000000000000009 7.5000000000000009 6.5000000000000009 5.5000000000000009
decision_type=2 2 2 2
left_child=1 2 3 -1
right_child=-2 -3 -4 -5
leaf_value=-0.089458561516833221 0.025526902374348393 0.023793938885464078 0.021891562813769232 -0.088991272038424343
leaf_weight=0.036494934747224983 0.55135744810104359 0.7855629175901413 0.79344313895126106 0.015266306182184053
leaf_count=138 2 3 49 134
internal_value=0.0229367 0.022061 0.0199892 -0.0893207
internal_weight=2.18212 1.63077 0.845204 0.0517612
internal_count=326 324 321 272
is_linear=0
shrinkage=0.1


Tree=1170
num_leaves=2
num_cat=0
split_feature=0
split_gain=0.000305963
threshold=4.5000000000000009
decision_type=2
left_child=-1
right_child=-2
leaf_value=0.0013232685012352116 0.0037165954660864629
leaf_weight=1.0709383683279159 1.065681021855198
leaf_count=81 245
internal_value=0.00251699
internal_weight=2.13662
internal_count=326
is_linear=0
shrinkage=0.1


Tree=1171
num_leaves=1
num_cat=0
split_feature=
split_gain=
threshold=
decision_type=
left_child=
right_child=
leaf_value=0
leaf_weight=
leaf_count=326
internal_value=
internal_weight=
internal_count=
is_linear=0
shrinkage=1


Tree=1172
num_leaves=2
num_cat=0
split_feature=1
split_gain=0.0026833
threshold=2.5000000000000004
decision_type=2
left_child=-1
right_child=-2
leaf_value=-0.0007010548867247224 0.0024062978174795688
leaf_weight=3.3178631961345699 17.110472497683077
leaf_count=19 307
internal_value=0.00190162
internal_weight=20.4283
internal_count=326
is_linear=0
shrinkage=0.1


Tree=1173
num_leaves=3
num_cat=0
split_feature=2 1
split_gain=0.00750033 0.012087
threshold=3.5000000000000004 2.5000000000000004
decision_type=2 2
left_child=-1 -2
right_child=1 -3
leaf_value=-0.0022486837675339613 0.00036987723996924213 0.0036956948473703477
leaf_weight=2.9681343361735335 2.283180207014083 32.473531122610439
leaf_count=24 9 293
internal_value=0.00257639 0.00298844
internal_weight=37.7248 34.7567
internal_count=326 302
is_linear=0
shrinkage=0.1


Tree=1174
num_leaves=4
num_cat=0
split_feature=2 3 3
split_gain=0.014817 1.25172 0.000529648
threshold=4.5000000000000009 4.5000000000000009 5.5000000000000009
decision_type=2 2 2
left_child=1 -1 -2
right_child=2 -3 -4
leaf_value=-0.10311753036586978 0.0050729189537237164 0.0025065072335639206 0.005859586240051431
leaf_weight=1.1256997389718879 13.701017085462807 3.3182477518566884 22.803174206987023
leaf_count=25 68 52 181
internal_value=0.00490062 -0.000551314 0.00556433
internal_weight=40.9481 4.44395 36.5042
internal_count=326 77 249
is_linear=0
shrinkage=0.1


Tree=1175
num_leaves=5
num_cat=0
split_feature=1 3 0 0
split_gain=0.00147666 0.0522556 0.110923 0.00351905
threshold=6.5000000000000009 6.5000000000000009 5.5000000000000009 6.5000000000000009
decision_type=2 2 2 2
left_child=1 2 -1 -4
right_child=-2 -3 3 -5
leaf_value=-0.0076450455646540523 0.011799915057735927 0.011039925102218016 0.0057284833113045702 0.0084877168810104844
leaf_weight=4.778961627300311 8.3542473707348091 6.5464150160551062 9.5352971740066987 6.3446570932865134
leaf_count=141 55 36 64 30
internal_value=0.010637 0.0102799 0.00593551 0.00848772
internal_weight=35.5596 27.2053 20.6589 15.88
internal_count=326 271 235 94
is_linear=0
shrinkage=0.1


Tree=1176
num_leaves=5
num_cat=0
split_feature=3 0 1 2
split_gain=0.00229342 0.0592422 0.396203 0.000703964
threshold=6.5000000000000009 7.5000000000000009 5.5000000000000009 6.5000000000000009
decision_type=2 2 2 2
left_child=1 2 -1 -2
right_child=3 -3 -4 -5
leaf_value=-0.10680496729750605 0.016542879523182032 0.016044839279527077 0.008913606717435938 0.018211739831091821
leaf_weight=0.30711658489508531 6.3490261901170015 4.1390963103622198 2.6523759686679114 4.1994583234190941
leaf_count=165 32 24 83 22
internal_value=0.0162721 0.0148824 0.00178237 0.0172073
internal_weight=17.6471 7.09859 2.95949 10.5485
internal_count=326 272 248 54
is_linear=0
shrinkage=0.1


Tree=1177
num_leaves=4
num_cat=0
split_feature=2 3 3
split_gain=0.0251943 0.0390815 0.0749818
threshold=6.5000000000000009 6.5000000000000009 5.5000000000000009
decision_type=2 2 2
left_child=1 2 -1
right_child=-2 -3 -4
leaf_value=-0.095891796001404225 0.021590636476063421 0.015866018785377002 0.0019911868968093527
leaf_weight=0.086165842363130074 5.2128264271887019 2.105341961258091 0.85299343227507052
leaf_count=135 44 32 115
internal_value=0.0173693 0.0101414 -0.00698937
internal_weight=8.25733 3.0445 0.939159
internal_count=326 282 250
is_linear=0
shrinkage=0.1


Tree=1178
num_leaves=3
num_cat=0
split_feature=2 3
split_gain=0.000389503 0.000606988
threshold=7.5000000000000009 7.5000000000000009
decision_type=2 2
left_child=1 -1
right_child=-2 -3
leaf_value=0.020350325674963129 0.025319258639971018 0.023781802913847166
leaf_weight=0.84225048760936283 0.5515310764312743 0.78550845384597778
leaf_count=321 2 3
internal_value=0.0230225 0.0222443
internal_weight=2.17929 1.62776
internal_count=326 324
is_linear=0
shrinkage=0.1


Tree=1179
num_leaves=2
num_cat=0
split_feature=0
split_gain=0.000261206
threshold=4.5000000000000009
decision_type=2
left_child=-1
right_child=-2
leaf_value=0.0013353961822579676 0.0035459061360371795
leaf_weight=1.0707373162731531 1.0675146636340285
leaf_count=81 245
internal_value=0.00243899
internal_weight=2.13825
internal_count=326
is_linear=0
shrinkage=0.1


Tree=1180
num_leaves=1
num_cat=0
split_feature=
split_gain=
threshold=
decision_type=
left_child=
right_child=
leaf_value=0
leaf_weight=
leaf_count=326
internal_value=
internal_weight=
internal_count=
is_linear=0
shrinkage=1


Tree=1181
num_leaves=2
num_cat=0
split_feature=1
split_gain=0.00243674
threshold=2.5000000000000004
decision_type=2
left_child=-1
right_child=-2
leaf_value=-0.00064737385608894553 0.0023142585760374435
leaf_weight=3.3166820928454426 17.107846260660153
leaf_count=19 307
internal_value=0.00183333
internal_weight=20.4245
internal_count=326
is_linear=0
shrinkage=0.1


Tree=1182
num_leaves=2
num_cat=0
split_feature=1
split_gain=0.00693536
threshold=2.5000000000000004
decision_type=2
left_child=-1
right_child=-2
leaf_value=-0.0020165063069405922 0.0028473596812841908
leaf_weight=3.2040385454893103 34.478401333617512
leaf_count=19 307
internal_value=0.0024338
internal_weight=37.6824
internal_count=326
is_linear=0
shrinkage=0.1


Tree=1183
num_leaves=4
num_cat=0
split_feature=0 1 0
split_gain=0.0152678 0.00823661 0.00137057
threshold=4.5000000000000009 4.5000000000000009 3.5000000000000004
decision_type=2 2 2
left_child=2 -2 -1
right_child=1 -3 -4
leaf_value=-0.0019866633196044758 0.0032463202634556904 0.00674823092496055 0.0014191103414208505
leaf_weight=1.5639728180831287 7.8566666115075341 26.588665706338361 4.8329062514239922
leaf_count=32 43 202 49
internal_value=0.005073 0.00590621 0.000586433
internal_weight=40.8422 34.4453 6.39688
internal_count=326 245 81
is_linear=0
shrinkage=0.1


Tree=1184
num_leaves=4
num_cat=0
split_feature=3 1 1
split_gain=0.00110566 0.0258132 0.00296032
threshold=5.5000000000000009 5.5000000000000009 6.5000000000000009
decision_type=2 2 2
left_child=2 -2 -1
right_child=1 -3 -4
leaf_value=0.0071532433601355005 0.01017184968839057 0.014131387198856281 0.01017184968839057
leaf_weight=3.6072715572881853 12.4409456262365 17.61169258505106 1.8510837350040672
leaf_count=128 81 107 10
internal_value=0.0107076 0.0109454 0.0093983
internal_weight=35.511 30.0526 5.45836
internal_count=326 188 138
is_linear=0
shrinkage=0.1


Tree=1185
num_leaves=6
num_cat=0
split_feature=3 0 1 2 0
split_gain=0.00150575 0.0506139 0.35909 0.00115585 0.000334374
threshold=6.5000000000000009 7.5000000000000009 5.5000000000000009 6.5000000000000009 6.5000000000000009
decision_type=2 2 2 2 2
left_child=1 2 -1 -2 -4
right_child=3 -3 4 -5 -6
leaf_value=-0.10510837169409448 0.01608647957491368 0.015995007387119287 0.001389973132075045 0.018226052111325285 0.0093908063849360984
leaf_weight=0.2836761042494812 6.3477775137871504 4.1492224931716919 1.0598459509492386 4.1925940066576004 1.5937054278329015
leaf_count=165 32 24 59 22 24
internal_value=0.0161797 0.0150525 0.00278661 0.0169375 0.00939081
internal_weight=17.6268 7.08645 2.93723 10.5404 2.65355
internal_count=326 272 248 54 83
is_linear=0
shrinkage=0.1


Tree=1186
num_leaves=5
num_cat=0
split_feature=1 3 2 0
split_gain=0.0268121 0.0346717 0.184657 0.000169965
threshold=7.5000000000000009 6.5000000000000009 6.5000000000000009 7.5000000000000009
decision_type=2 2 2 2
left_child=1 2 -1 -3
right_child=-2 3 -4 -5
leaf_value=-0.090538341458934482 0.02594646364876535 0.017275030425422448 0.0090665018842207828 0.018553537981761774
leaf_weight=0.19777735072665303 2.5035690479853656 1.7528499626787377 1.2399221911327913 2.5561365932226181
leaf_count=242 17 38 19 10
internal_value=0.0173095 0.0135468 9.95491e-05 0.0180335
internal_weight=8.25026 5.74669 1.4377 4.30899
internal_count=326 309 261 48
is_linear=0
shrinkage=0.1


Tree=1187
num_leaves=3
num_cat=0
split_feature=0 2
split_gain=0.000370576 0.000547563
threshold=8.5000000000000018 7.5000000000000009
decision_type=2 2
left_child=1 -1
right_child=-2 -3
leaf_value=0.020851812793664458 0.025473536790256754 0.023781348261720816
leaf_weight=1.2338587153212759 0.39511833000869945 0.55191463232040394
leaf_count=319 5 2
internal_value=0.0227023 0.0220892
internal_weight=2.18089 1.78577
internal_count=326 321
is_linear=0
shrinkage=0.1


Tree=1188
num_leaves=2
num_cat=0
split_feature=0
split_gain=0.000299065
threshold=4.5000000000000009
decision_type=2
left_child=-1
right_child=-2
leaf_value=0.0013030555060636784 0.0036689757696431687
leaf_weight=1.071033427724615 1.0660779884783549
leaf_count=81 245
internal_value=0.00248327
internal_weight=2.13711
internal_count=326
is_linear=0
shrinkage=0.1


Tree=1189
num_leaves=1
num_cat=0
split_feature=
split_gain=
threshold=
decision_type=
left_child=
right_child=
leaf_value=0
leaf_weight=
leaf_count=326
internal_value=
internal_weight=
internal_count=
is_linear=0
shrinkage=1


Tree=1190
num_leaves=2
num_cat=0
split_feature=1
split_gain=0.00251808
threshold=2.5000000000000004
decision_type=2
left_child=-1
right_child=-2
leaf_value=-0.00062902074682095956 0.0023819744207351006
leaf_weight=3.3163726478815105 17.092229903348198
leaf_count=19 307
internal_value=0.00189269
internal_weight=20.4086
internal_count=326
is_linear=0
shrinkage=0.1


Tree=1191
num_leaves=3
num_cat=0
split_feature=2 1
split_gain=0.00702222 0.0114927
threshold=3.5000000000000004 2.5000000000000004
decision_type=2 2
left_child=-1 -2
right_child=1 -3
leaf_value=-0.0021306700800824002 0.00040456805481495255 0.003634008491325405
leaf_weight=2.9649510011076918 2.282514937222003 32.384544119035127
leaf_count=24 9 293
internal_value=0.00254031 0.00293981
internal_weight=37.632 34.6671
internal_count=326 302
is_linear=0
shrinkage=0.1


Tree=1192
num_leaves=4
num_cat=0
split_feature=0 3 1
split_gain=0.0147208 2.30194 0.00819684
threshold=4.5000000000000009 5.5000000000000009 4.5000000000000009
decision_type=2 2 2
left_child=1 -1 -2
right_child=2 -3 -4
leaf_value=-0.086770039574358498 0.003407794466988052 0.003407794466988052 0.0068628318354119399
leaf_weight=2.8360671026748596 7.8531690556555978 3.5556936739012599 26.536922882776707
leaf_count=59 43 22 202
internal_value=0.00520173 0.000794779 0.00602081
internal_weight=40.7819 6.39176 34.3901
internal_count=326 81 245
is_linear=0
shrinkage=0.1


Tree=1193
num_leaves=5
num_cat=0
split_feature=1 3 0 0
split_gain=0.00140324 0.0555831 0.0968736 0.00647606
threshold=6.5000000000000009 6.5000000000000009 5.5000000000000009 6.5000000000000009
decision_type=2 2 2 2
left_child=1 2 -1 -4
right_child=-2 -3 3 -5
leaf_value=-0.0071679459870364242 0.011463150233170951 0.010720643726571513 0.0050717039740844688 0.0080893687195908535
leaf_weight=4.7744932465575465 8.3122252076864225 6.5267876917496315 9.5144211431033892 6.3214307222515336
leaf_count=141 55 36 64 30
internal_value=0.0103263 0.00997814 0.00545809 0.00808937
internal_weight=35.4494 27.1371 20.6103 15.8359
internal_count=326 271 235 94
is_linear=0
shrinkage=0.1


Tree=1194
num_leaves=6
num_cat=0
split_feature=1 2 2 1 1
split_gain=0.00163162 0.0797684 0.00699076 0.00923796 0.00149435
threshold=7.5000000000000009 6.5000000000000009 5.5000000000000009 5.5000000000000009 6.5000000000000009
decision_type=2 2 2 2 2
left_child=1 2 -1 -4 -5
right_child=-2 -3 3 4 -6
leaf_value=-0.0012047615014057376 0.018533049232191071 0.017202572787799277 0.003624458789500842 0.0092390562021368704 0.012376837448490323
leaf_weight=0.82664340858173169 2.7270035939291111 6.0210241377353659 1.8042062461972816 4.1641153790988028 2.0509134880267084
leaf_count=169 17 39 37 46 18
internal_value=0.0162845 0.0158721 0.0075511 0.00845368 0.0103293
internal_weight=17.5939 14.8669 8.84588 8.01924 6.21503
internal_count=326 309 270 101 64
is_linear=0
shrinkage=0.1


Tree=1195
num_leaves=3
num_cat=0
split_feature=0 0
split_gain=0.0259871 0.00185884
threshold=7.5000000000000009 6.5000000000000009
decision_type=2 2
left_child=1 -1
right_child=-2 -3
leaf_value=0.0042419297169712716 0.02043904312592144 0.010454967639985598
leaf_weight=1.0175376094887836 6.305368355329847 0.91416104292875378
leaf_count=247 39 40
internal_value=0.0173301 0.0071822
internal_weight=8.23707 1.9317
internal_count=326 287
is_linear=0
shrinkage=0.1


Tree=1196
num_leaves=3
num_cat=0
split_feature=3 2
split_gain=0.000314865 0.00060499
threshold=7.5000000000000009 7.5000000000000009
decision_type=2 2
left_child=1 -1
right_child=-2 -3
leaf_value=0.019614253025184616 0.02398464110137986 0.02273324748418127
leaf_weight=0.84718416131181606 0.78439283370971669 0.55232840776443481
leaf_count=321 3 2
internal_value=0.0223808 0.0214819
internal_weight=2.18391 1.39951
internal_count=326 323
is_linear=0
shrinkage=0.1


Tree=1197
num_leaves=2
num_cat=0
split_feature=0
split_gain=0.000330478
threshold=4.5000000000000009
decision_type=2
left_child=-1
right_child=-2
leaf_value=0.0011941334132976964 0.0036806013322609452
leaf_weight=1.0722545131575318 1.0659066315729431
leaf_count=81 245
internal_value=0.00243368
internal_weight=2.13816
internal_count=326
is_linear=0
shrinkage=0.1


Tree=1198
num_leaves=1
num_cat=0
split_feature=
split_gain=
threshold=
decision_type=
left_child=
right_child=
leaf_value=0
leaf_weight=
leaf_count=326
internal_value=
internal_weight=
internal_count=
is_linear=0
shrinkage=1


Tree=1199
num_leaves=2
num_cat=0
split_feature=1
split_gain=0.00211217
threshold=2.5000000000000004
decision_type=2
left_child=-1
right_child=-2
leaf_value=-0.00058700318574239196 0.002170766744080579
leaf_weight=3.3154852949082878 17.106960046407039
leaf_count=19 307
internal_value=0.00172306
internal_weight=20.4224
internal_count=326
is_linear=0
shrinkage=0.1


Tree=1200
num_leaves=2
num_cat=0
split_feature=1
split_gain=0.00559478
threshold=2.5000000000000004
decision_type=2
left_child=-1
right_child=-2
leaf_value=-0.001826453997411091 0.0025446437551339355
leaf_weight=3.2007309272885314 34.391567182989093
leaf_count=19 307
internal_value=0.00217247
internal_weight=37.5923
internal_count=326
is_linear=0
shrinkage=0.1


Tree=1201
num_leaves=3
num_cat=0
split_feature=2 1
split_gain=0.00473015 0.11647
threshold=4.5000000000000009 4.5000000000000009
decision_type=2 2
left_child=1 -1
right_child=-2 -3
leaf_value=-0.025061220988001183 0.005992007481648077 0.0042425508331088149
leaf_weight=1.3717443150235329 36.320999830611981 2.9519501104950905
leaf_count=59 249 18
internal_value=0.0056198 0.00249309
internal_weight=40.6447 4.32369
internal_count=326 77
is_linear=0
shrinkage=0.1


Tree=1202
num_leaves=5
num_cat=0
split_feature=1 3 0 0
split_gain=0.00133574 0.0522392 0.0856055 0.0077561
threshold=6.5000000000000009 6.5000000000000009 5.5000000000000009 6.5000000000000009
decision_type=2 2 2 2
left_child=1 2 -1 -4
right_child=-2 -3 3 -5
leaf_value=-0.0061252715043580621 0.011558904906333878 0.010833968324242467 0.005139411369699691 0.0082823934370007089
leaf_weight=4.7702789281465874 8.2970794476568681 6.5288641611114135 9.5184390526264888 6.3183854464441529
leaf_count=141 55 36 64 30
internal_value=0.0104485 0.010109 0.00573082 0.00828239
internal_weight=35.433 27.136 20.6071 15.8368
internal_count=326 271 235 94
is_linear=0
shrinkage=0.1


Tree=1203
num_leaves=5
num_cat=0
split_feature=1 2 1 2
split_gain=0.00141449 0.0751575 0.00611295 0.00385227
threshold=7.5000000000000009 6.5000000000000009 6.5000000000000009 5.5000000000000009
decision_type=2 2 2 2
left_child=1 2 3 -1
right_child=-2 -3 -4 -5
leaf_value=-0.00016086803006664044 0.018301641728276918 0.017063070838633388 0.012385115727638894 0.007144417745943302
leaf_weight=0.82109992514529206 2.7281953524798146 6.0187156181782475 2.0541881853714585 5.9714177637579269
leaf_count=167 17 39 20 83
internal_value=0.0162086 0.0158245 0.00770716 0.00626133
internal_weight=17.5936 14.8654 8.84671 6.79252
internal_count=326 309 270 250
is_linear=0
shrinkage=0.1


Tree=1204
num_leaves=6
num_cat=0
split_feature=2 1 0 1 3
split_gain=0.0261268 0.0304839 0.0329574 0.00451428 0.0812434
threshold=7.5000000000000009 7.5000000000000009 8.5000000000000018 5.5000000000000009 6.5000000000000009
decision_type=2 2 2 2 2
left_child=1 2 3 -1 -5
right_child=-2 -3 -4 4 -6
leaf_value=-0.00074787595423771375 0.038470235386725685 0.024728176679773093 0.018015584682669901 0.0037758321330099674 0.012543690258952161
leaf_weight=0.63808051258430953 0.53837120532989491 2.5104059336299542 0.48178181424736966 1.0849278136588507 2.9790941802784801
leaf_count=184 2 17 3 91 29
internal_value=0.0171734 0.0156832 0.011303 0.0070718 0.00829954
internal_weight=8.23266 7.69429 5.18388 4.7021 4.06402
internal_count=326 324 307 304 120
is_linear=0
shrinkage=0.1


Tree=1205
num_leaves=3
num_cat=0
split_feature=0 2
split_gain=0.000312977 0.000465893
threshold=8.5000000000000018 7.5000000000000009
decision_type=2 2
left_child=1 -1
right_child=-2 -3
leaf_value=0.020331057215004972 0.024580810691593954 0.02302553950081463
leaf_weight=1.2384027964571944 0.39477559351507796 0.552587330341339
leaf_count=319 5 2
internal_value=0.0220321 0.0214703
internal_weight=2.18577 1.79099
internal_count=326 321
is_linear=0
shrinkage=0.1


Tree=1206
num_leaves=2
num_cat=0
split_feature=0
split_gain=0.000312022
threshold=4.5000000000000009
decision_type=2
left_child=-1
right_child=-2
leaf_value=0.0011933848396725093 0.0036090393408033427
leaf_weight=1.072189038153738 1.0666504793825877
leaf_count=81 245
internal_value=0.00239808
internal_weight=2.13884
internal_count=326
is_linear=0
shrinkage=0.1


Tree=1207
num_leaves=1
num_cat=0
split_feature=
split_gain=
threshold=
decision_type=
left_child=
right_child=
leaf_value=0
leaf_weight=
leaf_count=326
internal_value=
internal_weight=
internal_count=
is_linear=0
shrinkage=1


Tree=1208
num_leaves=2
num_cat=0
split_feature=1
split_gain=0.00211367
threshold=2.5000000000000004
decision_type=2
left_child=-1
right_child=-2
leaf_value=-0.00057579463130726137 0.0021831167146221359
leaf_weight=3.3153697699308422 17.097721810296207
leaf_count=19 307
internal_value=0.00173503
internal_weight=20.4131
internal_count=326
is_linear=0
shrinkage=0.1


Tree=1209
num_leaves=3
num_cat=0
split_feature=2 1
split_gain=0.00588918 0.0101495
threshold=3.5000000000000004 2.5000000000000004
decision_type=2 2
left_child=-1 -2
right_child=1 -3
leaf_value=-0.0020479203905005533 0.00027477963455669246 0.0032610437938426617
leaf_weight=2.9627999812364569 2.2822447642683974 32.305763810058124
leaf_count=24 9 293
internal_value=0.00223095 0.00259748
internal_weight=37.5508 34.588
internal_count=326 302
is_linear=0
shrinkage=0.1


Tree=1210
num_leaves=3
num_cat=0
split_feature=2 1
split_gain=0.00273636 0.101963
threshold=4.5000000000000009 4.5000000000000009
decision_type=2 2
left_child=1 -1
right_child=-2 -3
leaf_value=-0.023196664277406749 0.0058095190183529329 0.0044751278088637518
leaf_weight=1.3415702676866192 36.302267536520958 2.9550593104213476
leaf_count=59 249 18
internal_value=0.00552708 0.00314074
internal_weight=40.5989 4.29663
internal_count=326 77
is_linear=0
shrinkage=0.1


Tree=1211
num_leaves=4
num_cat=0
split_feature=3 1 1
split_gain=0.00156485 0.0287417 0.00258174
threshold=5.5000000000000009 5.5000000000000009 6.5000000000000009
decision_type=2 2 2
left_child=2 -2 -1
right_child=1 -3 -4
leaf_value=0.006954615095232034 0.0098611738168963708 0.014084022795911449 0.0098611738168963708
leaf_weight=3.6033453952513801 12.420158343855293 17.542764445766807 1.8482164926826952
leaf_count=128 81 107 10
internal_value=0.0104986 0.0107821 0.00894021
internal_weight=35.4145 29.9629 5.45156
internal_count=326 188 138
is_linear=0
shrinkage=0.1


Tree=1212
num_leaves=4
num_cat=0
split_feature=3 1 2
split_gain=0.00185962 0.00236544 0.000425264
threshold=6.5000000000000009 5.5000000000000009 6.5000000000000009
decision_type=2 2 2
left_child=1 -1 -2
right_child=2 -3 -4
leaf_value=0.0098835876260982246 0.016434585980446819 0.01552551044341681 0.017734810195519129
leaf_weight=0.84352108801840664 6.3476250376552343 6.2432452352077235 4.1666935905814171
leaf_count=169 32 103 22
internal_value=0.016106 0.014854 0.0169498
internal_weight=17.6011 7.08677 10.5143
internal_count=326 272 54
is_linear=0
shrinkage=0.1


Tree=1213
num_leaves=4
num_cat=0
split_feature=2 3 3
split_gain=0.0255154 0.0316008 0.0714171
threshold=6.5000000000000009 6.5000000000000009 5.5000000000000009
decision_type=2 2 2
left_child=1 2 -1
right_child=-2 -3 -4
leaf_value=-0.095473160454526765 0.02134266150480528 0.015573360240049941 0.0029317868387625304
leaf_weight=0.080854296265642112 5.1998526373645291 2.1146861268207431 0.83949077071247302
leaf_count=135 44 32 115
internal_value=0.01709 0.00980406 -0.0057133
internal_weight=8.23488 3.03503 0.920345
internal_count=326 282 250
is_linear=0
shrinkage=0.1


Tree=1214
num_leaves=3
num_cat=0
split_feature=2 3
split_gain=0.000609128 0.000972975
threshold=7.5000000000000009 7.5000000000000009
decision_type=2 2
left_child=1 -1
right_child=-2 -3
leaf_value=0.018620189985167578 0.024838212420167205 0.022917451672444512
leaf_weight=0.85394114186442516 0.55192869901657093 0.78308689594268799
leaf_count=321 2 3
internal_value=0.0219653 0.0209967
internal_weight=2.18896 1.63703
internal_count=326 324
is_linear=0
shrinkage=0.1


Tree=1215
num_leaves=2
num_cat=0
split_feature=0
split_gain=0.000318928
threshold=4.5000000000000009
decision_type=2
left_child=-1
right_child=-2
leaf_value=0.0012274147747236507 0.0036703562595185382
leaf_weight=1.071737396065146 1.0658780206576919
leaf_count=81 245
internal_value=0.00244554
internal_weight=2.13762
internal_count=326
is_linear=0
shrinkage=0.1


Tree=1216
num_leaves=1
num_cat=0
split_feature=
split_gain=
threshold=
decision_type=
left_child=
right_child=
leaf_value=0
leaf_weight=
leaf_count=326
internal_value=
internal_weight=
internal_count=
is_linear=0
shrinkage=1


Tree=1217
num_leaves=2
num_cat=0
split_feature=1
split_gain=0.00209385
threshold=2.5000000000000004
decision_type=2
left_child=-1
right_child=-2
leaf_value=-0.000513169141112142 0.0022335133924972286
leaf_weight=3.3139444366097477 17.079179400603607
leaf_count=19 307
internal_value=0.00178717
internal_weight=20.3931
internal_count=326
is_linear=0
shrinkage=0.1


Tree=1218
num_leaves=3
num_cat=0
split_feature=2 1
split_gain=0.00551684 0.00999243
threshold=3.5000000000000004 2.5000000000000004
decision_type=2 2
left_child=-1 -2
right_child=1 -3
leaf_value=-0.0018305322274073524 0.00041952241993142917 0.0033383329340703088
leaf_weight=2.9575691521167746 2.2815181314945212 32.248900052072713
leaf_count=24 9 293
internal_value=0.00231455 0.00266958
internal_weight=37.488 34.5304
internal_count=326 302
is_linear=0
shrinkage=0.1


Tree=1219
num_leaves=4
num_cat=0
split_feature=0 1 0
split_gain=0.00246158 0.00506422 0.00161488
threshold=4.5000000000000009 4.5000000000000009 3.5000000000000004
decision_type=2 2 2
left_child=2 -2 -1
right_child=1 -3 -4
leaf_value=0.0010702420892673317 0.0049715443954221963 0.0068206877259386553 0.0048063684891007834
leaf_weight=1.5308587600593444 7.7966328542679539 26.443439477938227 4.7360611854819581
leaf_count=32 43 202 49
internal_value=0.00571586 0.00604937 0.00389372
internal_weight=40.507 34.2401 6.26692
internal_count=326 245 81
is_linear=0
shrinkage=0.1


Tree=1220
num_leaves=4
num_cat=0
split_feature=3 0 1
split_gain=0.00160455 0.0931245 0.0291984
threshold=5.5000000000000009 6.5000000000000009 5.5000000000000009
decision_type=2 2 2
left_child=1 -1 -2
right_child=2 -3 -4
leaf_value=-0.010219981245750825 0.00958671379689492 0.00958671379689492 0.013849590818908703
leaf_weight=2.385864325297006 12.419229508377613 3.0642639324069023 17.500271652825177
leaf_count=123 81 15 107
internal_value=0.010232 0.00865393 0.0105195
internal_weight=35.3696 5.45013 29.9195
internal_count=326 138 188
is_linear=0
shrinkage=0.1


Tree=1221
num_leaves=4
num_cat=0
split_feature=3 0 2
split_gain=0.00193683 0.0475133 0.000777128
threshold=6.5000000000000009 6.5000000000000009 6.5000000000000009
decision_type=2 2 2
left_child=1 -1 -2
right_child=2 -3 -4
leaf_value=-0.0049192937510449918 0.016057024522242783 0.015684180308436036 0.017815336074753683
leaf_weight=1.1383791199737068 6.3479635305702686 5.9591634649550542 4.1614556461572647
leaf_count=220 32 52 22
internal_value=0.0158913 0.0146151 0.0167533
internal_weight=17.607 7.09754 10.5094
internal_count=326 272 54
is_linear=0
shrinkage=0.1


Tree=1222
num_leaves=6
num_cat=0
split_feature=2 1 0 1 3
split_gain=0.0228301 0.0291009 0.0325121 0.00392422 0.0780034
threshold=7.5000000000000009 7.5000000000000009 8.5000000000000018 5.5000000000000009 6.5000000000000009
decision_type=2 2 2 2 2
left_child=1 2 3 -1 -5
right_child=-2 -3 -4 4 -6
leaf_value=-0.00015418936153940052 0.036926474117929375 0.024509742606993505 0.017945213547324524 0.0040670592575209677 0.012545055081555121
leaf_weight=0.63681584811561709 0.54012387990951527 2.5038312675751513 0.4810214266180991 1.0827794278061444 2.9824014799669385
leaf_count=184 2 17 3 91 29
internal_value=0.0170536 0.0156572 0.0113807 0.0071449 0.00828831
internal_weight=8.22697 7.68685 5.18302 4.702 4.06518
internal_count=326 324 307 304 120
is_linear=0
shrinkage=0.1


Tree=1223
num_leaves=3
num_cat=0
split_feature=2 3
split_gain=0.000523919 0.000905075
threshold=7.5000000000000009 7.5000000000000009
decision_type=2 2
left_child=1 -1
right_child=-2 -3
leaf_value=0.018538592078817771 0.024401955496039046 0.022621060453131382
leaf_weight=0.85461656864913516 0.55228364467620839 0.78265652060508728
leaf_count=321 2 3
internal_value=0.0217386 0.0208402
internal_weight=2.18956 1.63727
internal_count=326 324
is_linear=0
shrinkage=0.1


Tree=1224
num_leaves=2
num_cat=0
split_feature=0
split_gain=0.000343563
threshold=4.5000000000000009
decision_type=2
left_child=-1
right_child=-2
leaf_value=0.00125418865748949 0.0037907790744863539
leaf_weight=1.0713751434814187 1.0644693556823766
leaf_count=81 245
internal_value=0.00251838
internal_weight=2.13584
internal_count=326
is_linear=0
shrinkage=0.1


Tree=1225
num_leaves=1
num_cat=0
split_feature=
split_gain=
threshold=
decision_type=
left_child=
right_child=
leaf_value=0
leaf_weight=
leaf_count=326
internal_value=
internal_weight=
internal_count=
is_linear=0
shrinkage=1


Tree=1226
num_leaves=2
num_cat=0
split_feature=1
split_gain=0.00212501
threshold=2.5000000000000004
decision_type=2
left_child=-1
right_child=-2
leaf_value=-0.00045011626581005406 0.0023176932454235934
leaf_weight=3.3125406838953522 17.05856047648922
leaf_count=19 307
internal_value=0.00186762
internal_weight=20.3711
internal_count=326
is_linear=0
shrinkage=0.1


Tree=1227
num_leaves=2
num_cat=0
split_feature=1
split_gain=0.00554954
threshold=2.5000000000000004
decision_type=2
left_child=-1
right_child=-2
leaf_value=-0.0015672644319875931 0.0027903732739276623
leaf_weight=3.1952302083373061 34.239362859429093
leaf_count=19 307
internal_value=0.00241843
internal_weight=37.4346
internal_count=326
is_linear=0
shrinkage=0.1


Tree=1228
num_leaves=4
num_cat=0
split_feature=0 1 0
split_gain=0.0026519 0.00543551 0.00136734
threshold=4.5000000000000009 4.5000000000000009 3.5000000000000004
decision_type=2 2 2
left_child=2 -2 -1
right_child=1 -3 -4
leaf_value=0.0012289617225799384 0.0049468858916844561 0.0068654395650653462 0.004667357173635314
leaf_weight=1.5299664247431781 7.7944976426661006 26.390366838313639 4.7386986861238256
leaf_count=32 43 202 49
internal_value=0.0057189 0.00606561 0.00382816
internal_weight=40.4535 34.1849 6.26867
internal_count=326 245 81
is_linear=0
shrinkage=0.1


Tree=1229
num_leaves=6
num_cat=0
split_feature=1 3 2 0 0
split_gain=0.00170454 0.0554476 0.125323 0.256692 3.57015e-05
threshold=6.5000000000000009 6.5000000000000009 5.5000000000000009 6.5000000000000009 5.5000000000000009
decision_type=2 2 2 2 2
left_child=1 2 3 4 -1
right_child=-2 -3 -4 -5 -6
leaf_value=-0.023467494253821875 0.01133578012653691 0.010514621027201519 0.0078746110110785757 0.0006281419308667574 -0.022838363234294667
leaf_weight=1.1584379305968528 8.2452300880104286 6.5169989485293618 13.895291066728531 1.41510609164834 4.0745996730402112
leaf_count=120 55 36 73 8 34
internal_value=0.010077 0.00969346 0.0052346 -0.00661833 -0.0229776
internal_weight=35.3057 27.0604 20.5434 6.64814 5.23304
internal_count=326 271 235 162 154
is_linear=0
shrinkage=0.1


Tree=1230
num_leaves=5
num_cat=0
split_feature=1 2 1 2
split_gain=0.00230973 0.0778941 0.00621239 0.00388323
threshold=7.5000000000000009 6.5000000000000009 6.5000000000000009 5.5000000000000009
decision_type=2 2 2 2
left_child=1 2 3 -1
right_child=-2 -3 -4 -5
leaf_value=-0.000681413575583786 0.018398611208463211 0.016815628983918904 0.012015459148598874 0.0066453031216540878
leaf_weight=0.82302869671480205 2.7270280965603879 6.0114620793610802 2.0571609938051552 5.9754748458726681
leaf_count=167 17 39 20 83
internal_value=0.0157234 0.0152326 0.00721529 0.00575833
internal_weight=17.5942 14.8671 8.85566 6.7985
internal_count=326 309 270 250
is_linear=0
shrinkage=0.1


Tree=1231
num_leaves=4
num_cat=0
split_feature=2 2 3
split_gain=0.0238686 0.248462 0.000114165
threshold=6.5000000000000009 5.5000000000000009 6.5000000000000009
decision_type=2 2 2
left_child=1 2 -1
right_child=-2 -3 -4
leaf_value=-0.096477212301001966 0.021196955988192007 0.015610969958481347 -0.090582127892401998
leaf_weight=0.16875185265155357 5.1969291981076822 2.8162226840186122 0.040792500018142164
leaf_count=167 44 110 5
internal_value=0.0170859 0.010025 -0.0953296
internal_weight=8.2227 3.02577 0.209544
internal_count=326 282 172
is_linear=0
shrinkage=0.1


Tree=1232
num_leaves=3
num_cat=0
split_feature=2 3
split_gain=0.000805838 0.0010158
threshold=7.5000000000000009 7.5000000000000009
decision_type=2 2
left_child=1 -1
right_child=-2 -3
leaf_value=0.018213394489016734 0.025025598879838996 0.022816478151670747
leaf_weight=0.85693578414588978 0.55177456140518177 0.78214967250823975
leaf_count=321 2 3
internal_value=0.0217201 0.0206074
internal_weight=2.19086 1.63909
internal_count=326 324
is_linear=0
shrinkage=0.1


Tree=1233
num_leaves=2
num_cat=0
split_feature=0
split_gain=0.000331325
threshold=4.5000000000000009
decision_type=2
left_child=-1
right_child=-2
leaf_value=0.0012507019398984673 0.003741419467080489
leaf_weight=1.0713407048024239 1.0649959990387285
leaf_count=81 245
internal_value=0.00249236
internal_weight=2.13634
internal_count=326
is_linear=0
shrinkage=0.1


Tree=1234
num_leaves=1
num_cat=0
split_feature=
split_gain=
threshold=
decision_type=
left_child=
right_child=
leaf_value=0
leaf_weight=
leaf_count=326
internal_value=
internal_weight=
internal_count=
is_linear=0
shrinkage=1


Tree=1235
num_leaves=2
num_cat=0
split_feature=1
split_gain=0.0021642
threshold=2.5000000000000004
decision_type=2
left_child=-1
right_child=-2
leaf_value=-0.00043730515040240459 0.0023561268325740245
leaf_weight=3.3122960850596455 17.048655441962183
leaf_count=19 307
internal_value=0.00190169
internal_weight=20.361
internal_count=326
is_linear=0
shrinkage=0.1


Tree=1236
num_leaves=3
num_cat=0
split_feature=2 1
split_gain=0.00539994 0.00991824
threshold=3.5000000000000004 2.5000000000000004
decision_type=2 2
left_child=-1 -2
right_child=1 -3
leaf_value=-0.0016315410733152326 0.00059648573031295346 0.003494475841019651
leaf_weight=2.9525174647569647 2.2803260385990134 32.176576433106675
leaf_count=24 9 293
internal_value=0.00247282 0.00282451
internal_weight=37.4094 34.4569
internal_count=326 302
is_linear=0
shrinkage=0.1


Tree=1237
num_leaves=3
num_cat=0
split_feature=2 1
split_gain=0.00254485 0.0895119
threshold=4.5000000000000009 4.5000000000000009
decision_type=2 2
left_child=1 -1
right_child=-2 -3
leaf_value=-0.021786474525454305 0.0056532337889198259 0.004365082032296813
leaf_weight=1.3192440567654546 36.150758747011423 2.9697878658771515
leaf_count=59 249 18
internal_value=0.00537999 0.00307693
internal_weight=40.4398 4.28903
internal_count=326 77
is_linear=0
shrinkage=0.1


Tree=1238
num_leaves=4
num_cat=0
split_feature=3 1 1
split_gain=0.000991681 0.0242487 0.00161755
threshold=5.5000000000000009 5.5000000000000009 6.5000000000000009
decision_type=2 2 2
left_child=2 -2 -1
right_child=1 -3 -4
leaf_value=0.0075571807883875993 0.0098663067197320466 0.013716876773312417 0.0098663067197320466
leaf_weight=3.5831455457118855 12.38321613892913 17.441151399165392 1.8408919423818586
leaf_count=128 81 107 10
internal_value=0.0103751 0.0106013 0.00913132
internal_weight=35.2484 29.8244 5.42404
internal_count=326 188 138
is_linear=0
shrinkage=0.1


Tree=1239
num_leaves=4
num_cat=0
split_feature=3 1 2
split_gain=0.00241821 0.00251359 0.000661383
threshold=6.5000000000000009 5.5000000000000009 6.5000000000000009
decision_type=2 2 2
left_child=1 -1 -2
right_child=2 -3 -4
leaf_value=0.0091559094354399934 0.016015010126710215 0.014959663924066875 0.017638678652025397
leaf_weight=0.84730441126771516 6.3495788741856813 6.2561372997588478 4.1474241614341736
leaf_count=169 32 103 22
internal_value=0.0156923 0.0142674 0.0166565
internal_weight=17.6004 7.10344 10.497
internal_count=326 272 54
is_linear=0
shrinkage=0.1


Tree=1240
num_leaves=3
num_cat=0
split_feature=0 0
split_gain=0.0227021 0.00154671
threshold=7.5000000000000009 6.5000000000000009
decision_type=2 2
left_child=1 -1
right_child=-2 -3
leaf_value=0.0047944965930391348 0.019895037329424749 0.010468913075469348
leaf_weight=1.0121057491795111 6.2892862902372144 0.91430169101658965
leaf_count=247 39 40
internal_value=0.0169858 0.00748766
internal_weight=8.21569 1.92641
internal_count=326 287
is_linear=0
shrinkage=0.1


Tree=1241
num_leaves=3
num_cat=0
split_feature=2 3
split_gain=0.000695862 0.000961375
threshold=7.5000000000000009 7.5000000000000009
decision_type=2 2
left_child=1 -1
right_child=-2 -3
leaf_value=0.018094611343707854 0.024534951299528374 0.022482734699607237
leaf_weight=0.85787439517662301 0.55217599868774403 0.78168544173240662
leaf_count=321 2 3
internal_value=0.0214646 0.0204305
internal_weight=2.19174 1.63956
internal_count=326 324
is_linear=0
shrinkage=0.1


Tree=1242
num_leaves=2
num_cat=0
split_feature=0
split_gain=0.0003349
threshold=4.5000000000000009
decision_type=2
left_child=-1
right_child=-2
leaf_value=0.0012912166193961314 0.0037960470515819356
leaf_weight=1.0708169392310085 1.0643032933985521
leaf_count=81 245
internal_value=0.00253981
internal_weight=2.13512
internal_count=326
is_linear=0
shrinkage=0.1


Tree=1243
num_leaves=1
num_cat=0
split_feature=
split_gain=
threshold=
decision_type=
left_child=
right_child=
leaf_value=0
leaf_weight=
leaf_count=326
internal_value=
internal_weight=
internal_count=
is_linear=0
shrinkage=1


Tree=1244
num_leaves=2
num_cat=0
split_feature=1
split_gain=0.00214251
threshold=2.5000000000000004
decision_type=2
left_child=-1
right_child=-2
leaf_value=-0.00037751155683524596 0.0024026073666730883
leaf_weight=3.3109090253710773 17.030877201530529
leaf_count=19 307
internal_value=0.0019501
internal_weight=20.3418
internal_count=326
is_linear=0
shrinkage=0.1


Tree=1245
num_leaves=2
num_cat=0
split_feature=1
split_gain=0.00537256
threshold=2.5000000000000004
decision_type=2
left_child=-1
right_child=-2
leaf_value=-0.0013875754067781431 0.002902592088856043
leaf_weight=3.1917347386479369 34.159008357179118
leaf_count=19 307
internal_value=0.00253598
internal_weight=37.3507
internal_count=326
is_linear=0
shrinkage=0.1


Tree=1246
num_leaves=4
num_cat=0
split_feature=0 1 0
split_gain=0.00294232 0.00513466 0.00114326
threshold=4.5000000000000009 4.5000000000000009 3.5000000000000004
decision_type=2 2 2
left_child=2 -2 -1
right_child=1 -3 -4
leaf_value=0.0012156637428100789 0.004771732017486624 0.0067080846383926604 0.0043600191036062275
leaf_weight=1.5292419212637458 7.7614975646138182 26.317179540055804 4.741901473607868
leaf_count=32 43 202 49
internal_value=0.00558389 0.00595021 0.00359326
internal_weight=40.3498 34.0787 6.27114
internal_count=326 245 81
is_linear=0
shrinkage=0.1


Tree=1247
num_leaves=5
num_cat=0
split_feature=1 3 0 0
split_gain=0.0013817 0.0516841 0.0836945 0.00631311
threshold=6.5000000000000009 6.5000000000000009 5.5000000000000009 6.5000000000000009
decision_type=2 2 2 2
left_child=1 2 -1 -4
right_child=-2 -3 3 -5
leaf_value=-0.006331905357675029 0.011260461986041945 0.010519992393987531 0.0050867918473605396 0.0079723486599210802
leaf_weight=4.7399758093270128 8.218371417373417 6.5115851089358321 9.4468295052647573 6.2908152081072322
leaf_count=141 55 36 64 30
internal_value=0.0101252 0.00977952 0.0054247 0.00797235
internal_weight=35.2076 26.9892 20.4776 15.7376
internal_count=326 271 235 94
is_linear=0
shrinkage=0.1


Tree=1248
num_leaves=5
num_cat=0
split_feature=3 0 1 2
split_gain=0.00211992 0.0428309 0.329701 0.000792021
threshold=6.5000000000000009 7.5000000000000009 5.5000000000000009 6.5000000000000009
decision_type=2 2 2 2
left_child=1 2 -1 -2
right_child=3 -3 -4 -5
leaf_value=-0.10420695739726754 0.015674341501497921 0.015257537707368159 0.0091487070486855806 0.017452523992868754
leaf_weight=0.26509270031033461 6.3487562108784914 4.1816738471388817 2.6638224404596258 4.137149803340435
leaf_count=165 32 24 83 22
internal_value=0.0154721 0.0141392 0.00303988 0.0163759
internal_weight=17.5965 7.11059 2.92892 10.4859
internal_count=326 272 248 54
is_linear=0
shrinkage=0.1


Tree=1249
num_leaves=6
num_cat=0
split_feature=2 1 0 3 3
split_gain=0.0209045 0.0268123 0.0313817 0.00480506 0.115096
threshold=7.5000000000000009 7.5000000000000009 8.5000000000000018 6.5000000000000009 5.5000000000000009
decision_type=2 2 2 2 2
left_child=1 2 3 4 -1
right_child=-2 -3 -4 -5 -6
leaf_value=-0.098029393015635929 0.035909451114155853 0.024091150951282645 0.017779366184924952 0.0093363036688598449 0.0058366864093459406
leaf_weight=0.10827306127910641 0.54125106334686268 2.4940159198886249 0.4806001093238591 3.2939846584340557 1.2884698154966827
leaf_count=135 2 17 3 44 125
internal_value=0.016916 0.0155748 0.0114676 0.00725216 0.00233707
internal_weight=8.20659 7.66534 5.17133 4.69073 1.39674
internal_count=326 324 307 304 260
is_linear=0
shrinkage=0.1


Tree=1250
num_leaves=3
num_cat=0
split_feature=2 3
split_gain=0.00060152 0.000898715
threshold=7.5000000000000009 7.5000000000000009
decision_type=2 2
left_child=1 -1
right_child=-2 -3
leaf_value=0.017951457530275709 0.024031409907851187 0.022123977243691185
leaf_weight=0.85895609382896532 0.55258089303970326 0.78115427494049072
leaf_count=321 2 3
internal_value=0.0211779 0.0202165
internal_weight=2.19269 1.64011
internal_count=326 324
is_linear=0
shrinkage=0.1


Tree=1251
num_leaves=2
num_cat=0
split_feature=0
split_gain=0.0003377
threshold=4.5000000000000009
decision_type=2
left_child=-1
right_child=-2
leaf_value=0.0012879459130400916 0.0038033117144693979
leaf_weight=1.0707860956899824 1.0641873484255482
leaf_count=81 245
internal_value=0.00254174
internal_weight=2.13497
internal_count=326
is_linear=0
shrinkage=0.1


Tree=1252
num_leaves=1
num_cat=0
split_feature=
split_gain=
threshold=
decision_type=
left_child=
right_child=
leaf_value=0
leaf_weight=
leaf_count=326
internal_value=
internal_weight=
internal_count=
is_linear=0
shrinkage=1


Tree=1253
num_leaves=2
num_cat=0
split_feature=1
split_gain=0.00221305
threshold=2.5000000000000004
decision_type=2
left_child=-1
right_child=-2
leaf_value=-0.00037208038709783756 0.0024535988779517785
leaf_weight=3.3109163902699974 17.018772588362481
leaf_count=19 307
internal_value=0.00199341
internal_weight=20.3297
internal_count=326
is_linear=0
shrinkage=0.1


Tree=1254
num_leaves=3
num_cat=0
split_feature=2 1
split_gain=0.00537806 0.00993425
threshold=3.5000000000000004 2.5000000000000004
decision_type=2 2
left_child=-1 -2
right_child=1 -3
leaf_value=-0.0014900914799181736 0.00073489622208279537 0.0036328155926810312
leaf_weight=2.9488997608423224 2.2795106694102278 32.090395644190721
leaf_count=24 9 293
internal_value=0.00260825 0.00295988
internal_weight=37.3188 34.3699
internal_count=326 302
is_linear=0
shrinkage=0.1


Tree=1255
num_leaves=4
num_cat=0
split_feature=0 1 0
split_gain=0.00273216 0.00514968 0.00101554
threshold=4.5000000000000009 4.5000000000000009 3.5000000000000004
decision_type=2 2 2
left_child=2 -2 -1
right_child=1 -3 -4
leaf_value=0.001243650797344028 0.0046201593774435855 0.0065247011720998092 0.0042070365525350732
leaf_weight=1.5291803542058904 7.7614818140864363 26.306105809053406 4.7442234203917906
leaf_count=32 43 202 49
internal_value=0.00540247 0.00575563 0.00348469
internal_weight=40.341 34.0676 6.2734
internal_count=326 245 81
is_linear=0
shrinkage=0.1


Tree=1256
num_leaves=4
num_cat=0
split_feature=3 1 1
split_gain=0.00153174 0.0272149 0.00134229
threshold=5.5000000000000009 5.5000000000000009 6.5000000000000009
decision_type=2 2 2
left_child=2 -2 -1
right_child=1 -3 -4
leaf_value=0.0073547550832167401 0.0095933309459757116 0.013726205852260087 0.0095933309459757116
leaf_weight=3.5819182545419599 12.363379000686111 17.388166378252208 1.8374399766325948
leaf_count=128 81 107 10
internal_value=0.0102256 0.0105073 0.00867937
internal_weight=35.1709 29.7515 5.41936
internal_count=326 188 138
is_linear=0
shrinkage=0.1


Tree=1257
num_leaves=5
num_cat=0
split_feature=1 2 1 2
split_gain=0.00252262 0.0801182 0.00650174 0.00361201
threshold=7.5000000000000009 6.5000000000000009 6.5000000000000009 5.5000000000000009
decision_type=2 2 2 2
left_child=1 2 3 -1
right_child=-2 -3 -4 -5
leaf_value=-0.0010176018818833473 0.018083618889360231 0.01642926849277155 0.011556276617723925 0.0060473524921595056
leaf_weight=0.82331628256724965 2.7275166627950957 5.987180874682962 2.0613516349112615 5.978117397367896
leaf_count=167 17 39 20 83
internal_value=0.0152883 0.0147749 0.00668328 0.00519214
internal_weight=17.5775 14.85 8.86279 6.80143
internal_count=326 309 270 250
is_linear=0
shrinkage=0.1


Tree=1258
num_leaves=4
num_cat=0
split_feature=2 3 3
split_gain=0.0236861 0.0273306 0.0682513
threshold=6.5000000000000009 6.5000000000000009 5.5000000000000009
decision_type=2 2 2
left_child=1 2 -1
right_child=-2 -3 -4
leaf_value=-0.095119918100353626 0.021151571390571097 0.015577240742508269 0.0037671140384290605
leaf_weight=0.076214936180946657 5.1777604717062786 2.1105763291707262 0.82875114992657473
leaf_count=135 44 32 115
internal_value=0.0170483 0.0100029 -0.00456101
internal_weight=8.1933 3.01554 0.904966
internal_count=326 282 250
is_linear=0
shrinkage=0.1


Tree=1259
num_leaves=3
num_cat=0
split_feature=2 3
split_gain=0.000894144 0.00102005
threshold=7.5000000000000009 7.5000000000000009
decision_type=2 2
left_child=1 -1
right_child=-2 -3
leaf_value=0.017583832183475714 0.024616190728811951 0.022290271601045363
leaf_weight=0.86160212402660386 0.55211001634597767 0.78066450357437134
leaf_count=321 2 3
internal_value=0.0211348 0.0199644
internal_weight=2.19438 1.64227
internal_count=326 324
is_linear=0
shrinkage=0.1


Tree=1260
num_leaves=2
num_cat=0
split_feature=0
split_gain=0.000359948
threshold=4.5000000000000009
decision_type=2
left_child=-1
right_child=-2
leaf_value=0.0013186759282121758 0.0039166349526807923
leaf_weight=1.0703800036571922 1.062864072607226
leaf_count=81 245
internal_value=0.00261308
internal_weight=2.13324
internal_count=326
is_linear=0
shrinkage=0.1


Tree=1261
num_leaves=1
num_cat=0
split_feature=
split_gain=
threshold=
decision_type=
left_child=
right_child=
leaf_value=0
leaf_weight=
leaf_count=326
internal_value=
internal_weight=
internal_count=
is_linear=0
shrinkage=1


Tree=1262
num_leaves=2
num_cat=0
split_feature=1
split_gain=0.00224292
threshold=2.5000000000000004
decision_type=2
left_child=-1
right_child=-2
leaf_value=-0.00031339275618387096 0.0025320441114096244
leaf_weight=3.3095808923244503 16.998918712855811
leaf_count=19 307
internal_value=0.00206834
internal_weight=20.3085
internal_count=326
is_linear=0
shrinkage=0.1


Tree=1263
num_leaves=2
num_cat=0
split_feature=1
split_gain=0.00540683
threshold=2.5000000000000004
decision_type=2
left_child=-1
right_child=-2
leaf_value=-0.0012468699933479285 0.0030590609040334572
leaf_weight=3.1890202462673178 34.079596399809816
leaf_count=19 307
internal_value=0.00269061
internal_weight=37.2686
internal_count=326
is_linear=0
shrinkage=0.1


Tree=1264
num_leaves=4
num_cat=0
split_feature=0 3 1
split_gain=0.00301987 2.10608 0.00553124
threshold=4.5000000000000009 5.5000000000000009 4.5000000000000009
decision_type=2 2 2
left_child=1 -1 -2
right_child=2 -3 -4
leaf_value=-0.08336188952541701 0.00466236680042343 0.00466236680042343 0.0066505369166399517
leaf_weight=2.7192807879764578 7.7590930871665469 3.5547878127545118 26.258796253241599
leaf_count=59 43 22 202
internal_value=0.00548441 0.00346853 0.0058562
internal_weight=40.292 6.27407 34.0179
internal_count=326 81 245
is_linear=0
shrinkage=0.1


Tree=1265
num_leaves=3
num_cat=0
split_feature=1 3
split_gain=0.00141732 0.0516938
threshold=6.5000000000000009 6.5000000000000009
decision_type=2 2
left_child=1 -1
right_child=-2 -3
leaf_value=0.0051651528564039921 0.01101832722393936 0.010267106237451001
leaf_weight=20.443692950615517 8.1856460962444526 6.5082786949351421
leaf_count=235 55 36
internal_value=0.00986589 0.00951589
internal_weight=35.1376 26.952
internal_count=326 271
is_linear=0
shrinkage=0.1


Tree=1266
num_leaves=4
num_cat=0
split_feature=3 0 2
split_gain=0.00186434 0.0392232 0.000633684
threshold=6.5000000000000009 6.5000000000000009 6.5000000000000009
decision_type=2 2 2
left_child=1 -1 -2
right_child=2 -3 -4
leaf_value=-0.0036313102185229064 0.015674642894267368 0.015251967070437883 0.017266729725101331
leaf_weight=1.1219224133635641 6.350009934976697 5.9788297738414258 4.1233634576201439
leaf_count=220 32 52 22
internal_value=0.0154534 0.0142025 0.0163014
internal_weight=17.5741 7.10075 10.4734
internal_count=326 272 54
is_linear=0
shrinkage=0.1


Tree=1267
num_leaves=3
num_cat=0
split_feature=2 3
split_gain=0.0206004 0.0225294
threshold=6.5000000000000009 6.5000000000000009
decision_type=2 2
left_child=1 -1
right_child=-2 -3
leaf_value=-0.0029840343072952448 0.020743237301480297 0.015542097595218485
leaf_weight=0.89359908915778907 5.1825879407115281 2.1156076705083251
leaf_count=250 44 32
internal_value=0.016922 0.010341
internal_weight=8.19179 3.00921
internal_count=326 282
is_linear=0
shrinkage=0.1


Tree=1268
num_leaves=3
num_cat=0
split_feature=2 3
split_gain=0.000772593 0.000960931
threshold=7.5000000000000009 7.5000000000000009
decision_type=2 2
left_child=1 -1
right_child=-2 -3
leaf_value=0.017523009786300604 0.024161772407056498 0.022000283958886716
leaf_weight=0.86215874700133122 0.55247676372528065 0.78027541935443878
leaf_count=321 2 3
internal_value=0.0209269 0.0198388
internal_weight=2.19491 1.64243
internal_count=326 324
is_linear=0
shrinkage=0.1


Tree=1269
num_leaves=2
num_cat=0
split_feature=0
split_gain=0.000395589
threshold=4.5000000000000009
decision_type=2
left_child=-1
right_child=-2
leaf_value=0.0012328210323074129 0.0039560724114057633
leaf_weight=1.071331362007186 1.0623859172646914
leaf_count=81 245
internal_value=0.00258874
internal_weight=2.13372
internal_count=326
is_linear=0
shrinkage=0.1


Tree=1270
num_leaves=1
num_cat=0
split_feature=
split_gain=
threshold=
decision_type=
left_child=
right_child=
leaf_value=0
leaf_weight=
leaf_count=326
internal_value=
internal_weight=
internal_count=
is_linear=0
shrinkage=1


Tree=1271
num_leaves=2
num_cat=0
split_feature=1
split_gain=0.00196206
threshold=2.5000000000000004
decision_type=2
left_child=-1
right_child=-2
leaf_value=-0.00030936997250198247 0.0023518250752601593
leaf_weight=3.3094613999128368 17.012113722346839
leaf_count=19 307
internal_value=0.00191844
internal_weight=20.3216
internal_count=326
is_linear=0
shrinkage=0.1


Tree=1272
num_leaves=3
num_cat=0
split_feature=2 1
split_gain=0.00473548 0.00907657
threshold=3.5000000000000004 2.5000000000000004
decision_type=2 2
left_child=-1 -2
right_child=1 -3
leaf_value=-0.0014282189916069064 0.00066037717423443479 0.003400743158476641
leaf_weight=2.947273187339305 2.2783672660589209 31.996363817277597
leaf_count=24 9 293
internal_value=0.00241822 0.00274897
internal_weight=37.222 34.2747
internal_count=326 302
is_linear=0
shrinkage=0.1


Tree=1273
num_leaves=3
num_cat=0
split_feature=2 1
split_gain=0.00195056 0.0806587
threshold=4.5000000000000009 4.5000000000000009
decision_type=2 2
left_child=1 -1
right_child=-2 -3
leaf_value=-0.020059150337126849 0.006152351086208931 0.0050190047431064831
leaf_weight=1.2911788094206702 35.906926316558383 2.9540853537619114
leaf_count=59 249 18
internal_value=0.0059127 0.00388566
internal_weight=40.1522 4.24526
internal_count=326 77
is_linear=0
shrinkage=0.1


Tree=1274
num_leaves=4
num_cat=0
split_feature=3 0 1
split_gain=0.00169766 0.0818502 0.0284244
threshold=5.5000000000000009 6.5000000000000009 5.5000000000000009
decision_type=2 2 2
left_child=1 -1 -2
right_child=2 -3 -4
leaf_value=-0.0093613645569907682 0.009278597859178719 0.009278597859178719 0.013519880291244527
leaf_weight=2.3701974067444089 12.366173534654083 3.0481764748692513 17.330475859344006
leaf_count=123 81 15 107
internal_value=0.00994399 0.0083162 0.010241
internal_weight=35.115 5.41837 29.6966
internal_count=326 138 188
is_linear=0
shrinkage=0.1


Tree=1275
num_leaves=5
num_cat=0
split_feature=3 0 1 2
split_gain=0.00203182 0.0351784 0.301771 0.00102265
threshold=6.5000000000000009 7.5000000000000009 5.5000000000000009 6.5000000000000009
decision_type=2 2 2 2
left_child=1 2 -1 -2
right_child=3 -3 -4 -5
leaf_value=-0.10306702315251659 0.015254818837932116 0.01495552590573675 0.0093902395066195257 0.01727837609680042
leaf_weight=0.24574009397156382 6.3489488735795021 4.20278150588274 2.6626165134075563 4.1168908327817917
leaf_count=165 32 24 83 22
internal_value=0.0151646 0.0138602 0.00382495 0.0160508
internal_weight=17.577 7.11114 2.90836 10.4658
internal_count=326 272 248 54
is_linear=0
shrinkage=0.1


Tree=1276
num_leaves=4
num_cat=0
split_feature=1 3 1
split_gain=0.021124 0.059364 0.0537767
threshold=5.5000000000000009 6.5000000000000009 7.5000000000000009
decision_type=2 2 2
left_child=-1 2 -2
right_child=1 -3 -4
leaf_value=-0.00073021204789393301 0.0087601140224850705 0.024201616587353286 0.016480865304919181
leaf_weight=0.63568333029530766 1.1013707652430185 5.3432950843125582 1.1099386468558805
leaf_count=184 92 39 11
internal_value=0.0167773 0.0182504 0.00876011
internal_weight=8.19029 7.5546 2.21131
internal_count=326 142 103
is_linear=0
shrinkage=0.1


Tree=1277
num_leaves=5
num_cat=0
split_feature=2 3 3 3
split_gain=0.00066764 0.000890161 0.0621192 2.29431e-07
threshold=7.5000000000000009 7.5000000000000009 6.5000000000000009 5.5000000000000009
decision_type=2 2 2 2
left_child=1 2 3 -1
right_child=-2 -3 -4 -5
leaf_value=-0.08944832804519369 0.023734785784230078 0.021725930771775176 0.019604374042134082 -0.088985854188897984
leaf_weight=0.037693530728575064 0.55281603336334217 0.77987778186798096 0.80988105501819518 0.014994031448622991
leaf_count=138 2 3 49 134
internal_value=0.0207288 0.0197171 0.0174828 -0.0893167
internal_weight=2.19526 1.64245 0.862569 0.0526876
internal_count=326 324 321 272
is_linear=0
shrinkage=0.1


Tree=1278
num_leaves=2
num_cat=0
split_feature=0
split_gain=0.000388873
threshold=4.5000000000000009
decision_type=2
left_child=-1
right_child=-2
leaf_value=0.0012772947500468738 0.0039778911792813362
leaf_weight=1.0707639856263997 1.0620649612592385
leaf_count=81 245
internal_value=0.00262209
internal_weight=2.13283
internal_count=326
is_linear=0
shrinkage=0.1


Tree=1279
num_leaves=1
num_cat=0
split_feature=
split_gain=
threshold=
decision_type=
left_child=
right_child=
leaf_value=0
leaf_weight=
leaf_count=326
internal_value=
internal_weight=
internal_count=
is_linear=0
shrinkage=1


Tree=1280
num_leaves=3
num_cat=0
split_feature=0 1
split_gain=0.00197222 0.0111714
threshold=2.5000000000000004 2.5000000000000004
decision_type=2 2
left_child=-1 -2
right_child=1 -3
leaf_value=-0.0011469183137310574 0.00056274196891925815 0.0037021762589231188
leaf_weight=1.8566200882196451 1.6419405378401304 16.805297135895671
leaf_count=12 8 306
internal_value=0.00195973 0.0022724
internal_weight=20.3039 18.4472
internal_count=326 314
is_linear=0
shrinkage=0.1


Tree=1281
num_leaves=2
num_cat=0
split_feature=1
split_gain=0.00445934
threshold=2.5000000000000004
decision_type=2
left_child=-1
right_child=-2
leaf_value=-0.0010979253636740145 0.002814743577774937
leaf_weight=3.1859925463795653 33.981638712255517
leaf_count=19 307
internal_value=0.00247935
internal_weight=37.1676
internal_count=326
is_linear=0
shrinkage=0.1


Tree=1282
num_leaves=3
num_cat=0
split_feature=2 1
split_gain=0.00123454 0.0707927
threshold=4.5000000000000009 4.5000000000000009
decision_type=2 2
left_child=1 -1
right_child=-2 -3
leaf_value=-0.018432283867159699 0.0061629129342403687 0.0052592697989199506
leaf_weight=1.2673973523196753 35.851069209515117 2.9576968550682068
leaf_count=59 249 18
internal_value=0.00597238 0.00435563
internal_weight=40.0762 4.22509
internal_count=326 77
is_linear=0
shrinkage=0.1


Tree=1283
num_leaves=5
num_cat=0
split_feature=1 3 0 0
split_gain=0.00142034 0.0546241 0.0769333 0.00773785
threshold=6.5000000000000009 6.5000000000000009 5.5000000000000009 6.5000000000000009
decision_type=2 2 2 2
left_child=1 2 -1 -4
right_child=-2 -3 3 -5
leaf_value=-0.0063345993061197292 0.010904249269184159 0.010150785054515117 0.0044921872288298447 0.0075281063783234755
leaf_weight=4.7337682863217259 8.1499797347933036 6.487854402512311 9.4085373338311893 6.2660122551023951
leaf_count=141 55 36 64 30
internal_value=0.00974776 0.00939732 0.00490543 0.00752811
internal_weight=35.0462 26.8962 20.4083 15.6745
internal_count=326 271 235 94
is_linear=0
shrinkage=0.1


Tree=1284
num_leaves=5
num_cat=0
split_feature=1 2 1 2
split_gain=0.0017283 0.0796586 0.00697392 0.0034991
threshold=7.5000000000000009 6.5000000000000009 6.5000000000000009 5.5000000000000009
decision_type=2 2 2 2
left_child=1 2 3 -1
right_child=-2 -3 -4 -5
leaf_value=-0.0011035093665055719 0.017572310331005401 0.016203394218531134 0.011381335978536753 0.005854266950218635
leaf_weight=0.82217640307931272 2.7303173718973985 5.9633132917806497 2.0615247841924429 5.9796388950635446
leaf_count=167 17 39 20 83
internal_value=0.0152602 0.0148345 0.00655928 0.00501324
internal_weight=17.557 14.8267 8.86334 6.80182
internal_count=326 309 270 250
is_linear=0
shrinkage=0.1


Tree=1285
num_leaves=3
num_cat=0
split_feature=0 0
split_gain=0.0218139 0.00141158
threshold=7.5000000000000009 6.5000000000000009
decision_type=2 2
left_child=1 -1
right_child=-2 -3
leaf_value=0.004586554377831952 0.019310466951472465 0.0099991004007409234
leaf_weight=1.0142631277336986 6.2707351131830364 0.91789707178668312
leaf_count=247 39 40
internal_value=0.016448 0.00715785
internal_weight=8.2029 1.93216
internal_count=326 287
is_linear=0
shrinkage=0.1


Tree=1286
num_leaves=3
num_cat=0
split_feature=2 3
split_gain=0.000528851 0.000713613
threshold=7.5000000000000009 7.5000000000000009
decision_type=2 2
left_child=1 -1
right_child=-2 -3
leaf_value=0.017998390006519673 0.023583608538718655 0.021795290528437001
leaf_weight=0.8584486299539551 0.5529348850250243 0.77992543578147888
leaf_count=321 2 3
internal_value=0.0209095 0.020007
internal_weight=2.19131 1.63837
internal_count=326 324
is_linear=0
shrinkage=0.1


Tree=1287
num_leaves=2
num_cat=0
split_feature=0
split_gain=0.000362343
threshold=4.5000000000000009
decision_type=2
left_child=-1
right_child=-2
leaf_value=0.001310717880841478 0.0039174490858139462
leaf_weight=1.0703220251016321 1.0626904098999146
leaf_count=81 245
internal_value=0.00260942
internal_weight=2.13301
internal_count=326
is_linear=0
shrinkage=0.1


Tree=1288
num_leaves=1
num_cat=0
split_feature=
split_gain=
threshold=
decision_type=
left_child=
right_child=
leaf_value=0
leaf_weight=
leaf_count=326
internal_value=
internal_weight=
internal_count=
is_linear=0
shrinkage=1


Tree=1289
num_leaves=2
num_cat=0
split_feature=1
split_gain=0.0017999
threshold=2.5000000000000004
decision_type=2
left_child=-1
right_child=-2
leaf_value=-0.00025212766660258205 0.0022974285949377486
leaf_weight=3.3077716156840351 16.99924256509621
leaf_count=19 307
internal_value=0.00188214
internal_weight=20.307
internal_count=326
is_linear=0
shrinkage=0.1


Tree=1290
num_leaves=3
num_cat=0
split_feature=2 1
split_gain=0.00478176 0.00915765
threshold=3.5000000000000004 2.5000000000000004
decision_type=2 2
left_child=-1 -2
right_child=1 -3
leaf_value=-0.0013075780488483696 0.00079241606935878152 0.0035482008520804106
leaf_weight=2.9441974014043799 2.2773074880242339 31.911883369088173
leaf_count=24 9 293
internal_value=0.00255941 0.00289241
internal_weight=37.1334 34.1892
internal_count=326 302
is_linear=0
shrinkage=0.1


Tree=1291
num_leaves=2
num_cat=0
split_feature=1
split_gain=0.0207477
threshold=3.5000000000000004
decision_type=2
left_child=-1
right_child=-2
leaf_value=-0.0031742507933989884 0.0064052547911070861
leaf_weight=2.4053969627129836 37.641260922537185
leaf_count=56 270
internal_value=0.00582986
internal_weight=40.0467
internal_count=326
is_linear=0
shrinkage=0.1


Tree=1292
num_leaves=5
num_cat=0
split_feature=1 3 0 0
split_gain=0.00133083 0.0511668 0.0672663 0.00855078
threshold=6.5000000000000009 6.5000000000000009 5.5000000000000009 6.5000000000000009
decision_type=2 2 2 2
left_child=1 2 -1 -4
right_child=-2 -3 3 -5
leaf_value=-0.0053309945752194714 0.010978816843896745 0.010248973384786968 0.0045885298383640709 0.0077102071187417111
leaf_weight=4.7283296677087554 8.135538360103963 6.4912183238193384 9.4120471901260299 6.2617303989827624
leaf_count=141 55 36 64 30
internal_value=0.00985815 0.00951913 0.00517144 0.00771021
internal_weight=35.0289 26.8933 20.4021 15.6738
internal_count=326 271 235 94
is_linear=0
shrinkage=0.1


Tree=1293
num_leaves=5
num_cat=0
split_feature=3 3 2 3
split_gain=0.00216526 0.595221 0.000774692 0.000103641
threshold=6.5000000000000009 5.5000000000000009 6.5000000000000009 4.5000000000000009
decision_type=2 2 2 2
left_child=1 3 -2 -1
right_child=2 -3 -4 -5
leaf_value=-0.095161554737250506 0.015460090954659878 0.015020524082691462 0.017223299931807753 -0.091962996711114617
leaf_weight=0.13900567362725347 6.3513854723423719 6.5913558456586543 4.1006672829389572 0.37349266524302038
leaf_count=32 32 134 22 106
internal_value=0.0152363 0.0138892 0.0161519 -0.0928305
internal_weight=17.5559 7.10385 10.4521 0.512498
internal_count=326 272 54 138
is_linear=0
shrinkage=0.1


Tree=1294
num_leaves=4
num_cat=0
split_feature=2 3 3
split_gain=0.0208454 0.0184793 0.0641401
threshold=6.5000000000000009 6.5000000000000009 5.5000000000000009
decision_type=2 2 2
left_child=1 2 -1
right_child=-2 -3 -4
leaf_value=-0.094518945700540771 0.020129388911753757 0.014737864874564376 0.0054007086552397736
leaf_weight=0.069698394332647573 5.1824992422480136 2.1272171254968271 0.82081441429863844
leaf_count=135 44 32 115
internal_value=0.016282 0.00967476 -0.00241977
internal_weight=8.20023 3.01773 0.890513
internal_count=326 282 250
is_linear=0
shrinkage=0.1


Tree=1295
num_leaves=3
num_cat=0
split_feature=2 3
split_gain=0.000465358 0.000697785
threshold=7.5000000000000009 7.5000000000000009
decision_type=2 2
left_child=1 -1
right_child=-2 -3
leaf_value=0.017745165383434836 0.023092382499789097 0.021415444688220681
leaf_weight=0.8602776106390595 0.55331653356552113 0.77937662601470947
leaf_count=321 2 3
internal_value=0.0205847 0.0197385
internal_weight=2.19297 1.63965
internal_count=326 324
is_linear=0
shrinkage=0.1


Tree=1296
num_leaves=2
num_cat=0
split_feature=0
split_gain=0.00035229
threshold=4.5000000000000009
decision_type=2
left_child=-1
right_child=-2
leaf_value=0.0013319290222350848 0.0039023522836463737
leaf_weight=1.0700110823381694 1.0628148233245154
leaf_count=81 245
internal_value=0.0026128
internal_weight=2.13283
internal_count=326
is_linear=0
shrinkage=0.1


Tree=1297
num_leaves=1
num_cat=0
split_feature=
split_gain=
threshold=
decision_type=
left_child=
right_child=
leaf_value=0
leaf_weight=
leaf_count=326
internal_value=
internal_weight=
internal_count=
is_linear=0
shrinkage=1


Tree=1298
num_leaves=2
num_cat=0
split_feature=1
split_gain=0.00186517
threshold=2.5000000000000004
decision_type=2
left_child=-1
right_child=-2
leaf_value=-0.00023151326553628472 0.0023641968498498865
leaf_weight=3.3073871135711697 16.982478191785049
leaf_count=19 307
internal_value=0.00194108
internal_weight=20.2899
internal_count=326
is_linear=0
shrinkage=0.1


Tree=1299
num_leaves=2
num_cat=0
split_feature=1
split_gain=0.00456978
threshold=2.5000000000000004
decision_type=2
left_child=-1
right_child=-2
leaf_value=-0.001030416846354873 0.0029316363575823015
leaf_weight=3.184413142502307 33.915676141463337
leaf_count=19 307
internal_value=0.00259156
internal_weight=37.1001
internal_count=326
is_linear=0
shrinkage=0.1


Tree=1300
num_leaves=2
num_cat=0
split_feature=1
split_gain=0.0179405
threshold=3.5000000000000004
decision_type=2
left_child=-1
right_child=-2
leaf_value=-0.0027244101621643159 0.0061938212815369634
leaf_weight=2.3994916771771377 37.633604699978605
leaf_count=56 270
internal_value=0.00565928
internal_weight=40.0331
internal_count=326
is_linear=0
shrinkage=0.1


Tree=1301
num_leaves=4
num_cat=0
split_feature=3 1 1
split_gain=0.00268202 0.0315203 0.000189508
threshold=5.5000000000000009 5.5000000000000009 6.5000000000000009
decision_type=2 2 2
left_child=2 -2 -1
right_child=1 -3 -4
leaf_value=0.0075074648513514131 0.0091450919613099337 0.013702667647441449 0.0087623665653270063
leaf_weight=3.5616961502164477 12.339174088556321 17.274724380113184 1.8174624685198066
leaf_count=128 81 107 10
internal_value=0.0099856 0.0103587 0.00793146
internal_weight=34.9931 29.6139 5.37916
internal_count=326 188 138
is_linear=0
shrinkage=0.1


Tree=1302
num_leaves=5
num_cat=0
split_feature=1 2 3 2
split_gain=0.00189201 0.0711657 0.0655464 0.00312179
threshold=6.5000000000000009 6.5000000000000009 6.5000000000000009 5.5000000000000009
decision_type=2 2 2 2
left_child=1 3 -2 -1
right_child=2 -3 -4 -5
leaf_value=-0.00080734836063976441 0.015288044408490357 0.015288044408490357 0.02856273812191969 0.0057716108495784596
leaf_weight=0.82028558593765577 3.9948665404226622 2.9686049213632941 3.7678171247243881 5.9743242219265085
leaf_count=167 37 21 18 83
internal_value=0.0151687 0.0142422 0.0163339 0.00497736
internal_weight=17.5259 9.76321 7.76268 6.79461
internal_count=326 271 55 250
is_linear=0
shrinkage=0.1


Tree=1303
num_leaves=4
num_cat=0
split_feature=1 3 2
split_gain=0.020881 0.0314263 0.159876
threshold=7.5000000000000009 6.5000000000000009 6.5000000000000009
decision_type=2 2 2
left_child=1 2 -1
right_child=-2 -3 -4
leaf_value=-0.090362723930417457 0.023837523394503148 0.017098359616399741 0.0085137903286729346
leaf_weight=0.17421166984934155 2.476145548032946 4.3037224336294457 1.2429293028544635
leaf_count=242 17 48 19
internal_value=0.0161658 0.0128453 -7.0779e-05
internal_weight=8.19701 5.72086 1.41714
internal_count=326 309 261
is_linear=0
shrinkage=0.1


Tree=1304
num_leaves=3
num_cat=0
split_feature=2 3
split_gain=0.000406021 0.000658929
threshold=7.5000000000000009 7.5000000000000009
decision_type=2 2
left_child=1 -1
right_child=-2 -3
leaf_value=0.017648146237725704 0.022724669613247497 0.021158635484054524
leaf_weight=0.86107775861569302 0.55359762907028187 0.77899925410747528
leaf_count=321 2 3
internal_value=0.020383 0.0195926
internal_weight=2.19367 1.64008
internal_count=326 324
is_linear=0
shrinkage=0.1


Tree=1305
num_leaves=4
num_cat=0
split_feature=0 3 3
split_gain=0.000368528 0.380021 5.71017e-07
threshold=4.5000000000000009 5.5000000000000009 4.5000000000000009
decision_type=2 2 2
left_child=1 2 -1
right_child=-2 -3 -4
leaf_value=-0.089875281950786534 0.0039740215276900474 0.0026591932542712193 -0.089643967432001204
leaf_weight=0.17730980506166838 1.0619623053544271 0.62442681100219488 0.26805923087522388
leaf_count=20 245 22 39
internal_value=0.00265436 0.00134436 -0.0897361
internal_weight=2.13176 1.0698 0.445369
internal_count=326 81 59
is_linear=0
shrinkage=0.1


Tree=1306
num_leaves=1
num_cat=0
split_feature=
split_gain=
threshold=
decision_type=
left_child=
right_child=
leaf_value=0
leaf_weight=
leaf_count=326
internal_value=
internal_weight=
internal_count=
is_linear=0
shrinkage=1


Tree=1307
num_leaves=2
num_cat=0
split_feature=1
split_gain=0.00199438
threshold=2.5000000000000004
decision_type=2
left_child=-1
right_child=-2
leaf_value=-0.00023326176081131641 0.0024510542856626795
leaf_weight=3.3074661828577545 16.964679282209545
leaf_count=19 307
internal_value=0.0020131
internal_weight=20.2721
internal_count=326
is_linear=0
shrinkage=0.1


Tree=1308
num_leaves=3
num_cat=0
split_feature=2 1
split_gain=0.00480512 0.00940266
threshold=3.5000000000000004 2.5000000000000004
decision_type=2 2
left_child=-1 -2
right_child=1 -3
leaf_value=-0.0011618871416762511 0.0009446452692485844 0.003721089792594215
leaf_weight=2.9404866695404044 2.2775143757462493 31.83362603574642
leaf_count=24 9 293
internal_value=0.00271682 0.00305118
internal_weight=37.0516 34.1111
internal_count=326 302
is_linear=0
shrinkage=0.1


Tree=1309
num_leaves=2
num_cat=0
split_feature=1
split_gain=0.0159359
threshold=3.5000000000000004
decision_type=2
left_child=-1
right_child=-2
leaf_value=-0.0021981537726547293 0.0062172685988545959
leaf_weight=2.3935092558385795 37.586636214517057
leaf_count=56 270
internal_value=0.00571346
internal_weight=39.9801
internal_count=326
is_linear=0
shrinkage=0.1


Tree=1310
num_leaves=4
num_cat=0
split_feature=3 1 1
split_gain=0.00228505 0.0307518 0.000202577
threshold=5.5000000000000009 5.5000000000000009 6.5000000000000009
decision_type=2 2 2
left_child=2 -2 -1
right_child=1 -3 -4
leaf_value=0.0073059968707525989 0.0088644113141317978 0.013337116191657981 0.0086034040809073644
leaf_weight=3.5632944262106312 12.344426426105203 17.226956681348383 1.8172288183122871
leaf_count=128 81 107 10
internal_value=0.00963974 0.00998464 0.00774419
internal_weight=34.9519 29.5714 5.38052
internal_count=326 188 138
is_linear=0
shrinkage=0.1


Tree=1311
num_leaves=5
num_cat=0
split_feature=1 2 1 2
split_gain=0.00157782 0.0727147 0.00476076 0.00279622
threshold=7.5000000000000009 6.5000000000000009 6.5000000000000009 5.5000000000000009
decision_type=2 2 2 2
left_child=1 2 3 -1
right_child=-2 -3 -4 -5
leaf_value=1.8832350995116854e-05 0.017314522212125167 0.0160044097906058 0.010990260911514388 0.0062576627681127876
leaf_weight=0.81659508853567953 2.720507653662934 5.9476020745933047 2.065341176581569 5.9740347077022307
leaf_count=167 17 39 20 83
internal_value=0.0151011 0.0146943 0.0067861 0.00550742
internal_weight=17.5241 14.8036 8.85597 6.79063
internal_count=326 309 270 250
is_linear=0
shrinkage=0.1


Tree=1312
num_leaves=3
num_cat=0
split_feature=0 0
split_gain=0.0214142 0.00140886
threshold=7.5000000000000009 6.5000000000000009
decision_type=2 2
left_child=1 -1
right_child=-2 -3
leaf_value=0.0046480180661164121 0.019264323334149021 0.010056127906732121
leaf_weight=1.0138159511758855 6.25054684485076 0.91776039503201889
leaf_count=247 39 40
internal_value=0.0164204 0.0072176
internal_weight=8.18212 1.93158
internal_count=326 287
is_linear=0
shrinkage=0.1


Tree=1313
num_leaves=3
num_cat=0
split_feature=2 3
split_gain=0.000290833 0.000585152
threshold=7.5000000000000009 7.5000000000000009
decision_type=2 2
left_child=1 -1
right_child=-2 -3
leaf_value=0.017943235977119831 0.022455864841174955 0.021130434196322517
leaf_weight=0.85932129802199619 0.55380058288574208 0.77872397005558014
leaf_count=321 2 3
internal_value=0.0204748 0.019805
internal_weight=2.19185 1.63805
internal_count=326 324
is_linear=0
shrinkage=0.1


Tree=1314
num_leaves=1
num_cat=0
split_feature=
split_gain=
threshold=
decision_type=
left_child=
right_child=
leaf_value=0
leaf_weight=
leaf_count=326
internal_value=
internal_weight=
internal_count=
is_linear=0
shrinkage=1


Tree=1315
num_leaves=1
num_cat=0
split_feature=
split_gain=
threshold=
decision_type=
left_child=
right_child=
leaf_value=0
leaf_weight=
leaf_count=326
internal_value=
internal_weight=
internal_count=
is_linear=0
shrinkage=1


Tree=1316
num_leaves=2
num_cat=0
split_feature=1
split_gain=0.0021254
threshold=2.5000000000000004
decision_type=2
left_child=-1
right_child=-2
leaf_value=-0.00027845409450587142 0.002492868557750964
leaf_weight=3.3075248412787941 16.94545275469136
leaf_count=19 307
internal_value=0.00204028
internal_weight=20.253
internal_count=326
is_linear=0
shrinkage=0.1


Tree=1317
num_leaves=2
num_cat=0
split_feature=1
split_gain=0.00497883
threshold=2.5000000000000004
decision_type=2
left_child=-1
right_child=-2
leaf_value=-0.0010200275842971185 0.0031168896771578154
leaf_weight=3.1830145120620719 33.818455769593129
leaf_count=19 307
internal_value=0.00276102
internal_weight=37.0015
internal_count=326
is_linear=0
shrinkage=0.1


Tree=1318
num_leaves=4
num_cat=0
split_feature=2 1 3
split_gain=0.00173805 0.0625769 0.00292169
threshold=4.5000000000000009 4.5000000000000009 5.5000000000000009
decision_type=2 2 2
left_child=1 -1 -2
right_child=2 -3 -4
leaf_value=-0.017498435759418455 0.0049320886394219211 0.0049320886394219211 0.0067042848691358306
leaf_weight=1.2534148686099786 13.339631138369439 2.9774357471615076 22.360156183713116
leaf_count=59 68 18 181
internal_value=0.00577675 0.0038603 0.00600387
internal_weight=39.9306 4.23085 35.6998
internal_count=326 77 249
is_linear=0
shrinkage=0.1


Tree=1319
num_leaves=5
num_cat=0
split_feature=1 3 0 0
split_gain=0.00211765 0.0539095 0.0618989 0.0097222
threshold=6.5000000000000009 6.5000000000000009 5.5000000000000009 6.5000000000000009
decision_type=2 2 2 2
left_child=1 2 -1 -4
right_child=-2 -3 3 -5
leaf_value=-0.0054797437159160517 0.010749764167623417 0.0098264432604933411 0.0039378625114388248 0.0071988190098757152
leaf_weight=4.7247468796922538 8.0790066607296449 6.4940002327784887 9.391921913251279 6.2318632975220671
leaf_count=141 55 36 64 30
internal_value=0.00933034 0.00890312 0.00457119 0.00719882
internal_weight=34.9215 26.8425 20.3485 15.6238
internal_count=326 271 235 94
is_linear=0
shrinkage=0.1


Tree=1320
num_leaves=4
num_cat=0
split_feature=3 0 2
split_gain=0.00154545 0.0342568 0.000226031
threshold=6.5000000000000009 6.5000000000000009 6.5000000000000009
decision_type=2 2 2
left_child=1 -1 -2
right_child=2 -3 -4
leaf_value=-0.0026981340853489398 0.015621679817318088 0.015037573649865072 0.016575381128177923
leaf_weight=1.1096677925215779 6.3537020962685347 5.9687002411228605 4.0814619511365891
leaf_count=220 32 52 22
internal_value=0.015221 0.0140805 0.0159947
internal_weight=17.5135 7.07837 10.4352
internal_count=326 272 54
is_linear=0
shrinkage=0.1


Tree=1321
num_leaves=6
num_cat=0
split_feature=2 1 0 1 3
split_gain=0.0217788 0.0255486 0.0313907 0.00391689 0.0758411
threshold=7.5000000000000009 7.5000000000000009 8.5000000000000018 5.5000000000000009 6.5000000000000009
decision_type=2 2 2 2 2
left_child=1 2 3 -1 -5
right_child=-2 -3 -4 4 -6
leaf_value=-0.00066925821872653574 0.035675679602561489 0.023265901643597889 0.017089148032304019 0.0035594176972446804 0.011866480962113776
leaf_weight=0.63329617768793856 0.54150694608688343 2.4786506766104139 0.47702581621706475 1.0700195853007697 2.9773654453456402
leaf_count=184 2 17 3 91 29
internal_value=0.0162964 0.0149222 0.0109124 0.00664381 0.00778809
internal_weight=8.17786 7.63636 5.15771 4.68068 4.04739
internal_count=326 324 307 304 120
is_linear=0
shrinkage=0.1


Tree=1322
num_leaves=3
num_cat=0
split_feature=0 2
split_gain=0.000303451 0.000424426
threshold=8.5000000000000018 7.5000000000000009
decision_type=2 2
left_child=1 -1
right_child=-2 -3
leaf_value=0.018580273728702731 0.022728805206841431 0.021190392875984176
leaf_weight=1.2495763866465952 0.38981699469877629 0.55408912897109974
leaf_count=319 5 2
internal_value=0.0201988 0.019652
internal_weight=2.19348 1.80367
internal_count=326 321
is_linear=0
shrinkage=0.1


Tree=1323
num_leaves=1
num_cat=0
split_feature=
split_gain=
threshold=
decision_type=
left_child=
right_child=
leaf_value=0
leaf_weight=
leaf_count=326
internal_value=
internal_weight=
internal_count=
is_linear=0
shrinkage=1


Tree=1324
num_leaves=1
num_cat=0
split_feature=
split_gain=
threshold=
decision_type=
left_child=
right_child=
leaf_value=0
leaf_weight=
leaf_count=326
internal_value=
internal_weight=
internal_count=
is_linear=0
shrinkage=1


Tree=1325
num_leaves=2
num_cat=0
split_feature=1
split_gain=0.00213905
threshold=2.5000000000000004
decision_type=2
left_child=-1
right_child=-2
leaf_value=-0.00027198473487170729 0.0025083790486868391
leaf_weight=3.307418908923867 16.936415186806698
leaf_count=19 307
internal_value=0.00205413
internal_weight=20.2438
internal_count=326
is_linear=0
shrinkage=0.1


Tree=1326
num_leaves=3
num_cat=0
split_feature=2 1
split_gain=0.00492677 0.00958982
threshold=3.5000000000000004 2.5000000000000004
decision_type=2 2
left_child=-1 -2
right_child=1 -3
leaf_value=-0.0011502876243630392 0.00098308390554687126 0.0037933742983218333
leaf_weight=2.9400684311985961 2.276977337896823 31.75337963362108
leaf_count=24 9 293
internal_value=0.00277714 0.00311646
internal_weight=36.9704 34.0304
internal_count=326 302
is_linear=0
shrinkage=0.1


Tree=1327
num_leaves=4
num_cat=0
split_feature=2 1 3
split_gain=0.000926643 0.0543592 0.00236641
threshold=4.5000000000000009 4.5000000000000009 5.5000000000000009
decision_type=2 2 2
left_child=1 -1 -2
right_child=2 -3 -4
leaf_value=-0.016017652906797269 0.0050301383692870731 0.0050301383692870731 0.0064581701813626368
leaf_weight=1.2328905870672304 13.328875124454497 2.9809190258383751 22.362052700249478
leaf_count=59 68 18 181
internal_value=0.00564857 0.00424613 0.00581415
internal_weight=39.9047 4.21381 35.6909
internal_count=326 77 249
is_linear=0
shrinkage=0.1


Tree=1328
num_leaves=4
num_cat=0
split_feature=3 0 1
split_gain=0.00275032 0.0684365 0.0310303
threshold=5.5000000000000009 6.5000000000000009 5.5000000000000009
decision_type=2 2 2
left_child=1 -1 -2
right_child=2 -3 -4
leaf_value=-0.0084539967939716038 0.0086874064455728529 0.0086874064455728529 0.013232706774505871
leaf_weight=2.356799715464148 12.336844014003875 3.0209475979208946 17.179138905368745
leaf_count=123 81 15 107
internal_value=0.00953789 0.00745797 0.00991685
internal_weight=34.8937 5.37775 29.516
internal_count=326 138 188
is_linear=0
shrinkage=0.1


Tree=1329
num_leaves=5
num_cat=0
split_feature=1 2 1 2
split_gain=0.00205846 0.0722605 0.00494105 0.00257113
threshold=7.5000000000000009 6.5000000000000009 6.5000000000000009 5.5000000000000009
decision_type=2 2 2 2
left_child=1 2 3 -1
right_child=-2 -3 -4 -5
leaf_value=0.00011022806806727358 0.017412437905989751 0.015915620857423648 0.010960830654063818 0.0060944858029874129
leaf_weight=0.81602008573304541 2.7190400273539117 5.9387109801173201 2.0655643072677776 5.9749817083975358
leaf_count=167 17 39 20 83
internal_value=0.0148836 0.0144188 0.00667806 0.00537541
internal_weight=17.5143 14.7953 8.85657 6.791
internal_count=326 309 270 250
is_linear=0
shrinkage=0.1


Tree=1330
num_leaves=3
num_cat=0
split_feature=2 3
split_gain=0.0205815 0.0154669
threshold=6.5000000000000009 6.5000000000000009
decision_type=2 2
left_child=1 -1
right_child=-2 -3
leaf_value=-0.0014943677605976531 0.020097753270200511 0.01428899941963236
leaf_weight=0.87588478950014836 5.1673027330543846 2.1325425318209454
leaf_count=250 44 32
internal_value=0.0162694 0.00969377
internal_weight=8.17573 3.00843
internal_count=326 282
is_linear=0
shrinkage=0.1


Tree=1331
num_leaves=3
num_cat=0
split_feature=2 3
split_gain=0.000533526 0.000800018
threshold=7.5000000000000009 7.5000000000000009
decision_type=2 2
left_child=1 -1
right_child=-2 -3
leaf_value=0.017173566613230613 0.022889243746637276 0.02109426222804699
leaf_weight=0.86471843512777036 0.55347228050231922 0.77780616283416748
leaf_count=321 2 3
internal_value=0.0202041 0.0192993
internal_weight=2.196 1.64252
internal_count=326 324
is_linear=0
shrinkage=0.1


Tree=1332
num_leaves=1
num_cat=0
split_feature=
split_gain=
threshold=
decision_type=
left_child=
right_child=
leaf_value=0
leaf_weight=
leaf_count=326
internal_value=
internal_weight=
internal_count=
is_linear=0
shrinkage=1


Tree=1333
num_leaves=1
num_cat=0
split_feature=
split_gain=
threshold=
decision_type=
left_child=
right_child=
leaf_value=0
leaf_weight=
leaf_count=326
internal_value=
internal_weight=
internal_count=
is_linear=0
shrinkage=1


Tree=1334
num_leaves=3
num_cat=0
split_feature=0 1
split_gain=0.0021619 0.0116867
threshold=2.5000000000000004 2.5000000000000004
decision_type=2 2
left_child=-1 -2
right_child=1 -3
leaf_value=-0.0011578972862315952 0.00063245940088876872 0.0038736727531754993
leaf_weight=1.8565540388226534 1.6408692635595823 16.729478484998253
leaf_count=12 8 306
internal_value=0.00209416 0.00242282
internal_weight=20.2269 18.3703
internal_count=326 314
is_linear=0
shrinkage=0.1


Tree=1335
num_leaves=2
num_cat=0
split_feature=1
split_gain=0.00479685
threshold=2.5000000000000004
decision_type=2
left_child=-1
right_child=-2
leaf_value=-0.000920168493298016 0.0031422308261791401
leaf_weight=3.1805967465043059 33.745104335554061
leaf_count=19 307
internal_value=0.00279232
internal_weight=36.9257
internal_count=326
is_linear=0
shrinkage=0.1


Tree=1336
num_leaves=4
num_cat=0
split_feature=2 1 3
split_gain=0.000563294 0.0475777 0.00300029
threshold=4.5000000000000009 4.5000000000000009 5.5000000000000009
decision_type=2 2 2
left_child=1 -1 -2
right_child=2 -3 -4
leaf_value=-0.014613079156554704 0.0052170315264115537 0.0052170315264115537 0.0066107971718379378
leaf_weight=1.2139143871318072 13.320087460801004 2.9841585326939821 22.325056366040371
leaf_count=59 68 18 181
internal_value=0.00570033 0.0046047 0.00582937
internal_weight=39.8432 4.19807 35.6451
internal_count=326 77 249
is_linear=0
shrinkage=0.1


Tree=1337
num_leaves=5
num_cat=0
split_feature=1 3 0 0
split_gain=0.00194494 0.0522858 0.0554579 0.00993007
threshold=6.5000000000000009 6.5000000000000009 5.5000000000000009 6.5000000000000009
decision_type=2 2 2 2
left_child=1 2 -1 -4
right_child=-2 -3 3 -5
leaf_value=-0.0048890510695814926 0.010686511459791825 0.0098001694029904995 0.0039368325995890723 0.007212821821819624
leaf_weight=4.7151391265433693 8.0479177255183441 6.4880889765918246 9.3740247837267798 6.2231428101658812
leaf_count=141 55 36 64 30
internal_value=0.00932321 0.00891383 0.00462547 0.00721282
internal_weight=34.8483 26.8004 20.3123 15.5972
internal_count=326 271 235 94
is_linear=0
shrinkage=0.1


Tree=1338
num_leaves=5
num_cat=0
split_feature=3 2 1 2
split_gain=0.00204437 0.000188055 0.000123079 0.0146325
threshold=6.5000000000000009 6.5000000000000009 5.5000000000000009 6.5000000000000009
decision_type=2 2 2 2
left_child=2 -2 -1 -4
right_child=1 -3 3 -5
leaf_value=0.012551844166906939 0.01556400027179663 0.016434689738139937 0.013202685741137365 0.014803265159143819
leaf_weight=0.82163533893640384 6.3545358497649431 4.0690270140767097 4.2323157360515324 2.0342071382328868
leaf_count=169 32 22 84 19
internal_value=0.0150129 0.0159039 0.0137026 0.0138535
internal_weight=17.5117 10.4236 7.08816 6.26652
internal_count=326 54 272 103
is_linear=0
shrinkage=0.1


Tree=1339
num_leaves=6
num_cat=0
split_feature=2 1 0 1 3
split_gain=0.0190447 0.0238248 0.0306773 0.00330982 0.0721573
threshold=7.5000000000000009 7.5000000000000009 8.5000000000000018 5.5000000000000009 6.5000000000000009
decision_type=2 2 2 2 2
left_child=1 2 3 -1 -5
right_child=-2 -3 -4 4 -6
leaf_value=-1.2873415624235722e-05 0.03423875009823367 0.022918600679543127 0.016952154537529619 0.0038773898001386465 0.0118345507147658
leaf_weight=0.63210927151229146 0.54305338859558094 2.4766952321078861 0.47630336694419373 1.0680556366194194 2.9806328741833568
leaf_count=184 2 17 3 91 29
internal_value=0.0161444 0.0148572 0.0109857 0.00671695 0.00776765
internal_weight=8.17685 7.6338 5.1571 4.6808 4.04869
internal_count=326 324 307 304 120
is_linear=0
shrinkage=0.1


Tree=1340
num_leaves=3
num_cat=0
split_feature=2 3
split_gain=0.000463448 0.000762863
threshold=7.5000000000000009 7.5000000000000009
decision_type=2 2
left_child=1 -1
right_child=-2 -3
leaf_value=0.017085944183596973 0.022516870257165835 0.020844291667871547
leaf_weight=0.86545663667448047 0.5537547469139098 0.77746187150478363
leaf_count=321 2 3
internal_value=0.020015 0.0191717
internal_weight=2.19667 1.64292
internal_count=326 324
is_linear=0
shrinkage=0.1


Tree=1341
num_leaves=1
num_cat=0
split_feature=
split_gain=
threshold=
decision_type=
left_child=
right_child=
leaf_value=0
leaf_weight=
leaf_count=326
internal_value=
internal_weight=
internal_count=
is_linear=0
shrinkage=1


Tree=1342
num_leaves=1
num_cat=0
split_feature=
split_gain=
threshold=
decision_type=
left_child=
right_child=
leaf_value=0
leaf_weight=
leaf_count=326
internal_value=
internal_weight=
internal_count=
is_linear=0
shrinkage=1


Tree=1343
num_leaves=2
num_cat=0
split_feature=1
split_gain=0.00195568
threshold=2.5000000000000004
decision_type=2
left_child=-1
right_child=-2
leaf_value=-0.00020778296930568137 0.0024515296947602086
leaf_weight=3.305508732795718 16.924474884388474
leaf_count=19 307
internal_value=0.00201701
internal_weight=20.23
internal_count=326
is_linear=0
shrinkage=0.1


Tree=1344
num_leaves=3
num_cat=0
split_feature=2 1
split_gain=0.00486762 0.00954764
threshold=3.5000000000000004 2.5000000000000004
decision_type=2 2
left_child=-1 -2
right_child=1 -3
leaf_value=-0.0010585239287781961 0.0010629705686422321 0.0038625436913292139
leaf_weight=2.9376922398805609 2.2758945897221556 31.682259460998466
leaf_count=24 9 293
internal_value=0.00284663 0.00318447
internal_weight=36.8958 33.9582
internal_count=326 302
is_linear=0
shrinkage=0.1


Tree=1345
num_leaves=4
num_cat=0
split_feature=2 1 3
split_gain=0.000205463 0.0411838 0.00225015
threshold=4.5000000000000009 4.5000000000000009 5.5000000000000009
decision_type=2 2 2
left_child=1 -1 -2
right_child=2 -3 -4
leaf_value=-0.013283774005685801 0.0052818859673653996 0.0052818859673653996 0.0063895239044999413
leaf_weight=1.1964933022100002 13.309702565893529 2.9876123573631048 22.325105776661076
leaf_count=59 68 18 181
internal_value=0.00557443 0.00491151 0.00565226
internal_weight=39.8189 4.18411 35.6348
internal_count=326 77 249
is_linear=0
shrinkage=0.1


Tree=1346
num_leaves=4
num_cat=0
split_feature=3 1 1
split_gain=0.0021454 0.0291273 4.12145e-06
threshold=5.5000000000000009 5.5000000000000009 6.5000000000000009
decision_type=2 2 2
left_child=2 -2 -1
right_child=1 -3 -4
leaf_value=0.0076450852514057498 0.0087952961436787713 0.013157114027578735 0.0078304797934335493
leaf_weight=3.5481143300712565 12.328580364119263 17.14174378477037 1.8112107738852499
leaf_count=128 81 107 10
internal_value=0.00954816 0.00988285 0.00770774
internal_weight=34.8296 29.4703 5.35933
internal_count=326 188 138
is_linear=0
shrinkage=0.1


Tree=1347
num_leaves=4
num_cat=0
split_feature=3 0 2
split_gain=0.00225565 0.0311243 0.00024118
threshold=6.5000000000000009 6.5000000000000009 6.5000000000000009
decision_type=2 2 2
left_child=1 -1 -2
right_child=2 -3 -4
leaf_value=-0.0026090966657888481 0.015170238872015785 0.014399747896743718 0.016156944451819588
leaf_weight=1.108648247314705 6.3530272524803877 6.001974448794499 4.0605551153421402
leaf_count=220 32 52 22
internal_value=0.0146175 0.0132445 0.015555
internal_weight=17.5242 7.11062 10.4136
internal_count=326 272 54
is_linear=0
shrinkage=0.1


Tree=1348
num_leaves=3
num_cat=0
split_feature=2 3
split_gain=0.0200762 0.0136714
threshold=6.5000000000000009 6.5000000000000009
decision_type=2 2
left_child=1 -1
right_child=-2 -3
leaf_value=-0.00092826840245299389 0.01989815470304809 0.013929324084587635
leaf_weight=0.87213911328484561 5.1659871365409344 2.1364523296942934
leaf_count=250 44 32
internal_value=0.0161162 0.00962236
internal_weight=8.17458 3.00859
internal_count=326 282
is_linear=0
shrinkage=0.1


Tree=1349
num_leaves=3
num_cat=0
split_feature=2 3
split_gain=0.000715337 0.000862443
threshold=7.5000000000000009 7.5000000000000009
decision_type=2 2
left_child=1 -1
right_child=-2 -3
leaf_value=0.016790004050980731 0.023126097811245108 0.021047741170058039
leaf_weight=0.86762545702481497 0.55329054594039906 0.77702374756336212
leaf_count=321 2 3
internal_value=0.0200158 0.0189694
internal_weight=2.19794 1.64465
internal_count=326 324
is_linear=0
shrinkage=0.1


Tree=1350
num_leaves=2
num_cat=0
split_feature=0
split_gain=8.91109e-07
threshold=4.5000000000000009
decision_type=2
left_child=-1
right_child=-2
leaf_value=0.0053881647198561304 0.0055194130838651387
leaf_weight=1.0246395885478707 1.0447579876326925
leaf_count=81 245
internal_value=0.00545443
internal_weight=2.0694
internal_count=326
is_linear=0
shrinkage=0.1


Tree=1351
num_leaves=1
num_cat=0
split_feature=
split_gain=
threshold=
decision_type=
left_child=
right_child=
leaf_value=0
leaf_weight=
leaf_count=326
internal_value=
internal_weight=
internal_count=
is_linear=0
shrinkage=1


Tree=1352
num_leaves=3
num_cat=0
split_feature=0 1
split_gain=0.00203119 0.0114106
threshold=2.5000000000000004 2.5000000000000004
decision_type=2 2
left_child=-1 -2
right_child=1 -3
leaf_value=-0.0010736692100809385 0.00066229343771328066 0.0038460577845426894
leaf_weight=1.8553747609257722 1.6402756161987806 16.713815038168832
leaf_count=12 8 306
internal_value=0.00207951 0.00239826
internal_weight=20.2095 18.3541
internal_count=326 314
is_linear=0
shrinkage=0.1


Tree=1353
num_leaves=2
num_cat=0
split_feature=1
split_gain=0.00479906
threshold=2.5000000000000004
decision_type=2
left_child=-1
right_child=-2
leaf_value=-0.00082853146333147884 0.0032365903492081634
leaf_weight=3.1782259419560424 33.667883293848718
leaf_count=19 307
internal_value=0.00288595
internal_weight=36.8461
internal_count=326
is_linear=0
shrinkage=0.1


Tree=1354
num_leaves=4
num_cat=0
split_feature=0 3 1
split_gain=0.000461454 1.93629 0.00334397
threshold=4.5000000000000009 5.5000000000000009 4.5000000000000009
decision_type=2 2 2
left_child=1 -1 -2
right_child=2 -3 -4
leaf_value=-0.08061050442920531 0.0053635663888723806 0.0053635663888723806 0.0066183178095425583
leaf_weight=2.6197882264677892 7.624290393665432 3.5535820149816573 25.958502520457841
leaf_count=59 43 22 202
internal_value=0.00568784 0.00489322 0.00583391
internal_weight=39.7562 6.17337 33.5828
internal_count=326 81 245
is_linear=0
shrinkage=0.1


Tree=1355
num_leaves=4
num_cat=0
split_feature=3 0 1
split_gain=0.00211041 0.0606604 0.0283625
threshold=5.5000000000000009 6.5000000000000009 5.5000000000000009
decision_type=2 2 2
left_child=1 -1 -2
right_child=2 -3 -4
leaf_value=-0.0075810272447513639 0.0085791854965798203 0.0085791854965798203 0.012890959079814301
leaf_weight=2.3466813353770695 12.326907046604903 3.0143621452152729 17.097079010680318
leaf_count=123 81 15 107
internal_value=0.00932534 0.00750055 0.00965782
internal_weight=34.785 5.36104 29.424
internal_count=326 138 188
is_linear=0
shrinkage=0.1


Tree=1356
num_leaves=5
num_cat=0
split_feature=1 2 1 2
split_gain=0.00196756 0.0721816 0.00529234 0.00264109
threshold=7.5000000000000009 6.5000000000000009 6.5000000000000009 5.5000000000000009
decision_type=2 2 2 2
left_child=1 2 3 -1
right_child=-2 -3 -4 -5
leaf_value=-0.00037039765744389968 0.016991361894779171 0.015528072347191946 0.010738839055531496 0.0056889035460875748
leaf_weight=0.81774769896060373 2.7195168235339215 5.9324721498414865 2.0665260555688292 5.9780931076566048
leaf_count=167 17 39 20 83
internal_value=0.0145192 0.0140648 0.00630734 0.00495978
internal_weight=17.5144 14.7948 8.86237 6.79584
internal_count=326 309 270 250
is_linear=0
shrinkage=0.1


Tree=1357
num_leaves=3
num_cat=0
split_feature=0 0
split_gain=0.0184228 0.00130202
threshold=7.5000000000000009 6.5000000000000009
decision_type=2 2
left_child=1 -1
right_child=-2 -3
leaf_value=0.0050159074197857322 0.018676633740571304 0.010220717495642399
leaf_weight=1.0104095511943283 6.2444806786370464 0.91666216968906145
leaf_count=247 39 40
internal_value=0.0160389 0.00749171
internal_weight=8.17155 1.92707
internal_count=326 287
is_linear=0
shrinkage=0.1


Tree=1358
num_leaves=3
num_cat=0
split_feature=2 3
split_gain=0.000620145 0.000800284
threshold=7.5000000000000009 7.5000000000000009
decision_type=2 2
left_child=1 -1
right_child=-2 -3
leaf_value=0.016752014208031959 0.022725560317469681 0.020790829323646915
leaf_weight=0.86801864681069696 0.55359691381454457 0.77665135264396667
leaf_count=321 2 3
internal_value=0.0198306 0.0188561
internal_weight=2.19827 1.64467
internal_count=326 324
is_linear=0
shrinkage=0.1


Tree=1359
num_leaves=2
num_cat=0
split_feature=0
split_gain=1.30622e-05
threshold=4.5000000000000009
decision_type=2
left_child=-1
right_child=-2
leaf_value=0.0049661478331597406 0.0054680574623787882
leaf_weight=1.0289382091723385 1.0452684695710557
leaf_count=81 245
internal_value=0.00521908
internal_weight=2.07421
internal_count=326
is_linear=0
shrinkage=0.1


Tree=1360
num_leaves=1
num_cat=0
split_feature=
split_gain=
threshold=
decision_type=
left_child=
right_child=
leaf_value=0
leaf_weight=
leaf_count=326
internal_value=
internal_weight=
internal_count=
is_linear=0
shrinkage=1


Tree=1361
num_leaves=3
num_cat=0
split_feature=0 1
split_gain=0.00166593 0.0104819
threshold=2.5000000000000004 2.5000000000000004
decision_type=2 2
left_child=-1 -2
right_child=1 -3
leaf_value=-0.00098987202806943906 0.00058260758671825662 0.0035789728374959794
leaf_weight=1.8542956039309526 1.6401375979185129 16.735716906132438
leaf_count=12 8 306
internal_value=0.00186682 0.00215509
internal_weight=20.2302 18.3759
internal_count=326 314
is_linear=0
shrinkage=0.1


Tree=1362
num_leaves=2
num_cat=0
split_feature=2
split_gain=0.00437138
threshold=3.5000000000000004
decision_type=2
left_child=-1
right_child=-2
leaf_value=-0.0010357057380373734 0.0029860826333137597
leaf_weight=2.9370238929986945 33.858049222020782
leaf_count=24 302
internal_value=0.00266506
internal_weight=36.7951
internal_count=326
is_linear=0
shrinkage=0.1


Tree=1363
num_leaves=3
num_cat=0
split_feature=1 2
split_gain=0.000131917 0.390076
threshold=4.5000000000000009 5.5000000000000009
decision_type=2 2
left_child=1 -1
right_child=-2 -3
leaf_value=-0.015281333490244237 0.0062740949965444286 0.0060754424107772138
leaf_weight=8.5532324861269426 27.613811228715349 3.430529471486806
leaf_count=96 214 16
internal_value=0.00615386 0.00587679
internal_weight=39.5976 11.9838
internal_count=326 112
is_linear=0
shrinkage=0.1


Tree=1364
num_leaves=5
num_cat=0
split_feature=1 3 0 0
split_gain=0.00221189 0.0541903 0.051338 0.0107848
threshold=6.5000000000000009 6.5000000000000009 5.5000000000000009 6.5000000000000009
decision_type=2 2 2 2
left_child=1 2 -1 -4
right_child=-2 -3 3 -5
leaf_value=-0.004792141572649321 0.010592981225970736 0.0096456416241422795 0.0036022926955299123 0.0070031586336123776
leaf_weight=4.7068097658375398 8.0067769363522512 6.4760935138911 9.3464627792127413 6.2073820345103732
leaf_count=141 55 36 64 30
internal_value=0.00913494 0.0086983 0.00436068 0.00700316
internal_weight=34.7435 26.7367 20.2607 15.5538
internal_count=326 271 235 94
is_linear=0
shrinkage=0.1


Tree=1365
num_leaves=5
num_cat=0
split_feature=3 0 1 2
split_gain=0.00224397 0.0277412 0.28613 0.000233471
threshold=6.5000000000000009 7.5000000000000009 5.5000000000000009 6.5000000000000009
decision_type=2 2 2 2
left_child=1 2 -1 -2
right_child=3 -3 -4 -5
leaf_value=-0.10277648093537489 0.015209466480626405 0.014434626930057912 0.0094481381072793642 0.016181184262600606
leaf_weight=0.23288290619189078 6.3546787966042757 4.2175527513027191 2.651200235937722 4.0474501624703407
leaf_count=165 32 24 83 22
internal_value=0.014652 0.0132817 0.00446165 0.0155876
internal_weight=17.5038 7.10164 2.88408 10.4021
internal_count=326 272 248 54
is_linear=0
shrinkage=0.1


Tree=1366
num_leaves=3
num_cat=0
split_feature=2 3
split_gain=0.018139 0.0120169
threshold=6.5000000000000009 6.5000000000000009
decision_type=2 2
left_child=1 -1
right_child=-2 -3
leaf_value=-0.0001807238446541082 0.019510854043988869 0.013769917313533792
leaf_weight=0.86836856582735356 5.162825767416507 2.1368918783264235
leaf_count=250 44 32
internal_value=0.0159155 0.00973889
internal_weight=8.16809 3.00526
internal_count=326 282
is_linear=0
shrinkage=0.1


Tree=1367
num_leaves=4
num_cat=0
split_feature=2 3 0
split_gain=0.000541159 0.000768148 0.0597085
threshold=7.5000000000000009 7.5000000000000009 6.5000000000000009
decision_type=2 2 2
left_child=1 2 -1
right_child=-2 -3 -4
leaf_value=-0.089143693774540511 0.022266458107618198 0.020459664966539771 0.018522158925962463
leaf_weight=0.051790177329849252 0.55394238233566273 0.77617377042770386 0.81750687965904945
leaf_count=247 2 3 74
internal_value=0.019563 0.0186529 0.0165847
internal_weight=2.19941 1.64547 0.869297
internal_count=326 324 321
is_linear=0
shrinkage=0.1


Tree=1368
num_leaves=2
num_cat=0
split_feature=0
split_gain=1.65677e-05
threshold=4.5000000000000009
decision_type=2
left_child=-1
right_child=-2
leaf_value=0.0045312648131264916 0.0050953759722734727
leaf_weight=1.0333927876781674 1.0492707996481838
leaf_count=81 245
internal_value=0.00481547
internal_weight=2.08266
internal_count=326
is_linear=0
shrinkage=0.1


Tree=1369
num_leaves=1
num_cat=0
split_feature=
split_gain=
threshold=
decision_type=
left_child=
right_child=
leaf_value=0
leaf_weight=
leaf_count=326
internal_value=
internal_weight=
internal_count=
is_linear=0
shrinkage=1


Tree=1370
num_leaves=3
num_cat=0
split_feature=0 1
split_gain=0.00135609 0.00966335
threshold=2.5000000000000004 2.5000000000000004
decision_type=2 2
left_child=-1 -2
right_child=1 -3
leaf_value=-0.00087663049760487363 0.00054260864769176424 0.0033672610661481337
leaf_weight=1.8526389375329042 1.6402408815920377 16.755580027325777
leaf_count=12 8 306
internal_value=0.00170214 0.00196185
internal_weight=20.2485 18.3958
internal_count=326 314
is_linear=0
shrinkage=0.1


Tree=1371
num_leaves=2
num_cat=0
split_feature=1
split_gain=0.00406655
threshold=2.5000000000000004
decision_type=2
left_child=-1
right_child=-2
leaf_value=-0.00092410718700288797 0.0028190709450635985
leaf_weight=3.1765365004539481 33.620131168805528
leaf_count=19 307
internal_value=0.00249593
internal_weight=36.7967
internal_count=326
is_linear=0
shrinkage=0.1


Tree=1372
num_leaves=2
num_cat=0
split_feature=2
split_gain=1.47308e-05
threshold=4.5000000000000009
decision_type=2
left_child=-1
right_child=-2
leaf_value=0.0061645412502483931 0.0063641340047002467
leaf_weight=4.1282412294240194 35.459172170725651
leaf_count=77 249
internal_value=0.00634332
internal_weight=39.5874
internal_count=326
is_linear=0
shrinkage=0.1


Tree=1373
num_leaves=4
num_cat=0
split_feature=1 3 2
split_gain=0.00174161 0.0526422 0.114264
threshold=6.5000000000000009 6.5000000000000009 5.5000000000000009
decision_type=2 2 2
left_child=1 2 -1
right_child=-2 -3 -4
leaf_value=-0.0068118293224653098 0.010569773713459402 0.0097285945498355713 0.0071346684193826313
leaf_weight=6.5755420234927504 7.9938084445893756 6.4645224250853053 13.68667576368898
leaf_count=162 55 36 73
internal_value=0.00927475 0.00888742 0.00454074
internal_weight=34.7205 26.7267 20.2622
internal_count=326 271 235
is_linear=0
shrinkage=0.1


Tree=1374
num_leaves=4
num_cat=0
split_feature=3 0 2
split_gain=0.00172101 0.0254019 0.000494736
threshold=6.5000000000000009 6.5000000000000009 6.5000000000000009
decision_type=2 2 2
left_child=1 -1 -2
right_child=2 -3 -4
leaf_value=-0.0011723087125686592 0.014758437638754562 0.014298552837236573 0.016173786288273109
leaf_weight=1.0915479257967042 6.3533071503043175 6.0049599247286096 4.0402939692139626
leaf_count=220 32 52 22
internal_value=0.014489 0.0132885 0.0153086
internal_weight=17.4901 7.09651 10.3936
internal_count=326 272 54
is_linear=0
shrinkage=0.1


Tree=1375
num_leaves=4
num_cat=0
split_feature=1 3 1
split_gain=0.0180333 0.0568115 0.0475106
threshold=5.5000000000000009 6.5000000000000009 7.5000000000000009
decision_type=2 2 2
left_child=-1 2 -2
right_child=1 -3 -4
leaf_value=-0.00043940971598948426 0.0083574351189351394 0.023028001967563688 0.015692718543249412
leaf_weight=0.63140378626989946 1.0926494325426575 5.3490559067577124 1.0938972744770581
leaf_count=184 92 39 11
internal_value=0.0157941 0.0171543 0.00835744
internal_weight=8.16701 7.5356 2.18655
internal_count=326 142 103
is_linear=0
shrinkage=0.1


Tree=1376
num_leaves=3
num_cat=0
split_feature=2 3
split_gain=0.000405855 0.000579039
threshold=7.5000000000000009 7.5000000000000009
decision_type=2 2
left_child=1 -1
right_child=-2 -3
leaf_value=0.016983233658828614 0.021914213465152529 0.020349332919128823
leaf_weight=0.86585126659679212 0.55420315265655506 0.77583335340023041
leaf_count=321 2 3
internal_value=0.0195743 0.0187845
internal_weight=2.19589 1.64168
internal_count=326 324
is_linear=0
shrinkage=0.1


Tree=1377
num_leaves=2
num_cat=0
split_feature=0
split_gain=2.67923e-05
threshold=4.5000000000000009
decision_type=2
left_child=-1
right_child=-2
leaf_value=0.0042782824739217053 0.0049950187010339301
leaf_weight=1.0359417903237047 1.0503327387141324
leaf_count=81 245
internal_value=0.00463912
internal_weight=2.08627
internal_count=326
is_linear=0
shrinkage=0.1


Tree=1378
num_leaves=1
num_cat=0
split_feature=
split_gain=
threshold=
decision_type=
left_child=
right_child=
leaf_value=0
leaf_weight=
leaf_count=326
internal_value=
internal_weight=
internal_count=
is_linear=0
shrinkage=1


Tree=1379
num_leaves=3
num_cat=0
split_feature=0 1
split_gain=0.00126961 0.00946048
threshold=2.5000000000000004 2.5000000000000004
decision_type=2 2
left_child=-1 -2
right_child=1 -3
leaf_value=-0.00080465563627868581 0.00056890563654816756 0.0033471991595395629
leaf_weight=1.8517227470874811 1.6400861591100717 16.751543066828162
leaf_count=12 8 306
internal_value=0.00169118 0.00194247
internal_weight=20.2434 18.3916
internal_count=326 314
is_linear=0
shrinkage=0.1


Tree=1380
num_leaves=2
num_cat=0
split_feature=1
split_gain=0.00405784
threshold=2.5000000000000004
decision_type=2
left_child=-1
right_child=-2
leaf_value=-0.00079108637751321067 0.0029490384583750937
leaf_weight=3.1750379875302306 33.589271072240081
leaf_count=19 307
internal_value=0.00262603
internal_weight=36.7643
internal_count=326
is_linear=0
shrinkage=0.1


Tree=1381
num_leaves=2
num_cat=0
split_feature=2
split_gain=3.52234e-05
threshold=4.5000000000000009
decision_type=2
left_child=-1
right_child=-2
leaf_value=0.0058252125115957898 0.0061335603889234591
leaf_weight=4.1371843721135511 35.436884105496574
leaf_count=77 249
internal_value=0.00610132
internal_weight=39.5741
internal_count=326
is_linear=0
shrinkage=0.1


Tree=1382
num_leaves=4
num_cat=0
split_feature=3 0 1
split_gain=0.00183091 0.0535895 0.0276882
threshold=5.5000000000000009 6.5000000000000009 5.5000000000000009
decision_type=2 2 2
left_child=1 -1 -2
right_child=2 -3 -4
leaf_value=-0.006431450602458734 0.0088054867806664425 0.0088054867806664425 0.013047921806083463
leaf_weight=2.3315631821751586 12.301796736195685 3.0069227553904057 17.035742800682783
leaf_count=123 81 15 107
internal_value=0.00950221 0.00779879 0.00981218
internal_weight=34.676 5.33849 29.3375
internal_count=326 138 188
is_linear=0
shrinkage=0.1


Tree=1383
num_leaves=5
num_cat=0
split_feature=3 0 0 2
split_gain=0.00208164 0.0226784 0.00505022 0.000685877
threshold=6.5000000000000009 7.5000000000000009 6.5000000000000009 6.5000000000000009
decision_type=2 2 2 2
left_child=1 2 -1 -2
right_child=3 -3 -4 -5
leaf_value=-0.00034759352880756132 0.01456662619458847 0.014103499511846675 0.0083079465289404731 0.016233851101512885
leaf_weight=1.0822756960410524 6.3543282579630613 4.2364724911749363 1.7873441374977119 4.0339727625250816
leaf_count=220 32 24 28 22
internal_value=0.0143119 0.012993 0.00504351 0.015214
internal_weight=17.4944 7.10609 2.86962 10.3883
internal_count=326 272 248 54
is_linear=0
shrinkage=0.1


Tree=1384
num_leaves=3
num_cat=0
split_feature=0 0
split_gain=0.0184086 0.00116355
threshold=7.5000000000000009 6.5000000000000009
decision_type=2 2
left_child=1 -1
right_child=-2 -3
leaf_value=0.004571023767081352 0.018066319863856567 0.0094783166785535299
leaf_weight=1.0147580061189385 6.2433824253093917 0.92233645418082222
leaf_count=247 39 40
internal_value=0.015424 0.0069076
internal_weight=8.18048 1.93709
internal_count=326 287
is_linear=0
shrinkage=0.1


Tree=1385
num_leaves=3
num_cat=0
split_feature=2 3
split_gain=0.000378995 0.000589986
threshold=7.5000000000000009 7.5000000000000009
decision_type=2 2
left_child=1 -1
right_child=-2 -3
leaf_value=0.016979104740174222 0.021829946884748302 0.020317835009790248
leaf_weight=0.86607627751482164 0.55426502227783192 0.77591834962368011
leaf_count=321 2 3
internal_value=0.0195689 0.0188057
internal_weight=2.19626 1.64199
internal_count=326 324
is_linear=0
shrinkage=0.1


Tree=1386
num_leaves=2
num_cat=0
split_feature=0
split_gain=4.52345e-05
threshold=4.5000000000000009
decision_type=2
left_child=-1
right_child=-2
leaf_value=0.0040576022650548223 0.0049883933925212965
leaf_weight=1.0381687039043757 1.0503582461515177
leaf_count=81 245
internal_value=0.00452571
internal_weight=2.08853
internal_count=326
is_linear=0
shrinkage=0.1


Tree=1387
num_leaves=1
num_cat=0
split_feature=
split_gain=
threshold=
decision_type=
left_child=
right_child=
leaf_value=0
leaf_weight=
leaf_count=326
internal_value=
internal_weight=
internal_count=
is_linear=0
shrinkage=1


Tree=1388
num_leaves=3
num_cat=0
split_feature=0 1
split_gain=0.00120793 0.00932435
threshold=2.5000000000000004 2.5000000000000004
decision_type=2 2
left_child=-1 -2
right_child=1 -3
leaf_value=-0.00073437783297602478 0.00060572702440659949 0.0033517609259170683
leaf_weight=1.8508261442184473 1.6398495957255388 16.743518069277343
leaf_count=12 8 306
internal_value=0.00170067 0.00194583
internal_weight=20.2342 18.3834
internal_count=326 314
is_linear=0
shrinkage=0.1


Tree=1389
num_leaves=2
num_cat=0
split_feature=2
split_gain=0.00432726
threshold=3.5000000000000004
decision_type=2
left_child=-1
right_child=-2
leaf_value=-0.00090547905913395332 0.0030985236910893179
leaf_weight=2.9334794953465453 33.786794904299313
leaf_count=24 302
internal_value=0.00277866
internal_weight=36.7203
internal_count=326
is_linear=0
shrinkage=0.1


Tree=1390
num_leaves=3
num_cat=0
split_feature=2 3
split_gain=0.000140076 0.00223749
threshold=4.5000000000000009 5.5000000000000009
decision_type=2 2
left_child=-1 -2
right_child=1 -3
leaf_value=0.0055275735626183816 0.0058347888599983248 0.0069109698628789509
leaf_weight=4.1450420611654399 13.180172864347695 22.202651858853642
leaf_count=77 68 181
internal_value=0.00607757 0.006142
internal_weight=39.5279 35.3828
internal_count=326 249
is_linear=0
shrinkage=0.1


Tree=1391
num_leaves=5
num_cat=0
split_feature=1 3 0 0
split_gain=0.00137162 0.0521926 0.0478867 0.0103327
threshold=6.5000000000000009 6.5000000000000009 5.5000000000000009 6.5000000000000009
decision_type=2 2 2 2
left_child=1 2 -1 -4
right_child=-2 -3 3 -5
leaf_value=-0.0042609250474489567 0.010494547728617066 0.0097465578128605561 0.0038371710758204262 0.0071695520232232003
leaf_weight=4.6923044061113677 7.9588483255356541 6.4468653025105587 9.3188280416652542 6.1982768066227427
leaf_count=141 55 36 64 30
internal_value=0.00934253 0.00899857 0.00459255 0.00716955
internal_weight=34.6151 26.6563 20.2094 15.5171
internal_count=326 271 235 94
is_linear=0
shrinkage=0.1


Tree=1392
num_leaves=5
num_cat=0
split_feature=1 2 1 2
split_gain=0.00213153 0.0765534 0.00686742 0.00275543
threshold=7.5000000000000009 6.5000000000000009 6.5000000000000009 5.5000000000000009
decision_type=2 2 2 2
left_child=1 2 3 -1
right_child=-2 -3 -4 -5
leaf_value=-0.0011733970606484468 0.01682322930010267 0.01529954438135539 0.010549588707625974 0.005008440609533267
leaf_weight=0.81996428988964165 2.7181812045164397 5.8919115252792826 2.0661119532305747 5.9759979285481677
leaf_count=167 17 39 20 83
internal_value=0.0142499 0.0137759 0.00579963 0.00426257
internal_weight=17.4722 14.754 8.86207 6.79596
internal_count=326 309 270 250
is_linear=0
shrinkage=0.1


Tree=1393
num_leaves=6
num_cat=0
split_feature=2 1 0 3 3
split_gain=0.0187286 0.0215939 0.029459 0.00406088 0.111524
threshold=7.5000000000000009 7.5000000000000009 8.5000000000000018 6.5000000000000009 5.5000000000000009
decision_type=2 2 2 2 2
left_child=1 2 3 4 -1
right_child=-2 -3 -4 -5 -6
leaf_value=-0.09805898281392289 0.033323025144603106 0.021796949614782353 0.016114119804413057 0.0080927792149208515 0.0048624695582011662
leaf_weight=0.10664176265477432 0.54401445388793934 2.4742915147508029 0.47538359835743893 3.2975466307252645 1.2734493457774079
leaf_count=135 2 17 3 44 125
internal_value=0.0153969 0.0141183 0.0104313 0.00618664 0.00163216
internal_weight=8.17133 7.62731 5.15302 4.67764 1.38009
internal_count=326 324 307 304 260
is_linear=0
shrinkage=0.1


Tree=1394
num_leaves=3
num_cat=0
split_feature=2 3
split_gain=0.000331633 0.000561012
threshold=7.5000000000000009 7.5000000000000009
decision_type=2 2
left_child=1 -1
right_child=-2 -3
leaf_value=0.016813091606614289 0.021429697683896964 0.020015582370252027
leaf_weight=0.86732212401307174 0.55455589294433583 0.77545134723186493
leaf_count=321 2 3
internal_value=0.0193152 0.0186015
internal_weight=2.19733 1.64277
internal_count=326 324
is_linear=0
shrinkage=0.1


Tree=1395
num_leaves=2
num_cat=0
split_feature=0
split_gain=5.36121e-05
threshold=4.5000000000000009
decision_type=2
left_child=-1
right_child=-2
leaf_value=0.0038798042863303615 0.0048924462399941512
leaf_weight=1.0399666863959285 1.0513690864809175
leaf_count=81 245
internal_value=0.00438889
internal_weight=2.09134
internal_count=326
is_linear=0
shrinkage=0.1


Tree=1396
num_leaves=1
num_cat=0
split_feature=
split_gain=
threshold=
decision_type=
left_child=
right_child=
leaf_value=0
leaf_weight=
leaf_count=326
internal_value=
internal_weight=
internal_count=
is_linear=0
shrinkage=1


Tree=1397
num_leaves=3
num_cat=0
split_feature=0 1
split_gain=0.00109694 0.00897315
threshold=2.5000000000000004 2.5000000000000004
decision_type=2 2
left_child=-1 -2
right_child=1 -3
leaf_value=-0.0006334676908251734 0.00064406904416904661 0.0033185028820997536
leaf_weight=1.849337831139567 1.638958223164084 16.738795303677762
leaf_count=12 8 306
internal_value=0.001688 0.00192161
internal_weight=20.2271 18.3778
internal_count=326 314
is_linear=0
shrinkage=0.1


Tree=1398
num_leaves=2
num_cat=0
split_feature=1
split_gain=0.00466923
threshold=2.5000000000000004
decision_type=2
left_child=-1
right_child=-2
leaf_value=-0.00079466579328965007 0.0032191409644646814
leaf_weight=3.1725829020142546 33.51450599146483
leaf_count=19 307
internal_value=0.00287204
internal_weight=36.6871
internal_count=326
is_linear=0
shrinkage=0.1


Tree=1399
num_leaves=2
num_cat=0
split_feature=1
split_gain=0.0154597
threshold=3.5000000000000004
decision_type=2
left_child=-1
right_child=-2
leaf_value=-0.0019897410145954682 0.0063301599105528919
leaf_weight=2.3762150511902282 37.15819519595243
leaf_count=56 270
internal_value=0.00583009
internal_weight=39.5344
internal_count=326
is_linear=0
shrinkage=0.1


Tree=1400
num_leaves=3
num_cat=0
split_feature=3 1
split_gain=0.00137149 0.0254909
threshold=5.5000000000000009 5.5000000000000009
decision_type=2 2
left_child=-1 -2
right_child=1 -3
leaf_value=0.0079510864031417088 0.0088237591460858106 0.012863043663427172
leaf_weight=5.3201658740035773 12.294525152072312 16.990348987281322
leaf_count=138 81 107
internal_value=0.0094281 0.00969643
internal_weight=34.605 29.2849
internal_count=326 188
is_linear=0
shrinkage=0.1


Tree=1401
num_leaves=5
num_cat=0
split_feature=1 2 1 2
split_gain=0.00216017 0.0717413 0.00602104 0.00228734
threshold=7.5000000000000009 6.5000000000000009 6.5000000000000009 5.5000000000000009
decision_type=2 2 2 2
left_child=1 2 3 -1
right_child=-2 -3 -4 -5
leaf_value=-0.00036091200669759486 0.016788406457561796 0.015254663386408502 0.010648163895470717 0.0052817964922188725
leaf_weight=0.81650059159074029 2.7186781815253189 5.8959793895483008 2.0665602998342365 5.9780680019066494
leaf_count=167 17 39 20 83
internal_value=0.0141981 0.0137209 0.00604166 0.00460371
internal_weight=17.4758 14.7571 8.86113 6.79457
internal_count=326 309 270 250
is_linear=0
shrinkage=0.1


Tree=1402
num_leaves=3
num_cat=0
split_feature=2 3
split_gain=0.0206768 0.0107916
threshold=6.5000000000000009 6.5000000000000009
decision_type=2 2
left_child=1 -1
right_child=-2 -3
leaf_value=-0.00045452529745208234 0.019372080949683689 0.012753104317197792
leaf_weight=0.86948986088768299 5.1478802723577246 2.1442926182644442
leaf_count=250 44 32
internal_value=0.0155209 0.00894264
internal_weight=8.16166 3.01378
internal_count=326 282
is_linear=0
shrinkage=0.1


Tree=1403
num_leaves=5
num_cat=0
split_feature=2 3 3 3
split_gain=0.000575796 0.000690054 0.0610998 2.40605e-07
threshold=7.5000000000000009 7.5000000000000009 6.5000000000000009 5.5000000000000009
decision_type=2 2 2 2
left_child=1 2 3 -1
right_child=-2 -3 -4 -5
leaf_value=-0.089460433489742322 0.022064173794452732 0.02020063194600516 0.018297120025158844 -0.088982441277258503
leaf_weight=0.038527232845808834 0.55409258604049672 0.7750164121389389 0.81734775404402171 0.014492055271375648
leaf_count=138 2 3 49 134
internal_value=0.019276 0.0183371 0.0163936 -0.0893298
internal_weight=2.19948 1.64538 0.870367 0.0530193
internal_count=326 324 321 272
is_linear=0
shrinkage=0.1


Tree=1404
num_leaves=2
num_cat=0
split_feature=0
split_gain=7.55376e-05
threshold=4.5000000000000009
decision_type=2
left_child=-1
right_child=-2
leaf_value=0.0036828526874611578 0.0048842699296942384
leaf_weight=1.0419529713690283 1.0514089675516514
leaf_count=81 245
internal_value=0.00428627
internal_weight=2.09336
internal_count=326
is_linear=0
shrinkage=0.1


Tree=1405
num_leaves=1
num_cat=0
split_feature=
split_gain=
threshold=
decision_type=
left_child=
right_child=
leaf_value=0
leaf_weight=
leaf_count=326
internal_value=
internal_weight=
internal_count=
is_linear=0
shrinkage=1


Tree=1406
num_leaves=2
num_cat=0
split_feature=1
split_gain=0.0010687
threshold=2.5000000000000004
decision_type=2
left_child=-1
right_child=-2
leaf_value=5.5554031087704016e-05 0.002023415559387723
leaf_weight=3.2975915446877506 16.919552766474226
leaf_count=19 307
internal_value=0.00170244
internal_weight=20.2171
internal_count=326
is_linear=0
shrinkage=0.1


Tree=1407
num_leaves=3
num_cat=0
split_feature=1 1
split_gain=0.00476236 3.09687e-07
threshold=2.5000000000000004 3.5000000000000004
decision_type=2 2
left_child=-1 -2
right_child=1 -3
leaf_value=-0.00070839003567521423 0.0033285259242992224 0.0033512986344581726
leaf_weight=3.1716602221131316 7.7799119949340811 25.692424847991788
leaf_count=19 37 270
internal_value=0.00299508 0.00334601
internal_weight=36.644 33.4723
internal_count=326 307
is_linear=0
shrinkage=0.1


Tree=1408
num_leaves=2
num_cat=0
split_feature=1
split_gain=0.0136939
threshold=3.5000000000000004
decision_type=2
left_child=-1
right_child=-2
leaf_value=-0.0015010290043878112 0.0063379350271242953
leaf_weight=2.3708183102135072 37.118612982274499
leaf_count=56 270
internal_value=0.00586731
internal_weight=39.4894
internal_count=326
is_linear=0
shrinkage=0.1


Tree=1409
num_leaves=5
num_cat=0
split_feature=1 3 0 0
split_gain=0.00155814 0.0497779 0.0425485 0.0103335
threshold=6.5000000000000009 6.5000000000000009 5.5000000000000009 6.5000000000000009
decision_type=2 2 2 2
left_child=1 2 -1 -4
right_child=-2 -3 3 -5
leaf_value=-0.0038654554110022507 0.010329773119116748 0.0095315610997745558 0.0036756552900432424 0.0070066077863612996
leaf_weight=4.6883688835732817 7.9344866406172505 6.4581140456721178 9.3134899791330081 6.1833648420870295
leaf_count=141 55 36 64 30
internal_value=0.00909968 0.00873335 0.00448165 0.00700661
internal_weight=34.5778 26.6433 20.1852 15.4969
internal_count=326 271 235 94
is_linear=0
shrinkage=0.1


Tree=1410
num_leaves=5
num_cat=0
split_feature=3 0 0 2
split_gain=0.00255921 0.0206893 0.00454744 0.000232356
threshold=6.5000000000000009 7.5000000000000009 6.5000000000000009 6.5000000000000009
decision_type=2 2 2 2
left_child=1 2 -1 -2
right_child=3 -3 -4 -5
leaf_value=0.00025842719391177448 0.014976720047237775 0.014120834257954308 0.0084917167724614072 0.015948522322731244
leaf_weight=1.0752594297755431 6.356871547177434 4.2427689377218485 1.7836276216548868 4.013880655169487
leaf_count=220 32 24 28 22
internal_value=0.0143513 0.0128888 0.00539508 0.0153528
internal_weight=17.4724 7.10166 2.85889 10.3708
internal_count=326 272 248 54
is_linear=0
shrinkage=0.1


Tree=1411
num_leaves=3
num_cat=0
split_feature=2 3
split_gain=0.0181474 0.00871
threshold=6.5000000000000009 6.5000000000000009
decision_type=2 2
left_child=1 -1
right_child=-2 -3
leaf_value=0.00076276790107457034 0.019021070992549585 0.012658065056976748
leaf_weight=0.86290280661580743 5.1521363436477259 2.1474498771131039
leaf_count=250 44 32
internal_value=0.0154169 0.00924834
internal_weight=8.16249 3.01035
internal_count=326 282
is_linear=0
shrinkage=0.1


Tree=1412
num_leaves=3
num_cat=0
split_feature=2 3
split_gain=0.000432785 0.00051917
threshold=7.5000000000000009 7.5000000000000009
decision_type=2 2
left_child=1 -1
right_child=-2 -3
leaf_value=0.016787545726106242 0.021709767584488452 0.020093961374647848
leaf_weight=0.86694360217211419 0.55435287952423085 0.77470244467258453
leaf_count=321 2 3
internal_value=0.0192939 0.0184782
internal_weight=2.196 1.64165
internal_count=326 324
is_linear=0
shrinkage=0.1


Tree=1413
num_leaves=2
num_cat=0
split_feature=0
split_gain=8.80078e-05
threshold=4.5000000000000009
decision_type=2
left_child=-1
right_child=-2
leaf_value=0.0034836813079027946 0.0047795121144905374
leaf_weight=1.043969826307148 1.0525156053272438
leaf_count=81 245
internal_value=0.00413424
internal_weight=2.09649
internal_count=326
is_linear=0
shrinkage=0.1


Tree=1414
num_leaves=1
num_cat=0
split_feature=
split_gain=
threshold=
decision_type=
left_child=
right_child=
leaf_value=0
leaf_weight=
leaf_count=326
internal_value=
internal_weight=
internal_count=
is_linear=0
shrinkage=1


Tree=1415
num_leaves=2
num_cat=0
split_feature=1
split_gain=0.00121618
threshold=2.5000000000000004
decision_type=2
left_child=-1
right_child=-2
leaf_value=3.7778748776203587e-05 0.0021371065642402944
leaf_weight=3.2980659343302277 16.900284707473475
leaf_count=19 307
internal_value=0.00179432
internal_weight=20.1984
internal_count=326
is_linear=0
shrinkage=0.1


Tree=1416
num_leaves=3
num_cat=0
split_feature=2 1
split_gain=0.00480536 0.00974618
threshold=3.5000000000000004 2.5000000000000004
decision_type=2 2
left_child=-1 -2
right_child=1 -3
leaf_value=-0.00085252579205382999 0.0012580109522187203 0.0040650323357146979
leaf_weight=2.9317274391651145 2.272656947374343 31.411655658128439
leaf_count=24 9 293
internal_value=0.00303058 0.00336855
internal_weight=36.616 33.6843
internal_count=326 302
is_linear=0
shrinkage=0.1


Tree=1417
num_leaves=2
num_cat=0
split_feature=1
split_gain=0.0119339
threshold=3.5000000000000004
decision_type=2
left_child=-1
right_child=-2
leaf_value=-0.0011968292034583586 0.0061268057558229146
leaf_weight=2.3668935488967682 37.111700799840037
leaf_count=56 270
internal_value=0.00568773
internal_weight=39.4786
internal_count=326
is_linear=0
shrinkage=0.1


Tree=1418
num_leaves=3
num_cat=0
split_feature=3 1
split_gain=0.00158633 0.0254086
threshold=5.5000000000000009 5.5000000000000009
decision_type=2 2
left_child=-1 -2
right_child=1 -3
leaf_value=0.0076945706299737116 0.0086335143366276113 0.012697589578816632
leaf_weight=5.3164975776526253 12.28793323878199 16.943910197354853
leaf_count=138 81 107
internal_value=0.00928348 0.00957246
internal_weight=34.5483 29.2318
internal_count=326 188
is_linear=0
shrinkage=0.1


Tree=1419
num_leaves=5
num_cat=0
split_feature=3 0 0 2
split_gain=0.00234328 0.0187759 0.00391912 0.000516917
threshold=6.5000000000000009 7.5000000000000009 6.5000000000000009 6.5000000000000009
decision_type=2 2 2 2
left_child=1 2 -1 -2
right_child=3 -3 -4 -5
leaf_value=0.00079088910092085232 0.014517274190059574 0.013899249005399765 0.0084464781058855819 0.015967433549944083
leaf_weight=1.0694926408807541 6.3552727904170752 4.2508235462009907 1.7843849148484878 4.0083624571561813
leaf_count=220 32 24 28 22
internal_value=0.0141192 0.0127203 0.00557754 0.0150782
internal_weight=17.4683 7.1047 2.85388 10.3636
internal_count=326 272 248 54
is_linear=0
shrinkage=0.1


Tree=1420
num_leaves=5
num_cat=0
split_feature=2 1 0 3
split_gain=0.0166855 0.0224984 0.0298174 0.00358596
threshold=7.5000000000000009 7.5000000000000009 8.5000000000000018 6.5000000000000009
decision_type=2 2 2 2
left_child=1 2 3 -1
right_child=-2 -3 -4 -5
leaf_value=0.0018123868685649578 0.032220540009575693 0.021964643939479798 0.016156739574294674 0.0078948412319487776
leaf_weight=1.371848864755236 0.54514545202255238 2.465960512534366 0.47455862164497364 3.3030074607813731
leaf_count=260 2 17 3 44
internal_value=0.01532 0.0141102 0.0103488 0.00610993
internal_weight=8.16052 7.61538 5.14941 4.67486
internal_count=326 324 307 304
is_linear=0
shrinkage=0.1


Tree=1421
num_leaves=3
num_cat=0
split_feature=2 3
split_gain=0.000380355 0.000492016
threshold=7.5000000000000009 7.5000000000000009
decision_type=2 2
left_child=1 -1
right_child=-2 -3
leaf_value=0.016694917088544262 0.021373395092139497 0.01985891696604164
leaf_weight=0.86769956617786215 0.55459642410278309 0.77435381710529327
leaf_count=321 2 3
internal_value=0.0191092 0.0183444
internal_weight=2.19665 1.64205
internal_count=326 324
is_linear=0
shrinkage=0.1


Tree=1422
num_leaves=2
num_cat=0
split_feature=0
split_gain=0.000109842
threshold=4.5000000000000009
decision_type=2
left_child=-1
right_child=-2
leaf_value=0.0033359250967621213 0.0047831230307301079
leaf_weight=1.0454511120915415 1.0524159261158272
leaf_count=81 245
internal_value=0.00406193
internal_weight=2.09787
internal_count=326
is_linear=0
shrinkage=0.1


Tree=1423
num_leaves=1
num_cat=0
split_feature=
split_gain=
threshold=
decision_type=
left_child=
right_child=
leaf_value=0
leaf_weight=
leaf_count=326
internal_value=
internal_weight=
internal_count=
is_linear=0
shrinkage=1


Tree=1424
num_leaves=2
num_cat=0
split_feature=1
split_gain=0.00133609
threshold=2.5000000000000004
decision_type=2
left_child=-1
right_child=-2
leaf_value=6.8694516818329902e-05 0.0022695604099898241
leaf_weight=3.2973294518888023 16.874429371437145
leaf_count=19 307
internal_value=0.0019098
internal_weight=20.1718
internal_count=326
is_linear=0
shrinkage=0.1


Tree=1425
num_leaves=3
num_cat=0
split_feature=1 1
split_gain=0.00489815 0.000216978
threshold=2.5000000000000004 3.5000000000000004
decision_type=2 2
left_child=-1 -2
right_child=1 -3
leaf_value=-0.00068390757877948266 0.0029661709995301407 0.0035693954368578272
leaf_weight=3.1703225448727599 7.7707768380641928 25.630253413648461
leaf_count=19 37 270
internal_value=0.00307251 0.00342905
internal_weight=36.5714 33.401
internal_count=326 307
is_linear=0
shrinkage=0.1


Tree=1426
num_leaves=2
num_cat=0
split_feature=1
split_gain=0.0106236
threshold=3.5000000000000004
decision_type=2
left_child=-1
right_child=-2
leaf_value=-0.00073841474453882248 0.0061786197534353642
leaf_weight=2.3618810208281493 37.068262751912698
leaf_count=56 270
internal_value=0.00576429
internal_weight=39.4301
internal_count=326
is_linear=0
shrinkage=0.1


Tree=1427
num_leaves=4
num_cat=0
split_feature=3 0 1
split_gain=0.00142979 0.0457784 0.0245291
threshold=5.5000000000000009 6.5000000000000009 5.5000000000000009
decision_type=2 2 2
left_child=1 -1 -2
right_child=2 -3 -4
leaf_value=-0.0056806866700244603 0.0084240836733865485 0.0084240836733865485 0.012409724268656665
leaf_weight=2.3223059121410179 12.288476114161314 2.9957117848098278 16.90144713036716
leaf_count=123 81 15 107
internal_value=0.00904074 0.00753268 0.00931549
internal_weight=34.5079 5.31802 29.1899
internal_count=326 138 188
is_linear=0
shrinkage=0.1


Tree=1428
num_leaves=5
num_cat=0
split_feature=1 2 1 2
split_gain=0.00183461 0.0705662 0.00627881 0.00239057
threshold=7.5000000000000009 6.5000000000000009 6.5000000000000009 5.5000000000000009
decision_type=2 2 2 2
left_child=1 2 3 -1
right_child=-2 -3 -4 -5
leaf_value=-0.00070749758381311891 0.016359653374954659 0.014945909024558841 0.010389942883782633 0.005058270404238634
leaf_weight=0.81751879517878645 2.7180595742538562 5.8818372720852485 2.063384500797838 5.9729800236564188
leaf_count=167 17 39 20 83
internal_value=0.0139725 0.0135322 0.00583398 0.00436412
internal_weight=17.4538 14.7357 8.85388 6.7905
internal_count=326 309 270 250
is_linear=0
shrinkage=0.1


Tree=1429
num_leaves=3
num_cat=0
split_feature=2 3
split_gain=0.0171892 0.00837188
threshold=6.5000000000000009 6.5000000000000009
decision_type=2 2
left_child=1 -1
right_child=-2 -3
leaf_value=0.0011214463746333915 0.018974070194546586 0.012799188661485198
leaf_weight=0.86025442040134725 5.1479307141853496 2.1438311468809843
leaf_count=250 44 32
internal_value=0.0154663 0.00945513
internal_weight=8.15202 3.00409
internal_count=326 282
is_linear=0
shrinkage=0.1


Tree=1430
num_leaves=3
num_cat=0
split_feature=2 3
split_gain=0.000610207 0.000584179
threshold=7.5000000000000009 7.5000000000000009
decision_type=2 2
left_child=1 -1
right_child=-2 -3
leaf_value=0.016351125640991563 0.0219665786128075 0.02004807508922414
leaf_weight=0.87020188347469252 0.55416464805603016 0.77397248148918152
leaf_count=321 2 3
internal_value=0.0190968 0.0181296
internal_weight=2.19834 1.64417
internal_count=326 324
is_linear=0
shrinkage=0.1


Tree=1431
num_leaves=2
num_cat=0
split_feature=0
split_gain=0.00013154
threshold=4.5000000000000009
decision_type=2
left_child=-1
right_child=-2
leaf_value=0.0031796871797633896 0.0047627223733492027
leaf_weight=1.0470262572634967 1.0525887919829982
leaf_count=81 245
internal_value=0.0039733
internal_weight=2.09962
internal_count=326
is_linear=0
shrinkage=0.1


Tree=1432
num_leaves=1
num_cat=0
split_feature=
split_gain=
threshold=
decision_type=
left_child=
right_child=
leaf_value=0
leaf_weight=
leaf_count=326
internal_value=
internal_weight=
internal_count=
is_linear=0
shrinkage=1


Tree=1433
num_leaves=2
num_cat=0
split_feature=1
split_gain=0.00147496
threshold=2.5000000000000004
decision_type=2
left_child=-1
right_child=-2
leaf_value=6.0916136793294246e-05 0.0023735021935164342
leaf_weight=3.2974946163594749 16.855162413590733
leaf_count=19 307
internal_value=0.0019951
internal_weight=20.1527
internal_count=326
is_linear=0
shrinkage=0.1


Tree=1434
num_leaves=3
num_cat=0
split_feature=1 1
split_gain=0.00485206 0.000454152
threshold=2.5000000000000004 3.5000000000000004
decision_type=2 2
left_child=-1 -2
right_child=1 -3
leaf_value=-0.000601417398247666 0.0028231936637097355 0.0036961118060484417
leaf_weight=3.1694390624761573 7.7691114097833625 25.596739252650877
leaf_count=19 37 270
internal_value=0.00313768 0.00349286
internal_weight=36.5353 33.3659
internal_count=326 307
is_linear=0
shrinkage=0.1


Tree=1435
num_leaves=3
num_cat=0
split_feature=3 1
split_gain=0.00236093 2.48223
threshold=5.5000000000000009 4.5000000000000009
decision_type=2 2
left_child=1 -1
right_child=-2 -3
leaf_value=-0.07183235538303516 0.0064266339322705136 0.0056458762635216084
leaf_weight=4.1368045520503101 22.238227421359625 13.012741742655633
leaf_count=71 188 67
internal_value=0.00574675 0.00486512
internal_weight=39.3878 17.1495
internal_count=326 138
is_linear=0
shrinkage=0.1


Tree=1436
num_leaves=5
num_cat=0
split_feature=1 3 0 0
split_gain=0.00168127 0.051338 0.0399811 0.0106154
threshold=6.5000000000000009 6.5000000000000009 5.5000000000000009 6.5000000000000009
decision_type=2 2 2 2
left_child=1 2 -1 -4
right_child=-2 -3 3 -5
leaf_value=-0.0039628777514923363 0.010103253278611184 0.0092721683225455015 0.0033176490066350625 0.0067023497388850814
leaf_weight=4.6817564144912529 7.8925415985286227 6.4473128747194997 9.284302323125301 6.1633891351521006
leaf_count=141 55 36 64 30
internal_value=0.00882168 0.00844108 0.00413253 0.00658602
internal_weight=34.4693 26.5768 20.1294 15.4477
internal_count=326 271 235 94
is_linear=0
shrinkage=0.1


Tree=1437
num_leaves=5
num_cat=0
split_feature=3 2 2 1
split_gain=0.00220585 0.000378454 0.000207868 0.0123952
threshold=6.5000000000000009 6.5000000000000009 6.5000000000000009 7.5000000000000009
decision_type=2 2 2 2
left_child=2 -2 3 -1
right_child=1 -3 -4 -5
leaf_value=0.0069581890849601509 0.014576803213172793 0.01581854833070492 0.013522331820790136 0.012950760760367348
leaf_weight=3.4942941467415958 6.3577688336372375 3.9977434873580933 2.4080748436972499 1.1920623998157678
leaf_count=242 32 22 22 8
internal_value=0.0141256 0.0150562 0.0127672 0.0123792
internal_weight=17.4499 10.3555 7.09443 4.68636
internal_count=326 54 272 250
is_linear=0
shrinkage=0.1


Tree=1438
num_leaves=3
num_cat=0
split_feature=0 0
split_gain=0.0161831 0.0011381
threshold=7.5000000000000009 6.5000000000000009
decision_type=2 2
left_child=1 -1
right_child=-2 -3
leaf_value=0.005021341152220824 0.017818230715934191 0.0098832811368321869
leaf_weight=1.0106576532956948 6.2237577319756383 0.91948962555443348
leaf_count=247 39 40
internal_value=0.0153373 0.00733749
internal_weight=8.15391 1.93015
internal_count=326 287
is_linear=0
shrinkage=0.1


Tree=1439
num_leaves=3
num_cat=0
split_feature=2 3
split_gain=0.000535052 0.000560674
threshold=7.5000000000000009 7.5000000000000009
decision_type=2 2
left_child=1 -1
right_child=-2 -3
leaf_value=0.016253090771675062 0.021588684123532872 0.019792603416980054
leaf_weight=0.87101166412617226 0.5544409155845641 0.77361960709095001
leaf_count=321 2 3
internal_value=0.0189022 0.0179965
internal_weight=2.19907 1.64463
internal_count=326 324
is_linear=0
shrinkage=0.1


Tree=1440
num_leaves=2
num_cat=0
split_feature=0
split_gain=8.88354e-05
threshold=4.5000000000000009
decision_type=2
left_child=-1
right_child=-2
leaf_value=0.0030211396404368979 0.0043200865962607377
leaf_weight=1.0486536945682021 1.057405159823247
leaf_count=81 245
internal_value=0.00367331
internal_weight=2.10606
internal_count=326
is_linear=0
shrinkage=0.1


Tree=1441
num_leaves=1
num_cat=0
split_feature=
split_gain=
threshold=
decision_type=
left_child=
right_child=
leaf_value=0
leaf_weight=
leaf_count=326
internal_value=
internal_weight=
internal_count=
is_linear=0
shrinkage=1


Tree=1442
num_leaves=3
num_cat=0
split_feature=0 1
split_gain=0.00126467 0.00951481
threshold=2.5000000000000004 2.5000000000000004
decision_type=2 2
left_child=-1 -2
right_child=1 -3
leaf_value=-0.00067945790676890016 0.00069225711225627247 0.0034793967477391289
leaf_weight=1.8499320298433328 1.6386654004454637 16.687443463786622
leaf_count=12 8 306
internal_value=0.00181243 0.00206397
internal_weight=20.176 18.3261
internal_count=326 314
is_linear=0
shrinkage=0.1


Tree=1443
num_leaves=3
num_cat=0
split_feature=2 1
split_gain=0.0041625 0.00867222
threshold=3.5000000000000004 2.5000000000000004
decision_type=2 2
left_child=-1 -2
right_child=1 -3
leaf_value=-0.00093493591011918143 0.0010289790946248806 0.0036561741323076283
leaf_weight=2.9333998262882224 2.2717716544866553 31.355785255509545
leaf_count=24 9 293
internal_value=0.00267775 0.00299289
internal_weight=36.561 33.6276
internal_count=326 302
is_linear=0
shrinkage=0.1


Tree=1444
num_leaves=2
num_cat=0
split_feature=1
split_gain=0.00773772
threshold=3.5000000000000004
decision_type=2
left_child=-1
right_child=-2
leaf_value=0.00069511034699574787 0.0066260199129904579
leaf_weight=2.3387631829245938 37.004273737664334
leaf_count=56 270
internal_value=0.00627345
internal_weight=39.343
internal_count=326
is_linear=0
shrinkage=0.1


Tree=1445
num_leaves=4
num_cat=0
split_feature=3 0 1
split_gain=0.00142876 0.043396 0.0238193
threshold=5.5000000000000009 6.5000000000000009 5.5000000000000009
decision_type=2 2 2
left_child=1 -1 -2
right_child=2 -3 -4
leaf_value=-0.0053854900817987984 0.0083669920517559209 0.0083669920517559209 0.012304200139397918
leaf_weight=2.3168231806121176 12.280615536496045 2.9921228550374508 16.86093976162374
leaf_count=123 81 15 107
internal_value=0.00898396 0.00747515 0.00925883
internal_weight=34.4505 5.30895 29.1416
internal_count=326 138 188
is_linear=0
shrinkage=0.1


Tree=1446
num_leaves=5
num_cat=0
split_feature=3 0 0 2
split_gain=0.0017811 0.0166693 0.00354794 0.000494518
threshold=6.5000000000000009 7.5000000000000009 6.5000000000000009 6.5000000000000009
decision_type=2 2 2 2
left_child=1 2 -1 -2
right_child=3 -3 -4 -5
leaf_value=0.0013136914769183458 0.014189808804775684 0.013709092156833273 0.0086127643304266654 0.015610443965392781
leaf_weight=1.0636120875046808 6.3553513344377279 4.2548456415534019 1.7811827688710764 3.9877511411905289
leaf_count=220 32 24 28 22
internal_value=0.0139003 0.0126807 0.00588379 0.0147375
internal_weight=17.4427 7.09964 2.84479 10.3431
internal_count=326 272 248 54
is_linear=0
shrinkage=0.1


Tree=1447
num_leaves=4
num_cat=0
split_feature=1 3 1
split_gain=0.0166664 0.0548744 0.0443064
threshold=5.5000000000000009 6.5000000000000009 7.5000000000000009
decision_type=2 2 2
left_child=-1 2 -2
right_child=1 -3 -4
leaf_value=-0.0003981092567892683 0.0080689074618547716 0.022331246875882907 0.015200077168868837
leaf_weight=0.62988668577082751 1.0857354037682398 5.3472911734133959 1.0850235860561952
leaf_count=184 92 39 11
internal_value=0.0152268 0.0165359 0.00806891
internal_weight=8.14794 7.51805 2.17076
internal_count=326 142 103
is_linear=0
shrinkage=0.1


Tree=1448
num_leaves=3
num_cat=0
split_feature=2 3
split_gain=0.000469708 0.000531018
threshold=7.5000000000000009 7.5000000000000009
decision_type=2 2
left_child=1 -1
right_child=-2 -3
leaf_value=0.016117399805787573 0.021180562681390906 0.019498136826748724
leaf_weight=0.87205938085116963 0.55473452806472767 0.7731700986623764
leaf_count=321 2 3
internal_value=0.0186642 0.0178157
internal_weight=2.19996 1.64523
internal_count=326 324
is_linear=0
shrinkage=0.1


Tree=1449
num_leaves=2
num_cat=0
split_feature=0
split_gain=0.000109742
threshold=4.5000000000000009
decision_type=2
left_child=-1
right_child=-2
leaf_value=0.0029307795996175185 0.0043744224788440618
leaf_weight=1.0495385571848603 1.0567508855228878
leaf_count=81 245
internal_value=0.00365507
internal_weight=2.10629
internal_count=326
is_linear=0
shrinkage=0.1


Tree=1450
num_leaves=1
num_cat=0
split_feature=
split_gain=
threshold=
decision_type=
left_child=
right_child=
leaf_value=0
leaf_weight=
leaf_count=326
internal_value=
internal_weight=
internal_count=
is_linear=0
shrinkage=1


Tree=1451
num_leaves=3
num_cat=0
split_feature=0 1
split_gain=0.00120029 0.0093712
threshold=2.5000000000000004 2.5000000000000004
decision_type=2 2
left_child=-1 -2
right_child=1 -3
leaf_value=-0.00061088567956659118 0.00072580873561223181 0.0034792614629750532
leaf_weight=1.8489642515778566 1.6384751908481145 16.677080366611335
leaf_count=12 8 306
internal_value=0.00181737 0.0020625
internal_weight=20.1645 18.3156
internal_count=326 314
is_linear=0
shrinkage=0.1


Tree=1452
num_leaves=3
num_cat=0
split_feature=2 1
split_gain=0.00392298 0.00866752
threshold=3.5000000000000004 2.5000000000000004
decision_type=2 2
left_child=-1 -2
right_child=1 -3
leaf_value=-0.00072480121723281059 0.0011833595106726335 0.003766556734181933
leaf_weight=2.9284032285213462 2.271377094089984 31.316226235547219
leaf_count=24 9 293
internal_value=0.00278547 0.00309152
internal_weight=36.516 33.5876
internal_count=326 302
is_linear=0
shrinkage=0.1


Tree=1453
num_leaves=3
num_cat=0
split_feature=2 3
split_gain=0.000441346 0.00258257
threshold=4.5000000000000009 5.5000000000000009
decision_type=2 2
left_child=-1 -2
right_child=1 -3
leaf_value=0.0052616423612481568 0.0058078919606264039 0.0070914421524200348
leaf_weight=4.1322089986060737 13.123758396133779 22.045338624331634
leaf_count=77 68 181
internal_value=0.00623927 0.00635414
internal_weight=39.3013 35.1691
internal_count=326 249
is_linear=0
shrinkage=0.1


Tree=1454
num_leaves=5
num_cat=0
split_feature=1 3 0 0
split_gain=0.00143401 0.0519731 0.0359245 0.011018
threshold=6.5000000000000009 6.5000000000000009 5.5000000000000009 6.5000000000000009
decision_type=2 2 2 2
left_child=1 2 -1 -4
right_child=-2 -3 3 -5
leaf_value=-0.003541717641223015 0.010064528144211731 0.0092956803259484112 0.0032533511707980682 0.0067155377242198461
leaf_weight=4.6773730362365376 7.8614938147366038 6.4288072604686013 9.2741502011194807 6.155363153666257
leaf_count=141 55 36 64 30
internal_value=0.00887827 0.00852683 0.0041354 0.00646267
internal_weight=34.3972 26.5357 20.1069 15.4295
internal_count=326 271 235 94
is_linear=0
shrinkage=0.1


Tree=1455
num_leaves=5
num_cat=0
split_feature=1 3 2 2
split_gain=0.00235577 0.0793392 0.0634498 0.00257466
threshold=6.5000000000000009 6.5000000000000009 6.5000000000000009 5.5000000000000009
decision_type=2 2 2 2
left_child=2 -2 3 -1
right_child=1 -3 -4 -5
leaf_value=-0.00099459731278535714 0.014036500585049247 0.028777724662319211 0.014036500585049247 0.0049868784564753334
leaf_weight=0.81830603820299241 4.0126511415000996 3.6996741890907288 2.9372145822271705 5.9670547380010248
leaf_count=167 37 18 21 83
internal_value=0.0139016 0.0152067 0.0128663 0.00426552
internal_weight=17.4349 7.71233 9.72258 6.78536
internal_count=326 55 271 250
is_linear=0
shrinkage=0.1


Tree=1456
num_leaves=4
num_cat=0
split_feature=2 3 3
split_gain=0.0173985 0.00674292 0.0660839
threshold=6.5000000000000009 6.5000000000000009 5.5000000000000009
decision_type=2 2 2
left_child=1 2 -1
right_child=-2 -3 -4
leaf_value=-0.09438405474624699 0.018442976651328501 0.011862995616486752 0.0066233574098467562
leaf_weight=0.067083929040919421 5.1477842193562537 2.1526839871658012 0.79197454687118807
leaf_count=135 44 32 115
internal_value=0.014911 0.00887392 0.00138372
internal_weight=8.15953 3.01174 0.859058
internal_count=326 282 250
is_linear=0
shrinkage=0.1


Tree=1457
num_leaves=3
num_cat=0
split_feature=2 3
split_gain=0.000436323 0.000537879
threshold=7.5000000000000009 7.5000000000000009
decision_type=2 2
left_child=1 -1
right_child=-2 -3
leaf_value=0.016159700967663872 0.02111728010604599 0.019495801034754064
leaf_weight=0.87195947270265628 0.55477958917617787 0.77331188321113586
leaf_count=321 2 3
internal_value=0.0186921 0.0178743
internal_weight=2.20005 1.64527
internal_count=326 324
is_linear=0
shrinkage=0.1


Tree=1458
num_leaves=2
num_cat=0
split_feature=0
split_gain=0.11105
threshold=2.5000000000000004
decision_type=2
left_child=-1
right_child=-2
leaf_value=-0.090146094976667701 0.0092296285150033058
leaf_weight=0.11919155484065447 1.9879886534608884
leaf_count=12 314
internal_value=0.00360849
internal_weight=2.10718
internal_count=326
is_linear=0
shrinkage=0.1


Tree=1459
num_leaves=1
num_cat=0
split_feature=
split_gain=
threshold=
decision_type=
left_child=
right_child=
leaf_value=0
leaf_weight=
leaf_count=326
internal_value=
internal_weight=
internal_count=
is_linear=0
shrinkage=1


Tree=1460
num_leaves=3
num_cat=0
split_feature=0 1
split_gain=0.00112686 0.00917157
threshold=2.5000000000000004 2.5000000000000004
decision_type=2 2
left_child=-1 -2
right_child=1 -3
leaf_value=-0.00054477193232955546 0.00075071592854777328 0.0034608822878592449
leaf_weight=1.8480251878500009 1.6381335556507135 16.670152458988014
leaf_count=12 8 306
internal_value=0.00180865 0.0020462
internal_weight=20.1563 18.3083
internal_count=326 314
is_linear=0
shrinkage=0.1


Tree=1461
num_leaves=3
num_cat=0
split_feature=1 1
split_gain=0.00396128 0.000560875
threshold=2.5000000000000004 3.5000000000000004
decision_type=2 2
left_child=-1 -2
right_child=1 -3
leaf_value=-0.00054248003175981355 0.0024136024161897328 0.0033845963136982663
leaf_weight=3.1665528789162627 7.752608433365821 25.568431499719736
leaf_count=19 37 270
internal_value=0.00283748 0.00315868
internal_weight=36.4876 33.321
internal_count=326 307
is_linear=0
shrinkage=0.1


Tree=1462
num_leaves=3
num_cat=0
split_feature=2 3
split_gain=0.000406433 0.00222134
threshold=4.5000000000000009 5.5000000000000009
decision_type=2 2
left_child=-1 -2
right_child=1 -3
leaf_value=0.005063720855282409 0.0055876158091374252 0.0067895945311142918
leaf_weight=4.1375297621416385 13.114885019138454 22.056997255189344
leaf_count=77 68 181
internal_value=0.00600123 0.00611151
internal_weight=39.3094 35.1719
internal_count=326 249
is_linear=0
shrinkage=0.1


Tree=1463
num_leaves=3
num_cat=0
split_feature=1 3
split_gain=0.00142129 0.0489964
threshold=6.5000000000000009 6.5000000000000009
decision_type=2 2
left_child=1 -1
right_child=-2 -3
leaf_value=0.0044571212730672169 0.010237583783827988 0.0094714135245364331
leaf_weight=20.106568353319748 7.8416048381477585 6.4315623668953767
leaf_count=235 55 36
internal_value=0.00905475 0.00870524
internal_weight=34.3797 26.5381
internal_count=326 271
is_linear=0
shrinkage=0.1


Tree=1464
num_leaves=5
num_cat=0
split_feature=3 2 1 2
split_gain=0.00172926 0.000308133 0.000126367 0.0140815
threshold=6.5000000000000009 6.5000000000000009 5.5000000000000009 6.5000000000000009
decision_type=2 2 2 2
left_child=2 -2 -1 -4
right_child=1 -3 3 -5
leaf_value=0.011289832244597231 0.014048366286540208 0.015170582297412702 0.011948163498002049 0.013467005863598251
leaf_weight=0.82465127374575864 6.3560885284096003 3.9780500158667564 4.2391723132168408 2.0403461884707212
leaf_count=169 32 22 84 19
internal_value=0.0136547 0.0144804 0.0124537 0.0126065
internal_weight=17.4383 10.3341 7.10417 6.27952
internal_count=326 54 272 103
is_linear=0
shrinkage=0.1


Tree=1465
num_leaves=3
num_cat=0
split_feature=0 0
split_gain=0.0161381 0.0011391
threshold=7.5000000000000009 6.5000000000000009
decision_type=2 2
left_child=1 -1
right_child=-2 -3
leaf_value=0.0048332685710819698 0.017608844265553706 0.0096931189437664111
leaf_weight=1.0125245733920989 6.2162875842041103 0.92100264929626963
leaf_count=247 39 40
internal_value=0.0151271 0.00714818
internal_weight=8.14981 1.93353
internal_count=326 287
is_linear=0
shrinkage=0.1


Tree=1466
num_leaves=4
num_cat=0
split_feature=2 3 1
split_gain=0.000357166 0.000418537 0.244093
threshold=7.5000000000000009 7.5000000000000009 6.5000000000000009
decision_type=2 2 2
left_child=1 2 -1
right_child=-2 -3 -4
leaf_value=-0.090936609156037851 0.021067111934514007 0.019599761171490079 0.018109422034934319
leaf_weight=0.20543689774422114 0.55481523275375355 0.77313549816608429 0.66363737789924926
leaf_count=270 2 3 51
internal_value=0.0188735 0.0181324 0.0166191
internal_weight=2.19703 1.64221 0.869074
internal_count=326 324 321
is_linear=0
shrinkage=0.1


Tree=1467
num_leaves=2
num_cat=0
split_feature=0
split_gain=2.69719e-05
threshold=4.5000000000000009
decision_type=2
left_child=-1
right_child=-2
leaf_value=0.0031861134921528731 0.0039015190829286084
leaf_weight=1.04618945135735 1.0619113219436256
leaf_count=81 245
internal_value=0.00354648
internal_weight=2.1081
internal_count=326
is_linear=0
shrinkage=0.1


Tree=1468
num_leaves=1
num_cat=0
split_feature=
split_gain=
threshold=
decision_type=
left_child=
right_child=
leaf_value=0
leaf_weight=
leaf_count=326
internal_value=
internal_weight=
internal_count=
is_linear=0
shrinkage=1


Tree=1469
num_leaves=3
num_cat=0
split_feature=0 1
split_gain=0.00115555 0.00921726
threshold=2.5000000000000004 2.5000000000000004
decision_type=2 2
left_child=-1 -2
right_child=1 -3
leaf_value=-0.00059058722329920655 0.00072110909778331795 0.0034451644932100424
leaf_weight=1.8486228957772279 1.6377814523875738 16.66520598250645
leaf_count=12 8 306
internal_value=0.00179215 0.00203281
internal_weight=20.1516 18.303
internal_count=326 314
is_linear=0
shrinkage=0.1


Tree=1470
num_leaves=3
num_cat=0
split_feature=1 1
split_gain=0.00406291 0.000671202
threshold=2.5000000000000004 3.5000000000000004
decision_type=2 2
left_child=-1 -2
right_child=1 -3
leaf_value=-0.00048088195913898314 0.0024532130867187456 0.0035155814140022967
leaf_weight=3.1653884574770919 7.7520769834518424 25.54132278697216
leaf_count=19 37 270
internal_value=0.00294272 0.00326822
internal_weight=36.4588 33.2934
internal_count=326 307
is_linear=0
shrinkage=0.1


Tree=1471
num_leaves=3
num_cat=0
split_feature=2 3
split_gain=0.000447807 0.00225296
threshold=4.5000000000000009 5.5000000000000009
decision_type=2 2
left_child=-1 -2
right_child=1 -3
leaf_value=0.0048768512334442793 0.0054264781531380623 0.0066525032108727677
leaf_weight=4.1425157015328287 13.107030721381305 22.054980447690468
leaf_count=77 68 181
internal_value=0.00586025 0.00597611
internal_weight=39.3045 35.162
internal_count=326 249
is_linear=0
shrinkage=0.1


Tree=1472
num_leaves=4
num_cat=0
split_feature=3 0 1
split_gain=0.00150458 0.0380862 0.0243688
threshold=5.5000000000000009 6.5000000000000009 5.5000000000000009
decision_type=2 2 2
left_child=1 -1 -2
right_child=2 -3 -4
leaf_value=-0.0043597778230105057 0.0085682319201172592 0.0085682319201172592 0.012562156881403075
leaf_weight=2.3053925119456826 12.272491775918754 2.9849983118474483 16.808932238258421
leaf_count=123 81 15 107
internal_value=0.00920274 0.00765153 0.00948493
internal_weight=34.3718 5.29039 29.0814
internal_count=326 138 188
is_linear=0
shrinkage=0.1


Tree=1473
num_leaves=5
num_cat=0
split_feature=3 0 0 2
split_gain=0.00171716 0.0159632 0.00312056 0.000308485
threshold=6.5000000000000009 7.5000000000000009 6.5000000000000009 6.5000000000000009
decision_type=2 2 2 2
left_child=1 2 -1 -2
right_child=3 -3 -4 -5
leaf_value=0.0011973553615670328 0.013708074285971095 0.013130700277894503 0.008034774815821176 0.014832031833798285
leaf_weight=1.0648735288898488 6.3539969362318516 4.2682949081063271 1.7887231904896908 3.9662186279892921
leaf_count=220 32 24 28 22
internal_value=0.0133158 0.0121214 0.00548326 0.01414
internal_weight=17.4421 7.12189 2.8536 10.3202
internal_count=326 272 248 54
is_linear=0
shrinkage=0.1


Tree=1474
num_leaves=5
num_cat=0
split_feature=2 1 0 3
split_gain=0.0164122 0.0215043 0.029272 0.00480189
threshold=7.5000000000000009 7.5000000000000009 8.5000000000000018 6.5000000000000009
decision_type=2 2 2 2
left_child=1 2 3 -1
right_child=-2 -3 -4 -5
leaf_value=0.00085473106616789003 0.031683326428251411 0.021421430202181881 0.015735414898656964 0.0078916268583112351
leaf_weight=1.3749691465888103 0.54568606615066517 2.4581786775379442 0.47414472699165333 3.2902566482080147
leaf_count=260 2 17 3 44
internal_value=0.014932 0.0137288 0.0100494 0.00581766
internal_weight=8.14324 7.59755 5.13937 4.66523
internal_count=326 324 307 304
is_linear=0
shrinkage=0.1


Tree=1475
num_leaves=3
num_cat=0
split_feature=0 2
split_gain=0.000100796 0.000143913
threshold=8.5000000000000018 7.5000000000000009
decision_type=2 2
left_child=1 -1
right_child=-2 -3
leaf_value=0.018647207457024039 0.021060420709548881 0.020168223862403373
leaf_weight=1.2395526174775571 0.38436512776388543 0.55508762598037709
leaf_count=319 5 2
internal_value=0.0195908 0.019276
internal_weight=2.17901 1.79464
internal_count=326 321
is_linear=0
shrinkage=0.1


Tree=1476
num_leaves=2
num_cat=0
split_feature=0
split_gain=4.42126e-05
threshold=4.5000000000000009
decision_type=2
left_child=-1
right_child=-2
leaf_value=0.0030784438959709269 0.0039943856709827056
leaf_weight=1.0472551237326118 1.0608325038792825
leaf_count=81 245
internal_value=0.00353936
internal_weight=2.10809
internal_count=326
is_linear=0
shrinkage=0.1


Tree=1477
num_leaves=1
num_cat=0
split_feature=
split_gain=
threshold=
decision_type=
left_child=
right_child=
leaf_value=0
leaf_weight=
leaf_count=326
internal_value=
internal_weight=
internal_count=
is_linear=0
shrinkage=1


Tree=1478
num_leaves=3
num_cat=0
split_feature=0 1
split_gain=0.00109874 0.00907995
threshold=2.5000000000000004 2.5000000000000004
decision_type=2 2
left_child=-1 -2
right_child=1 -3
leaf_value=-0.0005355944461113779 0.00074369940550636341 0.0034359323639746721
leaf_weight=1.8479189500212694 1.6375720277428651 16.658497729938972
leaf_count=12 8 306
internal_value=0.00178828 0.00202299
internal_weight=20.144 18.2961
internal_count=326 314
is_linear=0
shrinkage=0.1


Tree=1479
num_leaves=3
num_cat=0
split_feature=2 1
split_gain=0.00427219 0.00909259
threshold=3.5000000000000004 2.5000000000000004
decision_type=2 2
left_child=-1 -2
right_child=1 -3
leaf_value=-0.00061076533825636041 0.0013817011095753997 0.0040593927538748057
leaf_weight=2.9252971261739722 2.2690346911549559 31.228236231749179
leaf_count=24 9 293
internal_value=0.00305412 0.00337417
internal_weight=36.4226 33.4973
internal_count=326 302
is_linear=0
shrinkage=0.1


Tree=1480
num_leaves=3
num_cat=0
split_feature=2 3
split_gain=0.00060613 0.00315061
threshold=4.5000000000000009 5.5000000000000009
decision_type=2 2
left_child=-1 -2
right_child=1 -3
leaf_value=0.0047024528729636972 0.005341621206844986 0.0067846252208803963
leaf_weight=4.1471630207088301 13.098130788654087 22.021020435087848
leaf_count=77 68 181
internal_value=0.00584578 0.00598079
internal_weight=39.2663 35.1192
internal_count=326 249
is_linear=0
shrinkage=0.1


Tree=1481
num_leaves=5
num_cat=0
split_feature=1 3 2 0
split_gain=0.00129043 0.0495339 0.107463 0.211281
threshold=6.5000000000000009 6.5000000000000009 5.5000000000000009 6.5000000000000009
decision_type=2 2 2 2
left_child=1 2 3 -1
right_child=-2 -3 -4 -5
leaf_value=-0.021556699498583173 0.010163163336217765 0.0094320752633581945 0.0069139718849679614 0.00012815540082615763
leaf_weight=5.1321682607340398 7.8153361063450566 6.4192464891821137 13.562373532913623 1.3937718123197553
leaf_count=154 55 36 73 8
internal_value=0.00903393 0.00870099 0.00439587 -0.00665766
internal_weight=34.3229 26.5076 20.0883 6.52594
internal_count=326 271 235 162
is_linear=0
shrinkage=0.1


Tree=1482
num_leaves=5
num_cat=0
split_feature=1 3 2 2
split_gain=0.00206795 0.0743495 0.0603688 0.00237037
threshold=6.5000000000000009 6.5000000000000009 6.5000000000000009 5.5000000000000009
decision_type=2 2 2 2
left_child=2 -2 3 -1
right_child=1 -3 -4 -5
leaf_value=-0.0012061379943609177 0.013358004183264868 0.027650936264103216 0.013358004183264868 0.0045306363414182212
leaf_weight=0.81901828103878127 4.017815686762332 3.684799924492836 2.9337782487273216 5.972141123835172
leaf_count=167 37 18 21 83
internal_value=0.0132307 0.0144547 0.0122613 0.00383878
internal_weight=17.4276 7.70262 9.72494 6.79116
internal_count=326 55 271 250
is_linear=0
shrinkage=0.1


Tree=1483
num_leaves=3
num_cat=0
split_feature=2 3
split_gain=0.0159018 0.00773519
threshold=6.5000000000000009 6.5000000000000009
decision_type=2 2
left_child=1 -1
right_child=-2 -3
leaf_value=0.0012562423441786451 0.018446408130540957 0.012492546198073431
leaf_weight=0.8574065268790324 5.1316305830841884 2.1463792190188542
leaf_count=250 44 32
internal_value=0.0150639 0.00928523
internal_weight=8.13542 3.00379
internal_count=326 282
is_linear=0
shrinkage=0.1


Tree=1484
num_leaves=3
num_cat=0
split_feature=2 0
split_gain=0.000257194 0.000139743
threshold=7.5000000000000009 8.5000000000000018
decision_type=2 2
left_child=1 -1
right_child=-2 -3
leaf_value=0.018306087878519093 0.021330052553941856 0.020083338036952194
leaf_weight=1.2434585405881082 0.55462753772735585 0.38440030288620608
leaf_count=319 2 5
internal_value=0.0194703 0.0188366
internal_weight=2.18249 1.62786
internal_count=326 324
is_linear=0
shrinkage=0.1


Tree=1485
num_leaves=2
num_cat=0
split_feature=0
split_gain=4.7824e-05
threshold=4.5000000000000009
decision_type=2
left_child=-1
right_child=-2
leaf_value=0.0029996814420364588 0.0039520257110727264
leaf_weight=1.0480077145621183 1.0612769714334715
leaf_count=81 245
internal_value=0.00347885
internal_weight=2.10928
internal_count=326
is_linear=0
shrinkage=0.1


Tree=1486
num_leaves=1
num_cat=0
split_feature=
split_gain=
threshold=
decision_type=
left_child=
right_child=
leaf_value=0
leaf_weight=
leaf_count=326
internal_value=
internal_weight=
internal_count=
is_linear=0
shrinkage=1


Tree=1487
num_leaves=3
num_cat=0
split_feature=0 1
split_gain=0.00102818 0.00886684
threshold=2.5000000000000004 2.5000000000000004
decision_type=2 2
left_child=-1 -2
right_child=1 -3
leaf_value=-0.00047508809220349145 0.00076273048323402895 0.003409848749114229
leaf_weight=1.8470469489693666 1.6370691359043146 16.653162250655441
leaf_count=12 8 306
internal_value=0.00177348 0.00200055
internal_weight=20.1373 18.2902
internal_count=326 314
is_linear=0
shrinkage=0.1


Tree=1488
num_leaves=3
num_cat=0
split_feature=1 1
split_gain=0.00409232 0.000840516
threshold=2.5000000000000004 3.5000000000000004
decision_type=2 2
left_child=-1 -2
right_child=1 -3
leaf_value=-0.00039983792511966599 0.0024519303580576544 0.0036414819633153062
leaf_weight=3.1629559546709052 7.743807077407836 25.498861710118945
leaf_count=19 37 270
internal_value=0.00303734 0.00336438
internal_weight=36.4056 33.2427
internal_count=326 307
is_linear=0
shrinkage=0.1


Tree=1489
num_leaves=3
num_cat=0
split_feature=2 3
split_gain=0.000436133 0.00206703
threshold=4.5000000000000009 5.5000000000000009
decision_type=2 2
left_child=-1 -2
right_child=1 -3
leaf_value=0.0045556454041168889 0.005097596086191581 0.0062837138929358856
leaf_weight=4.1511760922439853 13.088180251419542 22.022282927995548
leaf_count=77 68 181
internal_value=0.00552494 0.00563955
internal_weight=39.2616 35.1105
internal_count=326 249
is_linear=0
shrinkage=0.1


Tree=1490
num_leaves=3
num_cat=0
split_feature=3 1
split_gain=0.0014957 0.020984
threshold=5.5000000000000009 5.5000000000000009
decision_type=2 2
left_child=-1 -2
right_child=1 -3
leaf_value=0.0078313849690042035 0.0087470517388887389 0.012484707030957005
leaf_weight=5.2702718383188758 12.237505932804199 16.761140940710902
leaf_count=138 81 107
internal_value=0.00938107 0.00966272
internal_weight=34.2689 28.9986
internal_count=326 188
is_linear=0
shrinkage=0.1


Tree=1491
num_leaves=5
num_cat=0
split_feature=3 0 0 2
split_gain=0.00126616 0.0138383 0.00260547 0.000114744
threshold=6.5000000000000009 7.5000000000000009 6.5000000000000009 6.5000000000000009
decision_type=2 2 2 2
left_child=1 2 -1 -2
right_child=3 -3 -4 -5
leaf_value=0.0018643497340340373 0.013510358291220773 0.012906606200476218 0.0081265408875665392 0.014196422860888309
leaf_weight=1.0576114704822439 6.3530033156275749 4.2742259260267019 1.7870596589636989 3.9557078704237938
leaf_count=220 32 24 28 22
internal_value=0.0130653 0.0120396 0.00579834 0.0137736
internal_weight=17.4276 7.1189 2.84467 10.3087
internal_count=326 272 248 54
is_linear=0
shrinkage=0.1


Tree=1492
num_leaves=4
num_cat=0
split_feature=1 3 1
split_gain=0.0166127 0.0575452 0.042851
threshold=5.5000000000000009 6.5000000000000009 7.5000000000000009
decision_type=2 2 2
left_child=-1 2 -2
right_child=1 -3 -4
leaf_value=-0.00040726237629668254 0.008051433702112764 0.022484759444573819 0.015268096573343291
leaf_weight=0.62914521376787025 1.0866718348677296 5.3387181144207716 1.0759079194831429
leaf_count=184 92 39 11
internal_value=0.015201 0.0165101 0.00805143
internal_weight=8.13044 7.5013 2.16258
internal_count=326 142 103
is_linear=0
shrinkage=0.1


Tree=1493
num_leaves=3
num_cat=0
split_feature=2 0
split_gain=0.000214692 0.000106679
threshold=7.5000000000000009 8.5000000000000018
decision_type=2 2
left_child=1 -1
right_child=-2 -3
leaf_value=0.018498600132845391 0.021236719108966566 0.020097617155472092
leaf_weight=1.2427746131215829 0.55469441413879383 0.38398254699131928
leaf_count=319 2 5
internal_value=0.0195378 0.0189585
internal_weight=2.18145 1.62676
internal_count=326 324
is_linear=0
shrinkage=0.1


Tree=1494
num_leaves=2
num_cat=0
split_feature=0
split_gain=6.78585e-05
threshold=4.5000000000000009
decision_type=2
left_child=-1
right_child=-2
leaf_value=0.0029085817259336465 0.0040430378896205944
leaf_weight=1.048901411239058 1.0602195013516391
leaf_count=81 245
internal_value=0.00347885
internal_weight=2.10912
internal_count=326
is_linear=0
shrinkage=0.1


Tree=1495
num_leaves=1
num_cat=0
split_feature=
split_gain=
threshold=
decision_type=
left_child=
right_child=
leaf_value=0
leaf_weight=
leaf_count=326
internal_value=
internal_weight=
internal_count=
is_linear=0
shrinkage=1


Tree=1496
num_leaves=2
num_cat=0
split_feature=1
split_gain=0.000987766
threshold=2.5000000000000004
decision_type=2
left_child=-1
right_child=-2
leaf_value=0.0001904442633386623 0.0020842875465156389
leaf_weight=3.2926044389605549 16.836271593274432
leaf_count=19 307
internal_value=0.0017745
internal_weight=20.1289
internal_count=326
is_linear=0
shrinkage=0.1


Tree=1497
num_leaves=3
num_cat=0
split_feature=2 1
split_gain=0.00413621 0.00901016
threshold=3.5000000000000004 2.5000000000000004
decision_type=2 2
left_child=-1 -2
right_child=1 -3
leaf_value=-0.00046761314895768101 0.0014940925109179781 0.0041432128116274418
leaf_weight=2.9217643588781348 2.2675142958760253 31.18034353890107
leaf_count=24 9 293
internal_value=0.00314061 0.0034558
internal_weight=36.3696 33.4479
internal_count=326 302
is_linear=0
shrinkage=0.1


Tree=1498
num_leaves=3
num_cat=0
split_feature=2 3
split_gain=0.000631014 0.00268857
threshold=4.5000000000000009 5.5000000000000009
decision_type=2 2
left_child=-1 -2
right_child=1 -3
leaf_value=0.0044251326548667789 0.0050768102581574305 0.0064553118271414387
leaf_weight=4.1547263105167067 13.081124596297739 21.985241728951223
leaf_count=77 68 181
internal_value=0.00559042 0.00572849
internal_weight=39.2211 35.0664
internal_count=326 249
is_linear=0
shrinkage=0.1


Tree=1499
num_leaves=3
num_cat=0
split_feature=3 1
split_gain=0.00149273 0.0206683
threshold=5.5000000000000009 5.5000000000000009
decision_type=2 2
left_child=-1 -2
right_child=1 -3
leaf_value=0.0075944427707942217 0.0085092016742098053 0.012225575744345929
leaf_weight=5.2716116455776492 12.23833253933117 16.719029342755675
leaf_count=138 81 107
internal_value=0.0091422 0.00942396
internal_weight=34.229 28.9574
internal_count=326 188
is_linear=0
shrinkage=0.1


Tree=1500
num_leaves=7
num_cat=0
split_feature=1 2 0 1 1 1
split_gain=0.00137339 0.0619949 0.083688 0.0641948 0.145181 4.87491e-06
threshold=7.5000000000000009 6.5000000000000009 7.5000000000000009 5.5000000000000009 4.5000000000000009 3.5000000000000004
decision_type=2 2 2 2 2 2
left_child=1 2 3 4 5 -1
right_child=-2 -3 -4 -5 -6 -7
leaf_value=-0.095085562883646252 0.015219482709225683 0.013995619533482198 0.009737590970379852 0.0034698581001138071 -0.0082018074002632082 -0.094141388920790423
leaf_weight=0.10539620276085915 2.7156443255953482 5.8516949461773029 2.5048352647572756 4.3916910114930943 1.7363824129997738 0.11365199882402521
leaf_count=56 17 39 14 80 64 56
internal_value=0.0131534 0.0127718 0.00547956 -0.00279787 -0.0178797 -0.0945957
internal_weight=17.4193 14.7037 8.85196 6.34712 1.95543 0.219048
internal_count=326 309 270 256 176 112
is_linear=0
shrinkage=0.1


Tree=1501
num_leaves=3
num_cat=0
split_feature=2 3
split_gain=0.0147064 0.00642284
threshold=6.5000000000000009 6.5000000000000009
decision_type=2 2
left_child=1 -1
right_child=-2 -3
leaf_value=0.0019357203665344173 0.018081925324842436 0.012185150154752382
leaf_weight=0.85354543928389182 5.1351219344651327 2.1551753298845142
leaf_count=250 44 32
internal_value=0.0148291 0.00927748
internal_weight=8.14384 3.00872
internal_count=326 282
is_linear=0
shrinkage=0.1


Tree=1502
num_leaves=3
num_cat=0
split_feature=2 0
split_gain=0.000219565 0.000117802
threshold=7.5000000000000009 8.5000000000000018
decision_type=2 2
left_child=1 -1
right_child=-2 -3
leaf_value=0.018362293464704301 0.021151609063345983 0.019999907513594917
leaf_weight=1.2450046808492063 0.55475515127181996 0.38405376119044365
leaf_count=319 2 5
internal_value=0.0194333 0.0188482
internal_weight=2.18381 1.62906
internal_count=326 324
is_linear=0
shrinkage=0.1


Tree=1503
num_leaves=2
num_cat=0
split_feature=0
split_gain=8.4719e-05
threshold=4.5000000000000009
decision_type=2
left_child=-1
right_child=-2
leaf_value=0.0028326784219791538 0.0041002417115481729
leaf_weight=1.0496365488506856 1.0595308132542411
leaf_count=81 245
internal_value=0.00346943
internal_weight=2.10917
internal_count=326
is_linear=0
shrinkage=0.1


Tree=1504
num_leaves=1
num_cat=0
split_feature=
split_gain=
threshold=
decision_type=
left_child=
right_child=
leaf_value=0
leaf_weight=
leaf_count=326
internal_value=
internal_weight=
internal_count=
is_linear=0
shrinkage=1


Tree=1505
num_leaves=3
num_cat=0
split_feature=0 1
split_gain=0.00110481 0.0091162
threshold=2.5000000000000004 2.5000000000000004
decision_type=2 2
left_child=-1 -2
right_child=1 -3
leaf_value=-0.00044338797481321778 0.00083999060115305321 0.003540727139435141
leaf_weight=1.8465590253472353 1.6359221749007726 16.620826491645857
leaf_count=12 8 306
internal_value=0.0018876 0.00212337
internal_weight=20.1033 18.2567
internal_count=326 314
is_linear=0
shrinkage=0.1


Tree=1506
num_leaves=3
num_cat=0
split_feature=1 1
split_gain=0.00418164 0.00124944
threshold=2.5000000000000004 3.5000000000000004
decision_type=2 2
left_child=-1 -2
right_child=1 -3
leaf_value=-0.00032685276346862912 0.0023669539762547986 0.0038182798492492238
leaf_weight=3.1606538593769065 7.7357473522424689 25.436792404740117
leaf_count=19 37 270
internal_value=0.00314869 0.00347983
internal_weight=36.3332 33.1725
internal_count=326 307
is_linear=0
shrinkage=0.1


Tree=1507
num_leaves=2
num_cat=0
split_feature=1
split_gain=0.0102504
threshold=3.5000000000000004
decision_type=2
left_child=-1
right_child=-2
leaf_value=-0.00078360548673087169 0.006017735231823489
leaf_weight=2.3577529727772335 36.83535724907415
leaf_count=56 270
internal_value=0.00560858
internal_weight=39.1931
internal_count=326
is_linear=0
shrinkage=0.1


Tree=1508
num_leaves=5
num_cat=0
split_feature=1 3 0 0
split_gain=0.0015264 0.0460901 0.0350078 0.0080393
threshold=6.5000000000000009 6.5000000000000009 5.5000000000000009 6.5000000000000009
decision_type=2 2 2 2
left_child=1 2 -1 -4
right_child=-2 -3 3 -5
leaf_value=-0.0032716608136448624 0.010013612415047441 0.0092165590764499896 0.0038161788931339738 0.0067734124484860733
leaf_weight=4.6499334693617191 7.7725366037338963 6.4309422643855205 9.2279247995465976 6.1296625435352317
leaf_count=141 55 36 64 30
internal_value=0.00878168 0.00841951 0.00433027 0.00663196
internal_weight=34.211 26.4385 20.0075 15.3576
internal_count=326 271 235 94
is_linear=0
shrinkage=0.1


Tree=1509
num_leaves=5
num_cat=0
split_feature=3 1 2 2
split_gain=0.00238083 0.000441887 0.0193967 8.19268e-06
threshold=6.5000000000000009 5.5000000000000009 6.5000000000000009 6.5000000000000009
decision_type=2 2 2 2
left_child=1 -1 -3 -2
right_child=3 2 -4 -5
leaf_value=0.010006006103388277 0.014482905282299275 0.011233158878247322 0.013363313496438401 0.014666373915636003
leaf_weight=0.83072759333117652 6.3439268339425325 4.2332459703466156 2.0405817460268736 3.9489422738552094
leaf_count=169 32 84 19 22
internal_value=0.0135814 0.0121733 0.0124603 0.0145533
internal_weight=17.3974 7.10456 6.27383 10.2929
internal_count=326 272 103 54
is_linear=0
shrinkage=0.1


Tree=1510
num_leaves=3
num_cat=0
split_feature=0 0
split_gain=0.0158474 0.00114706
threshold=7.5000000000000009 6.5000000000000009
decision_type=2 2
left_child=1 -1
right_child=-2 -3
leaf_value=0.0044860714814371023 0.01716014793279598 0.0093551827024358318
leaf_weight=1.0159627834178193 6.2070876355574001 0.92370999417062183
leaf_count=247 39 40
internal_value=0.0146946 0.00680484
internal_weight=8.14676 1.93967
internal_count=326 287
is_linear=0
shrinkage=0.1


Tree=1511
num_leaves=3
num_cat=0
split_feature=2 3
split_gain=0.000203595 0.000149303
threshold=7.5000000000000009 7.5000000000000009
decision_type=2 2
left_child=1 -1
right_child=-2 -3
leaf_value=0.017647369057623957 0.020770677822161271 0.019563329645248664
leaf_weight=0.86000758141699429 0.5550243854522704 0.77165341377258301
leaf_count=321 2 3
internal_value=0.0191162 0.0185535
internal_weight=2.18669 1.63166
internal_count=326 324
is_linear=0
shrinkage=0.1


Tree=1512
num_leaves=2
num_cat=0
split_feature=0
split_gain=9.65516e-05
threshold=4.5000000000000009
decision_type=2
left_child=-1
right_child=-2
leaf_value=0.002733120947727043 0.0040859540162712094
leaf_weight=1.0506186273414644 1.0596566496692501
leaf_count=81 245
internal_value=0.00341243
internal_weight=2.11028
internal_count=326
is_linear=0
shrinkage=0.1


Tree=1513
num_leaves=1
num_cat=0
split_feature=
split_gain=
threshold=
decision_type=
left_child=
right_child=
leaf_value=0
leaf_weight=
leaf_count=326
internal_value=
internal_weight=
internal_count=
is_linear=0
shrinkage=1


Tree=1514
num_leaves=2
num_cat=0
split_feature=1
split_gain=0.00106536
threshold=2.5000000000000004
decision_type=2
left_child=-1
right_child=-2
leaf_value=0.00021279554889562697 0.0021801102425777139
leaf_weight=3.2916954457759884 16.808815899439651
leaf_count=19 307
internal_value=0.00185794
internal_weight=20.1005
internal_count=326
is_linear=0
shrinkage=0.1


Tree=1515
num_leaves=3
num_cat=0
split_feature=1 1
split_gain=0.00420061 0.00147051
threshold=2.5000000000000004 3.5000000000000004
decision_type=2 2
left_child=-1 -2
right_child=1 -3
leaf_value=-0.00028908677923752604 0.0023192500494404072 0.0038938813449825443
leaf_weight=3.1603916585445395 7.7357909381389609 25.417428433225723
leaf_count=19 37 270
internal_value=0.0031944 0.00352647
internal_weight=36.3136 33.1532
internal_count=326 307
is_linear=0
shrinkage=0.1


Tree=1516
num_leaves=2
num_cat=0
split_feature=1
split_gain=0.00912423
threshold=3.5000000000000004
decision_type=2
left_child=-1
right_child=-2
leaf_value=-0.00055726908116974919 0.0058634219162343633
leaf_weight=2.3547847096051546 36.826190811232664
leaf_count=56 270
internal_value=0.00547754
internal_weight=39.181
internal_count=326
is_linear=0
shrinkage=0.1


Tree=1517
num_leaves=3
num_cat=0
split_feature=3 1
split_gain=0.00165115 0.0213954
threshold=5.5000000000000009 5.5000000000000009
decision_type=2 2
left_child=-1 -2
right_child=1 -3
leaf_value=0.0073553519972876444 0.0083176869615591374 0.012116077769091519
leaf_weight=5.2694008652106268 12.237334393430503 16.685800964944065
leaf_count=138 81 107
internal_value=0.00898341 0.00928002
internal_weight=34.1925 28.9231
internal_count=326 188
is_linear=0
shrinkage=0.1


Tree=1518
num_leaves=5
num_cat=0
split_feature=3 1 2 2
split_gain=0.0022743 0.000414706 0.018874 5.04351e-05
threshold=6.5000000000000009 5.5000000000000009 6.5000000000000009 6.5000000000000009
decision_type=2 2 2 2
left_child=1 -1 -3 -2
right_child=3 2 -4 -5
leaf_value=0.0098345341907420218 0.014083596517816543 0.011022508790100877 0.013095494843798778 0.01453917264471058
leaf_weight=0.8318369986343449 6.3415335435420275 4.2411467589117819 2.0449941046535969 3.9396826177835464
leaf_count=169 32 84 19 22
internal_value=0.0133069 0.0119328 0.0122105 0.0142582
internal_weight=17.3992 7.11798 6.28614 10.2812
internal_count=326 272 103 54
is_linear=0
shrinkage=0.1


Tree=1519
num_leaves=6
num_cat=0
split_feature=2 1 0 3 3
split_gain=0.0154892 0.0202261 0.0289252 0.00474308 0.105672
threshold=7.5000000000000009 7.5000000000000009 8.5000000000000018 6.5000000000000009 5.5000000000000009
decision_type=2 2 2 2 2
left_child=1 2 3 4 -1
right_child=-2 -3 -4 -5 -6
leaf_value=-0.097777119634337051 0.030864684426972367 0.020902072179649542 0.015384754715249744 0.0076713651390069651 0.0041741093921654152
leaf_weight=0.10328315453655501 0.54649627208709706 2.4544383455067873 0.4732979331165551 3.2916208485839888 1.2709791244865301
leaf_count=135 2 17 3 44 125
internal_value=0.0146043 0.0134341 0.00986744 0.00561124 0.000676854
internal_weight=8.14012 7.59362 5.13918 4.66588 1.37426
internal_count=326 324 307 304 260
is_linear=0
shrinkage=0.1


Tree=1520
num_leaves=3
num_cat=0
split_feature=2 3
split_gain=0.00018966 0.000163899
threshold=7.5000000000000009 7.5000000000000009
decision_type=2 2
left_child=1 -1
right_child=-2 -3
leaf_value=0.017284965201116994 0.020371258487702326 0.019291356788380617
leaf_weight=0.86255825768012095 0.55530190467834462 0.77111940085887909
leaf_count=321 2 3
internal_value=0.0187747 0.018232
internal_weight=2.18898 1.63368
internal_count=326 324
is_linear=0
shrinkage=0.1


Tree=1521
num_leaves=2
num_cat=0
split_feature=0
split_gain=0.000119221
threshold=4.5000000000000009
decision_type=2
left_child=-1
right_child=-2
leaf_value=0.0026331262083314111 0.0041362723127956868
leaf_weight=1.0516078870277854 1.059046148006473
leaf_count=81 245
internal_value=0.00338735
internal_weight=2.11065
internal_count=326
is_linear=0
shrinkage=0.1


Tree=1522
num_leaves=1
num_cat=0
split_feature=
split_gain=
threshold=
decision_type=
left_child=
right_child=
leaf_value=0
leaf_weight=
leaf_count=326
internal_value=
internal_weight=
internal_count=
is_linear=0
shrinkage=1


Tree=1523
num_leaves=2
num_cat=0
split_feature=1
split_gain=0.00119987
threshold=2.5000000000000004
decision_type=2
left_child=-1
right_child=-2
leaf_value=0.00020115787786174254 0.0022891217202360889
leaf_weight=3.2918998338282135 16.788607881182543
leaf_count=19 307
internal_value=0.00194683
internal_weight=20.0805
internal_count=326
is_linear=0
shrinkage=0.1


Tree=1524
num_leaves=2
num_cat=0
split_feature=1
split_gain=0.00467353
threshold=3.5000000000000004
decision_type=2
left_child=-1
right_child=-2
leaf_value=0.0015185008157317572 0.0039945740160128168
leaf_weight=10.894248306751249 25.38532793163904
leaf_count=56 270
internal_value=0.00325104
internal_weight=36.2796
internal_count=326
is_linear=0
shrinkage=0.1


Tree=1525
num_leaves=2
num_cat=0
split_feature=1
split_gain=0.00834932
threshold=3.5000000000000004
decision_type=2
left_child=-1
right_child=-2
leaf_value=-0.00023373247389249529 0.0059126108040074357
leaf_weight=2.3514058384753289 36.785333009785973
leaf_count=56 270
internal_value=0.00554333
internal_weight=39.1367
internal_count=326
is_linear=0
shrinkage=0.1


Tree=1526
num_leaves=4
num_cat=0
split_feature=3 0 1
split_gain=0.00172519 0.0336986 0.0214389
threshold=5.5000000000000009 6.5000000000000009 5.5000000000000009
decision_type=2 2 2
left_child=1 -1 -2
right_child=2 -3 -4
leaf_value=-0.0041198807485893644 0.0080819262040771143 0.0080819262040771143 0.011896612008290569
leaf_weight=2.2976614952785885 12.237819022499027 2.9715386033058167 16.654338955879211
leaf_count=123 81 15 107
internal_value=0.00876221 0.00709816 0.0090657
internal_weight=34.1614 5.2692 28.8922
internal_count=326 138 188
is_linear=0
shrinkage=0.1


Tree=1527
num_leaves=5
num_cat=0
split_feature=3 3 3 2
split_gain=0.00192921 0.574926 0.000120122 7.30746e-05
threshold=6.5000000000000009 5.5000000000000009 4.5000000000000009 6.5000000000000009
decision_type=2 2 2 2
left_child=1 2 -1 -2
right_child=3 -3 -4 -5
leaf_value=-0.095511707740296228 0.01379053157194572 0.012929782652029587 -0.092105167382170117 0.014339175841310284
leaf_weight=0.1439415147292501 6.3413445428013802 6.6097367179718276 0.36854751511600625 3.9334922581911087
leaf_count=32 32 134 106 22
internal_value=0.0131238 0.011859 -0.093062 0.0140006
internal_weight=17.3971 7.12223 0.512489 10.2748
internal_count=326 272 138 54
is_linear=0
shrinkage=0.1


Tree=1528
num_leaves=3
num_cat=0
split_feature=2 3
split_gain=0.0154942 0.00675934
threshold=6.5000000000000009 6.5000000000000009
decision_type=2 2
left_child=1 -1
right_child=-2 -3
leaf_value=0.0015918269075086587 0.018157356302728789 0.012101137052536442
leaf_weight=0.85507700930358543 5.1172983655706048 2.1529244830599055
leaf_count=250 44 32
internal_value=0.0148094 0.00911368
internal_weight=8.1253 3.008
internal_count=326 282
is_linear=0
shrinkage=0.1


Tree=1529
num_leaves=3
num_cat=0
split_feature=2 3
split_gain=0.000382254 0.000237841
threshold=7.5000000000000009 7.5000000000000009
decision_type=2 2
left_child=1 -1
right_child=-2 -3
leaf_value=0.016772631293819645 0.020946745244334229 0.019187583023783251
leaf_weight=0.86619035002286204 0.55490046739578236 0.77066740393638611
leaf_count=321 2 3
internal_value=0.0186786 0.0179096
internal_weight=2.19176 1.63686
internal_count=326 324
is_linear=0
shrinkage=0.1


Tree=1530
num_leaves=2
num_cat=0
split_feature=0
split_gain=0.000137356
threshold=4.5000000000000009
decision_type=2
left_child=-1
right_child=-2
leaf_value=0.002554330543478053 0.0041676061000706366
leaf_weight=1.0523827821016314 1.0586481994114363
leaf_count=81 245
internal_value=0.00336336
internal_weight=2.11103
internal_count=326
is_linear=0
shrinkage=0.1


Tree=1531
num_leaves=1
num_cat=0
split_feature=
split_gain=
threshold=
decision_type=
left_child=
right_child=
leaf_value=0
leaf_weight=
leaf_count=326
internal_value=
internal_weight=
internal_count=
is_linear=0
shrinkage=1


Tree=1532
num_leaves=2
num_cat=0
split_feature=1
split_gain=0.00124634
threshold=2.5000000000000004
decision_type=2
left_child=-1
right_child=-2
leaf_value=0.00023711153208988531 0.0023655202266608037
leaf_weight=3.2910749875009087 16.772262405163929
leaf_count=19 307
internal_value=0.00201639
internal_weight=20.0633
internal_count=326
is_linear=0
shrinkage=0.1


Tree=1533
num_leaves=2
num_cat=0
split_feature=1
split_gain=0.00508155
threshold=3.5000000000000004
decision_type=2
left_child=-1
right_child=-2
leaf_value=0.001481820453545654 0.004064124661350396
leaf_weight=10.894292913377283 25.358596079764538
leaf_count=56 270
internal_value=0.00328812
internal_weight=36.2529
internal_count=326
is_linear=0
shrinkage=0.1


Tree=1534
num_leaves=2
num_cat=0
split_feature=1
split_gain=0.00756242
threshold=3.5000000000000004
decision_type=2
left_child=-1
right_child=-2
leaf_value=3.9224575792803928e-05 0.0058922763402534592
leaf_weight=2.3485582742723627 36.747624952171464
leaf_count=56 270
internal_value=0.00554068
internal_weight=39.0962
internal_count=326
is_linear=0
shrinkage=0.1


Tree=1535
num_leaves=3
num_cat=0
split_feature=3 1
split_gain=0.00195224 0.0218228
threshold=5.5000000000000009 5.5000000000000009
decision_type=2 2
left_child=-1 -2
right_child=1 -3
leaf_value=0.0068079426910451803 0.0078564801264729821 0.011734026838947705
leaf_weight=5.246079822205501 12.237310101743789 16.624826307408512
leaf_count=138 81 107
internal_value=0.00858247 0.00890502
internal_weight=34.1082 28.8621
internal_count=326 188
is_linear=0
shrinkage=0.1


Tree=1536
num_leaves=5
num_cat=0
split_feature=1 2 0 1
split_gain=0.00171591 0.062394 0.0831585 0.0622136
threshold=7.5000000000000009 6.5000000000000009 7.5000000000000009 5.5000000000000009
decision_type=2 2 2 2
left_child=1 2 3 -1
right_child=-2 -3 -4 -5
leaf_value=-0.017540368532037786 0.015575074768214485 0.014203903933229862 0.0099068508952652786 0.0036348725512688877
leaf_weight=1.9419442089460988 2.7024871865287414 5.8316970262676469 2.500749483704567 4.378053094536881
leaf_count=176 17 39 14 80
internal_value=0.0132598 0.0128327 0.0056098 -0.00263711
internal_weight=17.3549 14.6524 8.82075 6.32
internal_count=326 309 270 256
is_linear=0
shrinkage=0.1


Tree=1537
num_leaves=4
num_cat=0
split_feature=1 3 1
split_gain=0.0153851 0.0541018 0.0406505
threshold=5.5000000000000009 6.5000000000000009 7.5000000000000009
decision_type=2 2 2
left_child=-1 2 -2
right_child=1 -3 -4
leaf_value=-0.00032312744815518005 0.0078238294726134024 0.021763190607225553 0.014793510039919478
leaf_weight=0.62804741803741126 1.0794538890245349 5.3449764102697372 1.0717252911126707
leaf_count=184 92 39 11
internal_value=0.0147112 0.0159708 0.00782383
internal_weight=8.1242 7.49616 2.15118
internal_count=326 142 103
is_linear=0
shrinkage=0.1


Tree=1538
num_leaves=5
num_cat=0
split_feature=2 3 3 3
split_gain=0.000346471 0.00024581 0.060836 2.60017e-07
threshold=7.5000000000000009 7.5000000000000009 6.5000000000000009 5.5000000000000009
decision_type=2 2 2 2
left_child=1 2 3 -1
right_child=-2 -3 -4 -5
leaf_value=-0.089484270880479555 0.020597918913335768 0.019007422313987294 0.017780283494869095 -0.08898042123079497
leaf_weight=0.039260906072286383 0.55514502525329579 0.77031247317790985 0.81471806756962906 0.013857503219014689
leaf_count=138 2 3 49 134
internal_value=0.0184389 0.0177072 0.0165531 -0.0893528
internal_weight=2.19329 1.63815 0.867836 0.0531184
internal_count=326 324 321 272
is_linear=0
shrinkage=0.1


Tree=1539
num_leaves=2
num_cat=0
split_feature=0
split_gain=0.000155197
threshold=4.5000000000000009
decision_type=2
left_child=-1
right_child=-2
leaf_value=0.0024789081928932068 0.004193590719109924
leaf_weight=1.0531248645856979 1.0583118029462637
leaf_count=81 245
internal_value=0.00333836
internal_weight=2.11144
internal_count=326
is_linear=0
shrinkage=0.1


Tree=1540
num_leaves=1
num_cat=0
split_feature=
split_gain=
threshold=
decision_type=
left_child=
right_child=
leaf_value=0
leaf_weight=
leaf_count=326
internal_value=
internal_weight=
internal_count=
is_linear=0
shrinkage=1


Tree=1541
num_leaves=2
num_cat=0
split_feature=1
split_gain=0.00129603
threshold=2.5000000000000004
decision_type=2
left_child=-1
right_child=-2
leaf_value=0.00026702729050865969 0.0024378199277003362
leaf_weight=3.2903605028986957 16.756337557468214
leaf_count=19 307
internal_value=0.00208152
internal_weight=20.0467
internal_count=326
is_linear=0
shrinkage=0.1


Tree=1542
num_leaves=2
num_cat=0
split_feature=1
split_gain=0.00549605
threshold=3.5000000000000004
decision_type=2
left_child=-1
right_child=-2
leaf_value=0.0014483103567742577 0.0041342456886117387
leaf_weight=10.894770853221415 25.332329702636343
leaf_count=56 270
internal_value=0.00332649
internal_weight=36.2271
internal_count=326
is_linear=0
shrinkage=0.1


Tree=1543
num_leaves=2
num_cat=0
split_feature=1
split_gain=0.00700056
threshold=3.5000000000000004
decision_type=2
left_child=-1
right_child=-2
leaf_value=0.00025513154511952848 0.0058891403120219336
leaf_weight=2.3463790598034384 36.719876432267483
leaf_count=56 270
internal_value=0.00555075
internal_weight=39.0663
internal_count=326
is_linear=0
shrinkage=0.1


Tree=1544
num_leaves=5
num_cat=0
split_feature=1 3 0 0
split_gain=0.00176556 0.0478231 0.0338548 0.00799987
threshold=6.5000000000000009 6.5000000000000009 5.5000000000000009 6.5000000000000009
decision_type=2 2 2 2
left_child=1 2 -1 -4
right_child=-2 -3 3 -5
leaf_value=-0.003759284489702096 0.0095734086757491791 0.0087136754849351569 0.0032524737817437779 0.0062161175986077373
leaf_weight=4.6446573891298675 7.7195929959416381 6.4253103528171769 9.1987288226373476 6.1045663431286803
leaf_count=141 55 36 64 30
internal_value=0.00824328 0.00785394 0.00371856 0.00598814
internal_weight=34.0929 26.3733 19.948 15.3033
internal_count=326 271 235 94
is_linear=0
shrinkage=0.1


Tree=1545
num_leaves=4
num_cat=0
split_feature=3 1 2
split_gain=0.0022655 0.000913988 1.90701e-06
threshold=6.5000000000000009 5.5000000000000009 6.5000000000000009
decision_type=2 2 2
left_child=1 -1 -2
right_child=2 -3 -4
leaf_value=0.009213316466577753 0.014614253932183328 0.012738338823148947 0.014702926745514686
leaf_weight=0.83369338869931731 6.3450829312205315 6.2488113033032278 3.9260130599141121
leaf_count=169 32 103 22
internal_value=0.0136994 0.0123234 0.0146481
internal_weight=17.3536 7.0825 10.2711
internal_count=326 272 54
is_linear=0
shrinkage=0.1


Tree=1546
num_leaves=3
num_cat=0
split_feature=2 3
split_gain=0.0152566 0.00478068
threshold=6.5000000000000009 6.5000000000000009
decision_type=2 2
left_child=1 -1
right_child=-2 -3
leaf_value=0.0023347573542675665 0.0176483374746257 0.011180647022916369
leaf_weight=0.85113969982907667 5.1249673907877877 2.1649824987398461
leaf_count=250 44 32
internal_value=0.0143274 0.00868437
internal_weight=8.14109 3.01612
internal_count=326 282
is_linear=0
shrinkage=0.1


Tree=1547
num_leaves=3
num_cat=0
split_feature=2 3
split_gain=0.000271165 0.000181983
threshold=7.5000000000000009 7.5000000000000009
decision_type=2 2
left_child=1 -1
right_child=-2 -3
leaf_value=0.016971640476520979 0.020525673054109472 0.019085293120499433
leaf_weight=0.86433338810456939 0.55519521236419667 0.77044011652469635
leaf_count=321 2 3
internal_value=0.0186162 0.0179678
internal_weight=2.18997 1.63477
internal_count=326 324
is_linear=0
shrinkage=0.1


Tree=1548
num_leaves=2
num_cat=0
split_feature=0
split_gain=0.000160642
threshold=4.5000000000000009
decision_type=2
left_child=-1
right_child=-2
leaf_value=0.0024084161814224669 0.0041524626923289424
leaf_weight=1.0538123324513438 1.0587305114941044
leaf_count=81 245
internal_value=0.00328247
internal_weight=2.11254
internal_count=326
is_linear=0
shrinkage=0.1


Tree=1549
num_leaves=1
num_cat=0
split_feature=
split_gain=
threshold=
decision_type=
left_child=
right_child=
leaf_value=0
leaf_weight=
leaf_count=326
internal_value=
internal_weight=
internal_count=
is_linear=0
shrinkage=1


Tree=1550
num_leaves=3
num_cat=0
split_feature=0 1
split_gain=0.00134516 0.00989235
threshold=2.5000000000000004 2.5000000000000004
decision_type=2 2
left_child=-1 -2
right_child=1 -3
leaf_value=-0.00044531821621704665 0.00097110734846160465 0.0038313204744513784
leaf_weight=1.8463734313845659 1.635096594691279 16.552433662451222
leaf_count=12 8 306
internal_value=0.00212645 0.00238753
internal_weight=20.0339 18.1875
internal_count=326 314
is_linear=0
shrinkage=0.1


Tree=1551
num_leaves=2
num_cat=0
split_feature=1
split_gain=0.0057056
threshold=3.5000000000000004
decision_type=2
left_child=-1
right_child=-2
leaf_value=0.0014134758042992257 0.0041502982412910203
leaf_weight=10.895736359059809 25.317187858643592
leaf_count=56 270
internal_value=0.00332684
internal_weight=36.2129
internal_count=326
is_linear=0
shrinkage=0.1


Tree=1552
num_leaves=2
num_cat=0
split_feature=1
split_gain=0.00637681
threshold=3.5000000000000004
decision_type=2
left_child=-1
right_child=-2
leaf_value=0.00034740190621238573 0.0057261240801661298
leaf_weight=2.3449552025413132 36.713678962667473
leaf_count=56 270
internal_value=0.0054032
internal_weight=39.0586
internal_count=326
is_linear=0
shrinkage=0.1


Tree=1553
num_leaves=4
num_cat=0
split_feature=3 0 1
split_gain=0.00202862 0.0276817 0.0229407
threshold=5.5000000000000009 6.5000000000000009 5.5000000000000009
decision_type=2 2 2
left_child=1 -1 -2
right_child=2 -3 -4
leaf_value=-0.0033667463845369681 0.0077482470801343573 0.0077482470801343573 0.011724760889106522
leaf_weight=2.2891701066255328 12.241512729320677 2.9537854865193367 16.592387863434851
leaf_count=123 81 15 107
internal_value=0.00848844 0.00667904 0.00881745
internal_weight=34.0769 5.24296 28.8339
internal_count=326 138 188
is_linear=0
shrinkage=0.1


Tree=1554
num_leaves=5
num_cat=0
split_feature=3 1 2 2
split_gain=0.00248282 0.00076206 0.0217533 9.88011e-05
threshold=6.5000000000000009 5.5000000000000009 6.5000000000000009 6.5000000000000009
decision_type=2 2 2 2
left_child=1 -1 -3 -2
right_child=3 2 -4 -5
leaf_value=0.0090858455492242359 0.01411271422589442 0.010694200907938304 0.013140582616706392 0.014751259383683272
leaf_weight=0.83457102272905181 6.3428159598261118 4.2239155722636497 2.0426579331979156 3.9211214631795883
leaf_count=169 32 84 19 22
internal_value=0.0133621 0.0119245 0.0123026 0.0143567
internal_weight=17.3651 7.10114 6.26657 10.2639
internal_count=326 272 103 54
is_linear=0
shrinkage=0.1


Tree=1555
num_leaves=3
num_cat=0
split_feature=0 0
split_gain=0.0148299 0.00107444
threshold=7.5000000000000009 6.5000000000000009
decision_type=2 2
left_child=1 -1
right_child=-2 -3
leaf_value=0.0043846166083853421 0.016641818225715314 0.009093353632331885
leaf_weight=1.0170340724426408 6.1961195495823631 0.92562378230468301
leaf_count=247 39 40
internal_value=0.0142517 0.0066282
internal_weight=8.13878 1.94266
internal_count=326 287
is_linear=0
shrinkage=0.1


Tree=1556
num_leaves=3
num_cat=0
split_feature=2 3
split_gain=0.000245537 0.000187277
threshold=7.5000000000000009 7.5000000000000009
decision_type=2 2
left_child=1 -1
right_child=-2 -3
leaf_value=0.016741622404549482 0.020183902542201423 0.018885111230636416
leaf_weight=0.86601291788838375 0.55543047189712513 0.77004186809062958
leaf_count=321 2 3
internal_value=0.0183672 0.0177505
internal_weight=2.19149 1.63605
internal_count=326 324
is_linear=0
shrinkage=0.1


Tree=1557
num_leaves=2
num_cat=0
split_feature=0
split_gain=0.000176733
threshold=4.5000000000000009
decision_type=2
left_child=-1
right_child=-2
leaf_value=0.0023717246924611531 0.0042011461986430302
leaf_weight=1.0541381528601053 1.0581475816547934
leaf_count=81 245
internal_value=0.00328817
internal_weight=2.11229
internal_count=326
is_linear=0
shrinkage=0.1


Tree=1558
num_leaves=1
num_cat=0
split_feature=
split_gain=
threshold=
decision_type=
left_child=
right_child=
leaf_value=0
leaf_weight=
leaf_count=326
internal_value=
internal_weight=
internal_count=
is_linear=0
shrinkage=1


Tree=1559
num_leaves=3
num_cat=0
split_feature=2 0
split_gain=0.143687 0.0951514
threshold=2.5000000000000004 2.5000000000000004
decision_type=2 2
left_child=-1 -2
right_child=1 -3
leaf_value=-0.032214695933727923 -0.014019703605090972 0.0061581856007419857
leaf_weight=1.151217639446261 1.191392377018931 17.688828635462414
leaf_count=6 8 312
internal_value=0.00208394 0.00417529
internal_weight=20.0314 18.8802
internal_count=326 320
is_linear=0
shrinkage=0.1


Tree=1560
num_leaves=2
num_cat=0
split_feature=1
split_gain=0.00594055
threshold=3.5000000000000004
decision_type=2
left_child=-1
right_child=-2
leaf_value=0.0014386050127915147 0.0042315277469475703
leaf_weight=10.896768130362032 25.292332542900112
leaf_count=56 270
internal_value=0.00339056
internal_weight=36.1891
internal_count=326
is_linear=0
shrinkage=0.1


Tree=1561
num_leaves=2
num_cat=0
split_feature=1
split_gain=0.00591128
threshold=3.5000000000000004
decision_type=2
left_child=-1
right_child=-2
leaf_value=0.00057588009219048362 0.0057571580139953839
leaf_weight=2.3426095571485339 36.672406108293217
leaf_count=56 270
internal_value=0.00544605
internal_weight=39.015
internal_count=326
is_linear=0
shrinkage=0.1


Tree=1562
num_leaves=5
num_cat=0
split_feature=1 3 0 0
split_gain=0.00149434 0.0478035 0.0313163 0.00805503
threshold=6.5000000000000009 6.5000000000000009 5.5000000000000009 6.5000000000000009
decision_type=2 2 2 2
left_child=1 2 -1 -4
right_child=-2 -3 3 -5
leaf_value=-0.0033468875425044795 0.009623480778994966 0.0088316011757596045 0.0033538143931170607 0.0063407866172689696
leaf_weight=4.638803740617738 7.6994167212396851 6.4067083438858381 9.1900787521153671 6.0992506034672251
leaf_count=141 55 36 64 30
internal_value=0.00839801 0.00803972 0.00384997 0.00603351
internal_weight=34.0343 26.3348 19.9281 15.2893
internal_count=326 271 235 94
is_linear=0
shrinkage=0.1


Tree=1563
num_leaves=5
num_cat=0
split_feature=3 0 1 2
split_gain=0.0019955 0.0123302 0.27717 0.000169536
threshold=6.5000000000000009 7.5000000000000009 5.5000000000000009 6.5000000000000009
decision_type=2 2 2 2
left_child=1 2 -1 -2
right_child=3 -3 -4 -5
leaf_value=-0.10300628206089371 0.013788295454653458 0.013017335487117003 0.0096056552870883317 0.014625304228798795
leaf_weight=0.22116057633661634 6.3418160602450371 4.2728496622294188 2.6085337936383439 3.9131100699305534
leaf_count=165 32 24 83 22
internal_value=0.0132154 0.011927 0.00619398 0.0141077
internal_weight=17.3575 7.10254 2.82969 10.2549
internal_count=326 272 248 54
is_linear=0
shrinkage=0.1


Tree=1564
num_leaves=5
num_cat=0
split_feature=2 1 0 3
split_gain=0.0144612 0.017942 0.0275091 0.00423464
threshold=7.5000000000000009 7.5000000000000009 8.5000000000000018 6.5000000000000009
decision_type=2 2 2 2
left_child=1 2 3 -1
right_child=-2 -3 -4 -5
leaf_value=0.00082066835838075507 0.029918840763393507 0.020123221205786121 0.01492429212959652 0.007442501192087077
leaf_weight=1.3668699259846162 0.54741168022155751 2.4530603502789745 0.47237413562834252 3.2907941319281235
leaf_count=260 2 17 3 44
internal_value=0.0142221 0.013089 0.00972536 0.00549921
internal_weight=8.13051 7.5831 5.13004 4.65766
internal_count=326 324 307 304
is_linear=0
shrinkage=0.1


Tree=1565
num_leaves=3
num_cat=0
split_feature=2 3
split_gain=0.00022284 0.000192736
threshold=7.5000000000000009 7.5000000000000009
decision_type=2 2
left_child=1 -1
right_child=-2 -3
leaf_value=0.016471204483342657 0.019810303166755361 0.01864491927845302
leaf_weight=0.86796136746261277 0.55568355321884144 0.76956690847873688
leaf_count=321 2 3
internal_value=0.0180799 0.0174928
internal_weight=2.19321 1.63753
internal_count=326 324
is_linear=0
shrinkage=0.1


Tree=1566
num_leaves=2
num_cat=0
split_feature=0
split_gain=0.000189835
threshold=4.5000000000000009
decision_type=2
left_child=-1
right_child=-2
leaf_value=0.0022227444899912438 0.0041178400076065519
leaf_weight=1.055377808166668 1.0589679423137566
leaf_count=81 245
internal_value=0.0031719
internal_weight=2.11435
internal_count=326
is_linear=0
shrinkage=0.1


Tree=1567
num_leaves=1
num_cat=0
split_feature=
split_gain=
threshold=
decision_type=
left_child=
right_child=
leaf_value=0
leaf_weight=
leaf_count=326
internal_value=
internal_weight=
internal_count=
is_linear=0
shrinkage=1


Tree=1568
num_leaves=3
num_cat=0
split_feature=2 0
split_gain=0.12211 0.0849833
threshold=2.5000000000000004 2.5000000000000004
decision_type=2 2
left_child=-1 -2
right_child=1 -3
leaf_value=-0.029835828851417907 -0.012929432866976022 0.00585458727707575
leaf_weight=1.1320292204618478 1.180359043180945 17.716073034600413
leaf_count=6 8 312
internal_value=0.00206583 0.00397696
internal_weight=20.0285 18.8964
internal_count=326 320
is_linear=0
shrinkage=0.1


Tree=1569
num_leaves=3
num_cat=0
split_feature=1 1
split_gain=0.00660224 0.00207877
threshold=2.5000000000000004 3.5000000000000004
decision_type=2 2
left_child=-1 -2
right_child=1 -3
leaf_value=-0.00092475058059164324 0.0024213810571723079 0.0042945135373194127
leaf_weight=3.1662824675440779 7.7381854206323615 25.281480656078202
leaf_count=19 37 270
internal_value=0.00343727 0.00385554
internal_weight=36.1859 33.0197
internal_count=326 307
is_linear=0
shrinkage=0.1


Tree=1570
num_leaves=2
num_cat=0
split_feature=1
split_gain=0.00540828
threshold=3.5000000000000004
decision_type=2
left_child=-1
right_child=-2
leaf_value=0.00067241644423684827 0.0056295720559180282
leaf_weight=2.3414030546846325 36.668300856777932
leaf_count=56 270
internal_value=0.00533204
internal_weight=39.0097
internal_count=326
is_linear=0
shrinkage=0.1


Tree=1571
num_leaves=3
num_cat=0
split_feature=3 1
split_gain=0.00161364 0.0225468
threshold=5.5000000000000009 5.5000000000000009
decision_type=2 2
left_child=-1 -2
right_child=1 -3
leaf_value=0.0069362785994119677 0.00789097312961092 0.011789968683814493
leaf_weight=5.2303777046327005 12.224853490944954 16.55692080873996
leaf_count=138 81 107
internal_value=0.00855204 0.00884567
internal_weight=34.0122 28.7818
internal_count=326 188
is_linear=0
shrinkage=0.1


Tree=1572
num_leaves=5
num_cat=0
split_feature=1 2 1 2
split_gain=0.00209079 0.0635477 0.00580045 0.00229306
threshold=7.5000000000000009 6.5000000000000009 6.5000000000000009 5.5000000000000009
decision_type=2 2 2 2
left_child=1 2 3 -1
right_child=-2 -3 -4 -5
leaf_value=-0.0010473787477287206 0.015555269308355378 0.014041410505420805 0.0096889208876457886 0.0046026833689014396
leaf_weight=0.81684508610021733 2.7014927128329864 5.8155201468616715 2.0578668927773833 5.9543797732876556
leaf_count=167 17 39 20 83
internal_value=0.0129991 0.0125276 0.00533643 0.00392109
internal_weight=17.3461 14.6446 8.82909 6.77122
internal_count=326 309 270 250
is_linear=0
shrinkage=0.1


Tree=1573
num_leaves=3
num_cat=0
split_feature=2 3
split_gain=0.0147921 0.00559687
threshold=6.5000000000000009 6.5000000000000009
decision_type=2 2
left_child=1 -1
right_child=-2 -3
leaf_value=0.0019174818666089812 0.017610332000771677 0.011486323227568646
leaf_weight=0.85299221283361282 5.1137215204071254 2.1569403751054779
leaf_count=250 44 32
internal_value=0.0143366 0.00877459
internal_weight=8.12365 3.00993
internal_count=326 282
is_linear=0
shrinkage=0.1


Tree=1574
num_leaves=3
num_cat=0
split_feature=2 3
split_gain=0.000414747 0.000258347
threshold=7.5000000000000009 7.5000000000000009
decision_type=2 2
left_child=1 -1
right_child=-2 -3
leaf_value=0.016036128999298196 0.020377315150246579 0.018551029877968084
leaf_weight=0.8710806962537847 0.55529773235321034 0.76914222538471222
leaf_count=321 2 3
internal_value=0.0180151 0.0172154
internal_weight=2.19552 1.64022
internal_count=326 324
is_linear=0
shrinkage=0.1


Tree=1575
num_leaves=2
num_cat=0
split_feature=0
split_gain=0.000219008
threshold=4.5000000000000009
decision_type=2
left_child=-1
right_child=-2
leaf_value=0.0020913158408585263 0.0041264119021646849
leaf_weight=1.0564366336911919 1.0587615593294684
leaf_count=81 245
internal_value=0.00310998
internal_weight=2.1152
internal_count=326
is_linear=0
shrinkage=0.1


Tree=1576
num_leaves=1
num_cat=0
split_feature=
split_gain=
threshold=
decision_type=
left_child=
right_child=
leaf_value=0
leaf_weight=
leaf_count=326
internal_value=
internal_weight=
internal_count=
is_linear=0
shrinkage=1


Tree=1577
num_leaves=1
num_cat=0
split_feature=
split_gain=
threshold=
decision_type=
left_child=
right_child=
leaf_value=0
leaf_weight=
leaf_count=326
internal_value=
internal_weight=
internal_count=
is_linear=0
shrinkage=1


Tree=1578
num_leaves=3
num_cat=0
split_feature=1 1
split_gain=0.00689977 0.00223336
threshold=2.5000000000000004 3.5000000000000004
decision_type=2 2
left_child=-1 -2
right_child=1 -3
leaf_value=-0.00094030078898534129 0.0024601207940946686 0.0044015604223829287
leaf_weight=3.1670154705643645 7.7412849664688101 25.258698601872311
leaf_count=19 37 270
internal_value=0.00351824 0.00394613
internal_weight=36.167 33
internal_count=326 307
is_linear=0
shrinkage=0.1


Tree=1579
num_leaves=3
num_cat=0
split_feature=3 1
split_gain=0.00548156 2.23031
threshold=5.5000000000000009 4.5000000000000009
decision_type=2 2
left_child=1 -1
right_child=-2 -3
leaf_value=-0.068487552553711348 0.0064663252993702172 0.005270984689299138
leaf_weight=4.1040707050706287 21.921038342756219 12.947165308520196
leaf_count=71 188 67
internal_value=0.00542035 0.00407564
internal_weight=38.9723 17.0512
internal_count=326 138
is_linear=0
shrinkage=0.1


Tree=1580
num_leaves=3
num_cat=0
split_feature=1 3
split_gain=0.00166219 0.0480011
threshold=6.5000000000000009 6.5000000000000009
decision_type=2 2
left_child=1 -1
right_child=-2 -3
leaf_value=0.0037360340386393799 0.0095760648746168776 0.0087399958413467756
leaf_weight=19.904455136856999 7.6802811566740266 6.4035912146791807
leaf_count=235 55 36
internal_value=0.00828178 0.00790393
internal_weight=33.9883 26.308
internal_count=326 271
is_linear=0
shrinkage=0.1


Tree=1581
num_leaves=4
num_cat=0
split_feature=3 0 2
split_gain=0.00191899 0.0116336 0.000122359
threshold=6.5000000000000009 6.5000000000000009 6.5000000000000009
decision_type=2 2 2
left_child=1 -1 -2
right_child=2 -3 -4
leaf_value=0.0020918152467248132 0.013757193878944482 0.012958600202729679 0.014468849314286181
leaf_weight=1.0539404107202024 6.3421703968197107 6.043318982468918 3.9026766195893288
leaf_count=220 32 52 22
internal_value=0.0131527 0.0118889 0.0140283
internal_weight=17.3421 7.09726 10.2448
internal_count=326 272 54
is_linear=0
shrinkage=0.1


Tree=1582
num_leaves=4
num_cat=0
split_feature=1 3 1
split_gain=0.013933 0.0519624 0.0379497
threshold=5.5000000000000009 6.5000000000000009 7.5000000000000009
decision_type=2 2 2
left_child=-1 2 -2
right_child=1 -3 -4
leaf_value=-7.9757646964052984e-05 0.0076784978977535575 0.021148255320579526 0.01441337660916654
leaf_weight=0.62710319449027441 1.0794513916248434 5.3514354033395648 1.0671473246766254
leaf_count=184 92 39 11
internal_value=0.0142392 0.0154368 0.0076785
internal_weight=8.12514 7.49803 2.1466
internal_count=326 142 103
is_linear=0
shrinkage=0.1


Tree=1583
num_leaves=3
num_cat=0
split_feature=2 3
split_gain=0.000369156 0.000264197
threshold=7.5000000000000009 7.5000000000000009
decision_type=2 2
left_child=1 -1
right_child=-2 -3
leaf_value=0.015866067301975192 0.020039497969255221 0.018408657323913693
leaf_weight=0.87238738383484837 0.55552875995635975 0.76883603632450104
leaf_count=321 2 3
internal_value=0.0178113 0.0170572
internal_weight=2.19675 1.64122
internal_count=326 324
is_linear=0
shrinkage=0.1


Tree=1584
num_leaves=2
num_cat=0
split_feature=0
split_gain=0.000161387
threshold=4.5000000000000009
decision_type=2
left_child=-1
right_child=-2
leaf_value=0.0020127371460679456 0.0037577357186235113
leaf_weight=1.0572303149383517 1.0627943742497334
leaf_count=81 245
internal_value=0.00288753
internal_weight=2.12002
internal_count=326
is_linear=0
shrinkage=0.1


Tree=1585
num_leaves=1
num_cat=0
split_feature=
split_gain=
threshold=
decision_type=
left_child=
right_child=
leaf_value=0
leaf_weight=
leaf_count=326
internal_value=
internal_weight=
internal_count=
is_linear=0
shrinkage=1


Tree=1586
num_leaves=2
num_cat=0
split_feature=2
split_gain=0.10448
threshold=2.5000000000000004
decision_type=2
left_child=-1
right_child=-2
leaf_value=-0.027657392061274405 0.0038500014484789432
leaf_weight=1.1145241409540201 18.900372138863531
leaf_count=6 320
internal_value=0.00209552
internal_weight=20.0149
internal_count=326
is_linear=0
shrinkage=0.1


Tree=1587
num_leaves=3
num_cat=0
split_feature=2 1
split_gain=0.0057254 0.0104402
threshold=3.5000000000000004 2.5000000000000004
decision_type=2 2
left_child=-1 -2
right_child=1 -3
leaf_value=-0.0012352339676414078 0.0010667228149705145 0.0040758821957876026
leaf_weight=2.9399971514940253 2.2629393935203543 30.988217778081889
leaf_count=24 9 293
internal_value=0.00299468 0.00336868
internal_weight=36.1912 33.2512
internal_count=326 302
is_linear=0
shrinkage=0.1


Tree=1588
num_leaves=2
num_cat=0
split_feature=1
split_gain=0.00402635
threshold=3.5000000000000004
decision_type=2
left_child=-1
right_child=-2
leaf_value=0.0019238425754429481 0.0062184439271099033
leaf_weight=2.3214949818211599 36.609576639253646
leaf_count=56 270
internal_value=0.00596235
internal_weight=38.9311
internal_count=326
is_linear=0
shrinkage=0.1


Tree=1589
num_leaves=5
num_cat=0
split_feature=3 0 1 1
split_gain=0.00231503 0.0269964 0.024 2.37101e-06
threshold=5.5000000000000009 6.5000000000000009 5.5000000000000009 6.5000000000000009
decision_type=2 2 2 2
left_child=1 -1 -2 -4
right_child=2 -3 3 -5
leaf_value=-0.0033864957149658164 0.0076148986946643132 0.0076148986946643132 0.011685700955523126 0.011764761076217843
leaf_weight=2.2870749389039693 12.226463999133559 2.9497667104005814 10.617042873986067 5.9020096473395816
leaf_count=123 81 15 62 45
internal_value=0.00840563 0.00647187 0.00875792 0.0117139
internal_weight=33.9824 5.23684 28.7455 16.5191
internal_count=326 138 188 107
is_linear=0
shrinkage=0.1


Tree=1590
num_leaves=5
num_cat=0
split_feature=3 0 2 1
split_gain=0.00253007 0.00996291 0.000239572 4.09354e-05
threshold=6.5000000000000009 6.5000000000000009 6.5000000000000009 6.5000000000000009
decision_type=2 2 2 2
left_child=1 -1 -2 -3
right_child=2 3 -4 -5
leaf_value=0.002471698409179675 0.013571757873514334 0.012063572681234258 0.014567960986732667 0.012723333720571573
leaf_weight=1.0499720675446731 6.3428439125418663 2.5052616185857914 3.8972833342850208 3.5577959604561329
leaf_count=220 32 30 22 22
internal_value=0.0129445 0.0114958 0.0139509 0.0127233
internal_weight=17.3532 7.11303 10.2401 6.06306
internal_count=326 272 54 52
is_linear=0
shrinkage=0.1


Tree=1591
num_leaves=3
num_cat=0
split_feature=2 3
split_gain=0.0144528 0.00396252
threshold=6.5000000000000009 6.5000000000000009
decision_type=2 2
left_child=1 -1
right_child=-2 -3
leaf_value=0.0026055135273806889 0.017120217886791075 0.010663536255806849
leaf_weight=0.84935542481450488 5.1204861565493047 2.1678598296130076
leaf_count=250 44 32
internal_value=0.0138852 0.00839518
internal_weight=8.1377 3.01722
internal_count=326 282
is_linear=0
shrinkage=0.1


Tree=1592
num_leaves=3
num_cat=0
split_feature=2 3
split_gain=0.000352881 0.000290011
threshold=7.5000000000000009 7.5000000000000009
decision_type=2 2
left_child=1 -1
right_child=-2 -3
leaf_value=0.015818135054504308 0.019981178833907334 0.018481545337782321
leaf_weight=0.87290838877061128 0.55556827783584584 0.76897253096103668
leaf_count=321 2 3
internal_value=0.0178027 0.0170655
internal_weight=2.19745 1.64188
internal_count=326 324
is_linear=0
shrinkage=0.1


Tree=1593
num_leaves=2
num_cat=0
split_feature=0
split_gain=0.000184548
threshold=4.5000000000000009
decision_type=2
left_child=-1
right_child=-2
leaf_value=0.0019267553027889777 0.0037927353374541911
leaf_weight=1.0578187422361227 1.0622812462738691
leaf_count=81 245
internal_value=0.00286171
internal_weight=2.1201
internal_count=326
is_linear=0
shrinkage=0.1


Tree=1594
num_leaves=1
num_cat=0
split_feature=
split_gain=
threshold=
decision_type=
left_child=
right_child=
leaf_value=0
leaf_weight=
leaf_count=326
internal_value=
internal_weight=
internal_count=
is_linear=0
shrinkage=1


Tree=1595
num_leaves=1
num_cat=0
split_feature=
split_gain=
threshold=
decision_type=
left_child=
right_child=
leaf_value=0
leaf_weight=
leaf_count=326
internal_value=
internal_weight=
internal_count=
is_linear=0
shrinkage=1


Tree=1596
num_leaves=3
num_cat=0
split_feature=2 1
split_gain=0.00556735 0.0103544
threshold=3.5000000000000004 2.5000000000000004
decision_type=2 2
left_child=-1 -2
right_child=1 -3
leaf_value=-0.0011110650865549531 0.001160018171789817 0.0041398880476702883
leaf_weight=2.9370922520756713 2.2625167593359938 30.95645695462008
leaf_count=24 9 293
internal_value=0.00306212 0.0034311
internal_weight=36.1561 33.219
internal_count=326 302
is_linear=0
shrinkage=0.1


Tree=1597
num_leaves=2
num_cat=0
split_feature=1
split_gain=0.0036631
threshold=3.5000000000000004
decision_type=2
left_child=-1
right_child=-2
leaf_value=0.0020987241970753588 0.0061963140208815808
leaf_weight=2.3200803238432846 36.573406311275903
leaf_count=56 270
internal_value=0.00595188
internal_weight=38.8935
internal_count=326
is_linear=0
shrinkage=0.1


Tree=1598
num_leaves=5
num_cat=0
split_feature=1 3 0 0
split_gain=0.00151188 0.0493799 0.0290736 0.00867046
threshold=6.5000000000000009 6.5000000000000009 5.5000000000000009 6.5000000000000009
decision_type=2 2 2 2
left_child=1 2 -1 -4
right_child=-2 -3 3 -5
leaf_value=-0.0032384463754468028 0.0095620467800096379 0.0087636269514546512 0.0031075453699578753 0.0062308391965479196
leaf_weight=4.6349294758038075 7.6564736962318412 6.3853384880349031 9.1724676624871773 6.0893962346017352
leaf_count=141 55 36 64 30
internal_value=0.00832545 0.00796521 0.00369805 0.00580462
internal_weight=33.9386 26.2821 19.8968 15.2619
internal_count=326 271 235 94
is_linear=0
shrinkage=0.1


Tree=1599
num_leaves=5
num_cat=0
split_feature=2 1 3 0
split_gain=0.00228839 0.0165064 0.0151478 0.013167
threshold=5.5000000000000009 5.5000000000000009 6.5000000000000009 7.5000000000000009
decision_type=2 2 2 2
left_child=3 -2 -3 -1
right_child=1 2 -4 -5
leaf_value=-0.0019050821559744376 0.011036177752710071 0.013141460430855192 0.018378270536182861 0.011036177752710071
leaf_weight=0.82330049661209403 2.5905679957759267 5.6952293356880528 7.6861863806843758 0.55175542831420898
leaf_count=170 42 75 37 2
internal_value=0.0128249 0.0131619 0.0152467 0.00891045
internal_weight=17.347 15.972 13.3814 1.37506
internal_count=326 154 112 172
is_linear=0
shrinkage=0.1


Tree=1600
num_leaves=3
num_cat=0
split_feature=0 0
split_gain=0.0135553 0.000977451
threshold=7.5000000000000009 6.5000000000000009
decision_type=2 2
left_child=1 -1
right_child=-2 -3
leaf_value=0.0044427321206653653 0.016157488969978526 0.0089328830198790871
leaf_weight=1.0165370955496511 6.1905294395110104 0.92684963933697861
leaf_count=247 39 40
internal_value=0.0138702 0.0065842
internal_weight=8.13392 1.94339
internal_count=326 287
is_linear=0
shrinkage=0.1


Tree=1601
num_leaves=3
num_cat=0
split_feature=2 3
split_gain=0.000312689 0.000278961
threshold=7.5000000000000009 7.5000000000000009
decision_type=2 2
left_child=1 -1
right_child=-2 -3
leaf_value=0.015690760641069643 0.019657047036294721 0.018285024061066392
leaf_weight=0.87390704479821602 0.55578613281249989 0.76861579716205597
leaf_count=321 2 3
internal_value=0.0176068 0.016913
internal_weight=2.19831 1.64252
internal_count=326 324
is_linear=0
shrinkage=0.1


Tree=1602
num_leaves=2
num_cat=0
split_feature=0
split_gain=0.000187648
threshold=4.5000000000000009
decision_type=2
left_child=-1
right_child=-2
leaf_value=0.0018929363279691228 0.0037743301904445224
leaf_weight=1.058110121637583 1.0624312566915248
leaf_count=81 245
internal_value=0.00283555
internal_weight=2.12054
internal_count=326
is_linear=0
shrinkage=0.1


Tree=1603
num_leaves=1
num_cat=0
split_feature=
split_gain=
threshold=
decision_type=
left_child=
right_child=
leaf_value=0
leaf_weight=
leaf_count=326
internal_value=
internal_weight=
internal_count=
is_linear=0
shrinkage=1


Tree=1604
num_leaves=1
num_cat=0
split_feature=
split_gain=
threshold=
decision_type=
left_child=
right_child=
leaf_value=0
leaf_weight=
leaf_count=326
internal_value=
internal_weight=
internal_count=
is_linear=0
shrinkage=1


Tree=1605
num_leaves=2
num_cat=0
split_feature=1
split_gain=0.00620983
threshold=3.5000000000000004
decision_type=2
left_child=-1
right_child=-2
leaf_value=0.001009032358238669 0.0038664264619386046
leaf_weight=10.885999903082846 25.240351582280709
leaf_count=56 270
internal_value=0.0030054
internal_weight=36.1264
internal_count=326
is_linear=0
shrinkage=0.1


Tree=1606
num_leaves=2
num_cat=0
split_feature=1
split_gain=0.00328462
threshold=3.5000000000000004
decision_type=2
left_child=-1
right_child=-2
leaf_value=0.0020969052210020982 0.0059772113184927318
leaf_weight=2.3198676627653176 36.57126551278634
leaf_count=56 270
internal_value=0.00574575
internal_weight=38.8911
internal_count=326
is_linear=0
shrinkage=0.1


Tree=1607
num_leaves=5
num_cat=0
split_feature=3 0 1 1
split_gain=0.00198775 0.0236549 0.023631 1.95199e-07
threshold=5.5000000000000009 6.5000000000000009 5.5000000000000009 6.5000000000000009
decision_type=2 2 2 2
left_child=1 -1 -2 -4
right_child=2 -3 3 -5
leaf_value=-0.0024601969817695146 0.0078581389000695386 0.0078581389000695386 0.011887264637495631 0.011909982399756727
leaf_weight=2.2769563240726702 12.21784923784435 2.9478535391390324 10.595818377099933 5.8817213457077733
leaf_count=123 81 15 62 45
internal_value=0.00859181 0.00679781 0.00891846 0.0118954
internal_weight=33.9202 5.22481 28.6954 16.4775
internal_count=326 138 188 107
is_linear=0
shrinkage=0.1


Tree=1608
num_leaves=5
num_cat=0
split_feature=1 3 2 2
split_gain=0.00241892 0.0811408 0.0582169 0.00124488
threshold=6.5000000000000009 6.5000000000000009 6.5000000000000009 5.5000000000000009
decision_type=2 2 2 2
left_child=2 -2 3 -1
right_child=1 -3 -4 -5
leaf_value=-0.00048730920027848564 0.012557918801737592 0.027593510408603861 0.012557918801737592 0.0036813214207264849
leaf_weight=0.81420844925242075 4.0193806265015146 3.6370968520641327 2.9121332671493292 5.961836816277355
leaf_count=167 37 18 21 83
internal_value=0.0124186 0.013747 0.0113688 0.00318042
internal_weight=17.3447 7.65648 9.68818 6.77605
internal_count=326 55 271 250
is_linear=0
shrinkage=0.1


Tree=1609
num_leaves=5
num_cat=0
split_feature=2 1 0 3
split_gain=0.0135295 0.0164254 0.0264278 0.00468046
threshold=7.5000000000000009 7.5000000000000009 8.5000000000000018 6.5000000000000009
decision_type=2 2 2 2
left_child=1 2 3 -1
right_child=-2 -3 -4 -5
leaf_value=0.00054705468732589092 0.02914632788426131 0.019611924436044838 0.014634441420712116 0.0075102131708097777
leaf_weight=1.3670107097455853 0.54814255237579335 2.4498954941664124 0.47169102542102326 3.2852298354264349
leaf_count=260 2 17 3 44
internal_value=0.0139751 0.0128771 0.00965696 0.00546416
internal_weight=8.12197 7.57383 5.12393 4.65224
internal_count=326 324 307 304
is_linear=0
shrinkage=0.1


Tree=1610
num_leaves=3
num_cat=0
split_feature=2 3
split_gain=0.000268724 0.00025454
threshold=7.5000000000000009 7.5000000000000009
decision_type=2 2
left_child=1 -1
right_child=-2 -3
leaf_value=0.015655868133624795 0.019366876473892066 0.018095132801674168
leaf_weight=0.87428790517674337 0.55597835779190052 0.76830875873565674
leaf_count=321 2 3
internal_value=0.0174666 0.0168234
internal_weight=2.19858 1.6426
internal_count=326 324
is_linear=0
shrinkage=0.1


Tree=1611
num_leaves=2
num_cat=0
split_feature=0
split_gain=0.000204936
threshold=4.5000000000000009
decision_type=2
left_child=-1
right_child=-2
leaf_value=0.0018433693847809828 0.0038095037079323014
leaf_weight=1.0585913227405401 1.0619766168533713
leaf_count=81 245
internal_value=0.00282801
internal_weight=2.12057
internal_count=326
is_linear=0
shrinkage=0.1


Tree=1612
num_leaves=1
num_cat=0
split_feature=
split_gain=
threshold=
decision_type=
left_child=
right_child=
leaf_value=0
leaf_weight=
leaf_count=326
internal_value=
internal_weight=
internal_count=
is_linear=0
shrinkage=1


Tree=1613
num_leaves=2
num_cat=0
split_feature=1
split_gain=9.97845e-07
threshold=2.5000000000000004
decision_type=2
left_child=-1
right_child=-2
leaf_value=0.0026178502642302333 0.0026785555871920433
leaf_weight=3.2325588017702129 16.67863653110544
leaf_count=19 307
internal_value=0.0026687
internal_weight=19.9112
internal_count=326
is_linear=0
shrinkage=0.1


Tree=1614
num_leaves=2
num_cat=0
split_feature=1
split_gain=0.00661716
threshold=3.5000000000000004
decision_type=2
left_child=-1
right_child=-2
leaf_value=0.00096333741845989844 0.0039136208325205235
leaf_weight=10.884465530514715 25.210883894353174
leaf_count=56 270
internal_value=0.00302397
internal_weight=36.0953
internal_count=326
is_linear=0
shrinkage=0.1


Tree=1615
num_leaves=2
num_cat=0
split_feature=1
split_gain=0.00319678
threshold=3.5000000000000004
decision_type=2
left_child=-1
right_child=-2
leaf_value=0.0021036598455450735 0.0059315763636137858
leaf_weight=2.3202029265230513 36.537177107820753
leaf_count=56 270
internal_value=0.00570301
internal_weight=38.8574
internal_count=326
is_linear=0
shrinkage=0.1


Tree=1616
num_leaves=5
num_cat=0
split_feature=1 3 0 0
split_gain=0.00203402 0.0497571 0.026478 0.00847077
threshold=6.5000000000000009 6.5000000000000009 5.5000000000000009 6.5000000000000009
decision_type=2 2 2 2
left_child=1 2 -1 -4
right_child=-2 -3 3 -5
leaf_value=-0.002863692318032266 0.0098034004136389255 0.0088758630610105121 0.0031968737842557882 0.0063179574118620496
leaf_weight=4.6293212099590226 7.6276570782065383 6.3815470999106756 9.1634962600655836 6.0822270438075057
leaf_count=141 55 36 64 30
internal_value=0.00836592 0.00794833 0.00376005 0.00577133
internal_weight=33.8842 26.2566 19.875 15.2457
internal_count=326 271 235 94
is_linear=0
shrinkage=0.1


Tree=1617
num_leaves=5
num_cat=0
split_feature=3 0 0 2
split_gain=0.0016664 0.00908682 0.00215393 4.79893e-05
threshold=6.5000000000000009 7.5000000000000009 6.5000000000000009 6.5000000000000009
decision_type=2 2 2 2
left_child=1 2 -1 -2
right_child=3 -3 -4 -5
leaf_value=0.0026396831420133784 0.012948136041233084 0.012121517090065146 0.0083543736594520676 0.013394815056806841
leaf_weight=1.0481798754070732 6.3311404567211866 4.2991525530815125 1.7788603540393524 3.8787627369165421
leaf_count=220 32 24 28 22
internal_value=0.0122987 0.0111252 0.00623554 0.0131178
internal_weight=17.3361 7.12619 2.82704 10.2099
internal_count=326 272 248 54
is_linear=0
shrinkage=0.1


Tree=1618
num_leaves=3
num_cat=0
split_feature=2 3
split_gain=0.0131202 0.00542358
threshold=6.5000000000000009 6.5000000000000009
decision_type=2 2
left_child=1 -1
right_child=-2 -3
leaf_value=0.0023951632588085983 0.017486857150696387 0.011825972436929339
leaf_weight=0.85018430117037302 5.1027743539307266 2.1567345928633586
leaf_count=250 44 32
internal_value=0.0143992 0.00915948
internal_weight=8.10969 3.00692
internal_count=326 282
is_linear=0
shrinkage=0.1


Tree=1619
num_leaves=3
num_cat=0
split_feature=2 3
split_gain=0.00042795 0.000240561
threshold=7.5000000000000009 7.5000000000000009
decision_type=2 2
left_child=1 -1
right_child=-2 -3
leaf_value=0.015840851049995126 0.020187441460761617 0.01826706864559326
leaf_weight=0.87330857948609286 0.55542802810668934 0.76809009909629822
leaf_count=321 2 3
internal_value=0.0177881 0.0169762
internal_weight=2.19683 1.6414
internal_count=326 324
is_linear=0
shrinkage=0.1


Tree=1620
num_leaves=2
num_cat=0
split_feature=0
split_gain=0.000202902
threshold=4.5000000000000009
decision_type=2
left_child=-1
right_child=-2
leaf_value=0.0018496840890590482 0.0038060925792124918
leaf_weight=1.0584757900796833 1.061977424777069
leaf_count=81 245
internal_value=0.0028295
internal_weight=2.12045
internal_count=326
is_linear=0
shrinkage=0.1


Tree=1621
num_leaves=1
num_cat=0
split_feature=
split_gain=
threshold=
decision_type=
left_child=
right_child=
leaf_value=0
leaf_weight=
leaf_count=326
internal_value=
internal_weight=
internal_count=
is_linear=0
shrinkage=1


Tree=1622
num_leaves=2
num_cat=0
split_feature=1
split_gain=2.05653e-05
threshold=2.5000000000000004
decision_type=2
left_child=-1
right_child=-2
leaf_value=0.0024178823800971951 0.0026933541607668627
leaf_weight=3.2361805997788933 16.670112186893675
leaf_count=19 307
internal_value=0.00264857
internal_weight=19.9063
internal_count=326
is_linear=0
shrinkage=0.1


Tree=1623
num_leaves=2
num_cat=0
split_feature=1
split_gain=0.00657479
threshold=3.5000000000000004
decision_type=2
left_child=-1
right_child=-2
leaf_value=0.0010152516231780194 0.0039563450734895495
leaf_weight=10.884763106703756 25.193934802184231
leaf_count=56 270
internal_value=0.00306903
internal_weight=36.0787
internal_count=326
is_linear=0
shrinkage=0.1


Tree=1624
num_leaves=4
num_cat=0
split_feature=2 1 3
split_gain=0.00335476 0.0100191 0.00744513
threshold=4.5000000000000009 4.5000000000000009 5.5000000000000009
decision_type=2 2 2
left_child=1 -1 -2
right_child=2 -3 -4
leaf_value=-0.0056101124107825586 0.0043589451101685283 0.0043589451101685283 0.0070100533062752088
leaf_weight=1.1026972063991696 12.983765834942458 3.0745473466813564 21.691843823471572
leaf_count=59 68 18 181
internal_value=0.0055363 0.00285907 0.00585882
internal_weight=38.8529 4.17724 34.6756
internal_count=326 77 249
is_linear=0
shrinkage=0.1


Tree=1625
num_leaves=5
num_cat=0
split_feature=3 1 0 1
split_gain=0.00149699 0.0219896 0.0203501 6.34187e-05
threshold=5.5000000000000009 5.5000000000000009 6.5000000000000009 6.5000000000000009
decision_type=2 2 2 2
left_child=2 -2 -1 -3
right_child=1 3 -4 -5
leaf_value=-0.001674186759137373 0.0078998651050712874 0.01160825606738479 0.0078998651050712874 0.012018428095830589
leaf_weight=2.268367040771408 12.213710633572193 10.581649638712408 2.9443423636257648 5.8553868252784005
leaf_count=123 81 62 15 45
internal_value=0.00853745 0.00882105 0.00697868 0.0117544
internal_weight=33.8635 28.6507 5.21271 16.437
internal_count=326 188 138 107
is_linear=0
shrinkage=0.1


Tree=1626
num_leaves=5
num_cat=0
split_feature=1 2 0 1
split_gain=0.00164986 0.0600383 0.0759197 0.0601071
threshold=7.5000000000000009 6.5000000000000009 7.5000000000000009 5.5000000000000009
decision_type=2 2 2 2
left_child=1 2 3 -1
right_child=-2 -3 -4 -5
leaf_value=-0.017838226474138904 0.014425366653263456 0.013080153418281308 0.0088686683555146712 0.0028452945955668735
leaf_weight=1.9402385335184833 2.6998120709322384 5.7988238353282204 2.52452009357512 4.3710060926823644
leaf_count=176 17 39 14 80
internal_value=0.012154 0.0117349 0.00465718 -0.00317808
internal_weight=17.3344 14.6346 8.83576 6.31124
internal_count=326 309 270 256
is_linear=0
shrinkage=0.1


Tree=1627
num_leaves=4
num_cat=0
split_feature=1 3 1
split_gain=0.0137019 0.0547827 0.0355952
threshold=5.5000000000000009 6.5000000000000009 7.5000000000000009
decision_type=2 2 2
left_child=-1 2 -2
right_child=1 -3 -4
leaf_value=3.5942384719178141e-05 0.0077353642193024449 0.021359885050994318 0.014547624635148382
leaf_weight=0.62618186946517074 1.07983943931049 5.3412374760955572 1.0628204128734069
leaf_count=184 92 39 11
internal_value=0.0142458 0.0154348 0.00773536
internal_weight=8.11008 7.4839 2.14266
internal_count=326 142 103
is_linear=0
shrinkage=0.1


Tree=1628
num_leaves=3
num_cat=0
split_feature=2 3
split_gain=0.000385465 0.000245665
threshold=7.5000000000000009 7.5000000000000009
decision_type=2 2
left_child=1 -1
right_child=-2 -3
leaf_value=0.015650399514907314 0.019843087436321721 0.018101557970194523
leaf_weight=0.8747497716342425 0.55566149950027455 0.76775732636451721
leaf_count=321 2 3
internal_value=0.0175664 0.0167961
internal_weight=2.19817 1.64251
internal_count=326 324
is_linear=0
shrinkage=0.1


Tree=1629
num_leaves=2
num_cat=0
split_feature=0
split_gain=0.000205837
threshold=4.5000000000000009
decision_type=2
left_child=-1
right_child=-2
leaf_value=0.0018721211026429228 0.0038429809679508945
leaf_weight=1.0581855750642719 1.0615108367082937
leaf_count=81 245
internal_value=0.0028591
internal_weight=2.1197
internal_count=326
is_linear=0
shrinkage=0.1


Tree=1630
num_leaves=1
num_cat=0
split_feature=
split_gain=
threshold=
decision_type=
left_child=
right_child=
leaf_value=0
leaf_weight=
leaf_count=326
internal_value=
internal_weight=
internal_count=
is_linear=0
shrinkage=1


Tree=1631
num_leaves=2
num_cat=0
split_feature=1
split_gain=5.28511e-05
threshold=2.5000000000000004
decision_type=2
left_child=-1
right_child=-2
leaf_value=0.0022573918273393876 0.0026988620685138055
leaf_weight=3.2389148287475136 16.661441891987124
leaf_count=19 307
internal_value=0.00262701
internal_weight=19.9004
internal_count=326
is_linear=0
shrinkage=0.1


Tree=1632
num_leaves=2
num_cat=0
split_feature=1
split_gain=0.00626945
threshold=3.5000000000000004
decision_type=2
left_child=-1
right_child=-2
leaf_value=0.0011052989506871471 0.0039777913267748342
leaf_weight=10.88379595428705 25.169757892792404
leaf_count=56 270
internal_value=0.00311065
internal_weight=36.0536
internal_count=326
is_linear=0
shrinkage=0.1


Tree=1633
num_leaves=2
num_cat=0
split_feature=1
split_gain=0.00356924
threshold=3.5000000000000004
decision_type=2
left_child=-1
right_child=-2
leaf_value=0.0017150744019150278 0.0057568837209737824
leaf_weight=2.3239644241402848 36.501689876895398
leaf_count=56 270
internal_value=0.00551496
internal_weight=38.8257
internal_count=326
is_linear=0
shrinkage=0.1


Tree=1634
num_leaves=5
num_cat=0
split_feature=1 3 0 0
split_gain=0.00187967 0.0459396 0.0237442 0.00789142
threshold=6.5000000000000009 6.5000000000000009 5.5000000000000009 6.5000000000000009
decision_type=2 2 2 2
left_child=1 2 -1 -4
right_child=-2 -3 3 -5
leaf_value=-0.0024513624532244219 0.0096365805334888664 0.0087437359330301747 0.0032626157081535215 0.0062843052663320159
leaf_weight=4.6238108913275999 7.6026299241930237 6.3898616237565866 9.154141301289199 6.073730517178773
leaf_count=141 55 36 64 30
internal_value=0.00825202 0.00785089 0.00382487 0.0057306
internal_weight=33.8442 26.2415 19.8517 15.2279
internal_count=326 271 235 94
is_linear=0
shrinkage=0.1


Tree=1635
num_leaves=4
num_cat=0
split_feature=3 1 2
split_gain=0.00324417 0.000365241 0.0201456
threshold=6.5000000000000009 5.5000000000000009 6.5000000000000009
decision_type=2 2 2
left_child=1 -1 -3
right_child=-2 2 -4
leaf_value=0.0090729090778593098 0.013824155159909131 0.010188229234523824 0.012433751357470303
leaf_weight=0.83097237546474012 10.205539684742689 4.2374793570343172 2.0552508030086756
leaf_count=169 54 84 19
internal_value=0.012681 0.0110433 0.0113035
internal_weight=17.3292 7.1237 6.29273
internal_count=326 272 103
is_linear=0
shrinkage=0.1


Tree=1636
num_leaves=3
num_cat=0
split_feature=2 3
split_gain=0.0130589 0.00369724
threshold=6.5000000000000009 6.5000000000000009
decision_type=2 2
left_child=1 -1
right_child=-2 -3
leaf_value=0.0030030701106106374 0.016903775918620283 0.010793824371874594
leaf_weight=0.84686174367676903 5.1107185439905152 2.1700292939785868
leaf_count=250 44 32
internal_value=0.0138241 0.00860691
internal_weight=8.12761 3.01689
internal_count=326 282
is_linear=0
shrinkage=0.1


Tree=1637
num_leaves=3
num_cat=0
split_feature=2 3
split_gain=0.000374038 0.000289056
threshold=7.5000000000000009 7.5000000000000009
decision_type=2 2
left_child=1 -1
right_child=-2 -3
leaf_value=0.015554407619877728 0.019797479707908405 0.018212429825759133
leaf_weight=0.87563164413836625 0.5556921362876891 0.7679542750120163
leaf_count=321 2 3
internal_value=0.0175546 0.0167964
internal_weight=2.19928 1.64359
internal_count=326 324
is_linear=0
shrinkage=0.1


Tree=1638
num_leaves=2
num_cat=0
split_feature=0
split_gain=0.000203714
threshold=4.5000000000000009
decision_type=2
left_child=-1
right_child=-2
leaf_value=0.0018742758065666042 0.0038349539506191779
leaf_weight=1.0581110585480931 1.0615631401869903
leaf_count=81 245
internal_value=0.00285621
internal_weight=2.11967
internal_count=326
is_linear=0
shrinkage=0.1


Tree=1639
num_leaves=1
num_cat=0
split_feature=
split_gain=
threshold=
decision_type=
left_child=
right_child=
leaf_value=0
leaf_weight=
leaf_count=326
internal_value=
internal_weight=
internal_count=
is_linear=0
shrinkage=1


Tree=1640
num_leaves=2
num_cat=0
split_feature=1
split_gain=0.000104366
threshold=2.5000000000000004
decision_type=2
left_child=-1
right_child=-2
leaf_value=0.0020934083794374755 0.0027135706720860151
leaf_weight=3.2418720573186901 16.653023240389302
leaf_count=19 307
internal_value=0.00261252
internal_weight=19.8949
internal_count=326
is_linear=0
shrinkage=0.1


Tree=1641
num_leaves=2
num_cat=0
split_feature=1
split_gain=0.00625435
threshold=3.5000000000000004
decision_type=2
left_child=-1
right_child=-2
leaf_value=0.0011396628973732665 0.0040089294957906998
leaf_weight=10.884210452437399 25.153983581025386
leaf_count=56 270
internal_value=0.00314236
internal_weight=36.0382
internal_count=326
is_linear=0
shrinkage=0.1


Tree=1642
num_leaves=2
num_cat=0
split_feature=1
split_gain=0.00335958
threshold=3.5000000000000004
decision_type=2
left_child=-1
right_child=-2
leaf_value=0.0016863170890226136 0.0056075863736731848
leaf_weight=2.3240366456448092 36.494581089587882
leaf_count=56 270
internal_value=0.00537282
internal_weight=38.8186
internal_count=326
is_linear=0
shrinkage=0.1


Tree=1643
num_leaves=5
num_cat=0
split_feature=1 3 0 0
split_gain=0.00132911 0.0434955 0.0210261 0.00777226
threshold=6.5000000000000009 6.5000000000000009 5.5000000000000009 6.5000000000000009
decision_type=2 2 2 2
left_child=1 2 -1 -4
right_child=-2 -3 3 -5
leaf_value=-0.0018140200293114918 0.0096050283312793007 0.0088538843747247055 0.0034642898388503752 0.0064741513186533893
leaf_weight=4.6211482633698386 7.5939075816422692 6.3796412190422407 9.1594920693896693 6.0739480406045905
leaf_count=141 55 36 64 30
internal_value=0.00843998 0.00810274 0.00409442 0.00588678
internal_weight=33.8281 26.2342 19.8546 15.2334
internal_count=326 271 235 94
is_linear=0
shrinkage=0.1


Tree=1644
num_leaves=5
num_cat=0
split_feature=3 1 2 2
split_gain=0.00323905 0.00032093 0.0197197 6.00698e-05
threshold=6.5000000000000009 5.5000000000000009 6.5000000000000009 6.5000000000000009
decision_type=2 2 2 2
left_child=1 -1 -3 -2
right_child=3 2 -4 -5
leaf_value=0.0089562460319414349 0.013390409193441933 0.01000116952698425 0.012191276389095788 0.013890606133247666
leaf_weight=0.83177677347521317 6.3322316743433475 4.2451036408892833 2.0588862914592028 3.8671533986926079
leaf_count=169 32 84 19 22
internal_value=0.0124367 0.0108025 0.0110461 0.0135801
internal_weight=17.3352 7.13577 6.30399 10.1994
internal_count=326 272 103 54
is_linear=0
shrinkage=0.1


Tree=1645
num_leaves=3
num_cat=0
split_feature=0 0
split_gain=0.01315 0.00105053
threshold=7.5000000000000009 6.5000000000000009
decision_type=2 2
left_child=1 -1
right_child=-2 -3
leaf_value=0.0043441777868679522 0.015991447800845365 0.0089984087713741983
leaf_weight=1.0176351562324155 6.1820321598934243 0.9265033296171622
leaf_count=247 39 40
internal_value=0.0137356 0.00656221
internal_weight=8.12617 1.94414
internal_count=326 287
is_linear=0
shrinkage=0.1


Tree=1646
num_leaves=3
num_cat=0
split_feature=2 3
split_gain=0.000333924 0.000282756
threshold=7.5000000000000009 7.5000000000000009
decision_type=2 2
left_child=1 -1
right_child=-2 -3
leaf_value=0.015395639822957727 0.019457521503166236 0.018024028789897305
leaf_weight=0.87685295784694994 0.55591857433319081 0.76757557690143585
leaf_count=321 2 3
internal_value=0.0173388 0.0166225
internal_weight=2.20035 1.64443
internal_count=326 324
is_linear=0
shrinkage=0.1


Tree=1647
num_leaves=2
num_cat=0
split_feature=0
split_gain=0.00020214
threshold=4.5000000000000009
decision_type=2
left_child=-1
right_child=-2
leaf_value=0.0018751535111905327 0.0038282540104459029
leaf_weight=1.0580490282736721 1.0616006498471504
leaf_count=81 245
internal_value=0.00285334
internal_weight=2.11965
internal_count=326
is_linear=0
shrinkage=0.1


Tree=1648
num_leaves=1
num_cat=0
split_feature=
split_gain=
threshold=
decision_type=
left_child=
right_child=
leaf_value=0
leaf_weight=
leaf_count=326
internal_value=
internal_weight=
internal_count=
is_linear=0
shrinkage=1


Tree=1649
num_leaves=2
num_cat=0
split_feature=1
split_gain=0.000165724
threshold=2.5000000000000004
decision_type=2
left_child=-1
right_child=-2
leaf_value=0.0019456984799043273 0.0027269453999010556
leaf_weight=3.2445243708789375 16.644781626042459
leaf_count=19 307
internal_value=0.0025995
internal_weight=19.8893
internal_count=326
is_linear=0
shrinkage=0.1


Tree=1650
num_leaves=2
num_cat=0
split_feature=1
split_gain=0.00622479
threshold=3.5000000000000004
decision_type=2
left_child=-1
right_child=-2
leaf_value=0.0011708803338410538 0.00403358095488578
leaf_weight=10.884626500308512 25.138705775301787
leaf_count=56 270
internal_value=0.0031686
internal_weight=36.0233
internal_count=326
is_linear=0
shrinkage=0.1


Tree=1651
num_leaves=4
num_cat=0
split_feature=2 3 3
split_gain=0.00340378 1.2336 0.00780207
threshold=4.5000000000000009 4.5000000000000009 5.5000000000000009
decision_type=2 2 2
left_child=1 -1 -2
right_child=2 -3 -4
leaf_value=-0.10391698731689032 0.0040689339914844668 0.0040689339914844668 0.0067606399337040634
leaf_weight=1.0587050769827318 12.959698738530276 3.1234405580325983 21.667390595597681
leaf_count=25 68 52 181
internal_value=0.00525359 0.00255882 0.00557905
internal_weight=38.8092 4.18215 34.6271
internal_count=326 77 249
is_linear=0
shrinkage=0.1


Tree=1652
num_leaves=4
num_cat=0
split_feature=3 1 1
split_gain=0.00158109 0.0226111 2.57222e-05
threshold=5.5000000000000009 5.5000000000000009 6.5000000000000009
decision_type=2 2 2
left_child=-1 -2 -3
right_child=1 2 -4
leaf_value=0.007000598660039957 0.0079485122478884559 0.011773762078499048 0.012035414846756746
leaf_weight=5.1982328128506188 12.210583718493583 10.575292613357307 5.8275106623768798
leaf_count=138 81 62 45
internal_value=0.00860496 0.00889643 0.0118667
internal_weight=33.8116 28.6134 16.4028
internal_count=326 188 107
is_linear=0
shrinkage=0.1


Tree=1653
num_leaves=5
num_cat=0
split_feature=3 0 0 2
split_gain=0.00301389 0.009393 0.00224989 0.000119812
threshold=6.5000000000000009 7.5000000000000009 6.5000000000000009 6.5000000000000009
decision_type=2 2 2 2
left_child=1 2 -1 -2
right_child=3 -3 -4 -5
leaf_value=0.0021743941047363347 0.013046529456199643 0.01197488892702271 0.0080041881040945045 0.013753472728045311
leaf_weight=1.0529852147080883 6.3301886953413486 4.3100696224719286 1.7828444987535477 3.8586994484066963
leaf_count=220 32 24 28 22
internal_value=0.01221 0.0106355 0.0058395 0.0133143
internal_weight=17.3348 7.1459 2.83583 10.1889
internal_count=326 272 248 54
is_linear=0
shrinkage=0.1


Tree=1654
num_leaves=5
num_cat=0
split_feature=2 1 0 3
split_gain=0.012995 0.0159785 0.026125 0.00480207
threshold=7.5000000000000009 7.5000000000000009 8.5000000000000018 6.5000000000000009
decision_type=2 2 2 2
left_child=1 2 3 -1
right_child=-2 -3 -4 -5
leaf_value=0.00023657177000180275 0.028510575967095182 0.019222979375268789 0.014311408142429861 0.0072889887051408577
leaf_weight=1.3671172235484048 0.54873245954513539 2.4463294158776989 0.47126568481326092 3.2865922909695655
leaf_count=260 2 17 3 44
internal_value=0.0136507 0.0125737 0.00939984 0.0052172
internal_weight=8.12004 7.5713 5.12498 4.65371
internal_count=326 324 307 304
is_linear=0
shrinkage=0.1


Tree=1655
num_leaves=5
num_cat=0
split_feature=2 3 3 3
split_gain=0.000299614 0.000278839 0.0599118 2.46528e-07
threshold=7.5000000000000009 7.5000000000000009 6.5000000000000009 5.5000000000000009
decision_type=2 2 2 2
left_child=1 2 3 -1
right_child=-2 -3 -4 -5
leaf_value=-0.089468245348565623 0.019086938484309902 0.017744558848667942 0.016464917390618242 -0.088975413087252569
leaf_weight=0.040047277541362059 0.55616134405136097 0.76711615920066833 0.8247819964417431 0.013595935447710872
leaf_count=138 2 3 49 134
internal_value=0.0170804 0.0164022 0.0151853 -0.0893433
internal_weight=2.2017 1.64554 0.878425 0.0536432
internal_count=326 324 321 272
is_linear=0
shrinkage=0.1


Tree=1656
num_leaves=4
num_cat=0
split_feature=0 3 3
split_gain=0.000179192 0.358044 6.14805e-07
threshold=4.5000000000000009 5.5000000000000009 4.5000000000000009
decision_type=2 2 2
left_child=1 2 -1
right_child=-2 -3 -4
leaf_value=-0.08985579988250926 0.0037261672706915636 0.0028069029624005772 -0.089608499093151661
leaf_weight=0.16789754410274349 1.0626447536465091 0.63943501422181726 0.25053387507796288
leaf_count=20 245 22 39
internal_value=0.00280897 0.00188764 -0.0897077
internal_weight=2.12051 1.05787 0.418431
internal_count=326 81 59
is_linear=0
shrinkage=0.1


Tree=1657
num_leaves=1
num_cat=0
split_feature=
split_gain=
threshold=
decision_type=
left_child=
right_child=
leaf_value=0
leaf_weight=
leaf_count=326
internal_value=
internal_weight=
internal_count=
is_linear=0
shrinkage=1


Tree=1658
num_leaves=2
num_cat=0
split_feature=1
split_gain=0.000173123
threshold=2.5000000000000004
decision_type=2
left_child=-1
right_child=-2
leaf_value=0.001824184224482636 0.0026224770011605177
leaf_weight=3.246488485485318 16.645197346279019
leaf_count=19 307
internal_value=0.00249219
internal_weight=19.8917
internal_count=326
is_linear=0
shrinkage=0.1


Tree=1659
num_leaves=2
num_cat=0
split_feature=2
split_gain=0.00607438
threshold=3.5000000000000004
decision_type=2
left_child=-1
right_child=-2
leaf_value=-0.0012964201308285194 0.0034456162803785887
leaf_weight=2.9417865276336661 33.04325787552807
leaf_count=24 302
internal_value=0.00305795
internal_weight=35.985
internal_count=326
is_linear=0
shrinkage=0.1


Tree=1660
num_leaves=2
num_cat=0
split_feature=1
split_gain=0.00397125
threshold=3.5000000000000004
decision_type=2
left_child=-1
right_child=-2
leaf_value=0.0015534372941864751 0.0058179617584173775
leaf_weight=2.3231152607768299 36.377301005588379
leaf_count=56 270
internal_value=0.00556197
internal_weight=38.7004
internal_count=326
is_linear=0
shrinkage=0.1


Tree=1661
num_leaves=4
num_cat=0
split_feature=3 1 1
split_gain=0.00172116 0.0220246 5.42063e-05
threshold=5.5000000000000009 5.5000000000000009 6.5000000000000009
decision_type=2 2 2
left_child=-1 -2 -3
right_child=1 2 -4
leaf_value=0.0067188109607320664 0.0077077996181742631 0.011466490330668096 0.011846687176961296
leaf_weight=5.1995861300674724 12.210401427932085 10.553309740498664 5.8170350380241862
leaf_count=138 81 62 45
internal_value=0.00839233 0.00869679 0.0116016
internal_weight=33.7803 28.5807 16.3703
internal_count=326 188 107
is_linear=0
shrinkage=0.1


Tree=1662
num_leaves=5
num_cat=0
split_feature=3 0 0 2
split_gain=0.00240519 0.00791756 0.0018234 0.000134827
threshold=6.5000000000000009 7.5000000000000009 6.5000000000000009 6.5000000000000009
decision_type=2 2 2 2
left_child=1 2 -1 -2
right_child=3 -3 -4 -5
leaf_value=0.0029625149826384219 0.012817848394507437 0.011904781498361034 0.0082253421109673014 0.013568102058569627
leaf_weight=1.044715705014597 6.3300629612058401 4.3143596686422825 1.7799917458323762 3.8534539937973022
leaf_count=220 32 24 28 22
internal_value=0.0121151 0.0107078 0.00627889 0.0131017
internal_weight=17.3226 7.13907 2.82471 10.1835
internal_count=326 272 248 54
is_linear=0
shrinkage=0.1


Tree=1663
num_leaves=3
num_cat=0
split_feature=2 3
split_gain=0.0127748 0.00446653
threshold=6.5000000000000009 6.5000000000000009
decision_type=2 2
left_child=1 -1
right_child=-2 -3
leaf_value=0.002500437359653964 0.016860065267582592 0.011059474753933915
leaf_weight=0.84910158860140006 5.100323709892109 2.1625374716240913
leaf_count=250 44 32
internal_value=0.0138106 0.00864634
internal_weight=8.11196 3.01164
internal_count=326 282
is_linear=0
shrinkage=0.1


Tree=1664
num_leaves=3
num_cat=0
split_feature=2 3
split_gain=0.000416912 0.000228981
threshold=7.5000000000000009 7.5000000000000009
decision_type=2 2
left_child=1 -1
right_child=-2 -3
leaf_value=0.015350336142246811 0.019622676979382546 0.017716518240325704
leaf_weight=0.87652487875061547 0.55580902099609364 0.76673315465450287
leaf_count=321 2 3
internal_value=0.0172552 0.0164544
internal_weight=2.19907 1.64326
internal_count=326 324
is_linear=0
shrinkage=0.1


Tree=1665
num_leaves=1
num_cat=0
split_feature=
split_gain=
threshold=
decision_type=
left_child=
right_child=
leaf_value=0
leaf_weight=
leaf_count=326
internal_value=
internal_weight=
internal_count=
is_linear=0
shrinkage=1


Tree=1666
num_leaves=1
num_cat=0
split_feature=
split_gain=
threshold=
decision_type=
left_child=
right_child=
leaf_value=0
leaf_weight=
leaf_count=326
internal_value=
internal_weight=
internal_count=
is_linear=0
shrinkage=1


Tree=1667
num_leaves=2
num_cat=0
split_feature=1
split_gain=0.000256261
threshold=2.5000000000000004
decision_type=2
left_child=-1
right_child=-2
leaf_value=0.0016545762942065311 0.0026256300467042393
leaf_weight=3.2485143169760731 16.630709402536013
leaf_count=19 307
internal_value=0.00246695
internal_weight=19.8792
internal_count=326
is_linear=0
shrinkage=0.1


Tree=1668
num_leaves=2
num_cat=0
split_feature=1
split_gain=0.00625353
threshold=3.5000000000000004
decision_type=2
left_child=-1
right_child=-2
leaf_value=0.0011039364932884418 0.0039754027632866191
leaf_weight=10.87489979714155 25.065345783637895
leaf_count=56 270
internal_value=0.00310655
internal_weight=35.9402
internal_count=326
is_linear=0
shrinkage=0.1


Tree=1669
num_leaves=2
num_cat=0
split_feature=1
split_gain=0.00362303
threshold=3.5000000000000004
decision_type=2
left_child=-1
right_child=-2
leaf_value=0.0017563622864806294 0.0058313854481646188
leaf_weight=2.3211378335545296 36.341212102561258
leaf_count=56 270
internal_value=0.00558674
internal_weight=38.6623
internal_count=326
is_linear=0
shrinkage=0.1


Tree=1670
num_leaves=5
num_cat=0
split_feature=3 1 0 1
split_gain=0.00154863 0.021058 0.0179019 8.24135e-05
threshold=5.5000000000000009 5.5000000000000009 6.5000000000000009 6.5000000000000009
decision_type=2 2 2 2
left_child=2 -2 -1 -3
right_child=1 3 -4 -5
leaf_value=-0.0014470489075694936 0.0075547243510546164 0.011186476046263986 0.0075547243510546164 0.01165573668042354
leaf_weight=2.2657195221800057 12.20938344160095 10.528352733701469 2.9351276531815529 5.8067200575023881
leaf_count=123 81 62 15 45
internal_value=0.00820367 0.00849283 0.00661662 0.0113533
internal_weight=33.7453 28.5445 5.20085 16.3351
internal_count=326 188 138 107
is_linear=0
shrinkage=0.1


Tree=1671
num_leaves=5
num_cat=0
split_feature=1 3 2 2
split_gain=0.00227091 0.0786703 0.0548424 0.00121414
threshold=6.5000000000000009 6.5000000000000009 6.5000000000000009 5.5000000000000009
decision_type=2 2 2 2
left_child=2 -2 3 -1
right_child=1 -3 -4 -5
leaf_value=-0.00050420044072585816 0.012218126047424231 0.027068348968870649 0.012218126047424231 0.0036117174904956605
leaf_weight=0.81462821071341007 4.0142260987777254 3.6133637279272079 2.9083164250478148 5.9618766018502356
leaf_count=167 37 18 21 83
internal_value=0.0120811 0.0133716 0.0110646 0.00311693
internal_weight=17.3124 7.62759 9.68482 6.7765
internal_count=326 55 271 250
is_linear=0
shrinkage=0.1


Tree=1672
num_leaves=4
num_cat=0
split_feature=1 3 1
split_gain=0.0123146 0.0528087 0.0325224
threshold=5.5000000000000009 6.5000000000000009 7.5000000000000009
decision_type=2 2 2
left_child=-1 2 -2
right_child=1 -3 -4
leaf_value=0.00026237322269419142 0.0075673663626722289 0.020739267210693871 0.014153316786683049
leaf_weight=0.62511036630084493 1.079655267332555 5.3458286421373487 1.0592702095018467
leaf_count=184 92 39 11
internal_value=0.0137462 0.0148724 0.00756737
internal_weight=8.10986 7.48475 2.13893
internal_count=326 142 103
is_linear=0
shrinkage=0.1


Tree=1673
num_leaves=3
num_cat=0
split_feature=2 3
split_gain=0.000371263 0.000227963
threshold=7.5000000000000009 7.5000000000000009
decision_type=2 2
left_child=1 -1
right_child=-2 -3
leaf_value=0.015206777897149732 0.019296367300970563 0.017567241778613789
leaf_weight=0.87764518564995364 0.556024670600891 0.76643216609954834
leaf_count=321 2 3
internal_value=0.0170626 0.0163072
internal_weight=2.2001 1.64408
internal_count=326 324
is_linear=0
shrinkage=0.1


Tree=1674
num_leaves=1
num_cat=0
split_feature=
split_gain=
threshold=
decision_type=
left_child=
right_child=
leaf_value=0
leaf_weight=
leaf_count=326
internal_value=
internal_weight=
internal_count=
is_linear=0
shrinkage=1


Tree=1675
num_leaves=1
num_cat=0
split_feature=
split_gain=
threshold=
decision_type=
left_child=
right_child=
leaf_value=0
leaf_weight=
leaf_count=326
internal_value=
internal_weight=
internal_count=
is_linear=0
shrinkage=1


Tree=1676
num_leaves=2
num_cat=0
split_feature=1
split_gain=0.000335335
threshold=2.5000000000000004
decision_type=2
left_child=-1
right_child=-2
leaf_value=0.0015466277026459588 0.0026572427311522023
leaf_weight=3.2503411471843746 16.619296878854584
leaf_count=19 307
internal_value=0.00247556
internal_weight=19.8696
internal_count=326
is_linear=0
shrinkage=0.1


Tree=1677
num_leaves=3
num_cat=0
split_feature=1 1
split_gain=0.00641831 0.00229924
threshold=2.5000000000000004 3.5000000000000004
decision_type=2 2
left_child=-1 -2
right_child=1 -3
leaf_value=-0.0011369929023234561 0.0020691557032528995 0.0040440640172291062
leaf_weight=3.1645395159721366 7.7102794945240012 25.040140124205209
leaf_count=19 37 270
internal_value=0.00316357 0.00357912
internal_weight=35.915 32.7504
internal_count=326 307
is_linear=0
shrinkage=0.1


Tree=1678
num_leaves=3
num_cat=0
split_feature=3 1
split_gain=0.00348599 1.97945
threshold=5.5000000000000009 4.5000000000000009
decision_type=2 2
left_child=1 -1
right_child=-2 -3
leaf_value=-0.064463291546020277 0.0064065161493998745 0.0054489992101182305
leaf_weight=4.0530105392681461 21.73818519624183 12.838714109733699
leaf_count=71 188 67
internal_value=0.00556913 0.00449148
internal_weight=38.6299 16.8917
internal_count=326 138
is_linear=0
shrinkage=0.1


Tree=1679
num_leaves=5
num_cat=0
split_feature=1 3 2 0
split_gain=0.00176722 0.0474789 0.0960757 0.181271
threshold=6.5000000000000009 6.5000000000000009 5.5000000000000009 6.5000000000000009
decision_type=2 2 2 2
left_child=1 2 3 -1
right_child=-2 -3 -4 -5
leaf_value=-0.02075925266560304 0.0093667291827867101 0.0084981055492491311 0.0059991175776776418 -0.00048641982961962764
leaf_weight=5.0702390655060361 7.5437937118113032 6.3676130129024378 13.352070849388836 1.3749176971614359
leaf_count=154 55 36 73 8
internal_value=0.00801827 0.00762948 0.00350013 -0.00697196
internal_weight=33.7086 26.1648 19.7972 6.44516
internal_count=326 271 235 162
is_linear=0
shrinkage=0.1


Tree=1680
num_leaves=5
num_cat=0
split_feature=3 1 2 2
split_gain=0.00201649 0.000700813 0.0200803 5.65714e-05
threshold=6.5000000000000009 5.5000000000000009 6.5000000000000009 6.5000000000000009
decision_type=2 2 2 2
left_child=1 -1 -3 -2
right_child=3 2 -4 -5
leaf_value=0.008101718530782516 0.012831169577726138 0.0096424790372385671 0.011918342971577173 0.013317357597752918
leaf_weight=0.83609408444738242 6.3334891516715288 4.2364709231478628 2.0556993316859007 3.8468813821673393
leaf_count=169 32 84 19 22
internal_value=0.0121117 0.0108218 0.0111832 0.0130149
internal_weight=17.3086 7.12826 6.29217 10.1804
internal_count=326 272 103 54
is_linear=0
shrinkage=0.1


Tree=1681
num_leaves=3
num_cat=0
split_feature=0 0
split_gain=0.0119034 0.00104309
threshold=7.5000000000000009 6.5000000000000009
decision_type=2 2
left_child=1 -1
right_child=-2 -3
leaf_value=0.0046389426022273262 0.015833145712523779 0.0092825453532736669
leaf_weight=1.0147723296757076 6.1780932586552808 0.92440562665046844
leaf_count=247 39 40
internal_value=0.0136877 0.00685255
internal_weight=8.11727 1.93918
internal_count=326 287
is_linear=0
shrinkage=0.1


Tree=1682
num_leaves=3
num_cat=0
split_feature=2 0
split_gain=0.000325352 0.000200716
threshold=7.5000000000000009 8.5000000000000018
decision_type=2 2
left_child=1 -1
right_child=-2 -3
leaf_value=0.016095828851006567 0.019529558653763022 0.018129964915696208
leaf_weight=1.2620474710183773 0.55587089061737049 0.37912282547040366
leaf_count=319 2 5
internal_value=0.0174386 0.0167304
internal_weight=2.19704 1.64117
internal_count=326 324
is_linear=0
shrinkage=0.1


Tree=1683
num_leaves=1
num_cat=0
split_feature=
split_gain=
threshold=
decision_type=
left_child=
right_child=
leaf_value=0
leaf_weight=
leaf_count=326
internal_value=
internal_weight=
internal_count=
is_linear=0
shrinkage=1


Tree=1684
num_leaves=1
num_cat=0
split_feature=
split_gain=
threshold=
decision_type=
left_child=
right_child=
leaf_value=0
leaf_weight=
leaf_count=326
internal_value=
internal_weight=
internal_count=
is_linear=0
shrinkage=1


Tree=1685
num_leaves=2
num_cat=0
split_feature=1
split_gain=0.000286369
threshold=2.5000000000000004
decision_type=2
left_child=-1
right_child=-2
leaf_value=0.0013885756409945098 0.0024144024478728217
leaf_weight=3.2531843930482891 16.644787275845374
leaf_count=19 307
internal_value=0.00224669
internal_weight=19.898
internal_count=326
is_linear=0
shrinkage=0.1


Tree=1686
num_leaves=2
num_cat=0
split_feature=2
split_gain=0.00507228
threshold=3.5000000000000004
decision_type=2
left_child=-1
right_child=-2
leaf_value=-0.001271183523152193 0.0030627359435912399
leaf_weight=2.941120818257331 33.006290259647358
leaf_count=24 302
internal_value=0.00270815
internal_weight=35.9474
internal_count=326
is_linear=0
shrinkage=0.1


Tree=1687
num_leaves=2
num_cat=0
split_feature=1
split_gain=0.00243363
threshold=3.5000000000000004
decision_type=2
left_child=-1
right_child=-2
leaf_value=0.0027360850351556025 0.0060872557992550161
leaf_weight=2.3046529344283035 36.283491327252705
leaf_count=56 270
internal_value=0.00588711
internal_weight=38.5881
internal_count=326
is_linear=0
shrinkage=0.1


Tree=1688
num_leaves=4
num_cat=0
split_feature=3 1 1
split_gain=0.0021959 0.019676 0.000215358
threshold=5.5000000000000009 5.5000000000000009 6.5000000000000009
decision_type=2 2 2
left_child=-1 -2 -3
right_child=1 2 -4
leaf_value=0.0065115575763474614 0.0076297667018552567 0.011136145554536882 0.011895929552548095
leaf_weight=5.1907839096529633 12.176698535215111 10.515717136673631 5.7818097472190848
leaf_count=138 81 62 45
internal_value=0.00840314 0.00874798 0.0114057
internal_weight=33.665 28.4742 16.2975
internal_count=326 188 107
is_linear=0
shrinkage=0.1


Tree=1689
num_leaves=5
num_cat=0
split_feature=1 2 0 1
split_gain=0.00194985 0.0574142 0.0721608 0.0613725
threshold=7.5000000000000009 6.5000000000000009 7.5000000000000009 5.5000000000000009
decision_type=2 2 2 2
left_child=1 2 3 -1
right_child=-2 -3 -4 -5
leaf_value=-0.017785993049795442 0.014398608908217267 0.012934756933196612 0.0087950500599006647 0.0029097046300842113
leaf_weight=1.9424346192091677 2.6942558689042917 5.7800758313387623 2.5316704772412777 4.3583741348556941
leaf_count=176 17 39 14 80
internal_value=0.0119267 0.0114709 0.00465534 -0.00297564
internal_weight=17.3068 14.6126 8.83248 6.30081
internal_count=326 309 270 256
is_linear=0
shrinkage=0.1


Tree=1690
num_leaves=3
num_cat=0
split_feature=2 3
split_gain=0.0120528 0.00435565
threshold=6.5000000000000009 6.5000000000000009
decision_type=2 2
left_child=1 -1
right_child=-2 -3
leaf_value=0.002489651406022917 0.016535682385591846 0.010939025276664212
leaf_weight=0.84919803949230788 5.0965130234835669 2.1669341822853312
leaf_count=250 44 32
internal_value=0.0135705 0.00856009
internal_weight=8.11265 3.01613
internal_count=326 282
is_linear=0
shrinkage=0.1


Tree=1691
num_leaves=3
num_cat=0
split_feature=2 3
split_gain=0.000292361 0.000228344
threshold=7.5000000000000009 7.5000000000000009
decision_type=2 2
left_child=1 -1
right_child=-2 -3
leaf_value=0.015376236665479782 0.019130858830741764 0.017739156105450942
leaf_weight=0.87688001280412231 0.55613279342651356 0.76642787456512451
leaf_count=321 2 3
internal_value=0.017149 0.0164783
internal_weight=2.19944 1.64331
internal_count=326 324
is_linear=0
shrinkage=0.1


Tree=1692
num_leaves=1
num_cat=0
split_feature=
split_gain=
threshold=
decision_type=
left_child=
right_child=
leaf_value=0
leaf_weight=
leaf_count=326
internal_value=
internal_weight=
internal_count=
is_linear=0
shrinkage=1


Tree=1693
num_leaves=1
num_cat=0
split_feature=
split_gain=
threshold=
decision_type=
left_child=
right_child=
leaf_value=0
leaf_weight=
leaf_count=326
internal_value=
internal_weight=
internal_count=
is_linear=0
shrinkage=1


Tree=1694
num_leaves=2
num_cat=0
split_feature=1
split_gain=0.000348702
threshold=2.5000000000000004
decision_type=2
left_child=-1
right_child=-2
leaf_value=0.0013306480338840842 0.0024626122954932799
leaf_weight=3.253862019628289 16.629580502574754
leaf_count=19 307
internal_value=0.00227737
internal_weight=19.8834
internal_count=326
is_linear=0
shrinkage=0.1


Tree=1695
num_leaves=2
num_cat=0
split_feature=1
split_gain=0.00525444
threshold=3.5000000000000004
decision_type=2
left_child=-1
right_child=-2
leaf_value=0.00097210817334689561 0.0036056991519959735
leaf_weight=10.86162658035755 25.042829761674511
leaf_count=56 270
internal_value=0.002809
internal_weight=35.9045
internal_count=326
is_linear=0
shrinkage=0.1


Tree=1696
num_leaves=2
num_cat=0
split_feature=1
split_gain=0.00227509
threshold=3.5000000000000004
decision_type=2
left_child=-1
right_child=-2
leaf_value=0.0027765115547510513 0.006016819648080849
leaf_weight=2.3045481024018946 36.259656917245593
leaf_count=56 270
internal_value=0.00582318
internal_weight=38.5642
internal_count=326
is_linear=0
shrinkage=0.1


Tree=1697
num_leaves=5
num_cat=0
split_feature=3 1 0 1
split_gain=0.00162167 0.0190487 0.0175813 0.000386344
threshold=5.5000000000000009 5.5000000000000009 6.5000000000000009 6.5000000000000009
decision_type=2 2 2 2
left_child=2 -2 -1 -3
right_child=1 3 -4 -5
leaf_value=-0.0015356623075808236 0.0074022254843889787 0.010690767254196099 0.0074022254843889787 0.011709237832925165
leaf_weight=2.260813318018335 12.189519946463408 10.500321825034918 2.9314479939639568 5.7719609234482041
leaf_count=123 81 62 15 45
internal_value=0.0080666 0.00836309 0.00644137 0.011052
internal_weight=33.6541 28.4618 5.19226 16.2723
internal_count=326 188 138 107
is_linear=0
shrinkage=0.1


Tree=1698
num_leaves=4
num_cat=0
split_feature=3 1 2
split_gain=0.0030235 0.000723755 0.0222199
threshold=6.5000000000000009 5.5000000000000009 6.5000000000000009
decision_type=2 2 2
left_child=1 -1 -3
right_child=-2 2 -4
leaf_value=0.0079906449271597169 0.013439814318541974 0.0095559737621304895 0.012096878121206576
leaf_weight=0.83662056528271556 10.169150514528155 4.2328156542353099 2.0602670405060053
leaf_count=169 54 84 19
internal_value=0.0123328 0.0107539 0.0111213
internal_weight=17.2989 7.1297 6.29308
internal_count=326 272 103
is_linear=0
shrinkage=0.1


Tree=1699
num_leaves=5
num_cat=0
split_feature=2 1 0 3
split_gain=0.0123665 0.0153527 0.025759 0.0046878
threshold=7.5000000000000009 7.5000000000000009 8.5000000000000018 6.5000000000000009
decision_type=2 2 2 2
left_child=1 2 3 -1
right_child=-2 -3 -4 -5
leaf_value=0.00019882519263604936 0.027950996704420514 0.01893481531786256 0.014117599764282202 0.0071686686884257153
leaf_weight=1.3661017598929985 0.54924297332763661 2.4425227651518071 0.47069918736815441 3.2865593512542546
leaf_count=260 2 17 3 44
internal_value=0.0134625 0.0124107 0.00930038 0.0051222
internal_weight=8.11513 7.56588 5.12336 4.65266
internal_count=326 324 307 304
is_linear=0
shrinkage=0.1


Tree=1700
num_leaves=4
num_cat=0
split_feature=2 3 1
split_gain=0.000265074 0.000237459 0.2316
threshold=7.5000000000000009 7.5000000000000009 6.5000000000000009
decision_type=2 2 2
left_child=1 2 -1
right_child=-2 -3 -4
leaf_value=-0.090815534547327048 0.018815188614346074 0.017552605114634301 0.016360196890372821
leaf_weight=0.20173390292256976 0.55633670091629017 0.76608084142208099 0.67674372526744264
leaf_count=270 2 3 51
internal_value=0.0169283 0.01629 0.0151678
internal_weight=2.2009 1.64456 0.878478
internal_count=326 324 321
is_linear=0
shrinkage=0.1


Tree=1701
num_leaves=1
num_cat=0
split_feature=
split_gain=
threshold=
decision_type=
left_child=
right_child=
leaf_value=0
leaf_weight=
leaf_count=326
internal_value=
internal_weight=
internal_count=
is_linear=0
shrinkage=1


Tree=1702
num_leaves=1
num_cat=0
split_feature=
split_gain=
threshold=
decision_type=
left_child=
right_child=
leaf_value=0
leaf_weight=
leaf_count=326
internal_value=
internal_weight=
internal_count=
is_linear=0
shrinkage=1


Tree=1703
num_leaves=2
num_cat=0
split_feature=1
split_gain=0.000426365
threshold=2.5000000000000004
decision_type=2
left_child=-1
right_child=-2
leaf_value=0.0012485173134493769 0.0025000653744478036
leaf_weight=3.2552051246166256 16.617383666975002
leaf_count=19 307
internal_value=0.00229506
internal_weight=19.8726
internal_count=326
is_linear=0
shrinkage=0.1


Tree=1704
num_leaves=3
num_cat=0
split_feature=1 1
split_gain=0.00553295 0.00197047
threshold=2.5000000000000004 3.5000000000000004
decision_type=2 2
left_child=-1 -2
right_child=1 -3
leaf_value=-0.0010972834780589864 0.0018849454451016511 0.0037143740368377749
leaf_weight=3.161284200847148 7.7000401914119712 25.013179847890569
leaf_count=19 37 270
internal_value=0.0028977 0.00328376
internal_weight=35.8745 32.7132
internal_count=326 307
is_linear=0
shrinkage=0.1


Tree=1705
num_leaves=2
num_cat=0
split_feature=1
split_gain=0.00226281
threshold=3.5000000000000004
decision_type=2
left_child=-1
right_child=-2
leaf_value=0.0027386016620180422 0.0059697459041502341
leaf_weight=2.3053055234486228 36.227005881373771
leaf_count=56 270
internal_value=0.00577643
internal_weight=38.5323
internal_count=326
is_linear=0
shrinkage=0.1


Tree=1706
num_leaves=5
num_cat=0
split_feature=1 3 0 0
split_gain=0.00135753 0.0427672 0.022486 0.00575219
threshold=6.5000000000000009 6.5000000000000009 5.5000000000000009 6.5000000000000009
decision_type=2 2 2 2
left_child=1 2 -1 -4
right_child=-2 -3 3 -5
leaf_value=-0.0024839862143193042 0.0091406648356981632 0.0083780718745683665 0.0034109172288233343 0.0060095115233432658
leaf_weight=4.5975112475789564 7.5160174202173939 6.370850693434476 9.0974859059788269 6.0397275313734999
leaf_count=141 55 36 64 30
internal_value=0.00795643 0.00761548 0.00364095 0.00550123
internal_weight=33.6216 26.1056 19.7347 15.1372
internal_count=326 271 235 94
is_linear=0
shrinkage=0.1


Tree=1707
num_leaves=3
num_cat=0
split_feature=3 1
split_gain=0.00234418 0.000824665
threshold=6.5000000000000009 5.5000000000000009
decision_type=2 2
left_child=1 -1
right_child=-2 -3
leaf_value=0.0077774091311220263 0.01309017056830286 0.011117272082333492
leaf_weight=0.83769575871258517 10.1603236887604 6.2939932833687635
leaf_count=169 54 103
internal_value=0.0121147 0.010725
internal_weight=17.292 7.13169
internal_count=326 272
is_linear=0
shrinkage=0.1


Tree=1708
num_leaves=4
num_cat=0
split_feature=2 3 3
split_gain=0.0116515 0.00402802 0.0667734
threshold=6.5000000000000009 6.5000000000000009 5.5000000000000009
decision_type=2 2 2
left_child=1 2 -1
right_child=-2 -3 -4
leaf_value=-0.094396023530364914 0.016463837796922114 0.010904850052294685 0.0068388104314830228
leaf_weight=0.066520989155748445 5.0918003001715988 2.1674522794783115 0.78065237405735388
leaf_count=135 44 32 115
internal_value=0.0135467 0.00861956 0.00277277
internal_weight=8.10643 3.01463 0.847173
internal_count=326 282 250
is_linear=0
shrinkage=0.1


Tree=1709
num_leaves=3
num_cat=0
split_feature=2 0
split_gain=0.000169785 3.74135e-05
threshold=7.5000000000000009 8.5000000000000018
decision_type=2 2
left_child=1 -1
right_child=-2 -3
leaf_value=0.017046567145906525 0.019334609045226103 0.018181103316391861
leaf_weight=1.2490534961589221 0.55599957704544056 0.3788178730465005
leaf_count=319 2 5
internal_value=0.0178259 0.0173106
internal_weight=2.18387 1.62787
internal_count=326 324
is_linear=0
shrinkage=0.1


Tree=1710
num_leaves=1
num_cat=0
split_feature=
split_gain=
threshold=
decision_type=
left_child=
right_child=
leaf_value=0
leaf_weight=
leaf_count=326
internal_value=
internal_weight=
internal_count=
is_linear=0
shrinkage=1


Tree=1711
num_leaves=1
num_cat=0
split_feature=
split_gain=
threshold=
decision_type=
left_child=
right_child=
leaf_value=0
leaf_weight=
leaf_count=326
internal_value=
internal_weight=
internal_count=
is_linear=0
shrinkage=1


Tree=1712
num_leaves=2
num_cat=0
split_feature=1
split_gain=0.000554629
threshold=2.5000000000000004
decision_type=2
left_child=-1
right_child=-2
leaf_value=0.0011142915613899667 0.002541347324311027
leaf_weight=3.2577437311410931 16.606050533102461
leaf_count=19 307
internal_value=0.0023073
internal_weight=19.8638
internal_count=326
is_linear=0
shrinkage=0.1


Tree=1713
num_leaves=2
num_cat=0
split_feature=1
split_gain=0.00560154
threshold=3.5000000000000004
decision_type=2
left_child=-1
right_child=-2
leaf_value=0.001049142095398961 0.003769309134284192
leaf_weight=10.859472587704657 24.994613100017887
leaf_count=56 270
internal_value=0.00294543
internal_weight=35.8541
internal_count=326
is_linear=0
shrinkage=0.1


Tree=1714
num_leaves=2
num_cat=0
split_feature=1
split_gain=0.00217589
threshold=3.5000000000000004
decision_type=2
left_child=-1
right_child=-2
leaf_value=0.0026140137390182087 0.0057816959489924921
leaf_weight=2.3065519406227386 36.222750052227639
leaf_count=56 270
internal_value=0.00559206
internal_weight=38.5293
internal_count=326
is_linear=0
shrinkage=0.1


Tree=1715
num_leaves=4
num_cat=0
split_feature=3 1 1
split_gain=0.0015624 0.0187184 0.000274873
threshold=5.5000000000000009 5.5000000000000009 6.5000000000000009
decision_type=2 2 2
left_child=-1 -2 -3
right_child=1 2 -4
leaf_value=0.0065549376435006983 0.0074991326017442199 0.010811268838741214 0.011671203819895733
leaf_weight=5.1797262909130941 12.180466684047135 10.488074505701663 5.7576124258339396
leaf_count=138 81 62 45
internal_value=0.00815227 0.00844333 0.011116
internal_weight=33.6059 28.4262 16.2457
internal_count=326 188 107
is_linear=0
shrinkage=0.1


Tree=1716
num_leaves=5
num_cat=0
split_feature=3 0 0 2
split_gain=0.00247247 0.00721227 0.00171032 3.68001e-05
threshold=6.5000000000000009 7.5000000000000009 6.5000000000000009 6.5000000000000009
decision_type=2 2 2 2
left_child=1 2 -1 -2
right_child=3 -3 -4 -5
leaf_value=0.0030551632031315884 0.012746324445390277 0.011680286864004777 0.008154184252578309 0.01313919970802363
leaf_weight=1.0434640701785165 6.3301381748169661 4.3214612361043692 1.7798795577255078 3.8247231878340244
leaf_count=220 32 24 28 22
internal_value=0.0118915 0.0104663 0.00626967 0.0128943
internal_weight=17.2997 7.1448 2.82334 10.1549
internal_count=326 272 248 54
is_linear=0
shrinkage=0.1


Tree=1717
num_leaves=4
num_cat=0
split_feature=1 3 1
split_gain=0.0122163 0.0527874 0.03199
threshold=5.5000000000000009 6.5000000000000009 7.5000000000000009
decision_type=2 2 2
left_child=-1 2 -2
right_child=1 -3 -4
leaf_value=4.2260387627417847e-05 0.0073203208683373299 0.020467247552039797 0.013893784210188566
leaf_weight=0.62473782265165301 1.0798324240665806 5.345612371340394 1.0518003403994953
leaf_count=184 92 39 11
internal_value=0.013476 0.0145984 0.00732032
internal_weight=8.10198 7.47725 2.13163
internal_count=326 142 103
is_linear=0
shrinkage=0.1


Tree=1718
num_leaves=3
num_cat=0
split_feature=2 0
split_gain=0.000160123 3.95014e-05
threshold=7.5000000000000009 8.5000000000000018
decision_type=2 2
left_child=1 -1
right_child=-2 -3
leaf_value=0.016758438643499286 0.018994230188300314 0.017923892738279729
leaf_weight=1.2513513583958231 0.55622142553329457 0.37886902914760856
leaf_count=319 2 5
internal_value=0.0175292 0.0170293
internal_weight=2.18644 1.63022
internal_count=326 324
is_linear=0
shrinkage=0.1


end of trees

feature_importances:
in2=1111
in1=1024
in3=997
in4=989

parameters:
[boosting: gbdt]
[objective: multiclass]
[metric: multi_logloss]
[tree_learner: serial]
[device_type: cpu]
[data_sample_strategy: bagging]
[data: ]
[valid: ]
[num_iterations: 500]
[learning_rate: 0.1]
[num_leaves: 31]
[num_threads: 0]
[seed: 0]
[deterministic: 0]
[force_col_wise: 0]
[force_row_wise: 0]
[histogram_pool_size: -1]
[max_depth: 6]
[min_data_in_leaf: 20]
[min_sum_hessian_in_leaf: 0.001]
[bagging_fraction: 1]
[pos_bagging_fraction: 1]
[neg_bagging_fraction: 1]
[bagging_freq: 0]
[bagging_seed: 3]
[bagging_by_query: 0]
[feature_fraction: 1]
[feature_fraction_bynode: 1]
[feature_fraction_seed: 2]
[extra_trees: 0]
[extra_seed: 6]
[early_stopping_round: 0]
[early_stopping_min_delta: 0]
[first_metric_only: 0]
[max_delta_step: 0]
[lambda_l1: 0]
[lambda_l2: 0]
[linear_lambda: 0]
[min_gain_to_split: 0]
[drop_rate: 0.1]
[max_drop: 50]
[skip_drop: 0.5]
[xgboost_dart_mode: 0]
[uniform_drop: 0]
[drop_seed: 4]
[top_rate: 0.2]
[other_rate: 0.1]
[min_data_per_group: 100]
[max_cat_threshold: 32]
[cat_l2: 10]
[cat_smooth: 10]
[max_cat_to_onehot: 4]
[top_k: 20]
[monotone_constraints: 1,1,1,1]
[monotone_constraints_method: basic]
[monotone_penalty: 0]
[feature_contri: ]
[forcedsplits_filename: ]
[refit_decay_rate: 0.9]
[cegb_tradeoff: 1]
[cegb_penalty_split: 0]
[cegb_penalty_feature_lazy: ]
[cegb_penalty_feature_coupled: ]
[path_smooth: 0]
[interaction_constraints: ]
[verbosity: -1]
[saved_feature_importance_type: 0]
[use_quantized_grad: 0]
[num_grad_quant_bins: 4]
[quant_train_renew_leaf: 0]
[stochastic_rounding: 1]
[linear_tree: 0]
[max_bin: 255]
[max_bin_by_feature: ]
[min_data_in_bin: 3]
[bin_construct_sample_cnt: 200000]
[data_random_seed: 1]
[is_enable_sparse: 1]
[enable_bundle: 1]
[use_missing: 1]
[zero_as_missing: 0]
[feature_pre_filter: 1]
[pre_partition: 0]
[two_round: 0]
[header: 0]
[label_column: ]
[weight_column: ]
[group_column: ]
[ignore_column: ]
[categorical_feature: ]
[forcedbins_filename: ]
[precise_float_parser: 0]
[parser_config_file: ]
[objective_seed: 5]
[num_class: 9]
[is_unbalance: 0]
[scale_pos_weight: 1]
[sigmoid: 1]
[boost_from_average: 1]
[reg_sqrt: 0]
[alpha: 0.9]
[fair_c: 1]
[poisson_max_delta_step: 0.7]
[tweedie_variance_power: 1.5]
[lambdarank_truncation_level: 30]
[lambdarank_norm: 1]
[label_gain: ]
[lambdarank_position_bias_regularization: 0]
[eval_at: ]
[multi_error_top_k: 1]
[auc_mu_weights: ]
[num_machines: 1]
[local_listen_port: 12400]
[time_out: 120]
[machine_list_filename: ]
[machines: ]
[gpu_platform_id: -1]
[gpu_device_id: -1]
[gpu_use_dp: 0]
[num_gpu: 1]

end of parameters

pandas_categorical:[]
