tree
version=v4
num_class=5
num_tree_per_iteration=5
label_index=0
max_feature_idx=3
objective=multiclass num_class:5
feature_names=In1 In2 In3 In4
monotone_constraints=1 1 0 0
feature_infos=[0:4] [0:4] [0:4] [0:4]
tree_sizes=2061 2166 1682 1746 1154 2123 2236 1707 2110 1946 2125 2331 1716 2017 1952 2133 2345 1712 2224 1952 2030 2343 1815 2116 1948 1935 2344 1932 2116 2162 1931 2255 1812 2123 1952 2131 1931 1924 1700 2058 2039 2134 1716 1587 2057 2037 2035 1817 1597 2395 2036 1935 1399 1594 2277 2040 1936 1717 1694 2285 1929 1932 1725 1698 1752 1930 1928 1406 1901 2296 1832 1936 2036 1907 2281 2352 1937 2041 1909 1742 1840 1947 2041 1905 2289 2359 1832 1407 1804 1734 2051 1846 2045 1809 2287 2047 1840 1729 1796 2276 2055 1840 1722 1924 2297 2052 1841 2248 1911 1973 2057 2075 2256 1814 2291 2063 2071 1817 1919 1971 2070 2077 2254 1814 1847 2062 2068 1950 1617 2289 2066 2183 1820 1815 1855 2273 1969 1933 1817 2087 1970 1640 2147 1502 1955 2186 1748 1608 1818 2195 2183 1744 1947 1712 1656 2077 1750 1835 1727 1742 1968 1743 1719 1928 1867 1979 1963 1631 1518 1531 2292 1852 1725 1922 1555 1868 1859 1951 1930 1843 1970 1743 1418 1734 2093 1867 2175 1637 1929 1670 1754 1863 1731 1616 1527 1868 1853 1725 1833 2309 1878 1853 1635 1615 1552 1646 1859 1750 1833 1845 1761 1960 1956 1948 1534 1760 1319 1944 1630 1549 1761 1962 1506 1834 1533 1643 2059 1727 1524 1862 1761 1962 2037 1847 1869 1649 2058 1620 1527 1549 1543 1859 2057 1629 1525 1648 1962 2046 1952 1875 1652 1546 2043 1523 1665 1547 1534 1515 1740 1857 1547 1543 1939 1724 1546 1544 1316 2246 1851 1878 1836 1754 1622 1633 1766 1549 1320 2250 1841 1858

Tree=0
num_leaves=19
num_cat=0
split_feature=3 2 2 3 2 2 2 3 2 3 3 2 2 2 2 3 2 3
split_gain=28.8234 2.72993 11.9315 2.17018 0.889484 0.595153 1.10114 0.781811 0.75304 0.521227 0.51645 0.464063 0.53207 0.400924 0.241208 0.0839754 0.0806322 5.55112e-17
threshold=1.0000000180025095e-35 1.5000000000000002 2.5000000000000004 1.5000000000000002 3.5000000000000004 2.5000000000000004 1.0000000180025095e-35 3.5000000000000004 1.5000000000000002 2.5000000000000004 2.5000000000000004 3.5000000000000004 2.5000000000000004 3.5000000000000004 3.5000000000000004 3.5000000000000004 1.5000000000000002 3.5000000000000004
decision_type=2 2 2 2 2 2 2 2 2 2 2 2 2 2 2 2 2 2
left_child=1 -1 -3 11 -4 6 9 16 -9 -5 14 12 -2 -12 -7 -11 -8 -15
right_child=3 2 4 5 -6 10 7 8 -10 15 13 -13 -14 17 -16 -17 -18 -19
leaf_value=-2.092934832489636 -2.2798800656587406 -2.3334893604645868 -2.1344621404768906 -2.3623559038215807 -2.0611397992268596 -2.3247038907472408 -2.2702286377886209 -2.2870518776729005 -2.3623559038215807 -2.3277160517931881 -2.3383004510240859 -2.2957408037669791 -2.2324564587151072 -2.2982080296949272 -2.3623559038215807 -2.3046228171075929 -2.2856220543915966 -2.2982080296949272
leaf_weight=5.1963270083069792 4.8499052077531797 3.464218005537985 4.3880094736814499 3.6951658725738543 2.6559004709124565 2.6559004709124592 5.4272748753428468 2.6559004709124556 2.6559004709124565 2.8868483379483223 4.1570616066455823 4.5034834071993819 4.6189573407173157 3.1177962049841881 4.7344312742352486 3.4642180055379868 9.1224407479166985 3.1177962049841881
leaf_count=45 42 30 38 32 23 23 47 23 23 25 36 39 40 27 41 30 79 27
internal_value=-2.27317 -2.15222 -2.18154 -2.30397 -2.10682 -2.31413 -2.30551 -2.29187 -2.3247 -2.33249 -2.32862 -2.26931 -2.25675 -2.31424 -2.34882 -2.31512 -2.27988 -2.29821
internal_weight=77.3675 15.7045 10.5081 61.6631 7.04391 47.6907 29.9077 19.8615 5.3118 10.0462 17.783 13.9723 9.46886 10.3927 7.39033 6.35107 14.5497 6.23559
internal_count=670 136 91 534 61 413 259 172 46 87 154 121 82 90 64 55 126 54
is_linear=0
shrinkage=1


Tree=1
num_leaves=20
num_cat=0
split_feature=2 3 3 2 3 2 2 3 2 3 2 3 3 3 2 2 3 2 3
split_gain=19.5042 24.1866 3.06383 6.53743 4.27428 2.14741 4.48135 2.9423 1.59573 0.992612 0.524532 1.64416 0.84402 0.494021 0.364242 0.350041 0.265396 0.0289418 0.00309272
threshold=2.5000000000000004 2.5000000000000004 1.5000000000000002 1.0000000180025095e-35 1.0000000180025095e-35 1.0000000180025095e-35 1.5000000000000002 3.5000000000000004 1.0000000180025095e-35 1.5000000000000002 3.5000000000000004 3.5000000000000004 2.5000000000000004 1.0000000180025095e-35 3.5000000000000004 1.5000000000000002 2.5000000000000004 3.5000000000000004 3.5000000000000004
decision_type=2 2 2 2 2 2 2 2 2 2 2 2 2 2 2 2 2 2 2
left_child=1 2 3 -1 -5 7 -7 -3 -4 13 12 16 -11 14 -2 -10 -12 -15 -8
right_child=9 5 8 4 -6 6 18 -9 15 10 11 -13 -14 17 -16 -17 -18 -19 -20
leaf_value=-1.1541609944550946 -1.2986054438777506 -1.3820390608727864 -1.2086535755549774 -1.2169100272367779 -1.3137098055751277 -1.2296122605933939 -1.315987447418383 -1.2895668020366216 -1.1391395791372383 -1.3648082051890289 -1.3047103426822653 -1.3526827882263848 -1.315987447418383 -1.2829616406911812 -1.3303464938215142 -1.167817611831478 -1.2792921066103811 -1.2905829807051508 -1.3131156381377567
leaf_weight=10.093116760253908 9.5884609222412092 6.3081979751586896 8.0744934082031268 12.111740112304689 7.3175096511840811 9.8407888412475604 10.597772598266603 7.5698375701904297 7.8221654891967782 5.8035421371459934 10.345444679260259 6.8128538131713858 9.0838050842285156 10.093116760253906 5.8035421371459952 9.3361330032348633 6.8128538131713858 9.8407888412475586 5.8035421371459952
leaf_count=40 38 25 32 48 29 39 42 30 31 23 41 27 36 40 23 37 27 39 23
internal_value=-1.27084 -1.2408 -1.19758 -1.21945 -1.25337 -1.29979 -1.28296 -1.3316 -1.17199 -1.30925 -1.32028 -1.31112 -1.33502 -1.29712 -1.31057 -1.15474 -1.29462 -1.28672 -1.31497
internal_weight=169.06 94.8753 54.7552 29.5224 19.4292 40.1201 26.2421 13.878 25.2328 74.1844 38.8585 23.9712 14.8873 35.3259 15.392 17.1583 17.1583 19.9339 16.4013
internal_count=670 376 217 117 77 159 104 55 100 294 154 95 59 140 61 68 68 79 65
is_linear=0
shrinkage=1


Tree=2
num_leaves=15
num_cat=0
split_feature=1 3 2 2 3 0 0 2 1 2 3 2 3 3
split_gain=25.1231 13.024 17.4055 18.0659 13.7764 9.06963 8.54038 8.44681 0.815909 0.613811 0.333917 0.242436 0.128773 1.47933
threshold=1.0000000180025095e-35 3.5000000000000004 1.5000000000000002 3.5000000000000004 1.0000000180025095e-35 1.5000000000000002 1.0000000180025095e-35 3.5000000000000004 3.5000000000000004 1.0000000180025095e-35 1.5000000000000002 2.5000000000000004 2.5000000000000004 1.5000000000000002
decision_type=2 2 2 2 2 2 2 2 2 2 2 2 2 2
left_child=5 2 8 4 11 10 -6 9 -2 -3 -1 -4 13 -5
right_child=1 7 3 12 6 -7 -8 -9 -10 -11 -12 -13 -14 -15
leaf_value=-1.0703057550914008 -0.96771474199892593 -0.83659953311231094 -0.94936278521722173 -0.96771474199892593 -0.93796075438733284 -0.96771474199892593 -0.83416509330002864 -0.94814113905687647 -0.91912704274867696 -0.79734419113926058 -1.0434295395638054 -0.96771474199892593 -0.96771474199892593 -0.93100829656422979
leaf_weight=12.204098820686342 31.254399418830872 6.8462017774581971 7.4415236711502057 13.097081661224369 9.8228112459182721 17.264334917068481 41.077210664749146 6.5485408306121817 11.90643787384033 9.5251502990722638 7.4415236711502066 6.8462017774581909 5.9532189369201651 12.20409882068634
leaf_count=41 105 23 25 44 33 58 138 22 40 32 25 23 20 41
internal_value=-0.938933 -0.922019 -0.933489 -0.908551 -0.878552 -1.01341 -0.854196 -0.852155 -0.967715 -0.81376 -1.06013 -0.965321 -0.967715 -0.959639
internal_weight=199.433 162.523 139.603 96.4421 65.1877 36.91 50.9 22.9199 43.1608 16.3714 19.6456 14.2877 31.2544 25.3012
internal_count=670 546 469 324 219 124 171 77 145 55 66 48 105 85
is_linear=0
shrinkage=1


Tree=3
num_leaves=16
num_cat=0
split_feature=1 0 0 1 1 2 2 2 2 3 1 2 2 0 0
split_gain=121.245 31.4472 15.2436 10.6344 8.18391 6.43714 2.84075 1.75512 1.74494 1.49723 1.02339 0.984818 0.425965 0.290565 0.122092
threshold=2.5000000000000004 2.5000000000000004 3.5000000000000004 3.5000000000000004 1.5000000000000002 2.5000000000000004 1.0000000180025095e-35 3.5000000000000004 1.5000000000000002 2.5000000000000004 1.5000000000000002 1.5000000000000002 3.5000000000000004 1.5000000000000002 1.5000000000000002
decision_type=2 2 2 2 2 2 2 2 2 2 2 2 2 2 2
left_child=2 3 9 -2 -4 6 -5 8 -3 12 14 -12 -1 -13 -11
right_child=1 7 4 5 -6 -7 -8 -9 -10 10 11 13 -14 -15 -16
leaf_value=-1.6807759112566218 -1.5446143093525984 -1.2979568564590238 -1.6130560428167673 -1.4271385951150035 -1.5446143093525984 -1.4062241735634098 -1.4988811943980636 -1.2614978988592527 -1.3872813025784634 -1.6807759112566218 -1.6525777534136885 -1.6382404607235554 -1.6550307701445028 -1.6130560428167673 -1.6595081859900886
leaf_weight=37.206815779209137 10.630518794059755 4.7019602358341199 13.083715438842775 5.5196924507617968 4.4975271821022025 7.9728890955448142 7.1551568806171417 4.2930941283702841 4.0886610746383667 6.3374246656894702 6.7462907731533077 4.7019602358341199 7.7684560418128958 7.5640229880809784 4.7019602358341217
leaf_count=182 52 23 64 27 22 39 35 21 20 31 33 23 38 37 23
internal_value=-1.58002 -1.44409 -1.64514 -1.49854 -1.56133 -1.45315 -1.49888 -1.31391 -1.3395 -1.66478 -1.6475 -1.63344 -1.67633 -1.61555 -1.67172
internal_weight=136.97 44.362 92.6082 31.2783 17.5812 20.6477 12.6748 13.0837 8.79062 75.0269 30.0517 19.0123 44.9753 12.266 11.0394
internal_count=670 217 453 153 86 101 62 64 43 367 147 93 220 60 54
is_linear=0
shrinkage=1


Tree=4
num_leaves=10
num_cat=0
split_feature=1 2 3 1 2 3 0 2 0
split_gain=13.2108 10.9577 26.1314 2.30216 1.53994 1.63755 0.648119 0.0191314 1.11022e-16
threshold=2.5000000000000004 3.5000000000000004 2.5000000000000004 3.5000000000000004 3.5000000000000004 2.5000000000000004 2.5000000000000004 1.5000000000000002 1.5000000000000002
decision_type=2 2 2 2 2 2 2 2 2
left_child=4 6 3 -3 -1 8 -2 -8 -6
right_child=1 2 -4 -5 5 -7 7 -9 -10
leaf_value=-4.0239113068095032 -3.9080597742075427 -3.9080597742075427 -2.9727463163807344 -3.7004759251391124 -4.0239113068095032 -3.9080597742075427 -3.8411000041262389 -3.8136783087237491 -4.0239113068095032
leaf_weight=8.6808446981012803 2.4972292967140688 0.54701213166117646 0.47566272318363179 0.61836154013872147 0.76106035709381037 0.80862662941217411 0.54701213166117646 0.4756627231836319 0.52322899550199509
leaf_count=365 105 23 20 26 32 34 23 20 22
internal_value=-3.94233 -3.81077 -3.59735 -3.85229 -4.00535 -3.92835 -3.90806 -3.82835 -4.02391
internal_weight=15.9347 5.16094 1.64104 1.16537 10.7738 2.09292 3.5199 1.02267 1.28429
internal_count=670 217 69 49 453 88 148 43 54
is_linear=0
shrinkage=1


Tree=5
num_leaves=19
num_cat=0
split_feature=3 3 2 2 2 2 3 2 3 2 3 2 2 2 2 3 3 3
split_gain=21.6467 1.92395 1.91803 8.21469 0.606858 1.02722 0.7062 0.727658 0.524455 0.521154 0.488972 0.421629 0.413724 0.372112 0.254264 0.0896358 0.0806139 2.04908e-05
threshold=1.0000000180025095e-35 1.5000000000000002 1.5000000000000002 2.5000000000000004 2.5000000000000004 1.0000000180025095e-35 3.5000000000000004 1.5000000000000002 2.5000000000000004 3.5000000000000004 2.5000000000000004 3.5000000000000004 2.5000000000000004 3.5000000000000004 3.5000000000000004 2.5000000000000004 3.5000000000000004 3.5000000000000004
decision_type=2 2 2 2 2 2 2 2 2 2 2 2 2 2 2 2 2 2
left_child=2 11 -1 -4 5 8 15 -8 -3 -5 14 12 -2 -12 -6 -7 -10 -15
right_child=1 4 3 9 10 6 7 -9 16 -11 13 -13 -14 17 -16 -17 -18 -19
leaf_value=0.14423234791220757 -0.0048603692279330065 -0.088194772419556422 -0.058537628672195245 0.10792411430858638 -0.048376505855836666 0.0024311536114234155 -0.01183001721786783 -0.088154024714376056 -0.05171113377596151 0.15963054952317157 -0.063274715180420243 -0.021359106759612591 0.036873259841028037 -0.023738341030025499 -0.088366847249210165 -0.013459037598087692 -0.028484256062216301 -0.024103620853788092
leaf_weight=5.9529543220996883 4.7553191781043989 3.3670402243733424 3.3148771077394477 5.0279431343078596 2.4926315918564823 7.6621940210461634 2.5935082510113707 2.4097290262579918 2.7170500159263611 3.1835179626941681 3.9463879540562612 4.4336930885910979 4.7463275119662285 3.0641709938645363 4.3901749700307846 6.614518791437149 3.3202926218509674 3.0786784961819649
leaf_count=45 42 32 30 38 23 68 23 23 25 23 36 39 40 27 41 58 30 27
internal_value=0.0002837 -0.0284187 0.0981382 0.0743322 -0.0383456 -0.0294774 -0.0162607 -0.0485903 -0.0565729 0.12797 -0.0533338 0.00410469 0.0159867 -0.0393144 -0.0738842 -0.0049309 -0.0389373 -0.0239214
internal_weight=77.071 59.5917 17.4793 11.5263 45.6564 28.6843 19.28 5.00324 9.40438 8.21146 16.972 13.9353 9.50165 10.0892 6.88281 14.2767 6.03734 6.14285
internal_count=670 534 136 91 413 259 172 46 87 61 154 121 82 90 64 126 55 54
is_linear=0
shrinkage=0.1


Tree=6
num_leaves=20
num_cat=0
split_feature=2 3 3 2 3 2 2 3 2 3 3 2 3 3 2 2 3 2 3
split_gain=16.4242 18.572 2.24889 4.86003 3.25822 1.80685 3.5183 2.70493 1.11819 0.850966 0.45665 0.430149 1.45996 0.718211 0.277972 0.251865 0.216352 0.0349321 0.00447636
threshold=2.5000000000000004 2.5000000000000004 1.5000000000000002 1.0000000180025095e-35 1.0000000180025095e-35 1.0000000180025095e-35 1.5000000000000002 3.5000000000000004 1.0000000180025095e-35 1.5000000000000002 1.0000000180025095e-35 3.5000000000000004 3.5000000000000004 2.5000000000000004 3.5000000000000004 1.5000000000000002 2.5000000000000004 3.5000000000000004 3.5000000000000004
decision_type=2 2 2 2 2 2 2 2 2 2 2 2 2 2 2 2 2 2 2
left_child=1 2 3 -1 -5 7 -7 -3 -4 10 14 13 16 -11 -2 -10 -13 -12 -8
right_child=9 5 8 4 -6 6 18 -9 15 11 17 12 -14 -15 -16 -17 -18 -19 -20
leaf_value=0.099994409998369171 -0.026786976471762772 -0.10633885547843847 0.055256995092462902 0.046792372402384881 -0.038207070830395706 0.03636797885102349 -0.040545233632954113 -0.015244434823878553 0.11238964890679198 -0.088228812613324048 -0.0098845838440735287 -0.031222781047838401 -0.077690247573443116 -0.041957101153727604 -0.054906322295646341 0.088723670983424929 -0.0081717148969073661 -0.018307720818689793 -0.037024470185574823
leaf_weight=10.664323449134828 9.5211113989353162 5.8227550238370878 8.3008329570293444 12.473048657178881 7.0635790377855292 10.047749519348145 10.236203894019125 7.4051902294158936 8.30778768658638 5.3955216556787464 9.9487400650978088 10.15676817297936 6.5111757814884177 8.8673943132162094 5.5734317302703849 9.803616851568222 6.7962519228458396 9.7474298775196075 5.5796101093292245
leaf_count=40 38 25 32 48 29 39 42 30 31 23 40 41 27 36 23 37 27 39 23
internal_value=0.000532717 0.0277319 0.0643373 0.0456985 0.0160603 -0.0252809 -0.00990564 -0.0553429 0.0856497 -0.0353631 -0.0240826 -0.0457656 -0.0374406 -0.0594612 -0.0371696 0.0995794 -0.0219819 -0.0140531 -0.0393032
internal_weight=168.223 95.7047 56.6132 30.201 19.5366 39.0915 25.8636 13.2279 26.4122 72.5178 34.7907 37.7271 23.4642 14.2629 15.0945 18.1114 16.953 19.6962 15.8158
internal_count=670 376 217 117 77 159 104 55 100 294 140 154 95 59 61 68 68 79 65
is_linear=0
shrinkage=0.1


Tree=7
num_leaves=15
num_cat=0
split_feature=1 0 0 2 2 3 3 3 3 3 2 1 2 3
split_gain=23.7935 20.4124 7.26644 7.44486 7.70301 7.92326 3.812 2.19868 1.7973 1.00507 0.883567 0.308813 0.0335067 0.000107306
threshold=1.5000000000000002 1.5000000000000002 1.0000000180025095e-35 3.5000000000000004 1.0000000180025095e-35 2.5000000000000004 3.5000000000000004 2.5000000000000004 2.5000000000000004 1.0000000180025095e-35 1.0000000180025095e-35 1.0000000180025095e-35 2.5000000000000004 1.0000000180025095e-35
decision_type=2 2 2 2 2 2 2 2 2 2 2 2 2 2
left_child=1 8 7 4 6 9 -4 -2 11 -6 -3 13 -7 -1
right_child=2 10 3 -5 5 12 -8 -9 -10 -11 -12 -13 -14 -15
leaf_value=-0.12592539533235364 -0.0092743945440789347 -0.051153533826183685 0.016131641802610543 0.016131641802610543 0.020276614909747068 0.1337408691752498 0.090423084432867257 0.016131641802610543 -0.064745185651000806 0.060786284550568483 -0.0092743945440789347 -0.10386489785053298 0.12493035830028727 -0.12647593746720401
leaf_weight=7.5300340056419373 19.6675925552845 8.8747990131378156 16.127032697200779 17.320605218410492 8.7775692641735095 13.157307952642443 7.0028102397918692 15.20702490210533 9.1687775254249555 20.264181584119797 32.115345180034637 10.995193153619766 6.423979014158248 6.6819223761558533
leaf_count=26 67 30 55 59 30 43 23 51 31 67 107 37 21 23
internal_value=-0.000590835 -0.0448998 0.0263511 0.0415377 0.0590134 0.0816893 0.0161316 -0.00927439 -0.102658 0.0485427 -0.00927439 -0.116449 0.13085 -0.126184
internal_weight=199.314 75.3661 123.948 89.0735 71.7529 48.623 23.1298 34.8746 34.3759 29.0418 40.9901 25.2071 19.5813 14.212
internal_count=670 254 416 298 239 161 78 118 117 97 137 86 64 49
is_linear=0
shrinkage=0.1


Tree=8
num_leaves=19
num_cat=0
split_feature=1 0 0 1 1 2 2 3 1 2 2 2 2 0 0 1 2 1
split_gain=96.7895 20.6828 14.8283 8.491 6.08247 4.63403 2.22183 1.49325 1.09167 0.949947 0.834591 0.759004 0.393454 0.298277 0.128419 0.0010829 0.000200613 2.63375e-05
threshold=2.5000000000000004 2.5000000000000004 3.5000000000000004 3.5000000000000004 1.5000000000000002 2.5000000000000004 1.0000000180025095e-35 2.5000000000000004 1.5000000000000002 1.5000000000000002 3.5000000000000004 1.5000000000000002 3.5000000000000004 1.5000000000000002 1.5000000000000002 1.0000000180025095e-35 2.5000000000000004 1.5000000000000002
decision_type=2 2 2 2 2 2 2 2 2 2 2 2 2 2 2 2 2 2
left_child=2 3 7 -2 -4 6 -5 12 14 -10 11 -3 15 -11 -9 16 -1 -17
right_child=1 10 4 5 -6 -7 -8 8 9 13 -12 -13 -14 -15 -16 17 -18 -19
leaf_value=-0.09901268700241786 0.026292271422849223 0.21960246456345894 -0.030494469962418114 0.12787210800918727 0.026292271422849223 0.14083104898086041 0.067137590906621136 -0.09947317653297226 -0.069821752373156132 -0.056147012198060467 0.24446610166166796 0.16411584388015832 -0.073394223724387961 -0.030494469962418114 -0.077219047808439398 -0.098311885608544008 -0.09989382691546414 -0.098103135397383245
leaf_weight=5.6175476014614087 10.748830527067183 5.4974430948495847 12.693827673792841 6.0295477062463778 4.6069261878728858 8.7896258831024152 7.3856018930673599 6.0988969206810015 6.3002659976482418 4.5765773802995664 5.0972280800342551 4.4696866720914841 7.5626280456781378 7.2697762697935104 4.5109307020902634 11.174278542399406 4.7846116423606873 13.164180785417557
leaf_count=29 52 23 64 27 22 39 35 31 33 23 21 20 38 37 23 59 24 70
internal_value=0.000204128 0.114484 -0.0618991 0.0701099 0.0211235 0.107983 0.0684412 -0.0821125 -0.0645302 -0.049632 0.211552 0.19472 -0.0940643 -0.0320553 -0.0900115 -0.098564 -0.099418 -0.098199
internal_weight=136.378 48.018 88.3604 32.9536 17.3008 22.2048 13.4151 71.0597 28.7564 18.1466 15.0644 9.96713 42.3032 11.8464 10.6098 34.7406 10.4022 24.3385
internal_count=670 217 453 153 86 101 62 367 147 93 64 43 220 60 54 182 53 129
is_linear=0
shrinkage=0.1


Tree=9
num_leaves=17
num_cat=0
split_feature=1 2 2 3 1 3 0 2 1 0 3 0 0 3 2 3
split_gain=10.1417 5.02923 2.98081 3.21912 0.595021 0.74615 0.593348 0.288068 9.90947e-07 2.02238e-07 1.05488e-07 6.76238e-08 6.44653e-08 4.65192e-08 1.22301e-08 2.63221e-10
threshold=3.5000000000000004 3.5000000000000004 3.5000000000000004 2.5000000000000004 2.5000000000000004 2.5000000000000004 1.5000000000000002 1.5000000000000002 1.0000000180025095e-35 1.5000000000000002 3.5000000000000004 2.5000000000000004 3.5000000000000004 1.5000000000000002 1.5000000000000002 1.5000000000000002
decision_type=2 2 2 2 2 2 2 2 2 2 2 2 2 2 2 2
left_child=2 6 4 11 8 -6 -2 -8 9 13 12 15 -10 -1 -11 -4
right_child=1 -3 3 -5 5 -7 7 -9 10 14 -12 -13 -14 -15 -16 -17
leaf_value=-0.081562069509012874 0.054487881934339566 0.30850483506359905 -0.081552286935086538 0.054487881934339566 -0.046364216612279907 0.054487881934339566 0.15832930242398577 0.085921529176866199 -0.081451532373573929 -0.081481019281228931 -0.081407766513521509 -0.081509248193477712 -0.081420487509965445 -0.08152186780398879 -0.081498490187717154 -0.081549281726773282
leaf_weight=0.77484469488263152 0.64149247668683473 1.2776394970715048 0.72283772192895346 1.5070775654166935 0.78706671483814783 0.63401499018073082 0.83362676948308922 0.67428616806864738 4.2867593206465244 0.46560932137072075 0.80696343444287766 0.56770335137844075 0.79254064708948124 0.45795268006622791 0.45099258795380592 0.48837054334580898
leaf_count=33 27 35 31 45 32 26 35 28 196 21 38 25 37 20 20 21
internal_value=-0.00133316 0.15138 -0.0424039 0.0396452 -0.070914 -0.0112659 0.0579821 0.117355 -0.0814626 -0.0815207 -0.0814414 -0.0815377 -0.0814467 -0.0815471 -0.0814851 -0.0815511
internal_weight=16.1698 3.42704 12.7427 3.28599 9.45674 1.42108 2.14941 1.50791 8.03566 2.1494 5.88626 1.77891 5.0793 1.2328 0.916602 1.21121
internal_count=670 125 545 122 423 58 90 63 365 94 271 77 233 53 41 52
is_linear=0
shrinkage=0.1


Tree=10
num_leaves=19
num_cat=0
split_feature=3 3 2 2 2 2 3 2 3 3 2 2 2 2 2 3 3 3
split_gain=16.8652 1.6361 1.43891 6.02392 0.608197 0.93426 0.633601 0.692776 0.532961 0.475676 0.349872 0.34775 0.333784 0.27742 0.263537 0.0797807 0.0725844 4.12683e-05
threshold=1.0000000180025095e-35 1.5000000000000002 1.5000000000000002 2.5000000000000004 2.5000000000000004 1.0000000180025095e-35 3.5000000000000004 1.5000000000000002 2.5000000000000004 2.5000000000000004 3.5000000000000004 3.5000000000000004 3.5000000000000004 2.5000000000000004 3.5000000000000004 2.5000000000000004 3.5000000000000004 3.5000000000000004
decision_type=2 2 2 2 2 2 2 2 2 2 2 2 2 2 2 2 2 2
left_child=2 11 -1 -4 5 8 15 -8 -3 14 -5 13 -11 -2 -6 -7 -10 -14
right_child=1 4 3 10 9 6 7 -9 16 12 -12 -13 17 -15 -16 -17 -18 -19
leaf_value=0.12000213662545592 -0.0036349714249249571 -0.08739134259357742 -0.056720974687446905 0.087452503317147851 -0.045834098017914243 0.0032064537047454531 -0.01064900326230085 -0.087289777760242757 -0.048440000135024905 -0.061042828747965031 0.12743627042400049 -0.020189305402392086 -0.022693861550464406 0.030249563130215595 -0.087719877137833427 -0.01188668117938876 -0.025790274175605438 -0.023215711864614033
leaf_weight=6.5863937884569195 4.6926566660404188 3.0791531205177325 3.1696417927741996 5.5534898489713651 2.3709601908922222 7.6009650528430956 2.5577274933457366 2.1886959299445152 2.5382477790117264 3.7087887749075872 3.611785039305687 4.3654638081789008 3.0206873193383217 4.9807736575603485 4.0991806387901306 6.494602732360363 3.1968793943524361 3.0409393236041069
leaf_count=45 42 32 30 38 23 68 23 23 25 36 23 39 27 40 41 58 30 27
internal_value=0.000294136 -0.0264764 0.0822636 0.0621126 -0.0359799 -0.0269598 -0.0143889 -0.04599 -0.0538322 -0.0513402 0.103209 0.00323906 -0.0374133 0.0138119 -0.072371 -0.00374778 -0.0358146 -0.0229557
internal_weight=76.857 57.9357 18.9213 12.3349 43.8968 27.6563 18.842 4.74642 8.81428 16.2406 9.16527 14.0389 9.77042 9.67343 6.47014 14.0956 5.73513 6.06163
internal_count=670 534 136 91 413 259 172 46 87 154 61 121 90 82 64 126 55 54
is_linear=0
shrinkage=0.1


Tree=11
num_leaves=21
num_cat=0
split_feature=2 3 3 2 2 3 2 2 3 2 3 3 2 3 3 2 2 3 2 3
split_gain=13.8771 14.1825 1.57849 3.8976 2.7681 5.75204 1.49711 2.755 2.47914 0.766346 0.707087 0.353644 0.333876 1.27809 0.66865 0.245995 0.217694 0.184534 0.0185024 0.00593946
threshold=2.5000000000000004 2.5000000000000004 1.5000000000000002 1.0000000180025095e-35 1.5000000000000002 1.0000000180025095e-35 1.0000000180025095e-35 1.5000000000000002 3.5000000000000004 1.0000000180025095e-35 1.5000000000000002 1.0000000180025095e-35 3.5000000000000004 3.5000000000000004 2.5000000000000004 1.5000000000000002 3.5000000000000004 2.5000000000000004 3.5000000000000004 3.5000000000000004
decision_type=2 2 2 2 2 2 2 2 2 2 2 2 2 2 2 2 2 2 2 2
left_child=1 2 3 -1 -5 -6 8 -8 -3 -4 11 16 14 17 -12 -11 -2 -14 -13 -9
right_child=10 6 9 4 5 -7 7 19 -10 15 12 18 13 -15 -16 -17 -18 -19 -20 -21
leaf_value=0.088292502394667585 -0.02519862195132036 -0.10223667262373622 0.048882259896965569 -0.044336014063324776 0.092713020649135836 -0.037633858055371408 0.03198191587060549 -0.036525942881061001 -0.012365123113815935 0.097427088736208187 -0.0838822435045532 -0.010837896954331764 -0.029553398094207463 -0.073994428542462395 -0.038033203271174272 0.074545985513784371 -0.050490639883600918 -0.0081976029096773595 -0.016979147772347363 -0.032397522881378031
leaf_weight=11.065943509340288 9.4024000465869886 5.3159862011671049 8.4985850900411624 5.7398502528667459 8.0949136316776258 5.8192142397165307 10.227238774299622 9.9070180803537351 7.2631262689828873 8.6719177663326263 5.0503942519426319 9.9845690429210663 10.026999294757848 6.2196420431137076 8.5925166010856628 10.255039215087891 5.3335822373628607 6.78353127837181 9.6447155922651291 5.3757374137640008
leaf_count=40 38 25 32 22 30 25 39 42 30 31 23 40 41 27 36 37 23 27 39 23
internal_value=0.00057281 0.0253195 0.0563904 0.0408224 0.014095 0.0381989 -0.0221122 -0.0081904 -0.0503452 0.0738283 -0.0329511 -0.0226448 -0.0426089 -0.035265 -0.0550058 0.0850296 -0.0343529 -0.0209357 -0.0138554 -0.0350738
internal_weight=167.273 96.2346 58.1455 30.7199 19.654 13.9141 38.0891 25.51 12.5791 27.4255 71.0384 34.3653 36.6731 23.0302 13.6429 18.927 14.736 16.8105 19.6293 15.2828
internal_count=670 376 217 117 77 55 159 104 55 100 294 140 154 95 59 68 61 68 79 65
is_linear=0
shrinkage=0.1


Tree=12
num_leaves=15
num_cat=0
split_feature=1 0 0 2 2 3 3 3 3 3 2 1 2 3
split_gain=20.3048 18.6457 6.04023 6.4325 6.35147 5.74043 3.09277 1.91638 1.55952 0.659981 0.600669 0.314994 0.0387052 9.7318e-05
threshold=1.5000000000000002 1.5000000000000002 1.0000000180025095e-35 3.5000000000000004 1.0000000180025095e-35 2.5000000000000004 3.5000000000000004 2.5000000000000004 2.5000000000000004 1.0000000180025095e-35 1.0000000180025095e-35 1.0000000180025095e-35 2.5000000000000004 1.0000000180025095e-35
decision_type=2 2 2 2 2 2 2 2 2 2 2 2 2 2
left_child=1 8 7 4 6 9 -4 -2 11 -6 -3 13 -7 -1
right_child=2 10 3 -5 5 12 -8 -9 -10 -11 -12 -13 -14 -15
leaf_value=-0.12122270328276408 -0.0090696930453224058 -0.047741965313669948 0.014338190106590399 0.014338190106590399 0.023016352294270043 0.11885084433053711 0.080693174241907833 0.014338190106590399 -0.062992657322762172 0.055921096377709423 -0.0090696930453224058 -0.098618258332147157 0.10946237008870274 -0.12175539688039549
leaf_weight=7.2933811247348785 19.433127671480179 8.7635332643985731 15.975490450859072 17.212896764278412 8.6991143822670001 13.377375572919847 7.0969541966915122 15.290583491325377 9.1056530177593213 20.366871058940887 32.134591937065125 10.73067370057106 6.5369259417057028 6.4736653864383698
leaf_count=26 67 30 55 59 30 43 23 51 31 67 107 37 21 23
internal_value=-0.000835471 -0.0420963 0.023957 0.0377461 0.0539813 0.0744099 0.0143382 -0.00906969 -0.0983281 0.0460731 -0.00906969 -0.111462 0.115769 -0.121473
internal_weight=198.491 74.5015 123.989 89.2656 72.0527 48.9803 23.0724 34.7237 33.6034 29.066 40.8981 24.4977 19.9143 13.767
internal_count=670 254 416 298 239 161 78 118 117 97 137 86 64 49
is_linear=0
shrinkage=0.1


Tree=13
num_leaves=18
num_cat=0
split_feature=1 0 0 1 1 2 2 3 1 2 1 2 0 0 1 2 1
split_gain=79.6704 15.3241 14.1461 6.86084 4.87185 3.62022 1.78566 1.54159 1.19681 0.942314 0.822224 0.36277 0.244754 0.130544 0.00278066 0.000542409 0.000233635
threshold=2.5000000000000004 2.5000000000000004 3.5000000000000004 3.5000000000000004 1.5000000000000002 2.5000000000000004 1.0000000180025095e-35 2.5000000000000004 1.5000000000000002 1.5000000000000002 3.5000000000000004 3.5000000000000004 1.5000000000000002 1.5000000000000002 1.0000000180025095e-35 2.5000000000000004 1.5000000000000002
decision_type=2 2 2 2 2 2 2 2 2 2 2 2 2 2 2 2 2
left_child=2 3 7 -2 -4 6 -5 11 13 -10 -3 14 -11 -9 15 -1 -16
right_child=1 10 4 5 -6 -7 -8 8 9 12 -12 -13 -14 -15 16 -17 -18
leaf_value=-0.09748864879162239 0.020278158889450826 0.16208568630064629 -0.029706166149778043 0.10977676207551948 0.020278158889450826 0.12021223611009889 0.05702980655475335 -0.098272312187248606 -0.066919393058525428 -0.053485088627283517 0.20862207564819821 -0.072279419755101756 -0.029706166149778043 -0.075422597368266758 -0.096518494167291025 -0.098967881377849939 -0.095872760241856314
leaf_weight=5.3123351335525495 10.795014426112173 10.480177745223047 12.545499458909037 6.436665281653406 4.6596330106258383 9.4488681554794294 7.5774341225624084 5.8613958954811114 5.8585456311702755 4.4158463925123197 5.9534690827131262 7.4188101142644873 6.9113252758979797 4.3603269457817078 10.453608244657516 4.6475263833999634 12.075678989291191
leaf_count=29 52 40 64 27 22 39 35 31 33 23 24 38 37 23 59 24 70
internal_value=0.000442383 0.0995606 -0.0590043 0.0614799 0.0202782 0.0937815 0.0589515 -0.0796905 -0.0614295 -0.0453136 0.178945 -0.0922315 -0.0297062 -0.0885252 -0.0967875 -0.0981789 -0.0961724
internal_weight=135.212 50.6916 84.5205 34.258 17.2051 23.463 14.0141 67.3154 27.4074 17.1857 16.4336 39.908 11.3272 10.2217 32.4891 9.95986 22.5293
internal_count=670 217 453 153 86 101 62 367 147 93 64 220 60 54 182 53 129
is_linear=0
shrinkage=0.1


Tree=14
num_leaves=17
num_cat=0
split_feature=1 0 2 2 3 3 0 2 0 2 0 2 2 3 3 3
split_gain=8.51186 3.77129 4.53281 1.46265 1.06346 0.122361 0.418246 0.0797179 1.00272e-06 7.07363e-07 1.76504e-07 1.54428e-07 6.99488e-08 1.46437e-07 6.01169e-08 1.73831e-08
threshold=2.5000000000000004 1.5000000000000002 3.5000000000000004 3.5000000000000004 2.5000000000000004 2.5000000000000004 2.5000000000000004 3.5000000000000004 1.5000000000000002 2.5000000000000004 1.5000000000000002 1.0000000180025095e-35 1.0000000180025095e-35 1.0000000180025095e-35 1.5000000000000002 3.5000000000000004
decision_type=2 2 2 2 2 2 2 2 2 2 2 2 2 2 2 2
left_child=3 7 5 8 10 6 -3 -2 9 11 -5 -1 -10 -14 -13 -15
right_child=1 2 -4 4 -6 -7 -8 -9 12 -11 -12 14 13 15 -16 -17
leaf_value=-0.081361373347108232 0.013728030243533291 0.082784628842474492 0.30527822340604005 -0.081475274475177384 0.013728030243533291 0.12026475639100154 0.17230033321915353 0.048284962844002327 -0.081347901895880786 -0.081468436308472947 -0.081395955139251644 -0.081418656705757042 -0.081357954228193946 -0.081299805868709496 -0.081379866368840093 -0.081319448138506903
leaf_weight=0.50593694671988698 1.0910243503749362 0.78007934428751491 1.2859373427927496 0.71086510829627536 0.94383587688207615 0.99002107046544541 0.78772001154720783 1.5187261365354061 0.97566481493413482 1.0156618654727938 0.46343598887324333 0.55375797115266312 0.67666939459741149 1.6898539811372759 1.4345167502760885 0.61435126699507225
leaf_count=26 46 31 33 32 34 38 33 36 48 46 22 26 33 86 69 31
internal_value=-0.00077342 0.0880085 0.151841 -0.0605524 0.0127913 0.0827846 0.0827846 0.013728 -0.0813592 -0.0813981 -0.081444 -0.0813694 -0.0813247 -0.0813171 -0.0813907 -0.081305
internal_weight=16.0381 6.45351 3.84376 9.58455 2.11814 2.55782 1.5678 2.60975 7.46641 3.50987 1.1743 2.49421 3.95654 2.98087 1.98827 2.30421
internal_count=670 217 135 453 88 102 64 82 365 167 54 121 198 150 95 117
is_linear=0
shrinkage=0.1


Tree=15
num_leaves=19
num_cat=0
split_feature=3 3 2 2 2 2 3 2 3 3 2 2 2 2 2 2 3 3
split_gain=13.3479 1.37496 1.02747 4.47265 0.606841 0.847563 0.568634 0.658041 0.540882 0.460174 0.296228 0.29037 0.273795 0.251944 0.182695 0.0888223 0.0648052 5.10821e-05
threshold=1.0000000180025095e-35 1.5000000000000002 1.5000000000000002 2.5000000000000004 2.5000000000000004 1.0000000180025095e-35 3.5000000000000004 1.5000000000000002 2.5000000000000004 2.5000000000000004 3.5000000000000004 3.5000000000000004 3.5000000000000004 3.5000000000000004 2.5000000000000004 1.5000000000000002 3.5000000000000004 3.5000000000000004
decision_type=2 2 2 2 2 2 2 2 2 2 2 2 2 2 2 2 2 2
left_child=2 11 -1 -4 5 8 15 -8 -3 12 -11 14 -6 -5 -2 -7 -10 -12
right_child=1 4 3 13 9 6 7 -9 16 10 17 -13 -14 -15 -16 -17 -18 -19
leaf_value=0.10043051895412564 -0.0026472917614324466 -0.086711658140071618 -0.054178833030755026 0.072492225678734826 -0.043243051777933396 0.0077204973586498726 -0.0096372830618959432 -0.086550067743210168 -0.045201846261056937 -0.058814843917462049 -0.02187207018537669 -0.019346236672248756 -0.087156378185249017 0.10496518206662864 0.024655471125605843 -0.0088018137625358577 -0.023236261143837384 -0.022455949361618974
leaf_weight=7.1912087649107006 4.6413253843784315 2.8214767500758189 2.9811024665832511 5.998231425881384 2.2558246776461592 5.1811312735080728 2.5268564075231543 1.9872057661414144 2.3782151192426682 3.4892891198396665 2.9858008846640587 4.314892850816249 3.8311460092663765 3.9709907323122025 5.192962758243084 8.7464311048388481 3.0860856771469116 3.0078166872262955
leaf_count=45 42 32 30 38 23 47 23 23 25 36 27 39 41 23 40 79 30 27
internal_value=0.000233659 -0.0247039 0.070121 0.0532904 -0.0337308 -0.0245887 -0.0126523 -0.0434963 -0.0511556 -0.0494242 -0.0356506 0.00228077 -0.0708821 0.085427 0.0117698 -0.00265542 -0.0327963 -0.0221651
internal_weight=76.588 56.4465 20.1415 12.9503 42.2973 26.7274 18.4416 4.51406 8.28578 15.5699 9.48291 14.1492 6.08697 9.96922 9.83429 13.9276 5.4643 5.99362
internal_count=670 534 136 91 413 259 172 46 87 154 90 121 64 61 82 126 55 54
is_linear=0
shrinkage=0.1


Tree=16
num_leaves=21
num_cat=0
split_feature=2 3 2 3 2 3 2 2 3 3 2 3 2 3 3 2 2 3 2 3
split_gain=11.775 10.9191 1.24024 2.29395 2.14615 1.12478 3.18058 2.37035 4.30009 0.589018 0.554697 0.262964 0.251474 1.11994 0.624103 0.237952 0.173568 0.155969 0.00961255 0.00757444
threshold=2.5000000000000004 2.5000000000000004 1.0000000180025095e-35 3.5000000000000004 1.5000000000000002 1.5000000000000002 1.0000000180025095e-35 1.5000000000000002 1.0000000180025095e-35 1.5000000000000002 1.0000000180025095e-35 1.0000000180025095e-35 3.5000000000000004 3.5000000000000004 2.5000000000000004 1.5000000000000002 3.5000000000000004 2.5000000000000004 3.5000000000000004 3.5000000000000004
decision_type=2 2 2 2 2 2 2 2 2 2 2 2 2 2 2 2 2 2 2 2
left_child=1 5 3 -3 -4 6 -1 -8 -9 11 -7 16 14 17 -11 -12 -2 -14 -13 -6
right_child=9 2 4 -5 19 10 7 8 -10 12 15 18 13 -15 -16 -17 -18 -19 -20 -21
leaf_value=0.078728072011310726 -0.023532612617515141 -0.099004255030882268 0.028085668370087104 -0.0098197027930405495 -0.032907768537260094 0.043197581470051982 -0.042361914549346083 0.07958203050131761 -0.033423845832276214 -0.079934215415395277 0.08563195279614462 -0.011710534190985904 -0.028159739800908325 -0.07071072655218516 -0.034421602300265135 0.063457870235479413 -0.046492870621744585 -0.0084706505616202552 -0.016144530443735136 -0.028164721390415062
leaf_weight=11.384692132472994 9.2652312964200956 4.8414764553308469 10.375133395195007 7.1334269493818283 9.6001319289207441 8.6613730639219302 5.650857239961625 8.412359267473219 5.6146571785211572 4.7191483825445149 8.9265110790729523 10.005562722682953 9.9090662598609978 5.9460269957780829 8.3335257023572922 10.569863706827164 5.1073460429906836 6.7736415565013877 9.5617631822824478 5.1856439113616952
leaf_count=40 38 25 39 30 42 32 22 30 25 23 31 40 41 27 36 37 23 27 39 23
internal_value=0.000482523 0.0231231 -0.019387 -0.0458772 -0.00677951 0.0497804 0.036659 0.0123198 0.0343487 -0.0308522 0.0642554 -0.0214211 -0.0398229 -0.0334469 -0.0508765 0.0736104 -0.0316916 -0.0201654 -0.0138772 -0.0312443
internal_weight=165.977 96.3561 37.1358 11.9749 25.1609 59.2203 31.0626 19.6779 14.027 69.6213 28.1577 33.9399 35.6814 22.6287 13.0527 19.4964 14.3726 16.6827 19.5673 14.7858
internal_count=670 376 159 55 104 217 117 77 55 294 100 140 154 95 59 68 61 68 79 65
is_linear=0
shrinkage=0.1


Tree=17
num_leaves=15
num_cat=0
split_feature=1 3 2 2 3 0 2 0 1 2 3 3 2 3
split_gain=17.6292 7.13513 11.0863 11.0492 7.98418 6.93387 4.94191 4.84419 2.46381 0.468986 0.303805 0.981369 0.261227 0.259365
threshold=1.0000000180025095e-35 3.5000000000000004 1.5000000000000002 3.5000000000000004 1.0000000180025095e-35 1.5000000000000002 3.5000000000000004 1.0000000180025095e-35 3.5000000000000004 1.0000000180025095e-35 2.5000000000000004 1.5000000000000002 2.5000000000000004 1.5000000000000002
decision_type=2 2 2 2 2 2 2 2 2 2 2 2 2 2
left_child=5 2 8 4 12 13 9 -6 -2 -3 11 -5 -4 -1
right_child=1 6 3 10 7 -7 -8 -9 -10 -11 -12 -13 -14 -15
leaf_value=-0.11782435062784109 -0.026050520795257017 0.072525673057924206 -0.0057231370453166589 -0.026050520795257017 0.00090611113439326054 -0.026050520795257017 -0.010201990374948613 0.079015820761736008 0.027582561476262785 0.1061197876709092 -0.026050520795257017 0.0064011556812851624 -0.026050520795257017 -0.093261730148681582
leaf_weight=11.163046509027483 29.926814258098602 7.1436550021171632 7.3216204941272718 12.472819179296497 9.7625169754028303 17.098045647144318 6.5321511626243582 42.526708453893661 11.619099020957945 9.9349434971809369 5.7744116187095633 12.205260813236237 6.6696859896183014 6.9913443922996512
leaf_count=41 105 23 25 44 33 58 22 138 40 32 20 41 23 25
internal_value=-0.000986349 0.012968 0.00429307 0.0235705 0.0464792 -0.0650691 0.063774 0.0644326 -0.0260505 0.092068 -0.0260505 -0.0149519 -0.0206171 -0.108365
internal_weight=197.142 161.89 138.279 96.733 66.2805 35.2524 23.6107 52.2892 41.5459 17.0786 30.4525 24.6781 13.9913 18.1544
internal_count=670 546 469 324 219 124 77 171 145 55 105 85 48 66
is_linear=0
shrinkage=0.1


Tree=18
num_leaves=20
num_cat=0
split_feature=1 0 0 2 1 1 2 1 3 1 2 1 2 0 0 2 1 2 1
split_gain=66.4665 13.4572 12.1808 5.88028 4.00043 1.76894 2.17893 1.62375 1.59424 1.30011 0.888348 0.661757 0.340896 0.133094 0.112876 0.011652 0.00429454 0.000905973 0.000430241
threshold=2.5000000000000004 3.5000000000000004 2.5000000000000004 2.5000000000000004 1.5000000000000002 3.5000000000000004 1.0000000180025095e-35 3.5000000000000004 2.5000000000000004 1.5000000000000002 1.5000000000000002 3.5000000000000004 3.5000000000000004 1.5000000000000002 1.5000000000000002 2.5000000000000004 1.0000000180025095e-35 2.5000000000000004 1.5000000000000002
decision_type=2 2 2 2 2 2 2 2 2 2 2 2 2 2 2 2 2 2 2
left_child=1 8 3 5 15 -2 -7 -5 12 13 -11 -4 16 -10 -12 -3 17 -1 -18
right_child=2 4 11 7 -6 6 -8 -9 9 10 14 -13 -14 -15 -16 -17 18 -19 -20
leaf_value=-0.096055880996152032 0.016002056602279546 -0.03068211103750795 0.14177041465704221 0.051814142161948407 0.016002056602279546 0.095707962487250609 0.033472552100688217 0.10547899343328136 -0.097152164571335881 -0.064063855802541911 -0.050909020357622681 0.18222885446522999 -0.071101340422435072 -0.073644990429599932 -0.03068211103750795 -0.014450857917051819 -0.094900554118537608 -0.098011777983709525 -0.093989286838808722
leaf_weight=4.9997293800115603 4.969048574566842 5.284963473677637 11.062738209962847 5.8215917348861668 4.6974430978298178 6.7707979381084442 7.7618530839681625 9.9996831119060516 5.6256824284791964 5.4495926797390011 4.2622136771678907 6.371016561985015 7.2646725177764884 4.2117842882871628 6.5632939636707306 7.1141999363899231 9.7481447607278824 4.4995192587375641 11.058701246976852
leaf_count=29 25 27 40 27 22 27 35 39 31 33 23 24 38 23 37 37 59 24 70
internal_value=0.000859528 -0.0561554 0.0881595 0.0544024 0.0160021 0.0176526 0.050943 0.0997011 -0.0773663 -0.0583877 -0.0410398 0.156556 -0.0905569 -0.0870879 -0.0306821 -0.0306821 -0.0952206 -0.0969823 -0.0944162
internal_weight=133.537 80.7799 52.7567 35.323 17.0966 19.5017 14.5327 15.8213 63.6833 26.1126 16.2751 17.4338 37.5708 9.83747 10.8255 12.3992 30.3061 9.49925 20.8068
internal_count=670 453 217 153 86 87 62 66 367 147 93 64 220 54 60 64 182 53 129
is_linear=0
shrinkage=0.1


Tree=19
num_leaves=17
num_cat=0
split_feature=1 0 3 2 2 3 3 2 0 2 0 2 3 2 2 3
split_gain=6.96536 2.7184 3.14936 3.00682 1.43408 0.871812 0.578076 0.155792 1.70218e-06 1.1883e-06 4.27902e-07 2.75109e-07 1.39418e-07 1.10398e-07 1.58057e-07 6.4173e-08
threshold=2.5000000000000004 1.5000000000000002 2.5000000000000004 3.5000000000000004 3.5000000000000004 2.5000000000000004 1.0000000180025095e-35 3.5000000000000004 1.5000000000000002 2.5000000000000004 1.5000000000000002 1.0000000180025095e-35 1.5000000000000002 1.0000000180025095e-35 1.5000000000000002 1.0000000180025095e-35
decision_type=2 2 2 2 2 2 2 2 2 2 2 2 2 2 2 2
left_child=4 7 6 -4 8 10 -3 -2 9 11 -6 -1 -13 -10 -15 -16
right_child=1 2 3 -5 5 -7 -8 -9 13 -11 -12 12 -14 14 15 -17
leaf_value=-0.08126627796797127 0.0071077666654195404 0.15476712776348589 0.10337650950360788 0.34961899177843464 -0.081430551823921615 0.0071077666654195404 0.064670226847407891 0.043743623231134177 -0.081246981271297064 -0.081408639937631838 -0.081303779187498981 -0.081350147731940992 -0.081289380300824596 -0.081148521259886253 -0.081247231280538956 -0.081207611491712753
leaf_weight=0.45633124373853462 1.0801720693707457 0.84392236173152935 1.0793381240218876 0.91734711825847615 0.68949258327484153 0.98624014668166626 1.5475753005594015 1.571256697177887 0.90228633023798499 0.97348630614578713 0.43374649062752724 0.5257203672081231 1.3395999129861591 0.39953504875302348 0.52866488881409202 1.8033252600580452
leaf_count=26 46 27 38 11 32 34 59 36 48 46 22 26 69 23 28 99
internal_value=-0.00113888 0.073442 0.122233 0.216509 -0.0592264 0.00710777 0.0646702 0.00710777 -0.0812639 -0.0813159 -0.0813816 -0.081277 -0.0813065 -0.0812167 -0.0812066 -0.0812166
internal_weight=16.078 7.03961 4.38818 1.99669 9.03843 2.10948 2.3915 2.65143 6.92895 3.29514 1.12324 2.32165 1.86532 3.63381 2.73153 2.33199
internal_count=670 217 135 49 453 88 86 82 365 167 54 121 95 198 150 127
is_linear=0
shrinkage=0.1


Tree=20
num_leaves=18
num_cat=0
split_feature=3 3 2 2 2 2 2 3 3 3 2 2 2 2 3 3 3
split_gain=10.4753 1.18819 0.784496 1.11943 2.42909 0.610419 0.774185 0.547222 0.509611 0.42745 0.289016 0.26703 0.263185 0.139902 0.0817781 0.0578298 0.000142738
threshold=1.0000000180025095e-35 1.5000000000000002 1.5000000000000002 3.5000000000000004 2.5000000000000004 2.5000000000000004 1.0000000180025095e-35 2.5000000000000004 3.5000000000000004 2.5000000000000004 3.5000000000000004 3.5000000000000004 3.5000000000000004 2.5000000000000004 2.5000000000000004 3.5000000000000004 3.5000000000000004
decision_type=2 2 2 2 2 2 2 2 2 2 2 2 2 2 2 2 2
left_child=2 11 -1 4 -4 6 7 -3 14 10 -7 13 -11 -2 -8 -9 -14
right_child=1 5 3 -5 -6 9 8 15 -10 12 -12 -13 16 -15 -16 -17 -18
leaf_value=0.08535765237684155 -0.0015170871446658805 -0.08609398575537941 -0.051692760176580678 0.087651734171129925 0.059746180874876077 -0.039928411348650134 0.0058014463763673895 -0.041969626929432541 -0.040843395455549367 -0.056874346048413765 -0.086575260900809484 -0.018659991111515822 -0.021211272853041495 0.022364259690689749 -0.0096804602424560172 -0.020690560136675397 -0.022190859963130014
leaf_weight=7.7245527207851437 4.5830284208059293 2.5820650160312679 2.8124642595648748 4.2852722108364096 6.4231752455234528 2.1213812604546538 7.4034647569060343 2.2340504080057144 4.2827100902795783 3.3119940757751447 3.5526094287633896 4.274294674396514 2.9577068984508514 5.278154581785202 6.3280941322445869 2.9817978069186211 2.9924554228782654
leaf_count=45 42 32 30 23 38 23 68 25 46 36 41 39 27 40 58 30 27
internal_value=0.000313957 -0.0227651 0.0599346 0.0454102 0.0258105 -0.0314312 -0.0221208 -0.0484434 -0.0107264 -0.047521 -0.069135 0.00221647 -0.0342803 0.0112653 -0.00133328 -0.0298048 -0.0217039
internal_weight=76.1293 54.8838 21.2455 13.5209 9.23564 40.7483 25.8122 7.79791 18.0143 14.9361 5.67399 14.1355 9.26216 9.86118 13.7316 5.21585 5.95016
internal_count=670 534 136 91 68 413 259 87 172 154 64 121 90 82 126 55 54
is_linear=0
shrinkage=0.1


Tree=21
num_leaves=21
num_cat=0
split_feature=2 3 2 3 2 3 2 2 3 3 2 3 2 2 3 3 2 3 2 3
split_gain=10.0168 8.47095 1.03202 2.14131 1.64652 0.870718 2.49049 2.04074 3.14212 0.506786 0.434674 0.236137 0.191694 0.191309 1.02013 0.548152 0.132652 0.118204 0.0140173 0.00884755
threshold=2.5000000000000004 2.5000000000000004 1.0000000180025095e-35 3.5000000000000004 1.5000000000000002 1.5000000000000002 1.0000000180025095e-35 1.5000000000000002 1.0000000180025095e-35 1.5000000000000002 1.0000000180025095e-35 1.0000000180025095e-35 1.5000000000000002 3.5000000000000004 3.5000000000000004 2.5000000000000004 3.5000000000000004 2.5000000000000004 3.5000000000000004 3.5000000000000004
decision_type=2 2 2 2 2 2 2 2 2 2 2 2 2 2 2 2 2 2 2 2
left_child=1 5 3 -3 -4 6 -1 -8 -9 11 -7 16 -12 15 17 -11 -2 -15 -13 -6
right_child=9 2 4 -5 19 10 7 8 -10 13 12 18 -14 14 -16 -17 -18 -19 -20 -21
leaf_value=0.069476773494377878 -0.022705133182412868 -0.096373126798029216 0.024758390325636693 -0.007374693069185422 -0.029245741205837478 0.038546095002528806 -0.040195450771395885 0.068776089687572775 -0.028547628715853895 -0.07571187586403634 0.075940740935611012 -0.010147522759782451 0.056213514368241346 -0.026089523119713257 -0.068072201721475087 -0.031771887383574282 -0.043065013567201715 -0.0088881060777476952 -0.015530037108721421 -0.024029294070554905
leaf_weight=11.67698308825493 9.1779034286737424 4.4011010974645597 10.477070450782776 7.0084439665079117 9.3029823154211027 8.7836848050355929 5.5512549281120309 8.6459897160530073 5.3824465721845636 4.360163435339925 9.1035472452640533 9.8627528697252274 10.733571648597717 9.7478920817375236 5.7101712673902503 8.1383537501096725 4.9132353067398062 6.7689208984374991 9.4973459988832474 4.9983707219362268
leaf_count=40 38 25 39 30 42 32 22 30 25 23 31 40 37 41 27 36 23 27 39 23
internal_value=0.000574541 0.021379 -0.0168182 -0.0417048 -0.00535888 0.0444642 0.032925 0.0111261 0.0314348 -0.0287403 0.0570661 -0.0199559 0.0652666 -0.0372024 -0.0316365 -0.0471005 -0.0298041 -0.01904 -0.012788 -0.0274226
internal_weight=164.242 96.0654 36.188 11.4095 24.7784 59.8775 31.2567 19.5797 14.0284 68.1767 28.6208 33.4512 19.8371 34.7255 22.227 12.4985 14.0911 16.5168 19.3601 14.3014
internal_count=670 376 159 55 104 217 117 77 55 294 100 140 68 154 95 59 61 68 79 65
is_linear=0
shrinkage=0.1


Tree=22
num_leaves=16
num_cat=0
split_feature=1 0 0 2 2 3 3 2 3 3 2 3 1 2 3
split_gain=16.3312 15.9018 4.25689 4.84864 4.28103 3.37641 2.06835 1.57383 1.32071 0.836176 0.35818 0.301553 0.215958 0.0448709 0.000625788
threshold=1.5000000000000002 1.5000000000000002 1.0000000180025095e-35 3.5000000000000004 1.0000000180025095e-35 2.5000000000000004 3.5000000000000004 1.5000000000000002 2.5000000000000004 1.5000000000000002 1.0000000180025095e-35 2.5000000000000004 1.0000000180025095e-35 2.5000000000000004 1.0000000180025095e-35
decision_type=2 2 2 2 2 2 2 2 2 2 2 2 2 2 2
left_child=1 8 7 4 6 9 -4 -2 12 -6 -3 -9 14 -7 -1
right_child=2 10 3 -5 5 13 -8 11 -10 -11 -12 -13 -14 -15 -16
leaf_value=-0.11312418840367706 -0.0089822010080720556 -0.042841451024147846 0.01176770082910316 0.01176770082910316 0.054534237669677958 0.098277780197575396 0.065569696197488689 -0.0089822010080720556 -0.059860119830519087 0.019304179521590629 -0.0089822010080720556 0.01176770082910316 -0.094393796424563678 0.088164734669168437 -0.11452671633891492
leaf_weight=6.7270115315914154 13.079990863800047 8.5806716680526716 15.56502088904381 16.796616166830063 18.076536804437637 13.372481584548952 7.15432384610176 9.6580956876277941 8.9601464271545392 10.739728182554247 32.205306857824326 11.528095215559004 10.437595188617706 6.5296247899532309 6.0356360971927643
leaf_count=26 46 30 55 59 61 43 23 34 31 36 107 38 37 21 23
internal_value=-0.00140561 -0.0388651 0.0209007 0.0325176 0.0465601 0.0632823 0.0117677 -0.0089822 -0.0924687 0.0414041 -0.0089822 0.0117677 -0.105062 0.0949598 -0.113787
internal_weight=195.447 72.9464 122.501 88.2343 71.4377 48.7184 22.7193 34.2662 32.1604 28.8163 40.786 21.1862 23.2002 19.9021 12.7626
internal_count=670 254 416 298 239 161 78 118 117 97 137 72 86 64 49
is_linear=0
shrinkage=0.1


Tree=23
num_leaves=19
num_cat=0
split_feature=1 0 0 2 1 1 2 3 1 1 2 1 2 0 2 1 2 1
split_gain=55.2988 12.8401 9.62968 4.91576 3.11873 1.63558 1.78449 1.62619 1.36842 1.35421 0.793198 0.563822 0.335407 0.138516 0.137898 0.00576979 0.00117732 0.000405135
threshold=2.5000000000000004 3.5000000000000004 2.5000000000000004 2.5000000000000004 1.5000000000000002 3.5000000000000004 1.0000000180025095e-35 2.5000000000000004 1.5000000000000002 3.5000000000000004 1.5000000000000002 3.5000000000000004 3.5000000000000004 1.5000000000000002 2.5000000000000004 1.0000000180025095e-35 2.5000000000000004 1.5000000000000002
decision_type=2 2 2 2 2 2 2 2 2 2 2 2 2 2 2 2 2 2
left_child=1 7 3 5 14 -2 -7 12 13 -5 -10 -4 15 -9 -3 16 -1 -17
right_child=2 4 11 9 -6 6 -8 8 10 -11 -12 -13 -14 -15 -16 17 -18 -19
leaf_value=-0.094765573901986339 0.012638136773390152 -0.031206632155059741 0.1242766551997546 0.045223500036459863 0.012638136773390152 0.085196017652459821 0.029288846208547631 -0.096070490346050544 -0.06140608206314311 0.093141587203094456 -0.031206632155059741 0.16071759209239028 -0.069387437653599032 -0.071565070548996634 -0.012268468747129446 -0.093285156617457107 -0.097049824647049143 -0.092362351835870729
leaf_weight=4.6954106539487857 4.8965921401977548 5.1642397940158862 11.541984558105471 6.0213822424411783 4.7561636269092551 7.0259930491447449 7.8186315596103668 5.3829198628664017 5.0889430940151223 10.42189946770668 10.413728669285772 6.7166021466255179 7.0482468158006659 4.0361493825912476 6.9761133790016174 8.9856188744306564 4.3436727523803711 10.11073212325573
leaf_count=29 25 27 40 27 22 27 35 31 33 39 60 24 38 23 37 59 24 70
internal_value=0.00133886 -0.0532 0.0784763 0.0486014 0.0126381 0.0149625 0.0459396 -0.0750514 -0.0555075 0.088987 -0.0372424 0.137682 -0.088895 -0.0855697 -0.0312066 -0.0937818 -0.0958633 -0.0927966
internal_weight=131.445 77.0019 54.4431 36.1845 16.8965 19.7412 14.8446 60.1054 24.9217 16.4433 15.5027 18.2586 35.1837 9.41907 12.1404 28.1354 9.03908 19.0964
internal_count=670 453 217 153 86 87 62 367 147 66 93 64 220 54 64 182 53 129
is_linear=0
shrinkage=0.1


Tree=24
num_leaves=17
num_cat=0
split_feature=1 0 1 3 2 0 2 3 0 2 0 2 3 2 3 3
split_gain=5.76555 2.10227 2.70377 1.91255 1.39715 0.916186 0.882204 0.717429 2.46415e-06 1.69444e-06 4.558e-07 3.4601e-07 1.87467e-07 1.72246e-07 1.81196e-07 9.07134e-08
threshold=2.5000000000000004 2.5000000000000004 3.5000000000000004 2.5000000000000004 3.5000000000000004 1.5000000000000002 3.5000000000000004 2.5000000000000004 1.5000000000000002 2.5000000000000004 1.5000000000000002 1.0000000180025095e-35 1.5000000000000002 1.0000000180025095e-35 1.0000000180025095e-35 3.5000000000000004
decision_type=2 2 2 2 2 2 2 2 2 2 2 2 2 2 2 2
left_child=4 3 6 -2 8 -5 -3 10 9 11 -6 -1 -13 -10 -15 -16
right_child=1 2 -4 5 7 -7 -8 -9 13 -11 -12 12 -14 14 15 -17
leaf_value=-0.081173298431891888 0.0023307415759914684 0.086708195881644107 0.29484807639567173 0.0023307415759914684 -0.081360885453441195 0.086708195881644107 0.19077813613865791 0.0023307415759914684 -0.081150571168598126 -0.081348183040092753 -0.081226375058778971 -0.08127252850606588 -0.081199662569401546 -0.081147236368763989 -0.081069966049606298 -0.081119117463787555
leaf_weight=0.41340508125722664 2.5310061238706103 0.71677042357623599 0.79518661089241494 1.2081990595906973 0.65690162032842658 1.6099643930792809 0.68226929754018784 1.0272656939923761 0.83218263275921378 0.93006974272429932 0.40862791240215302 0.49281310290098179 1.2452646438032386 0.57465164922177825 1.3957697143778203 0.51368163712322701
leaf_count=26 87 26 24 32 32 34 14 34 48 46 22 26 69 33 86 31
internal_value=-0.001218 0.0624008 0.144827 0.0285898 -0.0577393 0.0867082 0.0867082 0.00233074 -0.081171 -0.0812354 -0.0813093 -0.0811866 -0.0812203 -0.0811112 -0.081098 -0.0810832
internal_weight=16.034 7.5434 2.19423 5.34917 8.49063 2.81816 1.39904 2.0928 6.39784 3.08155 1.06553 2.15148 1.73808 3.31629 2.4841 1.90945
internal_count=670 217 64 153 453 66 40 88 365 167 54 121 95 198 150 117
is_linear=0
shrinkage=0.1


Tree=25
num_leaves=17
num_cat=0
split_feature=3 3 2 2 2 2 3 3 3 2 2 2 2 2 3 3
split_gain=8.51321 0.991796 0.603893 0.689257 0.597087 0.836676 0.553232 0.449627 0.4139 0.292933 0.229354 0.225603 0.0875693 0.0802046 0.0496831 0.000133512
threshold=1.0000000180025095e-35 1.5000000000000002 2.5000000000000004 1.0000000180025095e-35 1.5000000000000002 3.5000000000000004 2.5000000000000004 3.5000000000000004 2.5000000000000004 3.5000000000000004 3.5000000000000004 3.5000000000000004 2.5000000000000004 1.5000000000000002 3.5000000000000004 3.5000000000000004
decision_type=2 2 2 2 2 2 2 2 2 2 2 2 2 2 2 2
left_child=4 11 3 6 -1 -6 -3 13 9 -4 -10 12 -2 -5 -8 -12
right_child=1 2 8 7 5 -7 14 -9 10 -11 15 -13 -14 -15 -16 -17
leaf_value=0.073899406035053725 -0.00073912524501754226 -0.085580059648687035 -0.038061369660325965 0.0092218843694508151 0.022800859721213179 0.075145949931450184 -0.038638651740190849 -0.038471265556311349 -0.054627205109121391 -0.086130366438435468 -0.020632358036047717 -0.018023205892419316 0.01806144652654516 -0.0066277110923770094 -0.018431512718422492 -0.021584056215580572
leaf_weight=8.1713407933712023 4.5408341586589795 2.3723520487546947 2.0506034344434729 5.1035219207406053 9.3805287629365903 4.5272699594497672 2.0996730029582977 4.0975672900676718 3.1230878606438619 3.3208282664418221 2.9321354031562805 4.2344164550304404 5.4521854817867279 8.5274722799658775 2.8935015872120857 2.9643883407115936
leaf_count=45 42 32 23 47 68 23 25 46 36 41 27 39 40 79 30 27
internal_value=0.000171661 -0.021316 -0.0294728 -0.0201075 0.0524453 0.0398402 -0.0458197 -0.00942502 -0.0458034 -0.0677795 -0.032716 0.00132142 0.00951846 -0.000693532 -0.0269288 -0.0211108
internal_weight=75.7917 53.7126 39.4851 25.0941 22.0791 13.9078 7.36553 17.7286 14.391 5.37143 9.01961 14.2274 9.99302 13.631 4.99317 5.89652
internal_count=670 534 413 259 136 91 87 172 154 64 90 121 82 126 55 54
is_linear=0
shrinkage=0.1


Tree=26
num_leaves=21
num_cat=0
split_feature=2 3 2 3 2 3 2 2 3 3 2 2 3 2 3 3 2 3 3 2
split_gain=8.50006 6.58832 0.834841 1.99112 1.2281 0.606086 2.0702 1.76331 2.35504 0.436516 0.324815 0.193194 0.164676 0.141434 0.895478 0.53087 0.108053 0.0982113 0.0114885 0.00783393
threshold=2.5000000000000004 2.5000000000000004 1.0000000180025095e-35 3.5000000000000004 1.5000000000000002 1.5000000000000002 1.0000000180025095e-35 1.5000000000000002 1.0000000180025095e-35 1.5000000000000002 1.0000000180025095e-35 1.5000000000000002 1.0000000180025095e-35 3.5000000000000004 3.5000000000000004 2.5000000000000004 3.5000000000000004 2.5000000000000004 3.5000000000000004 3.5000000000000004
decision_type=2 2 2 2 2 2 2 2 2 2 2 2 2 2 2 2 2 2 2 2
left_child=1 5 3 -3 -4 6 -1 -8 -9 12 -7 -12 16 15 17 -11 -2 -15 -6 -14
right_child=9 2 4 -5 18 10 7 8 -10 13 11 -13 19 14 -16 -17 -18 -19 -20 -21
leaf_value=0.062747158781729095 -0.020845486360941419 -0.094179879398349209 0.021004902404773471 -0.0054200680439470145 -0.026307941413100264 0.03398005702774004 -0.038450021930570823 0.060118285751056044 -0.024750285758266464 -0.072877968223867315 0.067600167713321779 0.047923869127642675 -0.010962227696643512 -0.025048686697722179 -0.065292588740162069 -0.02859821613038311 -0.03952980703720313 -0.009327263027460132 -0.020268081140747667 -0.014994331382599996
leaf_weight=11.871489763259889 9.0120063722133619 3.9870315790176374 10.595060586929321 6.9033092707395554 9.0483143180608732 8.8854470849037188 5.458656758069993 8.7922956943511945 5.2054912000894555 4.117093548178671 9.2104429006576538 10.890186384320259 9.8636002838611603 9.6452769637107902 5.4706409424543372 7.9084672033786774 4.7142224460840216 6.7573532760143271 4.8305270224809655 9.4207640439271927
leaf_count=40 38 25 39 30 42 32 22 30 25 23 31 37 40 41 27 36 23 27 23 39
internal_value=0.00026611 0.0193868 -0.0148827 -0.0379157 -0.0046335 0.0394803 0.0298378 0.00975794 0.0285574 -0.0270759 0.0499017 0.0569399 -0.0188908 -0.0350465 -0.0302571 -0.0437579 -0.0272625 -0.018572 -0.0242058 -0.012932
internal_weight=162.588 95.6783 35.3642 10.8903 24.4739 60.314 31.3279 19.4564 13.9978 66.9094 28.9861 20.1006 33.0106 33.8988 21.8733 12.0256 13.7262 16.4026 13.8788 19.2844
internal_count=670 376 159 55 104 217 117 77 55 294 100 68 140 154 95 59 61 68 65 79
is_linear=0
shrinkage=0.1


Tree=27
num_leaves=17
num_cat=0
split_feature=1 0 2 2 3 0 3 3 2 2 3 3 1 2 2 3
split_gain=14.0024 14.7383 3.59856 6.00988 3.30516 3.15974 2.58643 1.1871 1.13201 0.593513 0.336221 0.649423 0.225916 0.177948 0.0502018 0.000743596
threshold=1.5000000000000002 1.5000000000000002 3.5000000000000004 1.0000000180025095e-35 3.5000000000000004 1.0000000180025095e-35 2.5000000000000004 2.5000000000000004 1.5000000000000002 2.5000000000000004 2.5000000000000004 1.5000000000000002 1.0000000180025095e-35 1.0000000180025095e-35 2.5000000000000004 1.0000000180025095e-35
decision_type=2 2 2 2 2 2 2 2 2 2 2 2 2 2 2 2
left_child=1 7 3 4 -2 8 9 12 -5 -7 11 -4 15 -3 -8 -1
right_child=2 13 10 5 -6 6 14 -9 -10 -11 -12 -13 -14 -15 -16 -17
leaf_value=-0.10985369908366471 -0.0085288604771589973 -0.040004856316973009 -0.0085288604771589973 -0.0085288604771589973 0.059577298427832319 0.054674458056495547 0.089990555260020533 -0.058232989099433807 0.033174912662749162 0.033174912662749162 -0.0085288604771589973 0.023110791488890191 -0.090403970003188283 -0.0085288604771589973 0.079228541279380837 -0.11141626418471123
leaf_weight=6.4262418597936666 20.595645159482959 8.4669646620750409 9.4386765211820638 7.7404623329639461 7.1384284794330588 15.232581496238708 13.22682097554207 8.8893194794654828 8.7160384356975538 13.447300136089325 9.4960337132215482 10.104402542114258 10.144366085529327 32.164503335952759 6.4471617043018332 5.7890613973140717
leaf_count=26 74 30 35 27 23 52 43 31 29 45 33 34 37 107 21 23
internal_value=-0.00137713 -0.0363662 0.0193085 0.0289801 -0.00852886 0.0456586 0.0585399 -0.0891448 0.00780997 0.0393844 -0.00852886 0.00508293 -0.101434 -0.00852886 0.0864638 -0.110594
internal_weight=193.464 71.8805 121.584 92.5444 27.7341 64.8104 48.3539 31.249 16.4565 28.6799 29.0391 19.5431 22.3597 40.6315 19.674 12.2153
internal_count=670 254 416 314 97 217 161 117 56 97 102 69 86 137 64 49
is_linear=0
shrinkage=0.1


Tree=28
num_leaves=19
num_cat=0
split_feature=1 0 0 1 1 2 3 1 2 2 1 2 2 0 2 1 2 1
split_gain=46.6938 12.1085 8.27402 4.18335 2.58967 1.96676 1.68038 1.45455 1.00769 0.679401 0.499129 0.325363 0.167302 0.142155 0.0427636 0.00634936 0.00131155 0.000477225
threshold=2.5000000000000004 3.5000000000000004 2.5000000000000004 3.5000000000000004 1.5000000000000002 2.5000000000000004 2.5000000000000004 1.5000000000000002 1.0000000180025095e-35 1.5000000000000002 3.5000000000000004 3.5000000000000004 2.5000000000000004 1.5000000000000002 2.5000000000000004 1.0000000180025095e-35 2.5000000000000004 1.5000000000000002
decision_type=2 2 2 2 2 2 2 2 2 2 2 2 2 2 2 2 2 2
left_child=1 6 3 14 12 8 11 13 -5 -9 -4 15 -3 -8 -2 16 -1 -17
right_child=2 4 10 5 -6 -7 7 9 -10 -11 -12 -13 -14 -15 -16 17 -18 -19
leaf_value=-0.093613439152318081 0.010120945592357884 -0.031402711949515404 0.11233015339154691 0.075834538859317721 0.010120945592357884 0.084058369483000828 -0.095105110725312803 -0.058748385103917944 0.038311320655559103 -0.031402711949515404 0.14609888956716252 -0.068165385956476643 -0.011982072633704589 -0.069788300123298994 0.038311320655559103 -0.092048639561289933 -0.096086559079153339 -0.09100618596500297
leaf_weight=4.4027237594127673 4.80578565597534 5.1047816425561923 11.834072202444078 7.252339571714403 4.7617088556289664 10.821064949035643 5.1564459651708603 4.7546599954366693 7.8736221045255661 9.9852775037288648 6.9462854266166678 6.8897222578525534 6.9582005441188812 3.8919413238763809 6.1778004169464111 8.3582083880901337 4.180393785238266 9.253125436604023
leaf_count=29 25 27 40 27 22 39 31 33 35 60 24 38 37 23 27 59 24 70
internal_value=0.00169026 -0.0505366 0.0707784 0.0432966 0.0101209 0.0665017 -0.0729264 -0.0526551 0.0412915 -0.0332811 0.12482 -0.0875019 -0.0314027 -0.0842157 0.0101209 -0.0925878 -0.094818 -0.0915009
internal_weight=129.408 73.6972 55.711 36.9306 16.8247 25.947 56.8725 23.7883 15.126 14.7399 18.7804 33.0842 12.063 9.04839 10.9836 26.1945 8.58312 17.6113
internal_count=670 453 217 153 86 101 367 147 62 93 64 220 64 54 52 182 53 129
is_linear=0
shrinkage=0.1


Tree=29
num_leaves=19
num_cat=0
split_feature=1 0 3 2 2 3 0 1 1 3 0 2 0 2 3 2 2 3
split_gain=5.01885 1.59455 1.92573 1.36527 1.19843 0.624878 0.411516 2.19373 0.25966 0.0255155 2.95408e-06 2.00152e-06 6.93811e-07 4.18385e-07 2.45838e-07 1.95098e-07 1.50462e-07 3.94484e-08
threshold=2.5000000000000004 1.5000000000000002 2.5000000000000004 3.5000000000000004 3.5000000000000004 2.5000000000000004 2.5000000000000004 3.5000000000000004 3.5000000000000004 2.5000000000000004 1.5000000000000002 2.5000000000000004 1.5000000000000002 1.0000000180025095e-35 1.5000000000000002 1.0000000180025095e-35 1.5000000000000002 1.0000000180025095e-35
decision_type=2 2 2 2 2 2 2 2 2 2 2 2 2 2 2 2 2 2
left_child=3 8 6 10 -4 12 -3 -8 -2 -10 11 13 -5 -1 -15 -12 -17 -18
right_child=1 2 4 5 -6 -7 7 -9 9 -11 15 -13 -14 14 -16 16 17 -19
leaf_value=-0.081093137619757727 -3.643396153096834e-05 0.044189942864491738 0.081395143958925234 -0.081313749486288334 0.21947197090800943 -3.643396153096834e-05 0.07090724405589087 0.22499440543469251 0.026982526930788248 0.044189942864491738 -0.081066080135357543 -0.081288708845360838 -0.081143089187303868 -0.081208018861949213 -0.081121962457185101 -0.080945139718341816 -0.081044535701028042 -0.08101063479647036
leaf_weight=0.3732431977987275 1.0326293576508769 1.0353012196719649 1.2225069608539343 0.63404477015137695 1.2938998267054558 1.0593677666038273 0.6911939065903423 0.97401936538517475 0.91329949349164963 0.70199756510555744 0.76933184079825911 0.88748895004391659 0.38158563897013664 0.46480260975658882 1.1614714246243236 0.32772631756961379 0.44480453804135311 1.5033705467358229
leaf_count=26 33 37 38 32 11 34 25 24 26 23 48 46 22 26 69 23 28 99
internal_value=-0.000540919 0.056198 0.0884163 -0.0562709 0.152392 -3.6434e-05 0.0441899 0.0976245 -3.6434e-05 0.0411154 -0.0810913 -0.0811637 -0.0812496 -0.0811083 -0.0811466 -0.0810225 -0.0810078 -0.0810184
internal_weight=15.8721 7.86485 5.21692 8.00724 2.51641 2.075 2.70051 1.66521 2.64793 1.6153 5.93224 2.88701 1.01563 1.99952 1.62627 3.04523 2.2759 1.94818
internal_count=670 217 135 453 49 88 86 49 82 49 365 167 54 121 95 198 150 127
is_linear=0
shrinkage=0.1


Tree=30
num_leaves=17
num_cat=0
split_feature=3 3 2 2 3 2 2 3 3 2 2 2 3 2 3 3
split_gain=6.93617 0.813059 0.589961 0.618466 0.555249 0.471481 0.634277 0.398468 0.392629 0.3 0.194564 0.193933 0.0767994 0.0504299 0.0436483 0.000135246
threshold=1.0000000180025095e-35 1.5000000000000002 2.5000000000000004 1.0000000180025095e-35 2.5000000000000004 1.5000000000000002 3.5000000000000004 3.5000000000000004 2.5000000000000004 3.5000000000000004 3.5000000000000004 3.5000000000000004 2.5000000000000004 2.5000000000000004 3.5000000000000004 3.5000000000000004
decision_type=2 2 2 2 2 2 2 2 2 2 2 2 2 2 2 2
left_child=5 11 3 4 -3 -1 -7 12 9 -4 -10 13 -5 -2 -6 -12
right_child=1 2 8 7 14 6 -8 -9 10 -11 15 -13 -14 -15 -16 -17
leaf_value=0.064615988301899935 1.3274702277835259e-06 -0.085128025008828379 -0.035738702549707166 0.0069598882166635083 -0.035661291893989311 0.020077225862902059 0.064859535298847734 -0.036163588235066248 -0.052256603448585862 -0.085702021065991091 -0.020254239404179256 -0.017656418590991593 -0.0081637969669245553 0.014210540774247285 -0.016312823103714066 -0.021215193122006613
leaf_weight=8.5597815215587634 4.4996342211961728 2.1851476207375553 1.9682583287358273 7.3107783049345034 1.9905974715948103 9.5359014421701414 4.732321932911872 3.9292998835444441 2.9418308064341527 3.0859592109918594 2.9140715003013611 4.2085213661193839 6.2097086831927299 5.614161342382431 2.8143763318657875 2.944482684135437
leaf_count=45 42 32 23 68 25 68 23 46 36 41 27 39 58 40 30 27
internal_value=2.79268e-05 -0.0199439 -0.027546 -0.0182008 -0.0433347 0.0460614 0.0349301 -0.00813249 -0.0440313 -0.0662449 -0.0312736 0.000382538 1.38604e-05 0.00788885 -0.0243285 -0.0207372
internal_weight=75.4448 52.6168 38.2945 24.4399 6.99012 22.828 14.2682 17.4498 13.8546 5.05422 8.80038 14.3223 13.5205 10.1138 4.80497 5.85855
internal_count=670 534 413 259 87 136 91 172 154 64 90 121 126 82 55 54
is_linear=0
shrinkage=0.1


Tree=31
num_leaves=20
num_cat=0
split_feature=2 3 2 2 3 2 2 3 3 2 2 3 2 3 3 2 3 3 2
split_gain=7.26574 5.1478 0.685555 0.902157 0.411036 1.67255 1.55438 1.77958 0.350504 0.257596 0.197271 0.115495 0.0969789 0.801853 0.507118 0.0827206 0.0727673 0.0135792 0.00435852
threshold=2.5000000000000004 2.5000000000000004 1.0000000180025095e-35 1.5000000000000002 1.5000000000000002 1.0000000180025095e-35 1.5000000000000002 1.0000000180025095e-35 1.5000000000000002 1.0000000180025095e-35 1.5000000000000002 1.0000000180025095e-35 3.5000000000000004 3.5000000000000004 2.5000000000000004 3.5000000000000004 2.5000000000000004 3.5000000000000004 3.5000000000000004
decision_type=2 2 2 2 2 2 2 2 2 2 2 2 2 2 2 2 2 2 2
left_child=1 4 -3 -4 5 -1 -7 -8 11 -6 -11 15 14 16 -10 -2 -14 -5 -13
right_child=8 2 3 17 9 6 7 -9 12 10 -12 18 13 -15 -16 -17 -18 -19 -20
leaf_value=0.056524708233400091 -0.019760233035382432 -0.034547545371930534 0.017836750541345314 -0.023396229482837774 0.029673980639720956 -0.036729792456779257 0.053603112873528161 -0.020864901990999336 -0.069813814341633251 0.060792771491969315 0.040963252159867347 -0.011816350349306082 -0.023552756319441093 -0.062846652394541944 -0.025393571347688507 -0.036351461542394582 -0.0099742255922669904 -0.016726562222212193 -0.014828659552810442
leaf_weight=12.035073786973955 8.8883018642663938 10.435241982340811 10.676973253488541 8.7964199185371381 8.969036668539049 5.3623294681310663 8.8669656813144666 5.0291787385940561 3.8622118979692441 9.2491397559642792 10.964142307639122 9.8634989112615585 9.5013183951377922 5.2556551545858374 7.6820481866598129 4.5400446355342856 6.7508349716663352 4.6748378127813348 9.3627615422010422
leaf_count=40 38 55 39 42 32 22 30 25 23 31 37 40 41 27 36 23 27 23 39
internal_value=-3.11853e-05 0.0176434 -0.0131296 -0.00387418 0.0352412 0.0272799 0.00900416 0.0266523 -0.0256015 0.0437784 0.0500368 -0.0182535 -0.0328611 -0.0288926 -0.0402547 -0.0253696 -0.0179125 -0.0210817 -0.0132833
internal_weight=160.766 95.0593 34.5835 24.1482 60.4759 31.2935 19.2585 13.8961 65.7067 29.1823 20.2133 32.6546 33.0521 21.5078 11.5443 13.4283 16.2522 13.4713 19.2263
internal_count=670 376 159 104 217 117 77 55 294 100 68 140 154 95 59 61 68 65 79
is_linear=0
shrinkage=0.1


Tree=32
num_leaves=16
num_cat=0
split_feature=1 0 2 0 2 3 3 1 3 0 1 3 3 3 0
split_gain=12.6802 5.54034 4.24038 8.07686 3.33529 5.62823 5.22348 2.32939 1.46522 0.831275 0.425108 0.893557 0.483865 0.218442 0.0122171
threshold=1.0000000180025095e-35 1.5000000000000002 3.5000000000000004 1.0000000180025095e-35 1.5000000000000002 3.5000000000000004 1.0000000180025095e-35 2.5000000000000004 1.0000000180025095e-35 3.5000000000000004 1.5000000000000002 2.5000000000000004 1.5000000000000002 1.5000000000000002 2.5000000000000004
decision_type=2 2 2 2 2 2 2 2 2 2 2 2 2 2 2
left_child=1 13 3 7 5 8 -6 -2 -5 -8 -4 12 -12 -1 -3
right_child=2 14 10 4 6 -7 9 -9 -10 -11 11 -13 -14 -15 -16
leaf_value=-0.10851068508747948 -0.02344245534801034 -0.034890156945237706 -0.02344245534801034 0.075421363208892436 0.0048349323569485741 0.075649536856988719 0.057537334981274724 0.0048349323569485741 0.0048349323569485741 0.092925304507539552 -0.010680388353362449 -0.01700231939093785 0.020980045704692848 -0.084874260265906734 -0.02344245534801034
leaf_weight=9.8868492692708987 19.568085432052616 6.337840825319291 7.2001443803310385 5.9991163313388851 11.666110217571257 11.398857325315474 38.546214193105698 7.0775648951530448 19.752950116991997 8.0188429951667768 9.2309628576040303 9.3907498866319639 10.11831670999527 6.4677919447422019 10.532759428024292
leaf_count=41 70 22 25 21 41 37 127 24 73 26 35 33 34 25 36
internal_value=-0.00127107 -0.0574246 0.0105396 0.0194312 0.0331123 0.00970098 0.0480485 -0.0234425 0.00483493 0.0636314 -0.01965 -0.0105622 0.0058758 -0.0991632 -0.0234425
internal_weight=191.193 33.2252 157.968 122.028 95.3821 37.1509 58.2312 26.6457 25.7521 46.5651 35.9402 28.74 19.3493 16.3546 16.8706
internal_count=670 124 546 419 325 131 194 94 94 153 127 102 69 66 58
is_linear=0
shrinkage=0.1


Tree=33
num_leaves=19
num_cat=0
split_feature=1 0 0 2 1 3 1 1 2 1 0 2 2 2 0 1 2 1
split_gain=39.499 11.3817 7.13474 3.61411 2.15102 1.74059 1.53617 1.24507 1.18157 0.978223 0.56506 0.486314 0.319453 0.181878 0.14605 0.0067309 0.00141375 0.000502245
threshold=2.5000000000000004 3.5000000000000004 2.5000000000000004 2.5000000000000004 1.5000000000000002 2.5000000000000004 1.5000000000000002 3.5000000000000004 1.0000000180025095e-35 3.5000000000000004 1.5000000000000002 3.5000000000000004 3.5000000000000004 2.5000000000000004 1.5000000000000002 1.0000000180025095e-35 2.5000000000000004 1.5000000000000002
decision_type=2 2 2 2 2 2 2 2 2 2 2 2 2 2 2 2 2 2
left_child=1 5 3 7 13 12 14 -2 -9 -5 -8 -4 15 -3 -7 16 -1 -17
right_child=2 4 11 9 -6 6 10 8 -10 -11 -12 -13 -14 -15 -16 17 -18 -19
leaf_value=-0.092568903530252655 0.0081560824954512202 -0.031334256283109672 0.10250192450759676 0.036358076835207163 0.0081560824954512202 -0.094195216899909062 -0.057109946939456785 0.067186797058392755 0.022412587678191983 0.076357878740953289 -0.031334256283109672 0.13620803212488036 -0.066908335273095865 -0.01174671861764125 -0.068013424192623406 -0.090928357585634403 -0.095203851985882326 -0.089814028878878127
leaf_weight=4.1215830147266441 4.7164267152547845 5.0411290079355258 12.703567236661913 6.3002463281154641 4.7803345769643775 4.9323736727237701 6.1324301958084106 7.4549754559993744 7.942436158657074 11.105615079402924 7.8800137341022491 6.4559167623519889 6.7274688184261313 6.9434532672166824 3.7508250921964645 7.7547778040170678 4.0245228409767151 8.4542999565601349
leaf_count=29 25 27 43 27 22 31 38 27 35 39 55 21 38 37 23 59 24 70
internal_value=0.00204763 -0.0478978 0.0642099 0.0388563 0.00815608 -0.0708246 -0.0497707 0.00998472 0.0366691 0.0722197 -0.0313343 0.113859 -0.0861975 -0.0313343 -0.0828856 -0.0915257 -0.0938707 -0.0903471
internal_weight=127.222 70.5432 56.6792 37.5197 16.7649 53.7783 22.6956 20.1138 15.3974 17.4059 14.0124 19.1595 31.0827 11.9846 8.6832 24.3552 8.14611 16.2091
internal_count=670 453 217 153 86 367 147 87 62 66 93 64 220 64 54 182 53 129
is_linear=0
shrinkage=0.1


Tree=34
num_leaves=17
num_cat=0
split_feature=1 0 1 2 2 3 3 3 0 2 0 2 3 2 2 2
split_gain=4.1775 1.43046 1.79778 1.32028 1.30255 0.512034 0.0427104 0.349546 3.25563e-06 2.19867e-06 8.79156e-07 4.54154e-07 2.79607e-07 2.09622e-07 1.31159e-07 1.87601e-08
threshold=2.5000000000000004 3.5000000000000004 3.5000000000000004 3.5000000000000004 2.5000000000000004 2.5000000000000004 3.5000000000000004 1.5000000000000002 1.5000000000000002 2.5000000000000004 1.5000000000000002 1.0000000180025095e-35 1.5000000000000002 1.0000000180025095e-35 1.5000000000000002 2.5000000000000004
decision_type=2 2 2 2 2 2 2 2 2 2 2 2 2 2 2 2
left_child=3 2 -2 8 -4 10 7 -6 9 11 -5 -1 -13 -10 -15 -16
right_child=1 -3 4 5 6 -7 -8 -9 13 -11 -12 12 -14 14 15 -17
leaf_value=-0.081019046867126465 -0.0033840872136678109 0.17993031716026728 0.034376102812590258 -0.081264224590880077 0.10743632681514391 -0.0033840872136678109 0.10743632681514391 0.036247694735072264 -0.080988941374907072 -0.081229806776334235 -0.081066534967173781 -0.081144114735804518 -0.081049305726231147 -0.080864778360688824 -0.080946583761964785 -0.080926090047336058
leaf_weight=0.3371528107672942 2.4684986267238838 0.74767720699310292 2.1740571148693562 0.6096000745892528 0.9258323535323143 1.0923757869750259 1.1591670736670494 0.84289752691984177 0.71171407587826285 0.84423406701534975 0.35652042366564274 0.43652816675603379 1.0822758832946417 0.29891087207943234 0.89417938236147143 0.89253186620771885
leaf_count=26 81 11 73 32 18 34 9 25 48 46 22 26 69 23 63 64
internal_value=-0.000918393 0.0479746 0.0349423 -0.0547428 0.0721363 -0.00338409 0.107436 0.0864878 -0.0810177 -0.081096 -0.0811913 -0.0810352 -0.0810766 -0.0809421 -0.0809261 -0.0809363
internal_weight=15.8742 8.31813 7.57045 7.55602 5.10195 2.0585 2.9279 1.76873 5.49753 2.70019 0.96612 1.85596 1.5188 2.79734 2.08562 1.78671
internal_count=670 217 206 453 125 88 52 43 365 167 54 121 95 198 150 127
is_linear=0
shrinkage=0.1


Tree=35
num_leaves=19
num_cat=0
split_feature=3 2 3 3 2 2 2 2 3 2 3 2 3 2 3 3 3 2
split_gain=5.6527 0.814792 2.80716 0.906452 0.651113 0.439529 0.49922 0.427094 0.400321 0.749671 0.793026 0.351384 0.31578 1.7646 0.300926 0.0360126 0.000437215 6.03718e-05
threshold=1.0000000180025095e-35 1.5000000000000002 1.5000000000000002 2.5000000000000004 1.0000000180025095e-35 1.5000000000000002 3.5000000000000004 1.0000000180025095e-35 2.5000000000000004 3.5000000000000004 1.5000000000000002 3.5000000000000004 1.5000000000000002 2.5000000000000004 3.5000000000000004 3.5000000000000004 3.5000000000000004 2.5000000000000004
decision_type=2 2 2 2 2 2 2 2 2 2 2 2 2 2 2 2 2 2
left_child=5 2 -2 7 15 -1 -7 -4 9 12 -11 14 13 -3 17 -5 -13 -10
right_child=1 8 3 4 -6 6 -8 -9 11 10 -12 16 -14 -15 -16 -17 -18 -19
leaf_value=0.058491381410297041 0.11207480423355752 -0.08769260626320223 -0.084678366303308439 -0.032120937369533802 0.033353049963760206 0.01709615005589845 0.056240310310502743 -0.025750632502425399 -0.041749897478546322 -0.016826979862214209 -0.085269727823317737 -0.019738845332040237 0.012874776624969862 0.013498606754208936 -0.08582267653004054 -0.014124107765395003 -0.021469712185318096 -0.042383625325766935
leaf_weight=8.8286494463682192 1.9733550697565068 2.4834746345877665 2.0000492706894866 1.8731212615966777 4.0966302305459976 9.7092956006526929 4.9034503400325766 3.1942695751786232 4.295196630060671 4.1598664075136176 2.8546282052993774 2.8912583142518988 5.9365234225988379 5.6299741044640541 2.0506038591265678 2.73597701638937 2.9467761591076851 2.3126159533858299
leaf_count=45 17 25 32 25 39 68 23 31 42 39 41 27 60 40 28 30 27 31
internal_value=0.000175025 -0.0183741 0.000464518 -0.0153805 0.00434489 0.0408748 0.0302314 -0.0484405 -0.0267831 -0.0179813 -0.0446805 -0.0395729 -0.00465155 -0.0174754 -0.0523571 -0.021438 -0.0206125 -0.0419717
internal_weight=74.8757 51.4343 15.8734 13.9 8.70573 23.4414 14.6127 5.19432 35.5609 21.0645 7.01449 14.4965 14.05 8.11345 8.65842 4.6091 5.83803 6.60781
internal_count=670 534 174 157 94 136 91 63 360 205 80 155 125 65 101 55 54 73
is_linear=0
shrinkage=0.1


Tree=36
num_leaves=17
num_cat=0
split_feature=2 3 2 2 3 2 2 3 3 2 3 2 3 2 3 2
split_gain=6.25746 4.14197 0.514088 0.66885 0.325959 1.03623 0.842093 0.317773 0.11594 0.0728193 0.750475 0.0575129 0.0506876 0.0437451 0.0108841 0.00796003
threshold=2.5000000000000004 2.5000000000000004 1.0000000180025095e-35 1.5000000000000002 1.0000000180025095e-35 1.5000000000000002 1.5000000000000002 1.5000000000000002 1.0000000180025095e-35 3.5000000000000004 3.5000000000000004 3.5000000000000004 2.5000000000000004 1.0000000180025095e-35 3.5000000000000004 3.5000000000000004
decision_type=2 2 2 2 2 2 2 2 2 2 2 2 2 2 2 2
left_child=1 4 -3 -4 5 -1 13 8 11 -9 12 -2 -11 -6 -5 -10
right_child=7 2 3 14 6 -7 -8 9 15 10 -12 -13 -14 -15 -16 -17
leaf_value=0.0033312769856182721 -0.019459169917372534 -0.030549558995490684 0.015002769404814615 -0.020743217541551701 0.05350977339983997 0.048137970589130351 0.019767096262338295 -0.03750777064575022 -0.0099006581002730604 -0.021693566319296888 -0.061001499026965535 -0.033470219440123475 -0.010311775820504913 0.044806728074514891 -0.014707168235776303 -0.014001369336853487
leaf_weight=12.274470925331116 8.8190256506204587 9.9999420046806318 10.718820184469223 8.5840568095445615 12.955996811389923 8.906780332326889 15.841393530368803 11.142198771238325 9.673793151974678 9.3428089618682915 5.0855187624692908 4.3871155977249137 6.7321340590715399 10.420789301395416 4.5819008499383935 9.269441545009613
leaf_count=45 38 55 39 42 45 30 62 59 40 41 27 23 27 35 23 39
internal_value=5.41392e-05 0.0164699 -0.0115134 -0.0035435 0.0321688 0.0221726 0.0375676 -0.0239597 -0.0169213 -0.0309647 -0.0275194 -0.0241137 -0.0169269 0.0496302 -0.0186426 -0.0119072
internal_weight=158.736 94.2842 33.8847 23.8848 60.3994 21.1813 39.2182 64.452 32.1494 32.3027 21.1605 13.2061 16.0749 23.3768 13.166 18.9432
internal_count=670 376 159 104 217 75 142 294 140 154 95 61 68 80 65 79
is_linear=0
shrinkage=0.1


Tree=37
num_leaves=17
num_cat=0
split_feature=1 0 2 0 2 3 3 2 3 2 3 3 1 0 2 3
split_gain=11.3722 12.584 2.55967 4.57912 2.30675 1.77165 1.06012 0.968399 0.861671 0.822704 0.452255 0.318714 0.185376 0.107523 0.0631399 0.00100363
threshold=1.5000000000000002 1.5000000000000002 3.5000000000000004 1.0000000180025095e-35 1.0000000180025095e-35 2.5000000000000004 2.5000000000000004 1.5000000000000002 2.5000000000000004 2.5000000000000004 2.5000000000000004 1.5000000000000002 1.0000000180025095e-35 3.5000000000000004 2.5000000000000004 1.0000000180025095e-35
decision_type=2 2 2 2 2 2 2 2 2 2 2 2 2 2 2 2
left_child=1 6 3 7 8 9 12 -2 -5 -6 11 -4 15 -3 -7 -1
right_child=2 13 10 4 5 14 -8 -9 -10 -11 -12 -13 -14 -15 -16 -17
leaf_value=-0.10456002628724344 -0.0085088394597791408 -0.02605974887359775 -0.0067854147555110288 0.048159826622275449 0.050363544758045956 0.077826242647783303 -0.055153337605423104 0.014596056701536065 0.014596056701536065 0.016187286525297915 -0.0085088394597791408 0.019079975860349912 -0.086610450355612933 -0.0085088394597791408 0.065542415400420287 -0.10646062653227953
leaf_weight=5.8213700801134145 12.584685802459719 21.382865637540817 9.0009146928787267 7.9330979883670834 15.040204167366028 12.823016792535784 8.7265765666961652 8.757046699523924 14.093682318925856 13.247759819030762 9.2630520462989789 10.120195627212524 9.8022163659334183 19.091708928346634 6.2113218605518332 5.3151798844337463
leaf_count=26 46 73 35 30 52 43 31 29 48 45 33 34 37 64 21 23
internal_value=-0.00194525 -0.033888 0.0168703 0.0250759 0.037701 0.0502299 -0.0844357 -0.00850884 0.0145961 0.0343582 -0.00850884 0.00690431 -0.0966396 -0.00850884 0.0738178 -0.105467
internal_weight=189.215 70.1399 119.075 90.6908 69.3491 47.3223 29.6653 21.3417 22.0268 28.288 28.3842 19.1211 20.9388 40.4746 19.0343 11.1365
internal_count=670 254 416 314 239 161 117 75 78 97 102 69 86 137 64 49
is_linear=0
shrinkage=0.1


Tree=38
num_leaves=15
num_cat=0
split_feature=1 0 0 1 0 2 1 2 2 1 1 2 3 2
split_gain=33.2738 10.8575 6.10601 3.27044 1.83339 1.71615 1.7032 1.44879 0.670506 0.503205 0.175787 0.306343 0.0958743 0.001289
threshold=2.5000000000000004 3.5000000000000004 2.5000000000000004 3.5000000000000004 1.5000000000000002 2.5000000000000004 1.5000000000000002 2.5000000000000004 1.0000000180025095e-35 3.5000000000000004 1.0000000180025095e-35 2.5000000000000004 2.5000000000000004 2.5000000000000004
decision_type=2 2 2 2 2 2 2 2 2 2 2 2 2 2
left_child=1 4 3 -2 10 -3 -6 8 -5 -4 13 -12 -13 -1
right_child=2 5 9 7 6 -7 -8 -9 -10 -11 11 12 -14 -15
leaf_value=-0.092783534001617651 0.0068542210137545086 -0.030900058225419125 0.09191511593331253 0.061152549319267835 -0.06386954040365872 0.0068542210137545086 -0.030900058225419125 0.069828127970361864 0.03116978935933018 0.12522649532244551 -0.086183444365893522 -0.077005098234123104 -0.06386954040365872 -0.095049414643885222
leaf_weight=4.2443028837442416 11.088481172919272 4.9354165643453625 12.193696081638338 7.5905472636222839 9.3940176367759705 11.590940862894056 9.7838351875543594 11.327960431575775 7.9422851353883743 7.2198669612407675 11.107429325580599 5.6726565659046155 4.3937568515539169 6.1462402939796448
leaf_count=29 52 27 40 27 73 59 74 39 35 24 92 36 26 37
internal_value=0.00273445 -0.0449796 0.058688 0.0353527 -0.0686543 0.00685422 -0.0442683 0.0554854 0.0339328 0.104304 -0.0834708 -0.078243 -0.0652803 -0.0941239
internal_weight=124.631 67.2686 57.3628 37.9493 50.7422 16.5264 19.1779 26.8608 15.5328 19.4136 31.5644 21.1738 10.0664 10.3905
internal_count=670 453 217 153 367 86 147 101 62 64 220 154 62 66
is_linear=0
shrinkage=0.1


Tree=39
num_leaves=18
num_cat=0
split_feature=1 2 0 3 3 2 0 3 2 0 2 0 2 3 2 3 3
split_gain=3.72535 1.29298 1.14659 1.34617 0.458663 0.437625 0.368086 0.360644 0.273064 3.74199e-06 2.44007e-06 8.46624e-07 4.72329e-07 2.91072e-07 2.2764e-07 1.58538e-07 1.40091e-07
threshold=2.5000000000000004 3.5000000000000004 1.5000000000000002 2.5000000000000004 2.5000000000000004 3.5000000000000004 2.5000000000000004 1.0000000180025095e-35 3.5000000000000004 1.5000000000000002 2.5000000000000004 1.5000000000000002 1.0000000180025095e-35 1.5000000000000002 1.0000000180025095e-35 3.5000000000000004 1.0000000180025095e-35
decision_type=2 2 2 2 2 2 2 2 2 2 2 2 2 2 2 2 2
left_child=1 9 8 6 11 -5 -4 -8 -2 10 12 -3 -1 -14 -11 16 -16
right_child=2 4 3 5 -6 -7 7 -9 -10 14 -12 -13 13 -15 15 -17 -18
leaf_value=-0.080946431779656366 -0.00395294990143682 -0.081198256178845907 0.033194617452867413 0.075328984881420646 -0.00395294990143682 0.15374631690460788 0.12656374477703866 0.056783269289887021 0.033194617452867413 -0.080911438294822599 -0.081176048557313682 -0.080998275128684794 -0.081079105974232513 -0.080978906369925871 -0.080875344587311368 -0.080899020880473294 -0.080808223387778766
leaf_weight=0.305368213914336 1.0494112949818355 0.57804105803370509 1.0504157990217211 1.2686587776988745 1.1249210983514784 1.6209751516580582 0.95052132755517937 0.88610993698239326 1.6489368565380573 0.65283940173685584 0.80476782750338305 0.33402688801288605 0.40728741697967041 1.0060006398707626 0.44107254501432169 0.39833235181868065 1.0540314000099895
leaf_count=26 46 32 37 38 34 11 19 30 36 48 46 22 26 69 33 31 86
internal_value=0.000357632 -0.0530389 0.045133 0.0703422 -0.00395295 0.119318 0.0331946 0.0803719 -0.00395295 -0.080946 -0.0810323 -0.081125 -0.0809651 -0.0810078 -0.0808605 -0.080843 -0.080828
internal_weight=15.5817 7.10669 8.47503 5.77668 2.03699 2.88963 2.88705 1.83663 2.69835 5.0697 2.52342 0.912068 1.71866 1.41329 2.54628 1.89344 1.4951
internal_count=670 453 217 135 88 49 86 49 82 365 167 54 121 95 198 150 119
is_linear=0
shrinkage=0.1


Tree=40
num_leaves=18
num_cat=0
split_feature=3 2 3 3 2 2 2 2 3 2 3 2 3 3 3 3 2
split_gain=4.58393 0.772065 2.21249 0.786333 0.516892 0.422391 0.360315 0.386666 0.354961 0.678633 0.758196 0.303312 0.304308 0.273782 0.0232593 0.000530312 1.56391e-05
threshold=1.0000000180025095e-35 1.5000000000000002 1.5000000000000002 2.5000000000000004 1.0000000180025095e-35 1.0000000180025095e-35 1.5000000000000002 3.5000000000000004 2.5000000000000004 3.5000000000000004 1.5000000000000002 3.5000000000000004 3.5000000000000004 1.5000000000000002 3.5000000000000004 3.5000000000000004 2.5000000000000004
decision_type=2 2 2 2 2 2 2 2 2 2 2 2 2 2 2 2 2
left_child=6 2 -2 5 14 -4 -1 -8 9 13 -11 12 16 -3 -5 -13 -10
right_child=1 8 3 4 -6 -7 7 -9 11 10 -12 15 -14 -15 -16 -17 -18
leaf_value=0.051296343709733565 0.095846103243263814 -0.01688719029554574 -0.084222383730093386 -0.028355836495055655 0.029373709022655032 -0.023368717162459671 0.01455948783946291 0.048595358872204973 -0.039645121842769582 -0.016498654682050674 -0.084942070366496369 -0.019473751757502725 -0.085445327089120421 0.011346307306205302 -0.013601772022484325 -0.02138397759124339 -0.039975058721011356
leaf_weight=9.1586836427450198 2.1290364116430274 8.008618429303171 1.808206483721732 1.7609787359833697 4.2196073532104492 3.0894615575671196 9.8507418707013112 5.0484225600957862 4.1300814151763898 4.1355791836976996 2.6592599675059319 2.8776975087821475 1.8940534293651579 6.0135964639484873 2.7171704024076462 2.9361850470304489 2.2029316984117031
leaf_count=45 17 65 32 25 39 31 68 23 42 39 41 27 28 60 30 27 31
internal_value=-0.000246607 -0.0173373 0.00105726 -0.0137866 0.00426008 -0.0458357 0.0356873 0.0260922 -0.0256352 -0.0173476 -0.043285 -0.0379223 -0.0502777 -0.00477891 -0.0194036 -0.0204385 -0.0397599
internal_weight=74.6403 50.5825 15.7245 13.5954 8.69776 4.89767 24.0578 14.8992 34.858 20.8171 6.79484 14.0409 8.22707 14.0222 4.47815 5.81388 6.33301
internal_count=670 534 174 157 94 63 136 91 360 205 80 155 101 125 55 54 73
is_linear=0
shrinkage=0.1


Tree=41
num_leaves=19
num_cat=0
split_feature=2 3 2 2 2 3 2 3 3 2 3 3 2 3 2 3 3 2
split_gain=5.46805 3.3421 0.416895 0.515993 0.331437 1.13397 1.23046 0.435947 0.257925 0.157366 0.0868723 0.0535637 0.489 0.198167 0.042146 0.0374212 0.012861 0.00466224
threshold=2.5000000000000004 2.5000000000000004 1.0000000180025095e-35 1.5000000000000002 1.0000000180025095e-35 1.5000000000000002 1.5000000000000002 1.5000000000000002 1.5000000000000002 1.5000000000000002 1.0000000180025095e-35 3.5000000000000004 3.5000000000000004 2.5000000000000004 3.5000000000000004 2.5000000000000004 3.5000000000000004 3.5000000000000004
decision_type=2 2 2 2 2 2 2 2 2 2 2 2 2 2 2 2 2 2
left_child=1 4 -3 -4 7 6 -6 -1 10 -7 14 12 13 -10 -2 -14 -5 -12
right_child=8 2 3 16 5 9 -8 -9 11 -11 17 -13 15 -15 -16 -17 -18 -19
leaf_value=0.051551919782176298 -0.018915404537137387 -0.02781971092804222 0.012993927312325649 -0.018985414697664498 -0.035185359784754747 0.049749209999476046 0.021789932552098604 0.022564813861560919 -0.064438736476794059 0.032028269757389691 -0.01073326592331098 -0.037689598581377284 -0.020754901837977464 -0.034391155551792799 -0.031050499839646646 -0.010946339390220515 -0.012349605482870715 -0.013877866405526507
leaf_weight=12.136221289634705 8.7287885993719119 9.6985246986150724 10.738525807857513 8.4199225008487684 5.2310025990009317 9.2401756346225739 13.764576733112335 9.0625889450311661 3.4422915875911748 10.949129864573479 9.6636684089899063 6.1895738989114752 9.2288400828838331 6.0569496899843216 4.2581721469759932 6.7231878489255914 4.4719257056713113 9.2066303044557571
leaf_count=40 38 55 39 42 22 31 55 32 23 37 40 32 41 31 23 27 23 39
internal_value=-0.000294694 0.015057 -0.0103621 -0.00319701 0.0290871 0.0236379 0.00610008 0.0391598 -0.0229513 0.0401387 -0.0165996 -0.0293463 -0.0273173 -0.0452797 -0.0228943 -0.016621 -0.0166836 -0.0122675
internal_weight=157.211 93.7126 33.3289 23.6304 60.3837 39.1849 18.9956 21.1988 63.4981 20.1893 31.8573 31.6408 25.4513 9.49924 12.987 15.952 12.8918 18.8703
internal_count=670 376 159 104 217 145 77 72 294 68 140 154 122 54 61 68 65 79
is_linear=0
shrinkage=0.1


Tree=42
num_leaves=15
num_cat=0
split_feature=1 0 3 2 2 3 1 0 2 2 2 3 3 3
split_gain=9.99262 4.81957 3.24527 5.55239 5.53436 3.41547 3.407 2.32295 2.31175 0.48914 0.410244 0.375606 0.262284 0.206856
threshold=1.0000000180025095e-35 1.5000000000000002 3.5000000000000004 1.5000000000000002 3.5000000000000004 1.0000000180025095e-35 3.5000000000000004 1.0000000180025095e-35 3.5000000000000004 2.5000000000000004 1.0000000180025095e-35 2.5000000000000004 1.5000000000000002 1.5000000000000002
decision_type=2 2 2 2 2 2 2 2 2 2 2 2 2 2
left_child=1 13 3 6 5 9 -2 -7 10 -5 -4 12 -6 -1
right_child=2 -3 8 4 11 7 -8 -9 -10 -11 -12 -13 -14 -15
leaf_value=-0.10374433696562693 -0.022070585191372217 -0.022070585191372217 0.044839097088861385 0.0077052161079623404 -0.020210082488618178 -0.00013594695065351843 0.034609491074563299 0.054648834107751544 -0.0078507609097643854 -0.022070585191372217 0.076759033627716203 -0.022070585191372217 0.00095190298777819433 -0.079894681394878597
leaf_weight=8.9865718483924883 27.825096681714058 16.732987463474274 6.9869882464408937 6.9659824073314649 11.295350685715679 9.5224227756261808 11.288301914930342 41.33948802947998 6.3317548632621756 6.471808910369873 9.5023815929889661 5.4372099936008444 12.163917928934097 6.1087703406810752
leaf_count=41 105 58 23 25 44 33 40 138 22 23 32 20 41 25
internal_value=-0.00178666 -0.0528264 0.00868522 0.00267833 0.0162093 0.0325455 -0.0220706 0.044392 0.0435112 -0.0122932 0.0632337 -0.0201418 -0.00923733 -0.0940929
internal_weight=186.959 31.8283 155.131 132.31 93.1962 64.2997 39.1134 50.8619 22.8211 13.4378 16.4894 28.8965 23.4593 15.0953
internal_count=670 124 546 469 324 219 145 171 77 48 55 105 85 66
is_linear=0
shrinkage=0.1


Tree=43
num_leaves=14
num_cat=0
split_feature=1 0 1 2 0 2 2 0 3 2 2 3 0
split_gain=29.5677 21.9464 10.3512 2.88095 1.78264 1.08632 1.00813 1.0167 0.866405 0.303296 0.00387483 0.00214172 0.0010957
threshold=1.5000000000000002 2.5000000000000004 3.5000000000000004 3.5000000000000004 3.5000000000000004 2.5000000000000004 2.5000000000000004 1.5000000000000002 1.5000000000000002 3.5000000000000004 2.5000000000000004 2.5000000000000004 1.5000000000000002
decision_type=2 2 2 2 2 2 2 2 2 2 2 2 2
left_child=4 2 -2 8 9 -6 7 -4 -3 10 11 12 -1
right_child=1 3 6 -5 5 -7 -8 -9 -10 -11 -12 -13 -14
leaf_value=-0.090713815198662326 -0.017042383547782064 0.060012084027163286 0.017039498248556037 0.15798463965801887 -0.061162203173074609 -0.017042383547782064 0.058143304663747224 0.055183439855649309 0.10718609765461595 -0.067004340803424364 -0.093747102643508842 -0.092274978107118016 -0.088647917765053638
leaf_weight=4.8381357640028053 31.878876492381096 6.5265558212995556 6.5483059287071219 9.3069261312484759 4.8238509446382505 6.862479567527771 11.514317482709885 9.1364010572433472 9.6494461297988874 7.1106370985507956 4.5300359427928916 4.2971837222576132 5.4696913659572601
leaf_count=38 220 25 27 33 27 37 39 35 37 43 29 30 50
internal_value=0.0031827 0.0360884 0.00262973 0.113657 -0.0701732 -0.0376855 0.0511214 0.0311572 0.0881527 -0.0846389 -0.091192 -0.0903995 -0.0896176
internal_weight=122.493 84.5608 59.0779 25.4829 37.932 11.6863 27.199 15.6847 16.176 26.2457 19.135 14.605 10.3078
internal_count=670 416 321 95 254 64 101 62 62 190 147 118 88
is_linear=0
shrinkage=0.1


Tree=44
num_leaves=18
num_cat=0
split_feature=1 2 0 3 3 3 0 3 1 0 2 0 2 3 3 3 3
split_gain=3.21904 1.25569 0.968725 1.07312 0.474169 0.392709 0.388435 0.290607 0.278334 3.65078e-06 2.54754e-06 1.00967e-06 3.97943e-07 2.62996e-07 1.78341e-07 1.77029e-07 1.61019e-07
threshold=2.5000000000000004 3.5000000000000004 1.5000000000000002 2.5000000000000004 3.5000000000000004 2.5000000000000004 2.5000000000000004 1.0000000180025095e-35 3.5000000000000004 1.5000000000000002 2.5000000000000004 1.5000000000000002 1.0000000180025095e-35 3.5000000000000004 2.5000000000000004 1.5000000000000002 1.5000000000000002
decision_type=2 2 2 2 2 2 2 2 2 2 2 2 2 2 2 2 2
left_child=1 9 8 6 -5 11 -4 -8 -2 10 12 -3 -1 14 16 -14 -11
right_child=2 5 3 4 -6 -7 7 -9 -10 13 -12 -13 15 -15 -16 -17 -18
leaf_value=-0.080883375281811956 -0.0054220360802822226 -0.081152927853022472 0.028754017740269529 0.1381219120158752 0.058828945488172191 -0.0054220360802822226 0.11483091416605712 0.052195979438934538 0.028754017740269529 -0.080766141502829236 -0.081121521665283039 -0.080927832836940647 -0.080999169255100936 -0.080853331011471893 -0.080718153868155562 -0.08091798890963614 -0.080837137975438692
leaf_weight=0.28105869144201401 1.0310894902795535 0.55516539886593852 1.054790245369077 1.784089058637619 1.3063902854919434 1.1551388651132581 1.0054446905851362 0.88422630541026581 1.677541047334671 0.82874926179647468 0.76490990910679091 0.31085021980106831 0.37612658645957686 0.58566387463361014 0.40943440608680237 0.93983085732907057 0.51982092019170523
leaf_count=26 33 32 37 35 14 34 19 30 49 71 46 22 26 48 38 69 41
internal_value=0.000575934 -0.0514303 0.0405862 0.0629301 0.104604 -0.00542204 0.028754 0.0756379 -0.00542204 -0.0808837 -0.0809715 -0.0810721 -0.0808996 -0.0807953 -0.080776 -0.0809412 -0.0807935
internal_weight=15.4703 6.72675 8.74357 6.03494 3.09048 2.02115 2.94446 1.88967 2.70863 4.70559 2.36193 0.866016 1.59702 2.34367 1.758 1.31596 1.34857
internal_count=670 453 217 135 49 88 86 49 82 365 167 54 121 198 150 95 112
is_linear=0
shrinkage=0.1


Tree=45
num_leaves=18
num_cat=0
split_feature=3 2 3 3 2 2 2 3 2 3 2 2 3 3 3 3 2
split_gain=3.636 0.68925 1.66485 0.694963 0.428182 0.404681 0.33993 0.334764 0.641319 0.729232 0.324341 0.263877 0.308948 0.249169 0.0141552 0.00129232 2.90488e-05
threshold=1.0000000180025095e-35 1.5000000000000002 1.5000000000000002 2.5000000000000004 1.0000000180025095e-35 1.0000000180025095e-35 1.5000000000000002 2.5000000000000004 3.5000000000000004 1.5000000000000002 3.5000000000000004 3.5000000000000004 3.5000000000000004 1.5000000000000002 3.5000000000000004 3.5000000000000004 2.5000000000000004
decision_type=2 2 2 2 2 2 2 2 2 2 2 2 2 2 2 2 2
left_child=6 2 -2 4 -4 14 -1 8 13 -10 -8 12 16 -3 -5 -13 -9
right_child=1 7 3 5 -6 -7 10 11 9 -11 -12 15 -14 -15 -16 -17 -18
leaf_value=0.046132180746339617 0.080093008795775092 -0.015269647384479277 -0.083895256668720108 -0.024186829912086302 -0.020550356308995002 0.026382740216369285 0.011468585129421359 -0.037178831189868866 -0.015639698075238153 -0.084567539622522392 0.042328965728339586 -0.018260427576331065 -0.085108450524348761 0.011834845836365619 -0.012410364071834299 -0.021258032951856753 -0.037638655683077553
leaf_weight=9.3995885848999041 2.3004255816340438 7.8327198028564471 1.6641209609806527 1.6502156481146792 2.9744066298007965 4.3137320056557655 10.039161175489424 3.9555771201848966 4.0853204801678649 2.4586051180958748 5.1540993303060523 2.8297014012932777 1.7433080635964868 5.9818851165473461 2.6754651069641113 2.9246857613325119 2.1049704141914845
leaf_count=45 17 65 32 25 31 39 68 42 39 41 23 27 28 60 30 27 31
internal_value=-0.000242929 -0.0158586 0.00155357 -0.0120535 -0.043276 0.00470994 0.0311849 -0.0238562 -0.0157487 -0.0415364 0.0219375 -0.0360302 -0.0480099 -0.00353309 -0.016903 -0.019784 -0.0373385
internal_weight=74.088 49.4951 15.5784 13.2779 4.63853 8.63941 24.5928 33.9168 20.3585 6.54393 15.1933 13.5582 7.80386 13.8146 4.32568 5.75439 6.06055
internal_count=670 534 174 157 63 94 136 360 205 80 91 155 101 125 55 54 73
is_linear=0
shrinkage=0.1


Tree=46
num_leaves=18
num_cat=0
split_feature=2 3 2 2 2 3 2 3 3 2 3 3 2 3 2 3 2
split_gain=4.75927 2.62938 0.332387 0.391083 0.265318 0.881676 1.07086 0.408918 0.197886 0.129796 0.0849695 0.0705117 0.398408 0.0310557 0.0254702 0.0144137 0.00319951
threshold=2.5000000000000004 2.5000000000000004 1.0000000180025095e-35 1.5000000000000002 1.0000000180025095e-35 1.5000000000000002 1.5000000000000002 1.0000000180025095e-35 1.5000000000000002 1.5000000000000002 1.0000000180025095e-35 3.5000000000000004 3.5000000000000004 2.5000000000000004 3.5000000000000004 3.5000000000000004 3.5000000000000004
decision_type=2 2 2 2 2 2 2 2 2 2 2 2 2 2 2 2 2
left_child=1 4 -3 -4 7 6 -6 -1 10 -7 14 12 -10 -14 -2 -5 -12
right_child=8 2 3 15 5 9 -8 -9 11 -11 16 -13 13 -15 -16 -17 -18
leaf_value=0.01810234842599507 -0.019158971950092432 -0.024603127058812263 0.011767628682870464 -0.01669363198160104 -0.032903298142960301 0.04496864678106427 0.020690580063642439 0.046553582900847101 -0.041601245020216865 0.02883639043006201 -0.010382154475684802 -0.036858113579058265 -0.019053575491997727 -0.010061083379424509 -0.028690808446188921 -0.0095759785094635778 -0.013001964670023517
leaf_weight=8.2432889938354492 8.6991225779056567 9.3557146638631803 10.700742214918137 8.2406262755393964 5.1236302852630624 9.1944555640220642 13.689291462302208 13.047318115830421 9.0332125127315557 10.899658739566803 9.5574390441179276 6.1070421487092963 9.0895352959632856 6.6502559632062921 4.1363265663385382 4.3454057425260553 9.1005488336086273
leaf_count=27 38 55 39 42 22 31 55 45 54 37 40 32 41 27 23 23 39
internal_value=-0.000182104 0.0141707 -0.00868301 -0.00228693 0.0265633 0.0216522 0.00609448 0.0355378 -0.0215456 0.036218 -0.0159682 -0.0272339 -0.0248613 -0.0152541 -0.0222307 -0.0142362 -0.01166
internal_weight=155.214 92.8401 32.6425 23.2868 60.1976 38.907 18.8129 21.2906 62.3735 20.0941 31.4934 30.88 24.773 15.7398 12.8354 12.586 18.658
internal_count=670 376 159 104 217 145 77 72 294 68 140 154 122 68 61 65 79
is_linear=0
shrinkage=0.1


Tree=47
num_leaves=16
num_cat=0
split_feature=1 0 0 2 2 3 2 3 3 2 0 1 2 3 3
split_gain=9.47506 10.9605 1.8826 2.3658 1.55981 1.47213 1.24477 1.03456 0.988998 0.759847 0.182807 0.150279 0.0739318 0.0374932 0.000622648
threshold=1.5000000000000002 1.5000000000000002 1.0000000180025095e-35 3.5000000000000004 1.0000000180025095e-35 2.5000000000000004 1.5000000000000002 2.5000000000000004 2.5000000000000004 2.5000000000000004 3.5000000000000004 1.0000000180025095e-35 2.5000000000000004 3.5000000000000004 1.0000000180025095e-35
decision_type=2 2 2 2 2 2 2 2 2 2 2 2 2 2 2
left_child=1 8 6 4 5 -4 -2 9 11 -6 -3 14 -9 -7 -1
right_child=2 10 3 -5 7 13 -8 12 -10 -11 -12 -13 -14 -15 -16
leaf_value=-0.10048285249958924 -0.0079084538119713992 -0.025341704393987183 0.053198076984068338 0.0095002371081478187 0.047624235720526251 0.0095002371081478187 0.0095002371081478187 0.067247155767565389 -0.051909867789281444 0.014518542605104441 -0.0079084538119713992 -0.083692325131050252 0.053627059645360908 0.040296291388319506 -0.10205786696549708
leaf_weight=5.2407654225826299 12.273542106151579 21.150099128484726 7.7631291598081615 15.497895076870916 14.842085778713226 6.8770973384380323 20.874714374542236 12.280885457992555 8.5292809307575208 13.010342448949814 19.082300662994385 9.4868978261947632 5.9000816345214835 6.9214329719543457 4.8170726448297501
leaf_count=26 46 73 30 59 52 25 72 43 31 45 64 37 21 23 23
internal_value=-0.00181383 -0.0313726 0.0155557 0.0235937 0.0338757 0.0116797 -0.00459319 0.0442721 -0.080322 0.03216 -0.00790845 -0.092721 0.0628272 0.00950024 -0.101237
internal_weight=184.548 68.3064 116.241 83.0929 67.5951 21.5617 33.1483 46.0334 28.074 27.8524 40.2324 19.5447 18.181 13.7985 10.0578
internal_count=670 254 416 298 239 78 118 161 117 97 137 86 64 48 49
is_linear=0
shrinkage=0.1


Tree=48
num_leaves=14
num_cat=0
split_feature=1 0 1 2 0 2 2 0 3 2 2 3 0
split_gain=26.3131 18.189 9.3514 2.22567 1.79122 1.0322 0.802437 0.937213 0.763287 0.308839 0.00391186 0.00182194 0.000927279
threshold=1.5000000000000002 2.5000000000000004 3.5000000000000004 3.5000000000000004 3.5000000000000004 2.5000000000000004 2.5000000000000004 1.5000000000000002 1.5000000000000002 3.5000000000000004 2.5000000000000004 2.5000000000000004 1.5000000000000002
decision_type=2 2 2 2 2 2 2 2 2 2 2 2 2
left_child=4 2 -2 8 9 -6 7 -4 -3 10 11 12 -1
right_child=1 3 6 -5 5 -7 -8 -9 -10 -11 -12 -13 -14
leaf_value=-0.089804177771824617 -0.017390663802440767 0.054869868909667607 0.015297892106579543 0.14184227338384156 -0.05946912991003124 -0.017390663802440767 0.053051573278730946 0.052200752600464577 0.098853783043788071 -0.065436412452418477 -0.092962465985965081 -0.091295758901588336 -0.087828225251633529
leaf_weight=4.4952678009867721 31.148406930267811 6.6350136399269131 6.5463509112596503 9.5152960717678088 4.6279278546571714 6.7536956369876862 11.647018641233444 9.2281016707420349 9.7334317862987501 6.8898978531360617 4.3433692604303351 4.0333292484283438 5.0351877734065056
leaf_count=38 220 25 27 33 27 37 39 35 37 43 29 30 50
internal_value=0.00300373 0.0335721 0.00272087 0.103382 -0.0683534 -0.0355101 0.0479864 0.0295294 0.0810247 -0.0834281 -0.0903506 -0.0895142 -0.0887602
internal_weight=120.632 84.4536 58.5699 25.8837 36.1787 11.3816 27.4215 15.7745 16.3684 24.7971 17.9072 13.5638 9.53046
internal_count=670 416 321 95 254 64 101 62 62 190 147 118 88
is_linear=0
shrinkage=0.1


Tree=49
num_leaves=21
num_cat=0
split_feature=2 0 1 1 0 3 2 0 3 1 3 0 1 0 2 0 3 2 0 2
split_gain=2.90135 2.05124 2.71593 1.70756 0.847596 0.683778 0.422368 0.584687 2.39943e-05 9.69905e-06 2.17666e-06 1.70923e-06 9.63595e-07 7.38512e-07 6.92523e-07 6.28906e-07 5.65458e-07 2.31055e-07 9.70617e-08 8.41102e-08
threshold=3.5000000000000004 3.5000000000000004 3.5000000000000004 2.5000000000000004 1.5000000000000002 3.5000000000000004 1.0000000180025095e-35 2.5000000000000004 2.5000000000000004 1.0000000180025095e-35 1.5000000000000002 1.5000000000000002 1.5000000000000002 1.0000000180025095e-35 2.5000000000000004 1.5000000000000002 3.5000000000000004 2.5000000000000004 2.5000000000000004 2.5000000000000004
decision_type=2 2 2 2 2 2 2 2 2 2 2 2 2 2 2 2 2 2 2 2
left_child=3 2 5 9 -5 8 -6 -8 10 11 -2 14 13 -11 -1 17 -13 -14 -15 -17
right_child=1 -3 -4 4 6 -7 7 -9 -10 12 -12 16 15 18 -16 19 -18 -19 -20 -21
leaf_value=-0.081034145345489028 -0.081451435842986031 0.17328421745517392 0.097213611856143356 -0.03680357436659977 -0.0015179294697805906 0.024620809140475802 0.011344627862078531 0.11771748796634013 -0.082373824875632232 -0.08087709463951176 -0.081724384631566865 -0.08087709463951176 -0.080667865203680425 -0.080781563916948809 -0.0812105896053298 -0.080565138957821025 -0.081009254550768087 -0.080726848667374076 -0.080726848667374076 -0.080634251739030174
leaf_weight=0.44955319073051014 0.81572016514837853 1.1466910783201454 2.673438336700201 1.0297741200774906 1.3720210902392866 0.91976264864206303 1.0723658986389639 0.99726850166916836 0.48846582695841778 0.26913611404597759 0.45520582050085068 0.28337253630161285 0.67193127050995827 0.39246746618300676 0.44031490758061409 0.3797644292935729 0.26542232930660248 0.28416423685848713 0.57804846856743097 0.32832777313888073
leaf_count=29 40 29 35 46 38 18 38 26 14 19 21 24 66 33 24 44 17 22 53 34
internal_value=0.00121821 0.0519078 0.0259052 -0.0361597 0.00721638 -0.045251 0.0337677 0.0626012 -0.0817781 -0.0808235 -0.0815492 -0.0810359 -0.0807183 -0.0807851 -0.0811215 -0.0806686 -0.0808971 -0.0807215 -0.0807414 -0.0805972
internal_weight=15.3132 6.49928 5.35259 8.81393 4.47143 2.67915 3.44166 2.06963 1.75939 4.3425 1.27093 1.43866 2.90384 1.23965 0.889868 1.66419 0.548795 0.956096 0.970516 0.708092
internal_count=670 157 128 513 148 93 102 64 75 365 61 94 271 105 53 166 41 88 86 78
is_linear=0
shrinkage=0.1


Tree=50
num_leaves=18
num_cat=0
split_feature=3 2 2 3 2 3 2 3 2 3 3 2 3 3 3 3 2
split_gain=2.93106 0.642089 1.46707 0.462705 0.29912 0.295162 0.575088 0.700993 0.275654 0.261518 0.276091 0.237484 0.310362 0.223416 0.00859331 0.00140092 2.52902e-07
threshold=1.0000000180025095e-35 1.5000000000000002 1.0000000180025095e-35 3.5000000000000004 1.5000000000000002 2.5000000000000004 3.5000000000000004 1.5000000000000002 3.5000000000000004 2.5000000000000004 1.5000000000000002 3.5000000000000004 3.5000000000000004 1.5000000000000002 3.5000000000000004 3.5000000000000004 2.5000000000000004
decision_type=2 2 2 2 2 2 2 2 2 2 2 2 2 2 2 2 2
left_child=4 2 9 -4 -1 6 13 -8 -6 10 -2 12 16 -3 -11 -13 -7
right_child=1 5 3 -5 8 11 7 -9 -10 14 -12 15 -14 -15 -16 -17 -18
leaf_value=0.041122565734400367 -0.023045486755286958 -0.014787879245655193 0.046227535684035551 -0.0059647572515961851 0.0090715900868162461 -0.035314219410155653 -0.014969031028206388 -0.084286228163206883 0.037333785323434183 -0.020574036389147444 -0.083541142826724868 -0.017286294382503887 -0.084828384586535716 0.010871443609434895 -0.011216562563190181 -0.020428511815104369 -0.035270434017452661
leaf_weight=9.631511256098749 1.5087130963802311 7.7609898746013659 5.8090469986200333 2.4005336165428162 10.177782148122786 3.825632415711878 4.0423466302454463 2.2828072607517242 5.2215867340564719 1.5638088807463644 1.5089028067886829 2.7893438637256622 1.6151048727333543 6.0296338722109795 2.6350795328617096 2.8878047093749046 2.0134099423885345
leaf_count=45 13 65 51 23 68 42 39 41 23 25 32 27 28 60 30 27 31
internal_value=-0.000508257 -0.0148091 0.00205266 0.0309662 0.0273 -0.0226326 -0.0150199 -0.0399863 0.0186547 -0.0308397 -0.0532952 -0.0342945 -0.0460307 -0.00356893 -0.0147016 -0.0188847 -0.0352991
internal_weight=73.704 48.6732 15.4261 8.20958 25.0309 33.2471 20.1158 6.32515 15.3994 7.2165 3.01762 13.1313 7.45415 13.7906 4.19889 5.67715 5.83904
internal_count=670 534 174 74 136 360 205 80 91 100 45 155 101 125 55 54 73
is_linear=0
shrinkage=0.1


Tree=51
num_leaves=17
num_cat=0
split_feature=2 3 2 3 2 3 2 2 3 2 3 2 3 3 3 2
split_gain=4.15327 2.12036 0.289776 0.662802 0.918734 0.482324 0.248684 0.303281 0.14937 0.131785 0.0713221 0.318193 0.062254 0.027402 0.0163472 0.000198923
threshold=2.5000000000000004 2.5000000000000004 1.0000000180025095e-35 1.5000000000000002 1.5000000000000002 1.5000000000000002 1.0000000180025095e-35 1.5000000000000002 3.5000000000000004 1.5000000000000002 1.5000000000000002 3.5000000000000004 1.0000000180025095e-35 2.5000000000000004 3.5000000000000004 3.5000000000000004
decision_type=2 2 2 2 2 2 2 2 2 2 2 2 2 2 2 2
left_child=1 2 5 4 -4 -1 -3 -8 10 -5 12 -12 -2 -13 -9 -14
right_child=8 6 3 9 -6 -7 7 14 -10 -11 11 13 15 -15 -16 -17
leaf_value=0.046485279388427087 -0.021164959330813415 -0.021710694355325716 -0.031076038435427295 0.040531142389333093 0.018935793989790704 0.016049606886385522 0.010168166286492095 -0.015457049633808241 -0.035531888465144927 0.024214770948328884 -0.038346249516673314 -0.018022763890109001 -0.011748716177350786 -0.0095230975963813518 -0.0078048506907297567 -0.012403843931557201
leaf_weight=12.231578677892685 12.642591103911402 9.0641987770795804 5.0302969515323648 9.1124255955219269 13.615273714065552 9.0661915838718414 10.697857558727264 8.1146929413080198 5.993511199951171 10.837388440966606 8.661052979528904 8.9649756550788862 9.5661376118659973 6.5745916515588769 4.2558801621198663 8.9909330755472183
leaf_count=40 61 55 22 31 55 32 39 42 32 37 54 41 40 27 23 39
internal_value=-0.000391479 0.0130474 0.0241656 0.0189985 0.00544335 0.0335292 -0.00767625 -0.00216175 -0.0205356 0.0316676 -0.0189132 -0.0229871 -0.0157531 -0.0144267 -0.0128244 -0.0120661
internal_weight=153.42 92.0258 59.8932 38.5954 18.6456 21.2978 32.1326 23.0684 61.3938 19.9498 55.4003 24.2006 31.1997 15.5396 12.3706 18.5571
internal_count=670 376 217 145 77 72 159 104 294 68 262 122 140 68 65 79
is_linear=0
shrinkage=0.1


Tree=52
num_leaves=12
num_cat=0
split_feature=1 0 0 2 0 1 1 2 3 0 3
split_gain=8.27335 4.11993 2.39474 3.28602 2.07318 2.91833 2.0296 1.24193 0.299714 0.0275004 0.000512149
threshold=1.0000000180025095e-35 1.5000000000000002 1.0000000180025095e-35 3.5000000000000004 3.5000000000000004 1.5000000000000002 2.5000000000000004 1.0000000180025095e-35 2.5000000000000004 2.5000000000000004 1.0000000180025095e-35
decision_type=2 2 2 2 2 2 2 2 2 2 2
left_child=1 8 6 4 5 -4 -2 -7 10 -3 -1
right_child=2 9 3 -5 -6 7 -8 -9 -10 -11 -12
leaf_value=-0.098776396797189123 -0.020554357047848925 -0.031408960918594776 0.0013242868811545946 0.0013242868811545946 0.060373068559132784 0.016064174484249748 0.0013242868811545946 0.039856111650518708 -0.067756283538542003 -0.020554357047848925 -0.10024355544020268
leaf_weight=4.9634656459093112 23.383684515953064 6.1490229368209848 14.743593126535414 19.69414809346199 14.651672959327696 21.434256508946419 16.969782054424286 40.947323262691498 4.3311992287635794 10.486510813236237 4.5698341280221939
leaf_count=26 86 22 53 75 49 78 60 145 17 36 23
internal_value=-0.00156477 -0.0490916 0.0079829 0.0155394 0.02589 0.0193392 -0.0128908 0.0308041 -0.0895695 -0.0205544 -0.0994797
internal_weight=182.324 30.5 151.824 111.471 91.7768 77.1252 40.3535 62.3816 13.8645 16.6355 9.5333
internal_count=670 124 546 400 325 276 146 223 66 58 49
is_linear=0
shrinkage=0.1


Tree=53
num_leaves=14
num_cat=0
split_feature=1 0 1 0 2 2 0 3 3 2 2 3 0
split_gain=23.9069 15.509 8.38016 1.79197 1.78519 0.957505 0.728132 0.956069 0.691579 0.307237 0.00365655 0.00164801 0.000810259
threshold=1.5000000000000002 2.5000000000000004 3.5000000000000004 3.5000000000000004 3.5000000000000004 2.5000000000000004 1.5000000000000002 2.5000000000000004 1.5000000000000002 3.5000000000000004 2.5000000000000004 2.5000000000000004 1.5000000000000002
decision_type=2 2 2 2 2 2 2 2 2 2 2 2 2
left_child=3 2 -2 9 8 -5 7 -4 -3 10 11 12 -1
right_child=1 4 6 5 -6 -7 -8 -9 -10 -11 -12 -13 -14
leaf_value=-0.08905645638747467 -0.017508240702686046 0.051133202306375761 0.037282483301737716 -0.058100914646455171 0.13005269538032524 -0.017508240702686046 0.04938986049409963 0.013780970536799865 0.092809059689201612 -0.064379649762067212 -0.092214582031272363 -0.090534552660324452 -0.087142947933528628
leaf_weight=4.2093328461051041 30.371630020439625 6.7175171077251461 7.3279092758893967 4.4321447908878309 9.6125779449939746 6.718150332570076 14.319117188453674 5.9688643515110016 9.7768747508525831 6.7399297803640357 4.1586159765720359 3.8204511106014243 4.6657665893435478
leaf_count=38 220 25 26 27 33 37 52 23 37 43 29 30 50
internal_value=0.00296632 0.0317961 0.00298107 -0.0668126 0.0957986 -0.033777 0.0450702 0.0251751 0.0758361 -0.0824248 -0.089641 -0.088798 -0.0880505
internal_weight=118.839 84.0945 57.9875 34.7444 26.107 11.1503 27.6159 13.2968 16.4944 23.5941 16.8542 12.6956 8.8751
internal_count=670 416 321 254 95 64 101 49 62 190 147 118 88
is_linear=0
shrinkage=0.1


Tree=54
num_leaves=20
num_cat=0
split_feature=1 2 0 3 3 0 3 1 3 0 2 3 2 2 3 2 0 3 3
split_gain=2.5328 1.1762 0.83384 0.795547 0.413694 0.383706 0.347974 0.236423 0.163902 3.17304e-06 2.62983e-06 3.80156e-07 2.88673e-07 2.67766e-07 1.6863e-07 1.58509e-07 1.2113e-07 8.35819e-08 4.53287e-08
threshold=2.5000000000000004 3.5000000000000004 1.5000000000000002 2.5000000000000004 3.5000000000000004 2.5000000000000004 2.5000000000000004 3.5000000000000004 1.0000000180025095e-35 1.5000000000000002 2.5000000000000004 3.5000000000000004 1.5000000000000002 1.0000000180025095e-35 2.5000000000000004 2.5000000000000004 1.5000000000000002 1.5000000000000002 1.5000000000000002
decision_type=2 2 2 2 2 2 2 2 2 2 2 2 2 2 2 2 2 2 2
left_child=1 9 7 5 -5 -4 16 -2 -7 10 13 15 -13 -1 -15 18 -3 -17 -11
right_child=2 6 3 4 -6 8 -8 -9 -10 11 -12 12 -14 14 -16 17 -18 -19 -20
leaf_value=-0.080769666130445714 -0.0063187651254383199 -0.081041195772139016 0.024616994142121297 0.11932387071511152 0.047813892384714472 0.095870070777005531 -0.0063187651254383199 0.024616994142121297 0.047143188154496168 -0.080652548563677914 -0.081017970173983267 -0.080669310151789686 -0.080769666130445714 -0.080791016760479006 -0.080872167366827175 -0.080642957598004605 -0.080962362190433582 -0.08056235964143188 -0.080697968791571165
leaf_weight=0.23028067126870277 1.009850697591899 0.50039310008287463 1.0225038733333351 1.9381017796695232 1.3886349946260452 1.1092729046940801 1.2043706905096767 1.7428715694695711 0.85106968134641636 0.3560975184664128 0.68672864325344551 0.29557776544243086 0.20470726629719138 0.7379017351195214 0.39214822370558977 0.34431872796267271 0.31926299259066582 0.20543292257934809 0.57373251346871257
leaf_count=26 33 32 37 35 14 19 34 49 30 36 46 31 17 64 31 35 22 24 55
internal_value=0.00200504 -0.0480939 0.0354564 0.0555528 0.0894744 0.024617 -0.00631877 -0.00631877 0.0696694 -0.0807711 -0.0808584 -0.0806809 -0.0807562 -0.0807779 -0.0808192 -0.0806554 -0.0810105 -0.0806128 -0.0806806
internal_weight=15.1133 6.05095 9.06231 6.30958 3.32674 2.98285 2.02403 2.75272 1.96034 4.02693 2.04706 1.97987 0.500285 1.36033 1.13005 1.47958 0.819656 0.549752 0.92983
internal_count=670 453 217 135 49 86 88 82 49 365 167 198 48 121 95 150 54 59 91
is_linear=0
shrinkage=0.1


Tree=55
num_leaves=18
num_cat=0
split_feature=3 2 3 3 2 3 2 3 2 2 2 2 3 3 3 3 2
split_gain=2.40856 0.574811 1.24817 0.579158 0.380821 0.285464 0.53155 0.67626 0.283935 0.250225 0.229133 0.21086 0.310374 0.195126 0.00311567 0.00252557 6.89309e-09
threshold=1.0000000180025095e-35 1.5000000000000002 1.5000000000000002 2.5000000000000004 1.0000000180025095e-35 2.5000000000000004 3.5000000000000004 1.5000000000000002 1.5000000000000002 1.0000000180025095e-35 3.5000000000000004 3.5000000000000004 3.5000000000000004 1.5000000000000002 3.5000000000000004 3.5000000000000004 2.5000000000000004
decision_type=2 2 2 2 2 2 2 2 2 2 2 2 2 2 2 2 2
left_child=8 2 -2 4 -4 6 13 -8 -1 14 -10 12 16 -3 -5 -13 -7
right_child=1 5 3 9 -6 11 7 -9 10 -11 -12 15 -14 -15 -16 -17 -18
leaf_value=0.037768835139096985 0.068058527414968747 -0.013368999523484526 -0.083254131098843387 -0.016619573134385914 -0.019605424691255757 -0.033505396155490835 -0.01400148077803396 -0.083973804575243116 0.0073151879781779257 0.021230507020841491 0.032970034709550934 -0.016217075968201215 -0.084580769266620032 0.010711919146029467 -0.010878869094164563 -0.020454260877676142 -0.033512740971399849
leaf_weight=9.7854041904211062 2.4261877909302703 7.6083985045552271 1.383154522627591 1.4783760532736758 2.9341784343123436 3.7095504403114301 3.9896619468927375 2.1125880405306816 10.259968467056749 4.4841765537858009 5.2693222612142554 2.7480711825191975 1.5067068114876745 6.0330399423837662 2.6224464252591133 2.8819615393877029 1.9491658173501489
leaf_count=45 17 65 32 25 31 42 39 41 68 39 23 27 28 60 30 27 31
internal_value=-0.000519339 -0.0137122 0.00225369 -0.0101204 -0.0399967 -0.0212335 -0.0136932 -0.0382258 0.0244272 0.00490415 0.0160203 -0.0328683 -0.0442473 -0.00271901 -0.0129484 -0.0183861 -0.0335079
internal_weight=73.1824 47.8677 15.3285 12.9023 4.31733 32.5391 19.7437 6.10225 25.3147 8.585 15.5293 12.7955 7.16542 13.6414 4.10082 5.63003 5.65872
internal_count=670 534 174 157 63 360 205 80 136 94 91 155 101 125 55 54 73
is_linear=0
shrinkage=0.1


Tree=56
num_leaves=17
num_cat=0
split_feature=2 3 2 3 2 3 2 2 3 2 2 3 3 3 3 3
split_gain=3.56128 1.77885 0.247754 0.516107 0.793356 0.402903 0.188938 0.237991 0.162812 0.144658 0.062212 0.25239 0.0251516 0.0211398 0.0149239 0.000847859
threshold=2.5000000000000004 2.5000000000000004 1.0000000180025095e-35 1.5000000000000002 1.5000000000000002 1.5000000000000002 1.0000000180025095e-35 1.5000000000000002 3.5000000000000004 1.5000000000000002 3.5000000000000004 1.5000000000000002 2.5000000000000004 1.0000000180025095e-35 3.5000000000000004 1.5000000000000002
decision_type=2 2 2 2 2 2 2 2 2 2 2 2 2 2 2 2
left_child=1 2 5 4 -4 -1 -3 -8 10 -5 11 13 15 -2 -9 -12
right_child=8 6 3 9 -6 -7 7 14 -10 -11 12 -13 -14 -15 -16 -17
leaf_value=0.042673323679529918 -0.017957343114304185 -0.019483978128245358 -0.028941534010455162 0.037968266415420011 0.017922006206364617 0.014848053326713552 0.0086392817902334173 -0.014329642458005044 -0.034971155271247126 0.020813906578422026 -0.015374298796563091 -0.035411609253202969 -0.0088028933190591099 -0.011085020956789612 -0.0069730256182555994 -0.016647086146277659
leaf_weight=12.291110008955002 8.5199693292379415 8.8323536068201083 4.9284186214208612 9.048955887556076 13.528484687209129 9.0246703028678894 10.677694112062454 8.0130353420972806 5.929912030696868 10.762470111250877 12.810226097702984 8.326519235968588 6.5031961649656287 9.4303212314844131 4.2044616192579278 8.8491367399692535
leaf_count=40 38 55 22 31 55 32 39 42 32 37 62 54 27 40 23 41
internal_value=-0.000391273 0.0120677 0.0222527 0.0174401 0.00540836 0.0308927 -0.00705959 -0.0022666 -0.0192361 0.0286492 -0.0175221 -0.0210218 -0.0142568 -0.0143469 -0.011798 -0.0158943
internal_weight=151.681 91.3117 59.5841 38.2683 18.4569 21.3158 31.7275 22.8952 60.3693 19.8114 54.4394 26.2768 28.1626 17.9503 12.2175 21.6594
internal_count=670 376 217 145 77 72 159 104 294 68 262 132 130 78 65 103
is_linear=0
shrinkage=0.1


Tree=57
num_leaves=15
num_cat=0
split_feature=1 0 0 2 2 3 2 2 3 3 0 2 1 3
split_gain=8.10087 9.51174 1.44649 1.72095 1.12205 1.53267 1.07587 1.01589 0.944384 0.399105 0.244269 0.217119 0.129314 0.000448653
threshold=1.5000000000000002 1.5000000000000002 1.0000000180025095e-35 3.5000000000000004 1.0000000180025095e-35 2.5000000000000004 1.5000000000000002 2.5000000000000004 2.5000000000000004 2.5000000000000004 3.5000000000000004 1.5000000000000002 1.0000000180025095e-35 1.0000000180025095e-35
decision_type=2 2 2 2 2 2 2 2 2 2 2 2 2 2
left_child=1 8 6 4 5 -4 -2 11 12 -9 -3 -6 13 -1
right_child=2 10 3 -5 7 -7 -8 9 -10 -11 -12 -13 -14 -15
leaf_value=-0.097243092628645236 -0.0074211199435362659 -0.024313339598881309 0.0539320723391883 0.0092425260237729082 0.068598399016332023 0.0092425260237729082 0.0092425260237729082 0.011717170107923244 -0.048786454714701367 0.043722515060834022 -0.0074211199435362659 0.047011758088241193 -0.081061056266946124 -0.098654115266420594
leaf_weight=4.6939429491758382 11.904341518878935 20.927407413721085 7.7282145172357586 14.897754386067389 6.0283062458038357 13.505522906780241 20.84144514799118 12.903722018003466 8.3386598229408246 5.5815164744853965 19.100627332925797 20.518215239048004 9.1708963513374329 4.3340960144996643
leaf_count=26 46 73 30 59 22 48 72 45 31 21 64 73 37 23
internal_value=-0.00166164 -0.0293764 0.0145342 0.0216919 0.0304448 0.0114949 -0.00320689 0.0393803 -0.0766553 0.021381 -0.00742112 0.0519138 -0.0894246 -0.0979205
internal_weight=180.475 66.5656 113.909 81.1633 66.2655 21.2337 32.7458 45.0318 26.5376 18.4852 40.028 26.5465 18.1989 9.02804
internal_count=670 254 416 298 239 78 118 161 117 66 137 95 86 49
is_linear=0
shrinkage=0.1


Tree=58
num_leaves=15
num_cat=0
split_feature=1 0 1 0 2 2 1 0 3 2 2 2 3 0
split_gain=21.4281 13.3846 7.57703 1.81206 1.41715 0.907514 0.686941 0.678169 0.879333 0.660809 0.317502 0.00347359 0.00146383 0.000690724
threshold=1.5000000000000002 2.5000000000000004 3.5000000000000004 3.5000000000000004 3.5000000000000004 2.5000000000000004 3.5000000000000004 1.5000000000000002 2.5000000000000004 1.5000000000000002 3.5000000000000004 2.5000000000000004 2.5000000000000004 1.5000000000000002
decision_type=2 2 2 2 2 2 2 2 2 2 2 2 2 2
left_child=3 2 -2 10 6 -5 9 8 -4 -3 11 12 13 -1
right_child=1 4 7 5 -6 -7 -8 -9 -10 -11 -12 -13 -14 -15
leaf_value=-0.088324732778549811 -0.017508377241835051 0.07947480437183066 0.034531611789394394 -0.056378104948479918 0.11964322760563484 -0.017508377241835051 0.10135665589724713 0.04609570118051208 0.012477267217323441 0.04609570118051208 -0.06272827751095518 -0.091516506190336203 -0.089780747565130894 -0.086487898702285182
leaf_weight=3.9094313085079211 29.767753548920155 5.1882957220077532 7.3664488196372986 4.246553957462309 9.6546931266784686 6.594653844833374 5.2482679784297934 14.438930630683899 5.9976263493299484 6.1404420882463455 6.5181100666522971 3.9798623323440543 3.6031368821859351 4.297830730676651
leaf_count=38 220 17 26 27 33 37 17 52 23 28 43 29 30 50
internal_value=0.00305975 0.0299812 0.00300461 -0.064998 0.0891868 -0.0314596 0.0714485 0.0424629 0.0229675 0.057593 -0.0812966 -0.0889615 -0.0881005 -0.0873629
internal_weight=116.952 83.8025 57.5708 33.1496 26.2317 10.8412 16.577 27.803 13.3641 11.3287 22.3084 15.7903 11.8104 8.20726
internal_count=670 416 321 254 95 64 62 101 49 45 190 147 118 88
is_linear=0
shrinkage=0.1


Tree=59
num_leaves=20
num_cat=0
split_feature=2 0 1 1 0 3 2 3 3 1 3 2 1 0 0 0 2 0 2
split_gain=2.38552 1.58953 2.24119 1.52461 0.763221 0.608435 0.380255 0.515304 2.65514e-05 8.93499e-06 4.29122e-06 1.75082e-06 9.10978e-07 6.86779e-07 4.83196e-07 4.44202e-07 2.35238e-07 8.39438e-08 5.30861e-08
threshold=3.5000000000000004 3.5000000000000004 3.5000000000000004 2.5000000000000004 1.5000000000000002 3.5000000000000004 1.0000000180025095e-35 1.5000000000000002 2.5000000000000004 1.0000000180025095e-35 1.5000000000000002 2.5000000000000004 1.5000000000000002 1.0000000180025095e-35 1.5000000000000002 1.5000000000000002 2.5000000000000004 2.5000000000000004 2.5000000000000004
decision_type=2 2 2 2 2 2 2 2 2 2 2 2 2 2 2 2 2 2 2
left_child=3 2 5 9 -5 8 -6 -8 10 11 -2 15 13 -11 16 -1 -14 -15 -16
right_child=1 -3 -4 4 6 -7 7 -9 -10 12 -12 -13 14 17 18 -17 -18 -19 -20
leaf_value=-0.080915142001997273 -0.081252213759881523 0.1480699808505975 0.084667444279409573 -0.037577467022090631 -0.0039671176046024775 0.018510345801674131 0.0081140371533444649 0.10576835987447386 -0.082293352577333473 -0.080771400361784013 -0.081654011503567103 -0.081079601876402216 -0.080549719404932857 -0.080671643228473117 -0.080456292908538674 -0.080771400361784013 -0.080616317639963422 -0.080616317639963422 -0.080517230562167363
leaf_weight=0.39708717633038604 0.7143832789734017 1.26277469843626 2.8495863936841488 0.9855606798082589 1.4006826989352705 0.97244957461953152 1.0973078589886429 1.0646147951483724 0.47274766862392414 0.23833371046930552 0.423311747610569 0.50412560347467661 0.55315177422016859 0.33700926229357719 0.30607270542532206 0.38642722833901644 0.24417847860604525 0.48994716443121433 0.26825125608593225
leaf_count=29 40 29 35 46 38 18 29 35 14 19 21 31 66 33 44 34 22 53 34
internal_value=0.00263199 0.0470083 0.0235166 -0.0332824 0.00556622 -0.0439484 0.0296432 0.0562028 -0.0816635 -0.0807212 -0.0814017 -0.0809342 -0.0806086 -0.0806779 -0.0805547 -0.0808407 -0.0806051 -0.0806316 -0.0804848
internal_weight=14.968 6.69525 5.43248 8.27275 4.54817 2.58289 3.56261 2.16192 1.61044 3.72458 1.1377 1.28764 2.43694 1.06529 1.37165 0.783514 0.79733 0.826956 0.574324
internal_count=670 157 128 513 148 93 102 64 75 365 61 94 271 105 166 63 88 86 78
is_linear=0
shrinkage=0.1


Tree=60
num_leaves=17
num_cat=0
split_feature=3 2 2 3 2 3 2 3 3 3 2 2 3 3 3 2
split_gain=2.00778 0.527391 1.0828 0.386758 0.277705 0.252142 0.479026 0.644752 0.246121 0.250832 0.198034 0.188653 0.309393 0.175301 0.00257275 5.62768e-05
threshold=1.0000000180025095e-35 1.5000000000000002 1.0000000180025095e-35 3.5000000000000004 1.5000000000000002 2.5000000000000004 3.5000000000000004 1.5000000000000002 2.5000000000000004 1.5000000000000002 3.5000000000000004 3.5000000000000004 3.5000000000000004 1.5000000000000002 3.5000000000000004 2.5000000000000004
decision_type=2 2 2 2 2 2 2 2 2 2 2 2 2 2 2 2
left_child=4 2 8 -4 -1 6 13 -8 9 -2 -6 12 15 -3 -13 -7
right_child=1 5 3 -5 10 11 7 -9 -10 -11 -12 14 -14 -15 -16 -17
leaf_value=0.034933910270306248 -0.022613234528774218 -0.01303107955967007 0.039888502199887446 -0.0074002853854876942 0.0054840042662496653 -0.031955573142935768 -0.013690930149742292 -0.083747146988593979 -0.011575891626610739 -0.083005228232801709 0.029257675287884061 -0.015491535358159276 -0.084345755013241361 0.0097848488822269292 -0.019791335346543988 -0.031280165185429053
leaf_weight=9.8992951512336749 1.5000413358211491 7.5495285689830798 6.0077562108635902 2.4286786168813705 10.349504739046095 3.6114645190536958 3.9648798890411845 1.96467799693346 4.0268770530819893 1.2700212467461824 5.2972672507166854 2.7175811305642128 1.4032003469765184 6.0791301839053631 2.85189089179039 1.8737228997051714
leaf_count=45 13 65 51 23 68 42 39 41 55 32 23 27 28 60 27 31
internal_value=-0.00076035 -0.0129719 0.00234443 0.026275 0.0218258 -0.0202594 -0.0131768 -0.0369031 -0.0273585 -0.0503018 0.0135327 -0.0313788 -0.042444 -0.00285392 -0.0176933 -0.0317249
internal_weight=72.7955 47.2495 15.2334 8.43643 25.5461 32.0161 19.5582 5.92956 6.79694 2.77006 15.6468 12.4579 6.88839 13.6287 5.56947 5.48519
internal_count=670 534 174 74 136 360 205 80 100 45 91 155 101 125 54 73
is_linear=0
shrinkage=0.1


Tree=61
num_leaves=17
num_cat=0
split_feature=2 3 2 3 3 2 3 2 3 2 2 2 3 3 3 3
split_gain=3.1242 1.48624 0.264993 0.387724 0.379834 0.673798 0.152082 0.14607 0.240676 0.907816 0.145561 0.0594781 0.173413 0.0212816 0.0122238 0.00107585
threshold=2.5000000000000004 2.5000000000000004 1.0000000180025095e-35 1.0000000180025095e-35 1.5000000000000002 1.5000000000000002 3.5000000000000004 1.0000000180025095e-35 3.5000000000000004 1.5000000000000002 1.5000000000000002 3.5000000000000004 1.5000000000000002 2.5000000000000004 1.0000000180025095e-35 1.5000000000000002
decision_type=2 2 2 2 2 2 2 2 2 2 2 2 2 2 2 2
left_child=1 2 3 -1 5 -4 11 -3 9 -9 -6 12 14 15 -2 -13
right_child=6 7 4 -5 10 -7 -8 8 -10 -11 -12 13 -14 -15 -16 -17
leaf_value=0.012392350357613028 -0.017555242838332229 -0.017648437674851757 -0.027062450635386606 0.040066141932276665 0.034408047558449575 0.016470593834790943 -0.033827476092843152 0.042231953554058933 -0.013784988734019689 -0.01360682608139465 0.017100928868267563 -0.014543073706117324 -0.032488189523116426 -0.0085744316855192321 -0.012315824372748495 -0.015985887156308286
leaf_weight=8.3028570115566254 8.439978957176212 8.6500005722045916 4.8358593583107004 12.973368570208549 8.9304003715515137 13.427904084324837 5.8329721018671981 4.6021527647972107 10.19885478913784 7.9258964359760284 10.66063629090786 12.634665891528133 8.0235948711633664 6.4365027621388426 9.4259394258260727 8.7452296912670135
leaf_count=27 38 55 22 45 31 55 32 16 46 42 37 62 54 27 40 41
internal_value=-0.00070079 0.0110026 0.0203373 0.0292667 0.0153185 0.00494396 -0.0184917 -0.00658887 -0.00237954 0.00690543 0.0249902 -0.0168261 -0.0202756 -0.0136156 -0.014791 -0.0151332
internal_weight=150.047 90.5079 59.131 21.2762 37.8548 18.2638 59.5389 31.3769 22.7269 12.528 19.591 53.7059 25.8895 27.8164 17.8659 21.3799
internal_count=670 376 217 72 145 77 294 159 104 58 68 262 132 130 78 103
is_linear=0
shrinkage=0.1


Tree=62
num_leaves=15
num_cat=0
split_feature=1 0 0 2 2 3 2 2 3 3 2 2 1 3
split_gain=7.13808 8.82442 1.32025 1.49699 0.983554 1.44597 0.939653 0.918998 0.897989 0.278815 0.255958 0.207962 0.146501 0.000375712
threshold=1.5000000000000002 1.5000000000000002 1.0000000180025095e-35 3.5000000000000004 1.0000000180025095e-35 2.5000000000000004 1.5000000000000002 2.5000000000000004 2.5000000000000004 2.5000000000000004 1.0000000180025095e-35 1.5000000000000002 1.0000000180025095e-35 1.0000000180025095e-35
decision_type=2 2 2 2 2 2 2 2 2 2 2 2 2 2
left_child=1 8 6 4 5 -4 -2 11 12 -9 -3 -6 13 -1
right_child=2 10 3 -5 7 -7 -8 9 -10 -11 -12 -13 -14 -15
leaf_value=-0.095838670788927827 -0.0068644962658444379 -0.033945124792819394 0.052116895527358792 0.0088368447357706666 0.065662431191481879 0.0088368447357706666 0.0088368447357706666 0.012044273654229677 -0.047054880268556275 0.039098131682639863 -0.0068644962658444379 0.044463153523850531 -0.078125783927268627 -0.097167054008596418
leaf_weight=4.4296949207782781 11.746298730373381 8.1325736641883832 7.7795185744762447 14.624023288488386 5.9965959191322353 13.388365626335142 20.843482539057732 12.818811744451525 8.2447667121887189 5.4201407432556143 31.766918927431107 20.267355173826218 8.8781452625989914 4.0997031927108765
leaf_count=26 46 30 30 59 22 48 72 45 31 21 107 73 37 23
internal_value=-0.00136185 -0.0276085 0.0138795 0.0207693 0.0288879 0.0111432 -0.00309563 0.0373282 -0.0742413 0.020084 -0.0068645 0.0493034 -0.0871176 -0.0964772
internal_weight=178.436 65.5518 112.885 80.2948 65.6708 21.1679 32.5898 44.5029 25.6523 18.239 39.8995 26.264 17.4075 8.5294
internal_count=670 254 416 298 239 78 118 161 117 66 137 95 86 49
is_linear=0
shrinkage=0.1


Tree=63
num_leaves=15
num_cat=0
split_feature=1 0 1 0 2 2 0 3 1 2 2 2 3 0
split_gain=19.5254 11.4474 6.84455 1.7999 1.20234 0.848721 0.621507 0.826091 0.618823 0.604952 0.317906 0.00313865 0.00129425 0.000578687
threshold=1.5000000000000002 2.5000000000000004 3.5000000000000004 3.5000000000000004 3.5000000000000004 2.5000000000000004 1.5000000000000002 2.5000000000000004 3.5000000000000004 1.5000000000000002 3.5000000000000004 2.5000000000000004 2.5000000000000004 1.5000000000000002
decision_type=2 2 2 2 2 2 2 2 2 2 2 2 2 2
left_child=3 2 -2 10 8 -5 7 -4 9 -3 11 12 13 -1
right_child=1 4 6 5 -6 -7 -8 -9 -10 -11 -12 -13 -14 -15
leaf_value=-0.087688212696965695 -0.017472541513385047 0.074469788701686732 0.032307949682293786 -0.055141907946973656 0.11128754741856631 -0.017472541513385047 0.043283777918826732 0.01141351097851722 0.095198162126305094 0.043283777918826732 -0.06165184704141128 -0.090834251320683068 -0.089123231263593783 -0.08594562599819261
leaf_weight=3.6532364860177058 29.07081650942564 5.1339809000492114 7.3871559202671051 4.0910619497299212 9.6354694962501544 6.5578726530075073 14.525234997272491 6.0268711149692535 5.2732136547565451 6.2176444083452225 6.3723447620868674 3.7995373457670203 3.4060783162713051 3.9838919341564178
leaf_count=38 220 17 26 27 33 37 52 23 17 28 43 29 30 50
internal_value=0.00307636 0.0285507 0.00338649 -0.0634957 0.0831811 -0.0299495 0.0402996 0.0213321 0.066891 0.0537414 -0.0803343 -0.0883551 -0.0875022 -0.0867792
internal_weight=115.134 83.2704 57.0101 31.864 26.2603 10.6489 27.9393 13.414 16.6248 11.3516 21.2151 14.8427 11.0432 7.63713
internal_count=670 416 321 254 95 64 101 49 62 45 190 147 118 88
is_linear=0
shrinkage=0.1


Tree=64
num_leaves=15
num_cat=0
split_feature=1 3 0 0 3 3 2 3 2 2 3 3 2 2
split_gain=2.05591 2.3599 1.64816 1.24521 0.84908 0.000202938 1.04255e-05 6.47736e-06 1.21383e-05 1.11096e-05 2.30891e-06 2.24867e-06 2.10904e-06 1.46674e-06
threshold=3.5000000000000004 2.5000000000000004 2.5000000000000004 1.0000000180025095e-35 3.5000000000000004 3.5000000000000004 1.5000000000000002 1.0000000180025095e-35 3.5000000000000004 2.5000000000000004 1.5000000000000002 1.0000000180025095e-35 2.5000000000000004 1.0000000180025095e-35
decision_type=2 2 2 2 2 2 2 2 2 2 2 2 2 2
left_child=1 6 4 5 -2 -3 11 9 12 -8 -10 -1 -9 -13
right_child=2 3 -4 -5 -6 -7 7 8 10 -11 -12 13 -14 -15
leaf_value=-0.08054578298516718 0.011211171272794708 -0.081564026497754627 0.14945013067701074 0.011211171272794708 0.084931209225633186 -0.083973919157198415 -0.081704386076471403 -0.080600781522214934 -0.08113241733037635 -0.08107956023794434 -0.081431186770717756 -0.080969320347120607 -0.080899555130288223 -0.080681418242132263
leaf_weight=0.29491907358169356 2.935404174029828 0.56672343239188172 1.2839987911283968 3.1520415670238435 1.6475169472396372 0.9113896731287241 0.46918495558202289 0.3946265638805927 0.5636969618499279 0.72317969612777233 0.47800382971763611 0.51192709803581238 0.58875746699050069 0.27043388318270445
leaf_count=37 86 32 24 148 15 25 30 44 34 48 27 39 52 29
internal_value=0.00333368 -0.0268934 0.0493157 0.0112112 0.021261 -0.0830499 -0.0810504 -0.0811405 -0.0810316 -0.0813254 -0.0812695 -0.0807811 -0.0807797 -0.0808698
internal_weight=14.7918 8.92488 5.86692 4.63015 4.58292 1.47811 4.29473 3.21745 2.02508 1.19236 1.0417 1.07728 0.983384 0.782361
internal_count=670 545 125 205 101 57 340 235 157 78 61 105 96 68
is_linear=0
shrinkage=0.1


Tree=65
num_leaves=17
num_cat=0
split_feature=3 2 3 3 2 3 3 2 3 2 2 3 3 3 2 2
split_gain=1.65225 0.486587 0.963621 0.474085 0.250045 0.228517 0.220953 0.434135 0.612827 0.170403 0.16515 0.307188 0.160079 0.00273646 0.000906052 0.000171753
threshold=1.0000000180025095e-35 1.5000000000000002 1.5000000000000002 2.5000000000000004 1.5000000000000002 3.5000000000000004 2.5000000000000004 3.5000000000000004 1.5000000000000002 3.5000000000000004 3.5000000000000004 3.5000000000000004 1.5000000000000002 3.5000000000000004 1.0000000180025095e-35 2.5000000000000004
decision_type=2 2 2 2 2 2 2 2 2 2 2 2 2 2 2 2
left_child=4 2 -2 -4 -1 -5 7 12 -9 -6 11 15 -3 -12 -7 -8
right_child=1 6 3 5 9 14 10 8 -10 -11 13 -13 -14 -15 -16 -17
leaf_value=0.031605796195513146 0.05907156281407136 -0.01276965116041571 -0.036971316705972326 0.023986901975105682 0.0039685791242759167 -0.010449924193715231 -0.030320548412001026 -0.013519349511693181 -0.083541740614738499 0.025983256629786899 -0.014869573498298592 -0.084091343649228267 0.0090307386557025009 -0.01932359397056925 -0.0077663756265378293 -0.029120545599677718
leaf_weight=10.041221648454668 2.5088326111435881 7.4969828724861198 4.051741372793912 3.5440964549779874 10.409477069973944 2.6054132133722305 3.5135239921510202 3.94673316925764 1.8291194699704645 5.3094102814793578 2.6918356418609619 1.3028778135776518 6.1161415055394173 2.8290966004133224 2.4331009089946747 1.8056907877326009
leaf_count=45 17 65 63 41 68 30 42 39 41 23 27 28 60 27 23 31
internal_value=-0.00105083 -0.0122709 0.0024626 -0.00877837 0.0192789 0.00453116 -0.0193466 -0.012722 -0.0356943 0.0114045 -0.0299242 -0.0405726 -0.00297511 -0.017152 -0.00915404 -0.0299132
internal_weight=72.4353 46.6752 15.1432 12.6344 25.7601 8.58261 31.532 19.389 5.77585 15.7189 12.143 6.62209 13.6131 5.52093 5.03851 5.31921
internal_count=670 534 174 157 136 94 360 205 80 91 155 101 125 54 53 73
is_linear=0
shrinkage=0.1


Tree=66
num_leaves=17
num_cat=0
split_feature=2 3 2 3 3 2 2 3 2 3 2 2 3 3 3 3
split_gain=2.76957 1.24963 0.238461 0.484687 0.288415 0.582357 0.156418 0.13961 0.116664 0.20819 0.757596 0.054995 0.114542 0.0182481 0.00621551 0.00129184
threshold=2.5000000000000004 2.5000000000000004 1.0000000180025095e-35 1.5000000000000002 1.5000000000000002 1.5000000000000002 1.5000000000000002 3.5000000000000004 1.0000000180025095e-35 3.5000000000000004 1.5000000000000002 3.5000000000000004 1.5000000000000002 2.5000000000000004 1.0000000180025095e-35 1.5000000000000002
decision_type=2 2 2 2 2 2 2 2 2 2 2 2 2 2 2 2
left_child=1 2 3 -1 5 -4 -6 11 -3 10 -10 12 14 15 -2 -13
right_child=7 8 4 -5 6 -7 -8 -9 9 -11 -12 13 -14 -15 -16 -17
leaf_value=0.040002504587444851 -0.017142875250355089 -0.016137210724957569 -0.025296117169606353 0.0093994354250851106 0.032170963304848539 0.015494864223730141 0.014125552389511874 -0.032654676852615271 0.0382596580566468 -0.013088096327020635 -0.012726187558981462 -0.013901961847177631 -0.029726451392535054 -0.0084507780927165262 -0.01339588922746492 -0.015492182291004575
leaf_weight=12.305567443370819 8.358593955636028 8.4910164549946803 4.7468857020139703 8.9315025359392166 8.82103031873703 13.323670610785484 10.546460658311844 5.7421469166874877 4.6418758034706116 10.05716460943222 7.8307158648967743 12.478052549064163 7.7511888146400443 6.3804488256573668 9.4119665920734406 8.6496950685977936
leaf_count=40 38 55 22 32 31 55 37 32 16 46 42 62 54 27 40 41
internal_value=-0.000970345 0.0100854 0.0186677 0.027132 0.0138663 0.00477964 0.0223444 -0.0178433 -0.00614778 -0.00238297 0.00624902 -0.0162395 -0.0195828 -0.0131376 -0.0151583 -0.014553
internal_weight=148.468 89.6959 58.6751 21.2371 37.438 18.0706 19.3675 58.7721 31.0208 22.5298 12.4726 53.0299 25.5217 27.5082 17.7706 21.1277
internal_count=670 376 217 72 145 77 68 294 159 104 58 262 132 130 78 103
is_linear=0
shrinkage=0.1


Tree=67
num_leaves=12
num_cat=0
split_feature=1 0 0 2 0 1 1 2 3 0 3
split_gain=6.34312 3.31302 1.69246 2.32325 1.80436 2.10113 1.69346 0.761016 0.29872 0.0645722 0.000332086
threshold=1.0000000180025095e-35 1.5000000000000002 1.0000000180025095e-35 3.5000000000000004 3.5000000000000004 1.5000000000000002 2.5000000000000004 1.0000000180025095e-35 2.5000000000000004 3.5000000000000004 1.0000000180025095e-35
decision_type=2 2 2 2 2 2 2 2 2 2 2
left_child=1 8 6 4 5 -4 -2 -7 10 -3 -1
right_child=2 9 3 -5 -6 7 -8 -9 -10 -11 -12
leaf_value=-0.094569733562365227 -0.018560164181188249 -0.029228301247895452 0.0015203347448340373 0.0015203347448340373 0.054404787311131332 0.013877156209891961 0.0015203347448340373 0.034558713458816934 -0.062035956632548073 -0.018560164181188249 -0.095854878251098785
leaf_weight=4.1755254268646258 22.509474635124207 7.5679140388965616 14.371923908591269 18.763555258512497 14.72566097974777 21.115333288908005 16.945052534341812 39.392274796962738 4.1022362411022177 8.8902855217456818 3.8782301843166351
leaf_count=26 86 27 53 75 49 78 60 145 17 31 23
internal_value=-0.00118323 -0.0442792 0.00715887 0.0136152 0.0224056 0.0161127 -0.0105745 0.026234 -0.0840007 -0.0185602 -0.0951886
internal_weight=176.437 28.6142 147.823 108.369 89.6052 74.8795 39.4545 60.5076 12.156 16.4582 8.05376
internal_count=670 124 546 400 325 276 146 223 66 58 49
is_linear=0
shrinkage=0.1


Tree=68
num_leaves=17
num_cat=0
split_feature=1 0 0 1 0 1 2 2 2 1 3 2 3 2 3 0
split_gain=17.7867 10.2135 2.83398 1.92166 1.77711 1.61842 1.15568 0.995576 0.794857 0.561645 0.539373 0.31952 0.253538 0.00278652 0.00112621 0.000505806
threshold=1.5000000000000002 1.5000000000000002 2.5000000000000004 2.5000000000000004 3.5000000000000004 3.5000000000000004 2.5000000000000004 3.5000000000000004 2.5000000000000004 3.5000000000000004 2.5000000000000004 3.5000000000000004 1.5000000000000002 2.5000000000000004 2.5000000000000004 1.5000000000000002
decision_type=2 2 2 2 2 2 2 2 2 2 2 2 2 2 2 2
left_child=4 3 5 -2 11 -3 -5 9 -6 12 -7 13 -4 14 15 -1
right_child=1 2 7 6 8 10 -8 -9 -10 -11 -12 -13 -14 -15 -16 -17
leaf_value=-0.087111115014789881 -0.017363237242096746 0.018758515051655419 0.05425682944237447 -0.0019485083704992648 -0.053961206020153508 0.036507672247014948 0.018758515051655419 0.1035006254436065 -0.017363237242096746 0.090392655840200509 0.05425682944237447 -0.060515236895378501 0.072324742641287479 -0.090164396844109693 -0.088491424951778461 -0.085420111277339866
leaf_weight=3.4104649126529711 11.371421068906786 10.287121675908566 5.0107392668724078 8.6073075383901596 3.9478294402360934 8.1610638797283155 11.611252263188362 9.5784151852130908 6.5261734426021576 5.2842166125774375 6.428764522075654 6.22140098363161 6.3561387658119202 3.6177754476666442 3.2120458334684372 3.6748590841889381
leaf_count=38 103 84 19 39 27 31 43 33 37 17 21 43 26 29 30 50
internal_value=0.00314508 0.0272503 0.0548803 -0.0173632 -0.0619768 0.0307002 0.0134662 0.0778134 -0.0285682 0.0630371 0.0542568 -0.0793542 0.0542568 -0.087777 -0.0869382 -0.0862341
internal_weight=113.307 82.6964 51.1065 31.59 30.6105 24.877 20.2186 26.2295 10.474 16.6511 14.5898 20.1365 11.3669 13.9151 10.2974 7.08532
internal_count=670 416 231 185 254 136 82 95 64 62 52 190 45 147 118 88
is_linear=0
shrinkage=0.1


Tree=69
num_leaves=20
num_cat=0
split_feature=2 0 1 1 0 3 2 0 3 1 3 2 1 0 3 2 0 0 0
split_gain=2.00791 1.47595 1.65331 1.47449 0.733758 0.577305 0.288474 0.406325 2.62417e-05 8.00936e-06 4.18455e-06 1.56352e-06 8.54915e-07 5.60543e-07 3.98848e-07 2.41303e-07 1.88933e-07 9.67244e-08 5.75568e-08
threshold=3.5000000000000004 3.5000000000000004 3.5000000000000004 2.5000000000000004 1.5000000000000002 3.5000000000000004 1.0000000180025095e-35 2.5000000000000004 2.5000000000000004 1.0000000180025095e-35 1.5000000000000002 2.5000000000000004 1.5000000000000002 1.0000000180025095e-35 2.5000000000000004 2.5000000000000004 1.5000000000000002 2.5000000000000004 1.5000000000000002
decision_type=2 2 2 2 2 2 2 2 2 2 2 2 2 2 2 2 2 2 2
left_child=3 2 5 9 -5 8 -6 -8 10 11 -2 14 13 -11 -1 18 -17 -15 -14
right_child=1 -3 -4 4 6 -7 7 -9 -10 12 -12 -13 15 17 -16 16 -18 -19 -20
leaf_value=-0.080695829594460644 -0.081016325859043392 0.14028977087502562 0.070382393503051394 -0.036448199054768045 -0.0027323221580912273 0.014884221803510773 0.0096720981782138851 0.095434165365363796 -0.082112574090924068 -0.080693865009081489 -0.081442169840022116 -0.080998791958262706 -0.080459840302347041 -0.080602313608838849 -0.080847530805918763 -0.080537858533858156 -0.080447525105308684 -0.080537858533858156 -0.080401536741303944
leaf_weight=0.39301086030900501 0.59729188494384311 1.3060009162873027 3.0748863965272903 0.91760029364377249 1.3102948851883414 0.96937224268913258 1.0912492796778681 1.1188442856073377 0.43844898045063019 0.2130632121115924 0.37602295354008675 0.46690336614847183 0.46336556738242507 0.29868700262159109 0.31003251019865274 0.20945810154080391 0.23333104001358151 0.42800887720659375 0.26681798836216331
leaf_count=39 40 29 35 46 38 18 38 26 14 19 21 31 66 33 24 22 34 53 44
internal_value=0.00501205 0.0447986 0.021941 -0.0298343 0.00775063 -0.0406139 0.0309836 0.0530885 -0.0814702 -0.080647 -0.0811808 -0.0808569 -0.0805308 -0.0806019 -0.0807627 -0.0804739 -0.0805321 -0.0805573 -0.0804385
internal_weight=14.4827 6.76202 5.45602 7.72067 4.43799 2.38114 3.52039 2.21009 1.41176 3.28268 0.973315 1.16995 2.11273 0.939759 0.703043 1.17297 0.442789 0.726696 0.730184
internal_count=670 157 128 513 148 93 102 64 75 365 61 94 271 105 63 166 56 86 110
is_linear=0
shrinkage=0.1


Tree=70
num_leaves=16
num_cat=0
split_feature=3 2 2 3 2 2 3 3 2 3 2 3 3 2 2
split_gain=1.38058 0.43457 0.875367 0.341225 0.24672 0.430329 0.225685 0.209953 0.397898 0.587276 0.145535 0.140431 0.003381 0.000350605 2.62325e-06
threshold=1.0000000180025095e-35 1.5000000000000002 1.0000000180025095e-35 3.5000000000000004 1.0000000180025095e-35 2.5000000000000004 2.5000000000000004 2.5000000000000004 3.5000000000000004 1.5000000000000002 3.5000000000000004 1.5000000000000002 3.5000000000000004 2.5000000000000004 3.5000000000000004
decision_type=2 2 2 2 2 2 2 2 2 2 2 2 2 2 2
left_child=4 2 6 -4 -1 -6 -2 8 11 -10 13 -3 -12 -9 -7
right_child=1 7 3 -5 5 14 -8 10 9 -11 12 -13 -14 -15 -16
leaf_value=0.035698546227588689 -0.047868033203539148 -0.011666020237007184 0.036331268430506623 -0.0079774066807268302 -0.0074551234945505257 0.023090248016480002 -0.0098888517464928386 -0.039376689211919405 -0.012766902401585845 -0.083293008340688382 -0.014082529243654471 0.0088228045219368775 -0.019055196803929548 -0.037806655985011733 0.023181790739735027
leaf_weight=5.7797779142856625 2.5965496916323874 7.3752253875136429 6.0846108421683311 2.433050274848938 7.1400752291083363 7.6289044022560102 3.9369563572108746 4.2584137544035894 3.9066296070814124 1.692121237516403 2.66140066832304 6.1221187897026539 2.811966173350811 2.1356463506817818 5.3086046576499939
leaf_count=27 45 65 51 23 48 38 55 65 39 41 27 60 27 36 23
internal_value=-0.000995994 -0.0113855 0.00255319 0.0236746 0.0174927 0.0122518 -0.0249826 -0.018161 -0.0116695 -0.0340821 -0.0286065 -0.00237271 -0.0166373 -0.0388523 0.0231278
internal_weight=71.8721 46.0147 15.0512 8.51766 25.8574 20.0776 6.53351 30.9635 19.0961 5.59875 11.8674 13.4973 5.47337 6.39406 12.9375
internal_count=670 534 174 74 136 109 100 360 205 80 155 125 54 101 61
is_linear=0
shrinkage=0.1


Tree=71
num_leaves=17
num_cat=0
split_feature=2 3 2 3 3 2 3 2 2 3 2 2 3 3 3 3
split_gain=2.36397 1.06071 0.22352 0.419309 0.205445 0.495448 0.146581 0.144195 0.0838272 0.178509 0.612531 0.0476293 0.0851544 0.0137835 0.00607275 0.00124978
threshold=2.5000000000000004 2.5000000000000004 1.0000000180025095e-35 1.5000000000000002 1.5000000000000002 1.5000000000000002 3.5000000000000004 1.5000000000000002 1.0000000180025095e-35 3.5000000000000004 1.5000000000000002 3.5000000000000004 1.5000000000000002 2.5000000000000004 1.0000000180025095e-35 1.5000000000000002
decision_type=2 2 2 2 2 2 2 2 2 2 2 2 2 2 2 2
left_child=1 2 3 -1 5 -4 11 -6 -3 10 -10 12 14 15 -2 -13
right_child=6 8 4 -5 7 -7 -8 -9 9 -11 -12 13 -14 -15 -16 -17
leaf_value=0.037327254913150566 -0.016328842552260494 -0.014336605211373152 -0.023215245105481126 0.0088248297389253126 0.029220082352599652 0.014697825511227627 -0.031951790087876776 0.011797442109629484 0.033977489078719537 -0.012576581116533179 -0.011844840166523332 -0.012719336180604519 -0.027095097000271635 -0.0080317845515956426 -0.012597919487288521 -0.014293291185749147
leaf_weight=12.333399266004562 8.2478215098381078 8.3154835179448146 4.661204233765603 8.8759590089321136 8.7140614986419678 13.230220347642899 5.6705441474914542 10.443250074982643 4.6793847680091858 9.923439085483551 7.7468200773000717 12.315731376409534 7.491576984524726 6.3151988610625258 9.2615569233894348 8.5451514422893524
leaf_count=40 38 55 22 32 31 55 32 37 16 46 42 62 54 27 40 41
internal_value=-0.000947339 0.0092888 0.0172126 0.0253992 0.012526 0.00482044 -0.0166823 0.0197225 -0.00576501 -0.00257584 0.00541065 -0.0150228 -0.0181729 -0.0121249 -0.0143554 -0.0133641
internal_weight=146.771 88.9232 58.2581 21.2094 37.0487 17.8914 57.8476 19.1573 30.6651 22.3496 12.4262 52.177 25.001 27.1761 17.5094 20.8609
internal_count=670 376 217 72 145 77 294 68 159 104 58 262 132 130 78 103
is_linear=0
shrinkage=0.1


Tree=72
num_leaves=18
num_cat=0
split_feature=1 0 2 2 0 3 3 3 3 0 2 2 0 2 1 3 3
split_gain=6.32021 7.64927 1.06264 2.5753 0.933251 3.52276 0.858452 0.50649 0.432092 0.372047 0.369826 0.357036 0.351954 0.216463 0.132115 0.0596352 0.000279215
threshold=1.5000000000000002 1.5000000000000002 1.0000000180025095e-35 2.5000000000000004 1.5000000000000002 2.5000000000000004 2.5000000000000004 2.5000000000000004 1.0000000180025095e-35 1.0000000180025095e-35 3.5000000000000004 3.5000000000000004 3.5000000000000004 1.5000000000000002 1.0000000180025095e-35 2.5000000000000004 1.0000000180025095e-35
decision_type=2 2 2 2 2 2 2 2 2 2 2 2 2 2 2 2 2
left_child=1 6 4 9 -2 -6 14 8 -5 -4 -10 -9 -3 -11 16 -15 -1
right_child=2 12 3 7 5 -7 -8 11 10 13 -12 -13 -14 15 -16 -17 -18
leaf_value=-0.093419282481681007 -0.0064500921514121365 -0.023350161857843433 0.023091284266310727 -0.0064500921514121365 0.089876692741125835 0.0062112934672856196 -0.044486301169199632 0.015268366275394997 0.035463311875169566 0.062119679625801762 0.0090213963484766114 -0.0064500921514121365 -0.0064500921514121365 0.035288271119214697 -0.075898160483887228 0.046304019887852141 -0.094632844076002115
leaf_weight=3.9317148178815886 10.622771233320238 20.6169693171978 10.684911072254179 9.4869984686374647 5.3686363697051993 9.3046620488166791 8.0820778310298902 8.267751157283783 8.3365080654621124 5.892624348402026 14.471570640802383 8.4975673705339432 19.04194176197052 10.823333472013475 8.58734530210495 9.0018068552017194 3.6615079045295715
leaf_count=26 41 73 39 38 21 35 31 31 29 22 54 33 64 38 37 35 23
internal_value=-0.00115596 -0.0261945 0.0132944 0.0186233 -0.00470952 0.0188727 -0.0711012 0.00367038 0.0112255 0.0387755 0.0186861 -0.00645009 -0.00645009 0.0452918 -0.0843951 0.0402901 -0.0940045
internal_weight=174.681 63.9216 110.759 85.4631 25.2961 14.6733 24.2626 49.0604 32.2951 36.4027 22.8081 16.7653 39.6589 25.7178 16.1806 19.8251 7.59322
internal_count=670 254 416 319 97 56 117 185 121 134 83 64 137 95 86 73 49
is_linear=0
shrinkage=0.1


Tree=73
num_leaves=17
num_cat=0
split_feature=1 0 0 1 0 1 2 2 2 1 3 2 2 2 3 0
split_gain=15.7765 9.16843 2.42499 1.8701 1.79508 1.52953 1.029 0.872365 0.744165 0.521903 0.469726 0.33091 0.225022 0.00252131 0.00100881 0.000412215
threshold=1.5000000000000002 1.5000000000000002 2.5000000000000004 2.5000000000000004 3.5000000000000004 3.5000000000000004 2.5000000000000004 3.5000000000000004 2.5000000000000004 3.5000000000000004 2.5000000000000004 3.5000000000000004 1.5000000000000002 2.5000000000000004 2.5000000000000004 1.5000000000000002
decision_type=2 2 2 2 2 2 2 2 2 2 2 2 2 2 2 2
left_child=4 3 5 -2 11 -3 -5 9 -6 12 -7 13 -4 14 15 -1
right_child=1 2 7 6 8 10 -8 -9 -10 -11 -12 -13 -14 -15 -16 -17
leaf_value=-0.086531424127886156 -0.017414992347191901 0.017099774056052879 0.068166366569411926 -0.0022053466833107187 -0.052285128603820799 0.034011986837494707 0.017099774056052879 0.096913360274629434 -0.017414992347191901 0.085408533519887309 0.050924199618936544 -0.058893512149654173 0.050924199618936544 -0.089561955905891402 -0.087917493805632504 -0.084943851200709977
leaf_weight=3.1630239039659518 11.160821415483953 10.309932164847851 5.0137499272823352 8.5407564043998718 3.7900675535202044 8.203197777271269 11.670387491583824 9.4885188639163989 6.4033573567867279 5.2890182435512534 6.4613951146602639 6.0201224312186232 6.3785303384065628 3.4479027092456809 3.0290334224700928 3.3867096155881882
leaf_count=38 103 84 17 39 27 31 43 33 37 17 21 43 28 29 30 50
internal_value=0.00296064 0.0253267 0.0514332 -0.0172337 -0.0601567 0.0291433 0.0130043 0.072705 -0.0262876 0.0589351 0.0509242 -0.0782826 0.0509242 -0.0872431 -0.0864084 -0.0857105
internal_weight=111.757 82.5163 51.1443 31.372 29.2402 24.9745 20.2111 26.1698 10.1934 16.6813 14.6646 19.0468 11.3923 13.0267 9.57877 6.54973
internal_count=670 416 231 185 254 136 82 95 64 62 52 190 45 147 118 88
is_linear=0
shrinkage=0.1


Tree=74
num_leaves=20
num_cat=0
split_feature=2 1 0 1 0 3 2 3 3 1 3 2 1 0 3 2 0 0 0
split_gain=1.72084 1.43749 1.16414 1.44106 0.714197 0.532332 0.242163 0.358062 2.31645e-05 7.40173e-06 3.69638e-06 1.48931e-06 7.27613e-07 5.15404e-07 3.808e-07 2.03519e-07 1.76361e-07 8.93976e-08 4.55794e-08
threshold=3.5000000000000004 2.5000000000000004 3.5000000000000004 3.5000000000000004 1.5000000000000002 3.5000000000000004 1.0000000180025095e-35 1.5000000000000002 2.5000000000000004 1.0000000180025095e-35 1.5000000000000002 2.5000000000000004 1.5000000000000002 1.0000000180025095e-35 2.5000000000000004 2.5000000000000004 1.5000000000000002 2.5000000000000004 1.5000000000000002
decision_type=2 2 2 2 2 2 2 2 2 2 2 2 2 2 2 2 2 2 2
left_child=1 9 3 5 -3 8 -6 -8 10 11 -2 14 13 -11 -1 18 -17 -15 -14
right_child=2 4 -4 -5 6 -7 7 -9 -10 12 -12 -13 15 17 -16 16 -18 -19 -20
leaf_value=-0.08065014600358307 -0.080917942658482456 -0.035842814380594022 0.12264919969591022 0.064463548426116096 -0.0021280867255380753 0.012561028349147824 0.0097948768903989465 0.089863078555388609 -0.0819861813224282 -0.08065014600358307 -0.08133439199156256 -0.080953544825516935 -0.080418388272429892 -0.080557193270214045 -0.08080176708310377 -0.080494351933704994 -0.08040236080536256 -0.080494351933704994 -0.080363894633453559
leaf_weight=0.3657073313370347 0.54398145060986303 0.87938712816685427 1.4114317577332256 3.1809116452932358 1.2640465926378968 0.99954127520322789 1.075827442109585 1.1615292876958845 0.41352981142699718 0.19879525341093529 0.35043578408658504 0.44589013326913118 0.4215599768795073 0.27579094422981143 0.29347118735313416 0.19393523270264268 0.20998775260522962 0.39026418374851346 0.24137163395062089
leaf_count=39 40 46 29 35 38 18 29 35 14 19 21 31 66 33 24 22 34 53 44
internal_value=0.00570494 -0.027732 0.0416508 0.0208208 0.00892035 -0.0393415 0.0315866 0.0513625 -0.0813673 -0.080606 -0.0810811 -0.0808124 -0.0804879 -0.0805561 -0.0807169 -0.0804326 -0.0804886 -0.0805115 -0.0803985
internal_weight=14.3174 7.41756 6.89983 5.4884 4.38079 2.30749 3.5014 2.23736 1.30795 3.03677 0.894417 1.10507 1.9317 0.86485 0.659179 1.06685 0.403923 0.666055 0.662932
internal_count=670 513 157 128 148 93 102 64 75 365 61 94 271 105 63 166 56 86 110
is_linear=0
shrinkage=0.1


Tree=75
num_leaves=21
num_cat=0
split_feature=3 2 2 2 3 2 2 3 3 2 2 3 3 3 2 2 3 3 3 2
split_gain=1.16601 1.00921 2.1562 0.444475 0.251559 0.240286 0.201077 0.258658 0.196026 0.129453 0.121022 0.115953 0.115929 0.336574 0.0594958 0.0169666 0.474366 0.410274 0.00330258 0.000400252
threshold=1.5000000000000002 1.5000000000000002 2.5000000000000004 2.5000000000000004 2.5000000000000004 3.5000000000000004 1.0000000180025095e-35 3.5000000000000004 1.0000000180025095e-35 1.0000000180025095e-35 3.5000000000000004 1.0000000180025095e-35 3.5000000000000004 2.5000000000000004 3.5000000000000004 1.5000000000000002 2.5000000000000004 2.5000000000000004 3.5000000000000004 3.5000000000000004
decision_type=2 2 2 2 2 2 2 2 2 2 2 2 2 2 2 2 2 2 2 2
left_child=1 9 11 6 5 -5 12 15 19 -1 -10 -3 13 -2 -6 17 -17 -8 -16 -4
right_child=3 2 8 4 14 -7 7 -9 10 -11 -12 -13 -14 -15 18 16 -18 -19 -20 -21
leaf_value=0.024711512635712297 -0.082552990359696973 -0.05165305003633467 0.019378990025810103 -0.02940198299682617 -0.036156457276576237 -0.083118796017306582 -0.016093211064131432 -0.026735043726581 0.010321841154745574 0.04510707724213741 -0.012598152178822914 -0.084912568451304557 -0.0099704341677534607 -0.0064729590785153161 -0.013696205276755186 0.023588244312424324 -0.026587360585137772 0.041314198926258275 -0.018628521014423031 0.020506537760890342
leaf_weight=7.2085071057081205 1.0557800177484795 2.7730879634618786 7.7465813606977463 1.7676265873014909 2.0686554722487926 1.5744780860841274 2.7984799817204458 3.2339803129434594 5.6508078053593636 5.4760923385620117 3.8894217945635319 1.6852168291807172 2.5876487493515015 1.2943899072706699 2.6433207876980305 4.3750127777457237 3.3095361813902855 2.2424828186631203 2.7908274605870247 5.3035954087972641
leaf_count=40 32 30 38 23 36 41 31 46 40 22 39 25 30 25 27 37 42 16 27 23
internal_value=-0.00117233 0.0102437 -0.000670199 -0.0154623 -0.0318885 -0.0547082 -0.00693774 -0.00148148 0.0118726 0.0335165 0.000977672 -0.064225 -0.0245729 -0.0406508 -0.0217236 0.0049363 0.00197891 0.0094446 -0.0162293 0.0198372
internal_weight=71.4755 39.7333 27.0487 31.7422 10.8449 3.3421 20.8973 15.9595 22.5904 12.6846 9.54023 4.4583 4.93782 2.35017 7.5028 12.7255 7.68455 5.04096 5.43415 13.0502
internal_count=670 257 195 413 154 64 259 172 140 62 79 55 87 57 90 126 79 47 54 61
is_linear=0
shrinkage=0.1


Tree=76
num_leaves=17
num_cat=0
split_feature=2 3 2 3 3 2 2 3 2 3 2 2 3 3 3 3
split_gain=2.10191 0.877653 0.232521 0.365754 0.170894 0.435759 0.167786 0.138001 0.0676636 0.15809 0.540655 0.0401064 0.0517845 0.0106865 0.00195739 0.00142028
threshold=2.5000000000000004 2.5000000000000004 1.0000000180025095e-35 1.5000000000000002 1.5000000000000002 1.5000000000000002 1.5000000000000002 3.5000000000000004 1.0000000180025095e-35 3.5000000000000004 1.5000000000000002 3.5000000000000004 1.5000000000000002 2.5000000000000004 1.0000000180025095e-35 1.5000000000000002
decision_type=2 2 2 2 2 2 2 2 2 2 2 2 2 2 2 2
left_child=1 2 3 -1 5 -4 -6 11 -3 10 -10 12 14 15 -2 -13
right_child=7 8 4 -5 6 -7 -8 -9 9 -11 -12 13 -14 -15 -16 -17
leaf_value=0.035232219134644083 -0.015548168961350403 -0.013007943503280606 -0.022520326503756138 0.0085243609200294761 0.027870018623784715 0.013196434682212287 0.008966883303101884 -0.031005662291651543 0.031883489030202487 -0.011871133605468631 -0.011220208512431759 -0.012204248232014492 -0.024476723549787978 -0.0081790035691540475 -0.01342238632047198 -0.01389142645043916
leaf_weight=12.33392933011055 8.1644908636808431 8.1877799704670924 4.6167309880256662 8.7759695500135422 8.6121930181980133 13.132424429059029 10.325029313564301 5.5931017175316802 4.6919949948787689 9.7726380825042725 7.661941796541214 12.180776696652178 7.2574928775429717 6.2624990269541732 9.2263679206371307 8.4511594474315643
leaf_count=40 38 55 22 32 31 55 37 32 16 46 42 62 54 27 40 41
internal_value=-0.00114777 0.00853935 0.0157674 0.024129 0.010956 0.00390615 0.0175636 -0.0160865 -0.00524141 -0.00236746 0.00515047 -0.0144676 -0.0173814 -0.0117971 -0.0144204 -0.0128953
internal_weight=145.247 88.1106 57.7963 21.1099 36.6864 17.7492 18.9372 57.1359 30.3144 22.1266 12.3539 51.5428 24.6484 26.8944 17.3909 20.6319
internal_count=670 376 217 72 145 77 68 294 159 104 58 262 132 130 78 103
is_linear=0
shrinkage=0.1


Tree=77
num_leaves=18
num_cat=0
split_feature=1 0 0 3 2 3 3 2 3 2 3 3 0 3 1 2 3
split_gain=5.63674 7.09647 0.998325 1.10091 0.816065 2.27192 0.814545 0.71316 0.506109 0.684763 0.396606 0.337188 0.33604 0.246452 0.147987 0.0419591 0.000270779
threshold=1.5000000000000002 1.5000000000000002 1.0000000180025095e-35 2.5000000000000004 2.5000000000000004 1.0000000180025095e-35 2.5000000000000004 1.5000000000000002 1.5000000000000002 3.5000000000000004 1.0000000180025095e-35 1.5000000000000002 3.5000000000000004 3.5000000000000004 1.0000000180025095e-35 1.0000000180025095e-35 1.0000000180025095e-35
decision_type=2 2 2 2 2 2 2 2 2 2 2 2 2 2 2 2 2
left_child=1 6 7 4 5 -4 14 -2 10 -10 -6 -7 -3 -5 16 -15 -1
right_child=2 12 3 13 8 11 -8 -9 9 -11 -12 -13 -14 15 -16 -17 -18
leaf_value=-0.092301382160586559 -0.0059292923596605445 -0.022441277046705971 0.093835674827862495 0.0084731850488683775 0.0084731850488683775 0.011206301394046391 -0.043036947749591603 0.0084731850488683775 0.0084731850488683775 0.055155698261584722 0.040281061146197589 0.040777213977487646 -0.0059292923596605445 0.028705838124173762 -0.073272964417914907 0.017730818792328934 -0.093533509985029475
leaf_weight=3.6863211020827302 11.304334357380865 20.481438159942627 6.2835805416107204 18.647089764475822 5.148650735616684 9.7162984013557452 8.0032792538404447 20.787594810128212 6.4687925279140472 6.0492422580718994 5.1121971756219864 6.3933501690626136 19.047172456979752 6.6862181127071363 8.3178688436746597 7.2724018692970276 3.4556190669536591
leaf_count=26 46 73 22 77 23 34 31 72 23 20 21 26 64 23 37 29 23
internal_value=-0.000841567 -0.0246901 0.0128315 0.0189546 0.0292787 0.0428349 -0.068933 -0.00200822 0.0159521 0.0309696 0.00847319 0.022942 -0.00592929 0.00847319 -0.0823389 0.0229879 -0.0928975
internal_weight=172.861 62.9917 109.87 77.7778 45.1721 22.3932 23.4631 32.0919 22.7789 12.518 10.2608 16.1096 39.5286 32.6057 15.4598 13.9586 7.14194
internal_count=670 254 416 298 169 82 117 118 87 43 44 60 137 129 86 52 49
is_linear=0
shrinkage=0.1


Tree=78
num_leaves=17
num_cat=0
split_feature=1 0 0 1 0 1 2 2 2 1 3 2 2 2 3 0
split_gain=14.2485 8.24066 2.0362 1.82834 1.78024 1.45237 0.928113 0.770648 0.691319 0.478932 0.378755 0.333313 0.209968 0.00213807 0.000882755 0.000343312
threshold=1.5000000000000002 1.5000000000000002 2.5000000000000004 2.5000000000000004 3.5000000000000004 3.5000000000000004 2.5000000000000004 3.5000000000000004 2.5000000000000004 3.5000000000000004 2.5000000000000004 3.5000000000000004 1.5000000000000002 2.5000000000000004 2.5000000000000004 1.5000000000000002
decision_type=2 2 2 2 2 2 2 2 2 2 2 2 2 2 2 2
left_child=4 3 5 -2 11 -3 -5 9 -6 12 -7 13 -4 14 15 -1
right_child=1 2 7 6 8 10 -8 -9 -10 -11 -12 -13 -14 -15 -16 -17
leaf_value=-0.086054474950941665 -0.017414425463470468 0.015880470143230647 0.064433500911269023 -0.0023681226744779989 -0.051086769862504294 0.031994500380052061 0.015880470143230647 0.09102275092402537 -0.017414425463470468 0.080758471205664567 0.048108530616873479 -0.057791977157068547 0.048108530616873479 -0.088948317108612576 -0.087409124352659462 -0.084553092745420125
leaf_weight=2.95481935888529 10.896066546440126 10.297195963561535 4.9486966729164141 8.4769299328327179 3.6591753363609332 8.2074111104011518 11.727532178163528 9.3763625025749224 6.3619751930236816 5.2790580689907065 6.4897577762603769 5.8828601464629164 6.4635394513607025 3.269299089908599 2.8633391857147217 3.1430929377675056
leaf_count=38 103 84 17 39 27 31 43 33 37 17 21 43 28 29 30 50
internal_value=0.0027801 0.0238123 0.0485284 -0.0167674 -0.0586412 0.0281349 0.0126782 0.0680821 -0.0248222 0.0551952 0.0481085 -0.0773513 0.0481085 -0.0867593 -0.0859607 -0.0852806
internal_weight=110.297 82.1626 51.062 31.1005 28.1346 24.9944 20.2045 26.0677 10.0212 16.6913 14.6972 18.1134 11.4122 12.2306 8.96125 6.09791
internal_count=670 416 231 185 254 136 82 95 64 62 52 190 45 147 118 88
is_linear=0
shrinkage=0.1


Tree=79
num_leaves=15
num_cat=0
split_feature=1 2 0 1 3 0 3 0 2 3 2 3 3 3
split_gain=1.56901 1.02048 0.882857 0.751755 0.680632 0.333454 0.332762 1.36211e-06 1.80148e-06 7.9657e-07 1.17842e-07 6.85869e-08 5.68932e-08 2.02083e-08
threshold=2.5000000000000004 3.5000000000000004 2.5000000000000004 3.5000000000000004 2.5000000000000004 1.5000000000000002 2.5000000000000004 1.5000000000000002 2.5000000000000004 3.5000000000000004 2.5000000000000004 2.5000000000000004 1.5000000000000002 1.5000000000000002
decision_type=2 2 2 2 2 2 2 2 2 2 2 2 2 2
left_child=1 7 4 -4 -2 -6 -3 8 11 10 12 -1 -9 -12
right_child=2 6 3 -5 5 -7 -8 9 -10 -11 13 -13 -14 -15
leaf_value=-0.080566939396669202 -0.0048287945342196581 -0.080993918101373213 0.041156488541230538 0.12892652992231765 -0.0048287945342196581 0.041156488541230538 -0.0048287945342196581 -0.08043219129527418 -0.080787232283485833 -0.080566939396669202 -0.080418327783589649 -0.080618421964710835 -0.08049444313558056 -0.080369485238567573
leaf_weight=0.59717848198488466 2.4457546025514585 0.73596167936921153 1.7028166688978672 1.4053794145584106 1.3177603855729105 2.4630977921187878 1.2848456334322689 0.23235791828483321 0.51492095272988081 0.38449614075943828 0.22359921643510461 0.32940488075837493 0.39875288307666779 0.13637489173561335
leaf_count=83 87 54 40 24 32 34 34 36 46 48 35 38 55 24
internal_value=0.00630364 -0.0399143 0.0302567 0.0737843 0.00852868 0.0409319 -0.00482879 -0.0805686 -0.0806365 -0.0804974 -0.0804455 -0.0805669 -0.0804715 -0.0803998
internal_weight=14.1727 4.83789 9.33481 3.1082 6.22661 3.78086 2.02081 2.81709 1.4415 1.37558 0.991085 0.926583 0.631111 0.359974
internal_count=670 453 217 64 153 66 88 365 167 198 150 121 91 59
is_linear=0
shrinkage=0.1


Tree=80
num_leaves=16
num_cat=0
split_feature=3 2 2 2 2 3 3 3 2 3 3 3 3 2 2
split_gain=0.993614 0.401699 0.642558 0.331984 0.309346 0.269007 0.200984 0.191465 0.155639 0.170281 0.131956 0.452838 0.123456 0.00120899 0.000942058
threshold=1.0000000180025095e-35 1.5000000000000002 1.0000000180025095e-35 1.0000000180025095e-35 2.5000000000000004 3.5000000000000004 2.5000000000000004 3.5000000000000004 3.5000000000000004 2.5000000000000004 1.5000000000000002 2.5000000000000004 1.5000000000000002 3.5000000000000004 2.5000000000000004
decision_type=2 2 2 2 2 2 2 2 2 2 2 2 2 2 2
left_child=3 2 6 -1 -5 -4 -2 8 9 12 -10 -12 -3 -6 -11
right_child=1 7 5 4 13 -7 -8 -9 10 14 11 -13 -14 -15 -16
leaf_value=0.035360076406897374 -0.044160852785673402 -0.011813829851542723 0.031861354008987451 -0.0087441063300191212 0.016468884594835424 -0.0074960151943110568 -0.0071332790097854469 -0.037531952993119899 -0.012322412467662755 -0.025758512932197032 -0.082937189825023599 -0.013337079621811987 0.0073886879644265192 0.018427171966960268 -0.022815854638961526
leaf_weight=5.7844362258911159 2.3858017809689018 7.2992678396403878 6.1986792534589767 7.0300271660089519 7.822537958621977 2.4125539362430573 3.8020258173346519 3.9268612880259743 3.8674361519515505 3.2651919722557059 1.4512697122991083 2.6268433872610331 6.1850665956735611 5.2808713391423225 1.6315268985927103
leaf_count=27 45 65 51 48 38 23 55 55 39 42 41 27 60 23 31
internal_value=-0.00135494 -0.0103294 0.00317141 0.0142453 0.00817887 0.0208349 -0.0214098 -0.0169336 -0.0138612 -0.00880602 -0.0255558 -0.0381055 -0.00300592 0.0172581 -0.0247781
internal_weight=70.9704 45.0525 14.7991 25.9179 20.1334 8.61123 6.18783 30.2535 26.3266 18.3811 7.94555 4.07811 13.4843 13.1034 4.89672
internal_count=670 534 174 136 109 74 100 360 305 198 107 68 125 61 73
is_linear=0
shrinkage=0.1


Tree=81
num_leaves=17
num_cat=0
split_feature=2 3 2 3 3 2 2 3 3 2 2 3 3 2 3 3
split_gain=1.79306 0.744526 0.249576 0.348772 0.134973 0.327537 0.154858 0.130682 0.0608862 0.332754 0.037932 0.0366973 0.00640504 0.00412439 0.000482965 0.000346976
threshold=2.5000000000000004 2.5000000000000004 1.0000000180025095e-35 1.5000000000000002 1.5000000000000002 1.5000000000000002 1.5000000000000002 3.5000000000000004 3.5000000000000004 1.0000000180025095e-35 3.5000000000000004 1.5000000000000002 2.5000000000000004 1.5000000000000002 1.5000000000000002 1.0000000180025095e-35
decision_type=2 2 2 2 2 2 2 2 2 2 2 2 2 2 2 2
left_child=1 2 3 -1 5 -4 -6 10 13 -10 11 15 14 -3 -12 -2
right_child=7 8 4 -5 6 -7 -8 -9 9 -11 12 -13 -14 -15 -16 -17
leaf_value=0.033732041652605432 -0.014571960468801857 -0.0080615320946780342 -0.020278291582027288 0.0075817011953496216 0.025121218866525172 0.010955187471014552 0.0068386875957863373 -0.029947101195344706 0.018146005084678906 -0.012148677537335659 -0.011573955848351669 -0.022635390242429373 -0.0083101010424621591 -0.011429532621793692 -0.012565644852291622 -0.013672887489692073
leaf_weight=12.324442058801651 8.0670217573642766 6.9339240118861198 4.5190019011497506 8.7008622586727142 8.4803175926208496 13.063281014561653 10.212095856666565 5.5099218115210524 5.7902975231409082 9.6986232995986921 12.036010507494215 7.1011328175663939 6.2139454483985892 7.6444178074598312 8.2958080172538757 9.1740375533699989
leaf_count=40 38 41 22 32 31 55 37 32 30 46 62 54 27 42 41 40
internal_value=-0.00141828 0.00755452 0.0142416 0.0229103 0.00921707 0.00292755 0.0151331 -0.0153182 -0.00518919 -0.000823471 -0.0137343 -0.0165854 -0.0111199 -0.0098276 -0.0119786 -0.0140936
internal_weight=143.765 87.3673 57.3 21.0253 36.2747 17.5823 18.6924 56.3979 30.0673 15.4889 50.888 24.3422 26.5458 14.5783 20.3318 17.2411
internal_count=670 376 217 72 145 77 68 294 159 76 262 132 130 83 103 78
is_linear=0
shrinkage=0.1


Tree=82
num_leaves=18
num_cat=0
split_feature=1 0 2 2 0 3 3 3 2 3 2 0 1 2 2 3 3
split_gain=4.98689 6.56702 0.929844 2.24199 0.801335 2.8339 0.771771 0.510614 0.321109 0.259832 0.340222 0.253183 0.164757 0.16419 0.146742 0.0506633 0.000228096
threshold=1.5000000000000002 1.5000000000000002 1.0000000180025095e-35 2.5000000000000004 1.5000000000000002 2.5000000000000004 2.5000000000000004 2.5000000000000004 1.0000000180025095e-35 1.0000000180025095e-35 3.5000000000000004 1.0000000180025095e-35 1.0000000180025095e-35 1.5000000000000002 3.5000000000000004 2.5000000000000004 1.0000000180025095e-35
decision_type=2 2 2 2 2 2 2 2 2 2 2 2 2 2 2 2 2
left_child=1 6 4 11 -2 -6 12 9 -3 -5 -11 -4 16 -13 -9 -15 -1
right_child=2 8 3 7 5 -7 -8 14 -10 10 -12 13 -14 15 -16 -17 -18
leaf_value=-0.091296392592931749 -0.0054495313073223651 -0.031304586394145295 0.023255407419604444 -0.0029862212456256451 0.080356990243355894 0.0062719344453193576 -0.041593303444491581 0.010939429651796567 -0.0054495313073223651 0.033115019758018907 0.0076013074368438092 0.05638463561372567 -0.070634508730660003 0.032651612111030862 -0.0054495313073223651 0.042888493320120812 -0.09246358307979223
leaf_weight=3.4559109807014474 10.399521976709368 7.9575109481811515 10.623571217060087 9.246829032897951 5.5290211886167517 9.0824526548385602 7.9267743825912467 8.1351227462291718 31.453860849142075 8.2338528037071228 14.30999082326889 5.8220154643058804 8.0435934364795685 10.75760254263878 8.2906340658664703 8.7807182222604734 3.247760146856308
leaf_count=26 41 30 39 38 21 35 31 31 107 29 54 22 37 38 33 35 23
internal_value=-0.00056704 -0.0231968 0.0122977 0.0173267 -0.00463252 0.0179934 -0.0667577 0.00323002 -0.00544953 0.0111299 0.0169199 0.0362154 -0.0802838 0.0416444 -0.00544953 0.0372522 -0.0918619
internal_weight=171.297 62.0854 109.211 84.2003 25.011 14.6115 22.674 48.2164 39.4114 31.7907 22.5438 35.9839 14.7473 25.3603 16.4258 19.5383 6.70367
internal_count=670 254 416 319 97 56 117 185 137 121 83 134 86 95 64 73 49
is_linear=0
shrinkage=0.1


Tree=83
num_leaves=17
num_cat=0
split_feature=1 0 0 1 0 1 2 2 2 1 2 3 3 2 3 0
split_gain=12.869 7.45021 1.78371 1.77834 1.76068 1.36431 0.837023 0.701457 0.642135 0.451287 0.336107 0.327769 0.182221 0.00179396 0.000779207 0.000274361
threshold=1.5000000000000002 1.5000000000000002 2.5000000000000004 2.5000000000000004 3.5000000000000004 3.5000000000000004 2.5000000000000004 3.5000000000000004 2.5000000000000004 3.5000000000000004 3.5000000000000004 2.5000000000000004 1.5000000000000002 2.5000000000000004 2.5000000000000004 1.5000000000000002
decision_type=2 2 2 2 2 2 2 2 2 2 2 2 2 2 2 2
left_child=4 3 5 -2 10 -3 -5 9 -6 12 13 -7 -4 14 15 -1
right_child=1 2 7 6 8 11 -8 -9 -10 -11 -12 -13 -14 -15 -16 -17
leaf_value=-0.085584565149315506 -0.017322311257168221 0.014782219183519022 0.045578022252735349 -0.0024680420882780478 -0.049895985094362195 0.030180120718127187 0.014782219183519022 0.086337068291135632 -0.017322311257168221 0.077023611207009138 -0.05665946034854881 0.045578022252735349 0.061300816729872247 -0.088353521596192405 -0.086931212050259485 -0.084192210843560072
leaf_weight=2.7499483861029166 10.660099782049658 10.31879685074091 5.1642891466617602 8.4172249436378479 3.5357116907835024 8.2198799848556501 11.764972671866417 9.2702786922454852 6.3196388632059097 5.2662732303142539 5.7453371733427039 6.5086335539817819 6.2572408318519592 3.0914524644613257 2.7041743248701096 2.9157752729952335
leaf_count=38 103 84 19 39 27 31 43 33 37 17 43 21 26 29 30 50
internal_value=0.00268515 0.022451 0.045912 -0.0163476 -0.0570956 0.0268745 0.0123862 0.0642815 -0.0233924 0.0520294 -0.0763996 0.045578 0.045578 -0.0862949 -0.0855346 -0.084868
internal_weight=108.91 81.8477 51.0054 30.8423 27.062 25.0473 20.1822 25.9581 9.85535 16.6878 17.2067 14.7285 11.4215 11.4614 8.3699 5.66572
internal_count=670 416 231 185 254 136 82 95 64 62 190 52 45 147 118 88
is_linear=0
shrinkage=0.1


Tree=84
num_leaves=20
num_cat=0
split_feature=2 1 0 1 0 0 3 2 0 1 2 1 3 3 2 0 0 2 0
split_gain=1.43171 1.31334 1.06975 1.21828 0.666335 0.510483 0.370687 0.180511 0.302541 5.62368e-06 1.21727e-06 6.74515e-07 4.09996e-07 3.16775e-07 1.53e-07 1.35264e-07 6.95671e-08 3.55093e-08 2.86105e-08
threshold=3.5000000000000004 2.5000000000000004 3.5000000000000004 3.5000000000000004 1.5000000000000002 1.0000000180025095e-35 2.5000000000000004 1.0000000180025095e-35 2.5000000000000004 1.0000000180025095e-35 2.5000000000000004 1.5000000000000002 2.5000000000000004 3.5000000000000004 2.5000000000000004 1.5000000000000002 1.5000000000000002 1.5000000000000002 1.5000000000000002
decision_type=2 2 2 2 2 2 2 2 2 2 2 2 2 2 2 2 2 2 2
left_child=1 9 3 5 -3 -2 -7 -6 -9 10 13 12 16 17 18 -16 -11 -1 -13
right_child=2 4 -4 -5 7 6 -8 8 -10 11 -12 14 -14 -15 15 -17 -18 -19 -20
leaf_value=-0.080615997903486891 -0.083282787952202578 -0.035748966199658075 0.11574157121813691 0.057932779091712842 -0.00077863650388219224 -0.036611598851369713 0.010059590249463147 0.0087571493494667009 0.081136959295296129 -0.080501947663923587 -0.080856788029165003 -0.080344882345103674 -0.08057140911056776 -0.080720453997524547 -0.080424906293538601 -0.080335572213880227 -0.080424906293538601 -0.08057140911056776 -0.080297106554142961
leaf_weight=0.17950230278074775 1.1706575378775599 0.83285984955728043 1.4570599440485237 3.3041045218706131 1.2239551395177843 0.58762217592447974 0.46476921997964382 1.1015715263783934 1.2138559408485887 0.15914353542029835 0.4007685948163271 0.34791291132569313 0.17436324618756771 0.23118013981729746 0.16496273968368769 0.17537454096600413 0.42229474615305662 0.16547360736876726 0.19593789102509618
leaf_count=21 38 46 29 35 38 45 10 38 26 21 31 66 19 21 22 34 65 21 44
internal_value=0.00749658 -0.0245014 0.0395172 0.0194231 0.00903508 -0.0378136 0.0100596 0.0302827 0.046702 -0.080533 -0.0807229 -0.0804199 -0.0804892 -0.0806299 -0.0803606 -0.0804132 -0.0804456 -0.0805714 -0.0803277
internal_weight=13.9734 6.98916 6.98421 5.52715 4.37224 2.22305 1.05239 3.53938 2.31543 2.61691 0.976925 1.63999 0.755802 0.576156 0.884188 0.340337 0.581438 0.344976 0.543851
internal_count=670 513 157 128 148 93 55 102 64 365 94 271 105 63 166 56 86 42 110
is_linear=0
shrinkage=0.1


Tree=85
num_leaves=21
num_cat=0
split_feature=3 2 2 2 3 2 2 3 3 3 3 3 2 2 2 2 3 3 2 3
split_gain=0.850348 0.97097 1.72628 0.357873 0.215053 0.238296 0.134529 0.219788 0.130545 0.116712 0.0873167 0.351674 0.0858628 0.0516432 0.0508668 0.011809 0.358009 0.305662 0.00204294 0.00172191
threshold=1.5000000000000002 1.5000000000000002 2.5000000000000004 2.5000000000000004 2.5000000000000004 3.5000000000000004 1.0000000180025095e-35 3.5000000000000004 1.0000000180025095e-35 1.0000000180025095e-35 3.5000000000000004 2.5000000000000004 3.5000000000000004 1.0000000180025095e-35 3.5000000000000004 1.5000000000000002 2.5000000000000004 2.5000000000000004 3.5000000000000004 3.5000000000000004
decision_type=2 2 2 2 2 2 2 2 2 2 2 2 2 2 2 2 2 2 2 2
left_child=1 13 9 6 5 -5 10 15 18 -3 11 -2 -10 -1 -6 17 -17 -8 -4 -16
right_child=3 2 8 4 14 -7 7 -9 12 -11 -12 -13 -14 -15 19 16 -18 -19 -20 -21
leaf_value=0.025376953145323067 -0.082292209407829289 -0.049353521045448698 0.013678410522217493 -0.026426227214807807 -0.033537283356553607 -0.08278782139595002 -0.014999298500223014 -0.025568269403895123 0.007091119891179329 -0.084310274518809791 -0.0087290439218503466 -0.00047072058182653757 -0.012191003121400262 0.038238961457559971 -0.012891042377440097 0.01951991083744474 -0.024254769025803091 0.03406243317080556 0.016221974841093112 -0.016491124615358316
leaf_weight=7.1559991091489774 0.93136455025524356 2.6323550716042545 7.8945484906435013 1.6874176040291768 1.9699729830026624 1.3505535572767258 2.7575653716921789 3.1628904528915891 5.7655910514295101 1.4990014620125292 2.5468404293060303 1.2048337794840336 3.8524658977985382 5.5373384952545166 2.6076740175485611 4.5119543336331844 3.1886707171797752 2.353767454624176 5.2627010568976402 2.7085487432777882
leaf_count=40 32 30 38 23 36 41 31 46 40 25 30 25 39 22 27 37 42 16 23 27
internal_value=-0.0015188 0.00818984 -0.00256523 -0.013928 -0.0291308 -0.0514822 -0.00633009 -0.00196081 0.00822274 -0.0620371 -0.0212346 -0.0361442 -0.000632241 0.0309879 -0.0198115 0.00386717 0.00139371 0.00759362 0.0146958 -0.0147252
internal_weight=70.5821 39.6 26.9067 30.9821 10.3242 3.03797 20.6579 15.9748 22.7753 4.13136 4.68304 2.1362 9.61806 12.6933 7.2862 12.812 7.70063 5.11133 13.1572 5.31622
internal_count=670 257 195 413 154 64 259 172 140 55 87 57 79 62 90 126 79 47 61 54
is_linear=0
shrinkage=0.1


Tree=86
num_leaves=16
num_cat=0
split_feature=2 3 1 3 3 2 2 3 3 3 2 2 2 3 2
split_gain=1.6164 0.620112 0.313445 0.871725 0.273058 0.2375 0.230681 0.328561 0.147521 0.110499 0.294594 0.170181 0.0553601 0.147987 0.490799
threshold=2.5000000000000004 2.5000000000000004 1.0000000180025095e-35 1.5000000000000002 1.0000000180025095e-35 3.5000000000000004 1.0000000180025095e-35 1.5000000000000002 1.0000000180025095e-35 1.5000000000000002 1.5000000000000002 1.5000000000000002 1.0000000180025095e-35 3.5000000000000004 1.5000000000000002
decision_type=2 2 2 2 2 2 2 2 2 2 2 2 2 2 2
left_child=1 6 4 5 -2 8 7 -1 -4 10 -8 -11 -3 14 -14
right_child=2 12 3 -5 -6 -7 9 -9 -10 11 -12 -13 13 -15 -16
leaf_value=0.031967927855202187 -0.042874312906505931 -0.01177173605585055 0.01291125846863333 -0.018069640779986917 -0.018069640779986917 0.021194264804063181 -0.01954431956663695 0.0064882662833878882 -0.012803415577923014 0.024195011476952973 0.010210866089790577 0.0049212416949677845 0.030626553098436038 -0.011381489096529765 -0.010560264380241505
leaf_weight=12.309961318969727 6.2598210871219662 8.0190045684576052 3.6682479381561297 22.166552811861038 10.520281434059141 7.4548534117639056 4.4774140417575845 8.5941811501979828 5.6938108056783676 8.3863616585731506 12.953982800245285 10.096598759293556 4.6914454996585846 9.5529024302959442 7.5484508499503136
leaf_count=40 23 55 23 137 38 44 22 32 29 31 55 37 16 46 42
internal_value=-0.00153565 0.00701244 -0.0148153 -0.00989652 -0.0262428 0.00787669 0.0131409 0.0214926 -0.00272788 0.00827968 0.00256797 0.0136664 -0.00466777 -0.00205376 0.00522628
internal_weight=142.394 86.6303 55.7636 38.9835 16.7801 16.8169 56.8185 20.9041 9.36206 35.9144 17.4314 18.483 29.8118 21.7928 12.2399
internal_count=670 376 294 233 61 96 217 72 52 145 77 68 159 104 58
is_linear=0
shrinkage=0.1


Tree=87
num_leaves=12
num_cat=0
split_feature=1 0 0 2 0 1 1 2 3 0 3
split_gain=4.61251 2.51106 1.19677 1.55617 1.51092 1.43539 1.3835 0.415454 0.394126 0.115262 0.000766481
threshold=1.0000000180025095e-35 1.5000000000000002 1.0000000180025095e-35 3.5000000000000004 3.5000000000000004 1.5000000000000002 2.5000000000000004 1.0000000180025095e-35 3.5000000000000004 3.5000000000000004 1.0000000180025095e-35
decision_type=2 2 2 2 2 2 2 2 2 2 2
left_child=1 8 6 4 5 -4 -2 -7 10 -3 -1
right_child=2 9 3 -5 -6 7 -8 -9 -10 -11 -12
leaf_value=-0.090378947573940716 -0.016048094454328195 -0.028788522542760195 0.0019119738193522488 0.0019119738193522488 0.048595482043464248 0.012040608962171013 0.0019119738193522488 0.028435221968996661 -0.049479422936101781 -0.016048094454328195 -0.092497474969763391
leaf_weight=3.2352393642067927 21.534950897097588 7.3815207183361062 13.914983451366423 17.557115346193314 14.740428507328032 20.789076894521713 16.888304337859154 37.830940574407578 3.3110473603010178 8.8602347075939178 3.6171914339065552
leaf_count=26 86 27 53 75 49 78 60 145 14 31 26
internal_value=-0.000385016 -0.0387901 0.00669389 0.0122274 0.0194082 0.0134768 -0.00840341 0.0221692 -0.0778087 -0.0160481 -0.0914973
internal_weight=169.661 26.4052 143.256 104.833 87.2754 72.535 38.4233 58.62 10.1635 16.2418 6.85243
internal_count=670 124 546 400 325 276 146 223 66 58 52
is_linear=0
shrinkage=0.1


Tree=88
num_leaves=16
num_cat=0
split_feature=1 0 0 1 0 1 2 2 3 3 2 3 2 3 0
split_gain=11.614 6.75409 1.73615 1.72498 1.4952 1.29559 0.630075 0.599098 0.417658 0.377941 0.339605 0.254067 0.00150633 0.000660189 0.000230065
threshold=1.5000000000000002 1.5000000000000002 3.5000000000000004 3.5000000000000004 2.5000000000000004 3.5000000000000004 3.5000000000000004 2.5000000000000004 1.0000000180025095e-35 2.5000000000000004 3.5000000000000004 2.5000000000000004 2.5000000000000004 2.5000000000000004 1.5000000000000002
decision_type=2 2 2 2 2 2 2 2 2 2 2 2 2 2 2
left_child=2 3 10 -2 5 -3 8 -4 -6 -5 12 -7 13 14 -1
right_child=1 4 7 9 6 11 -8 -9 -10 -11 -12 -13 -14 -15 -16
leaf_value=-0.085175629219750748 -0.017182180002084213 0.013783588210913534 -0.048737807312657005 0.013783588210913534 0.072644379807252107 0.02851542216896771 0.081508528784622072 -0.017182180002084213 0.043247256127021891 -0.00169929589558534 -0.05549696532182298 0.043247256127021891 -0.087799110321171325 -0.086459346738053472 -0.083852825266921546
leaf_weight=2.565875671803953 17.279069922864437 10.296292848885059 3.427124038338663 7.3536725491285342 5.4365268647670772 8.2189725935459119 9.1344564110040682 6.2765077650547028 11.250928431749342 5.9698653519153595 5.6082735583186141 6.5227110385894784 2.9216383844614029 2.5459233000874519 2.6965576969087124
leaf_count=38 136 84 27 26 19 31 33 37 43 23 43 21 29 30 50
internal_value=0.00259223 0.021176 -0.0555404 -0.0159444 0.0435116 0.0260993 0.0603952 -0.0220366 0.0488382 0.0137836 -0.075439 0.0432473 -0.0858621 -0.0851374 -0.0844978
internal_weight=107.504 81.4625 26.0419 30.6026 50.8599 25.038 25.8219 9.70363 16.6875 13.3235 16.3383 14.7417 10.73 7.80836 5.26243
internal_count=670 416 254 185 231 136 95 64 62 49 190 52 147 118 88
is_linear=0
shrinkage=0.1


Tree=89
num_leaves=15
num_cat=0
split_feature=1 2 0 3 1 3 0 0 2 3 2 3 3 3
split_gain=1.29532 0.958759 0.744967 0.635826 0.556197 0.34084 0.260071 1.00226e-06 1.34689e-06 6.182e-07 8.816e-08 5.61973e-08 4.52621e-08 1.69441e-08
threshold=2.5000000000000004 3.5000000000000004 2.5000000000000004 2.5000000000000004 3.5000000000000004 2.5000000000000004 1.5000000000000002 1.5000000000000002 2.5000000000000004 3.5000000000000004 2.5000000000000004 2.5000000000000004 1.5000000000000002 1.5000000000000002
decision_type=2 2 2 2 2 2 2 2 2 2 2 2 2 2
left_child=1 7 3 -2 -4 -3 -5 8 11 10 12 -1 -9 -12
right_child=2 5 4 6 -6 -7 -8 9 -10 -11 13 -13 -14 -15
leaf_value=-0.080497917767557214 -0.0035738600638847403 -0.08100739889660151 0.03855474329228379 -0.0035738600638847403 0.11295854639805321 -0.0035738600638847403 0.03855474329228379 -0.080369605218889237 -0.08070064031440248 -0.080497917767557214 -0.080358971608098906 -0.080548488325137016 -0.08042980077885703 -0.080310381039882445
leaf_weight=0.50787744903937093 2.3999435193836671 0.70767167862504754 1.6969656758010387 1.2747278157621624 1.5162374563515186 1.3100113123655317 2.4986192584037781 0.19624408055096842 0.45324812410399318 0.33267108723521233 0.1913443561643362 0.28664363920688629 0.34365404862910509 0.1148349023424089
leaf_count=83 87 54 40 32 24 34 34 36 46 48 35 38 55 24
internal_value=0.00813507 -0.0363406 0.0291928 0.00886799 0.0682415 -0.00357386 0.0385547 -0.0804997 -0.0805622 -0.0804336 -0.0803836 -0.0804979 -0.0804079 -0.0803407
internal_weight=13.8307 4.4442 9.38649 6.17329 3.2132 2.01768 3.77335 2.42652 1.24777 1.17875 0.846077 0.794521 0.539898 0.306179
internal_count=670 453 217 153 64 88 66 365 167 198 150 121 91 59
is_linear=0
shrinkage=0.1


Tree=90
num_leaves=18
num_cat=0
split_feature=2 3 3 3 2 3 3 2 3 2 3 2 2 2 3 2 2
split_gain=0.720568 0.712116 0.343315 0.296969 0.219259 1.25799 0.800926 0.245383 0.173645 0.0990846 0.0914877 0.0682501 0.0258505 0.00199211 0.00188849 0.000639576 0.000428634
threshold=1.5000000000000002 1.5000000000000002 2.5000000000000004 2.5000000000000004 2.5000000000000004 1.5000000000000002 1.5000000000000002 3.5000000000000004 3.5000000000000004 3.5000000000000004 1.0000000180025095e-35 3.5000000000000004 1.0000000180025095e-35 3.5000000000000004 3.5000000000000004 2.5000000000000004 1.0000000180025095e-35
decision_type=2 2 2 2 2 2 2 2 2 2 2 2 2 2 2 2 2
left_child=1 12 4 -3 5 -2 10 -8 -5 15 13 -12 -1 -6 -11 -4 -10
right_child=2 3 9 8 6 -7 7 -9 16 14 11 -13 -14 -15 -16 -17 -18
leaf_value=0.024487123921340261 -0.060108329957725151 -0.029719737681568287 -0.034284909867604137 0.021493844798157715 0.011099749421565957 0.017251401738523877 -0.023652429496786 -0.082605456949946407 -0.008379307823016522 -0.012677665230349614 0.0061002639901880755 -0.011145026492563269 0.033546603140803009 0.013613835327325914 -0.016454300735808568 -0.032049656537025573 -0.0065102336428340159
leaf_weight=7.1951037049293536 3.8762800656259042 3.5493314573541275 3.8549416325986368 3.5750459805130941 7.9241870939731633 4.5925617925822735 1.6186791099607936 1.2522606179118156 2.5346178784966469 2.5965956822037697 5.7824665829539299 3.8049750737845898 5.6018690764904022 5.2332178503274918 2.701678354293108 1.9164763838052747 2.3782313019037247
leaf_count=40 55 63 65 41 38 37 23 41 30 27 40 39 22 23 27 36 23
internal_value=-0.00165234 0.0120296 -0.00917721 -0.00543023 -0.00420803 -0.018157 0.000403635 -0.0493669 0.00472677 -0.0244778 0.00668585 -0.000743887 0.0284529 0.0120997 -0.0146034 -0.0335427 -0.00747452
internal_weight=69.9885 24.8342 45.1543 12.0372 34.0846 8.46884 25.6158 2.87094 8.4879 11.0697 22.7448 9.58744 12.797 13.1574 5.29827 5.77142 4.91285
internal_count=670 219 451 157 296 92 204 64 94 155 140 79 62 61 54 101 53
is_linear=0
shrinkage=0.1


Tree=91
num_leaves=16
num_cat=0
split_feature=2 3 1 3 3 2 3 2 3 3 3 2 3 2 2
split_gain=1.38915 0.525429 0.358413 0.855074 0.221918 0.207979 0.324727 0.165597 0.124 0.0786095 0.247952 0.150515 0.0476082 0.274376 0.0023318
threshold=2.5000000000000004 2.5000000000000004 1.0000000180025095e-35 1.5000000000000002 1.0000000180025095e-35 1.0000000180025095e-35 1.0000000180025095e-35 3.5000000000000004 1.0000000180025095e-35 1.5000000000000002 1.0000000180025095e-35 1.5000000000000002 3.5000000000000004 1.0000000180025095e-35 1.5000000000000002
decision_type=2 2 2 2 2 2 2 2 2 2 2 2 2 2 2
left_child=1 5 4 7 -2 6 -1 8 -4 10 -7 -11 14 -14 -3
right_child=2 12 3 -5 -6 9 -8 -9 -10 11 -12 -13 13 -15 -16
leaf_value=0.0045826261520119961 -0.041205496358896393 -0.0072764832009392074 0.014244130887127771 -0.017432218438992925 -0.017432218438992925 0.010886475032510893 0.030073248863628006 0.019930319217861772 -0.0095396019727025314 0.021871955634455847 -0.014656811226167375 0.0036617058491825714 0.01647397705622097 -0.011120892000707643 -0.0098374898782862142
leaf_weight=8.3011409044265747 6.2028073668479946 6.7772509306669235 3.6262569427490252 21.802812159061432 10.543279856443403 11.579638779163362 12.557717651128769 7.4610664509236804 5.5427776724100113 8.2987886667251587 5.6567309498786917 10.018011838197708 5.8291080147027978 9.435959726572035 7.4782385602593422
leaf_count=27 23 41 23 137 38 48 45 44 29 31 29 37 30 46 42
internal_value=-0.00160556 0.00634507 -0.0139874 -0.00866744 -0.026197 0.0120017 0.0199288 0.00886816 -0.000133385 0.00735084 0.00250353 0.0119122 -0.00446432 -0.000583535 -0.00861995
internal_weight=141.112 85.9326 55.179 38.4329 16.7461 56.412 20.8589 16.6301 9.16903 35.5532 17.2364 18.3168 29.5206 15.2651 14.2555
internal_count=670 376 294 233 61 217 72 96 52 145 77 68 159 76 83
is_linear=0
shrinkage=0.1


Tree=92
num_leaves=18
num_cat=0
split_feature=1 0 0 3 3 2 3 2 0 1 3 3 2 2 3 3 3
split_gain=4.48917 5.66377 0.801553 1.00393 0.730547 0.611758 0.599537 0.52921 0.417857 0.157785 0.116856 0.0886273 0.052639 0.0382228 0.00830061 0.0015541 0.000151043
threshold=1.5000000000000002 1.5000000000000002 1.0000000180025095e-35 2.5000000000000004 2.5000000000000004 1.5000000000000002 1.0000000180025095e-35 1.5000000000000002 3.5000000000000004 1.0000000180025095e-35 3.5000000000000004 2.5000000000000004 2.5000000000000004 1.0000000180025095e-35 1.5000000000000002 2.5000000000000004 1.0000000180025095e-35
decision_type=2 2 2 2 2 2 2 2 2 2 2 2 2 2 2 2 2
left_child=1 4 7 5 9 -4 -7 -2 11 16 -5 14 -8 -12 -3 -9 -1
right_child=2 8 3 10 -6 6 12 15 -10 -11 13 -13 -14 -15 -16 -17 -18
leaf_value=-0.089655119955726975 -0.0051918330793950069 -0.024378822503041367 0.047040783227888239 0.0079304911146004017 -0.039494213543134628 0.0079304911146004017 0.022294806580990131 0.0018787908579533438 -0.0051918330793950069 -0.068484617784171906 0.025056608733919711 -0.013463492593461046 0.031719369923263206 0.014452892022944469 -0.029440217829027539 0.0079304911146004017 -0.090665347726921475
leaf_weight=3.0516701862216014 10.928968101739885 7.4136970043182391 11.689884126186369 17.799053065478802 7.7874115854501715 6.4643590152263632 9.0431902259588259 9.1866216808557528 18.982639908790588 7.7769775986671448 6.6075795590877551 7.0469277799129477 17.19440670311451 7.0015471875667572 5.7557608187198639 11.562856763601301 2.8736867159605026
leaf_count=26 46 28 44 77 31 29 32 34 64 37 23 23 64 29 22 38 23
internal_value=-0.000459039 -0.022202 0.0118183 0.0174011 -0.0639516 0.0274063 0.0203876 -0.00154017 -0.00519183 -0.0778513 0.00793049 -0.0217352 0.028471 0.0196013 -0.0265909 0.00793049 -0.0901451
internal_weight=168.167 60.6888 107.478 75.8 21.4897 44.3918 32.702 31.6784 39.199 13.7023 31.4082 20.2164 26.2376 13.6091 13.1695 20.7495 5.92536
internal_count=670 254 416 298 117 169 125 118 137 86 129 73 96 52 50 72 49
is_linear=0
shrinkage=0.1


Tree=93
num_leaves=16
num_cat=0
split_feature=1 0 0 1 0 1 2 2 2 3 2 3 2 3 0
split_gain=10.3857 6.06511 1.74179 1.71788 1.2986 1.20708 0.674173 0.555231 0.539655 0.398916 0.352444 0.217824 0.00132192 0.000574071 0.000182612
threshold=1.5000000000000002 1.5000000000000002 3.5000000000000004 2.5000000000000004 2.5000000000000004 3.5000000000000004 2.5000000000000004 2.5000000000000004 3.5000000000000004 1.5000000000000002 3.5000000000000004 2.5000000000000004 2.5000000000000004 2.5000000000000004 1.5000000000000002
decision_type=2 2 2 2 2 2 2 2 2 2 2 2 2 2 2
left_child=2 3 10 -2 5 -3 -5 -4 9 -6 12 -7 13 14 -1
right_child=1 4 7 6 8 11 -8 -9 -10 -11 -12 -13 -14 -15 -16
leaf_value=-0.084757471879033278 -0.016763557562294053 0.01300926203769669 -0.047120122529112456 -0.0021036416527450254 0.041075601321115568 0.027042431679406127 0.01300926203769669 -0.016763557562294053 0.07680593793078766 0.062613605934114455 -0.053827647065227149 0.041075601321115568 -0.087321110398219173 -0.086022012435093026 -0.083531705505721407
leaf_weight=2.3753824159502965 10.241474762558939 10.285454109311104 3.2991453409194946 8.2954950332641602 7.0672293454408672 8.2482492029666883 11.767932340502739 6.1643810868263245 9.0023937821388262 9.6320071965455991 5.4266650453209886 6.5314947366714486 2.7726470306515694 2.3935837112367153 2.4887897968292236
leaf_count=38 103 84 27 39 25 31 43 37 33 37 43 21 29 30 50
internal_value=0.00278861 0.0201436 -0.0536707 -0.0152576 0.0412761 0.0250807 0.0125563 -0.0198833 0.0570705 0.0464313 -0.0743569 0.0410756 -0.0854637 -0.0847542 -0.0841303
internal_weight=105.992 81.0717 24.9206 30.3049 50.7668 25.0652 20.0634 9.46353 25.7016 16.6992 15.4571 14.7797 10.0304 7.25776 4.86417
internal_count=670 416 254 185 231 136 82 64 95 62 190 52 147 118 88
is_linear=0
shrinkage=0.1


Tree=94
num_leaves=20
num_cat=0
split_feature=2 1 0 1 0 0 3 3 0 1 2 1 3 3 2 0 0 0 2
split_gain=1.18782 1.18633 0.970641 1.02008 0.62219 0.498544 0.323924 0.20425 0.475073 4.32432e-06 9.84734e-07 5.15578e-07 3.26002e-07 2.5997e-07 1.04921e-07 1.03316e-07 5.09558e-08 1.83977e-08 1.76058e-08
threshold=3.5000000000000004 2.5000000000000004 3.5000000000000004 3.5000000000000004 1.5000000000000002 1.0000000180025095e-35 2.5000000000000004 2.5000000000000004 2.5000000000000004 1.0000000180025095e-35 2.5000000000000004 1.5000000000000002 2.5000000000000004 3.5000000000000004 2.5000000000000004 1.5000000000000002 1.5000000000000002 1.5000000000000002 1.5000000000000002
decision_type=2 2 2 2 2 2 2 2 2 2 2 2 2 2 2 2 2 2 2
left_child=1 9 3 5 -3 -2 -7 8 -6 10 13 12 16 18 17 -16 -11 -13 -1
right_child=2 4 -4 -5 7 6 -8 -9 -10 11 -12 14 -14 -15 15 -17 -18 -19 -20
leaf_value=-0.080536398118447761 -0.083078303566332834 -0.035753246392660455 0.10878634661758745 0.052135123828562335 -0.0034262660117318935 -0.037494281329027816 0.0080897409082772015 0.058389453588351382 0.056449260449155325 -0.080432862464999297 -0.080770007801195573 -0.080285966891857269 -0.080501185599963554 -0.080640267651379716 -0.080362271239538152 -0.080275449757023221 -0.080362271239538152 -0.080243635321739948 -0.080501185599963554
leaf_weight=0.15541647560894523 1.0982119236141445 0.79143224749714125 1.5060263536870477 3.4199050851166248 0.73415354266762811 0.54228394385427214 0.49480200745165348 1.4181031063199041 1.4265773985534904 0.13675193348899461 0.36040359828621149 0.28805198334157467 0.15295345615595579 0.20588048547506332 0.14016653643921018 0.1441502149682492 0.35923694679513574 0.15952706849202514 0.14293640293180943
leaf_count=21 38 46 29 35 31 45 10 38 33 21 31 66 19 21 22 34 65 44 21
internal_value=0.00905408 -0.021392 0.0375793 0.018275 0.00896191 -0.0359556 0.00808974 0.0289007 0.00954704 -0.0804684 -0.0806438 -0.0803586 -0.0804235 -0.0805536 -0.0803011 -0.0803486 -0.0803809 -0.0802709 -0.0805012
internal_weight=13.677 6.61574 7.06123 5.5552 4.37027 2.1353 1.03709 3.57883 2.16073 2.24548 0.864637 1.38084 0.648942 0.504233 0.731896 0.284317 0.495989 0.447579 0.298353
internal_count=670 513 157 128 148 93 55 102 64 365 94 271 105 63 166 56 86 110 42
is_linear=0
shrinkage=0.1


Tree=95
num_leaves=18
num_cat=0
split_feature=2 3 3 3 2 3 3 2 3 2 3 2 2 2 3 2 2
split_gain=0.67546 0.584373 0.288989 0.24634 0.173941 1.10101 0.65657 0.252867 0.150707 0.0874483 0.0700274 0.0473301 0.0138542 0.00305296 0.00138699 0.000745906 4.8838e-06
threshold=1.5000000000000002 1.5000000000000002 2.5000000000000004 2.5000000000000004 2.5000000000000004 1.5000000000000002 1.5000000000000002 3.5000000000000004 3.5000000000000004 3.5000000000000004 1.0000000180025095e-35 3.5000000000000004 1.0000000180025095e-35 3.5000000000000004 3.5000000000000004 2.5000000000000004 1.0000000180025095e-35
decision_type=2 2 2 2 2 2 2 2 2 2 2 2 2 2 2 2 2
left_child=1 12 4 -3 5 -2 10 -8 -5 15 13 -12 -1 -6 -11 -4 -10
right_child=2 3 9 8 6 -7 7 -9 16 14 11 -13 -14 -15 -16 -17 -18
leaf_value=0.023074261174371998 -0.058339434065497332 -0.027408681011091875 -0.032999322824244809 0.019843761258713264 0.008346302181856809 0.0148153800106339 -0.020793105754858307 -0.082475673366824487 -0.0069893110597953299 -0.012613328186179482 0.0039741577294197935 -0.010392192143357822 0.02968314477721495 0.011462622595985694 -0.015859707591011352 -0.030554603328609826 -0.0071893250039537296
leaf_weight=7.251243859529497 3.670100234448908 3.4215134354308239 3.7661711834371072 3.6159567423164827 7.966385111212734 4.6817669235169888 1.5529725886881343 1.1618293188512325 2.493094339966774 2.5886676479130983 5.8614748939871788 3.7669958788901567 5.6383832395076752 5.1928494423627853 2.6770323477685452 1.8665806986391542 2.3921108841896057
leaf_count=40 55 63 65 41 38 37 23 41 30 27 40 39 22 23 27 36 23
internal_value=-0.00202818 0.0112055 -0.00936533 -0.00475125 -0.00480595 -0.0173314 -0.000703977 -0.0471908 0.00436782 -0.0235283 0.00483421 -0.00164646 0.0259652 0.00957605 -0.0142638 -0.0321892 -0.00708725
internal_weight=69.5651 24.8123 44.7528 11.9227 33.8544 8.35187 25.5025 2.7148 8.50116 10.8985 22.7877 9.62847 12.8896 13.1592 5.2657 5.63275 4.88521
internal_count=670 219 451 157 296 92 204 64 94 155 140 79 62 61 54 101 53
is_linear=0
shrinkage=0.1


Tree=96
num_leaves=16
num_cat=0
split_feature=2 3 1 3 2 3 3 2 3 3 2 2 3 2 2
split_gain=1.20629 0.43932 0.365051 0.765832 0.23734 0.359572 0.183567 0.131456 0.117233 0.0588558 0.211052 0.136387 0.0396322 0.258839 0.00543421
threshold=2.5000000000000004 2.5000000000000004 1.0000000180025095e-35 1.5000000000000002 1.0000000180025095e-35 1.5000000000000002 1.0000000180025095e-35 3.5000000000000004 1.0000000180025095e-35 1.5000000000000002 1.5000000000000002 1.5000000000000002 3.5000000000000004 1.0000000180025095e-35 1.5000000000000002
decision_type=2 2 2 2 2 2 2 2 2 2 2 2 2 2 2
left_child=1 4 6 7 5 -1 -2 8 -4 10 -6 -11 14 -14 -3
right_child=2 12 3 -5 9 -7 -8 -9 -10 11 -12 -13 13 -15 -16
leaf_value=0.030108502709809633 -0.039592891405968472 -0.0061420906611619934 0.014283585456566512 -0.016985842242222902 -0.017404559208527456 0.0033328185730390953 -0.017847509608861653 0.01821043189055092 -0.0088782020123009918 0.019241890800132378 0.0080334808996105466 0.0017911962463609465 0.015651751066635421 -0.01116539893131773 -0.010066386571168652
leaf_weight=12.288366228342056 6.146422445774081 6.6952470317482948 3.6225437223911303 21.403252743184566 4.3933091908693322 8.4739764034748077 10.5373537838459 7.4522104635834685 5.5078353807330132 8.1642996221780777 12.660628139972687 9.9209355562925339 5.8461225926876077 9.3644845336675626 7.4609112590551376
leaf_count=40 23 41 23 137 22 32 38 44 29 31 55 37 30 46 42
internal_value=-0.00193332 0.00550094 -0.0135285 -0.00811302 0.0107034 0.0191802 -0.0258587 0.00835522 0.000311404 0.00569485 0.00148032 0.00966904 -0.00440237 -0.000858358 -0.00821037
internal_weight=139.938 85.2683 54.6696 37.9858 55.9015 20.7623 16.6838 16.5826 9.13038 35.1392 17.0539 18.0852 29.3668 15.2106 14.1562
internal_count=670 376 294 233 217 72 61 96 52 145 77 68 159 76 83
is_linear=0
shrinkage=0.1


Tree=97
num_leaves=15
num_cat=0
split_feature=1 0 0 3 3 2 3 2 0 1 3 2 2 3
split_gain=3.95027 5.28363 0.757997 0.909627 0.683272 0.574738 0.513269 0.467765 0.381965 0.179051 0.115487 0.0565816 0.0278143 0.00010718
threshold=1.5000000000000002 1.5000000000000002 1.0000000180025095e-35 2.5000000000000004 2.5000000000000004 1.5000000000000002 1.0000000180025095e-35 1.5000000000000002 3.5000000000000004 1.0000000180025095e-35 3.5000000000000004 2.5000000000000004 1.0000000180025095e-35 1.0000000180025095e-35
decision_type=2 2 2 2 2 2 2 2 2 2 2 2 2 2
left_child=1 4 7 5 9 -4 -7 -2 -3 13 -5 -8 -12 -1
right_child=2 8 3 10 -6 6 11 -9 -10 -11 12 -13 -14 -15
leaf_value=-0.088984844402568361 -0.0046296829248080448 -0.020719597608176488 0.045345772811952102 0.0076423768940082825 -0.038324810832005889 0.0076423768940082825 0.020520417986155632 0.0076423768940082825 -0.0046296829248080448 -0.065748513126978853 0.023574868056893617 0.030336311806018579 0.014509015305919427 -0.089862306814516846
leaf_weight=2.8763343021273631 10.856579050421717 20.060984790325165 11.738582253456114 17.572960555553436 7.7257416397333136 6.3876944258809081 8.9563935995101946 20.706325799226761 18.954407900571823 7.5038313865661621 6.577532112598421 17.054339021444321 6.9704836905002594 2.6976040303707123
leaf_count=26 46 73 44 77 31 29 32 72 64 37 23 64 29 23
internal_value=-0.000103181 -0.0206778 0.0114185 0.0168738 -0.0619038 0.026388 0.0195192 -0.00158901 -0.00462968 -0.0758332 0.00764238 0.0269564 0.0189105 -0.0894095
internal_weight=166.64 59.8189 106.821 75.258 20.8035 44.137 32.3984 31.5629 39.0154 13.0778 31.121 26.0107 13.548 5.57394
internal_count=670 254 416 298 117 169 125 118 137 86 129 96 52 49
is_linear=0
shrinkage=0.1


Tree=98
num_leaves=16
num_cat=0
split_feature=1 0 0 1 0 1 2 2 2 3 2 3 2 3 0
split_gain=9.37731 5.53003 1.73313 1.66719 1.103 1.16269 0.608734 0.51347 0.502058 0.363791 0.357006 0.159374 0.00112896 0.000498716 0.000143812
threshold=1.5000000000000002 1.5000000000000002 3.5000000000000004 2.5000000000000004 2.5000000000000004 3.5000000000000004 2.5000000000000004 3.5000000000000004 2.5000000000000004 1.5000000000000002 3.5000000000000004 2.5000000000000004 2.5000000000000004 2.5000000000000004 1.5000000000000002
decision_type=2 2 2 2 2 2 2 2 2 2 2 2 2 2 2
left_child=2 3 10 -2 5 -3 -5 9 -4 -6 12 -7 13 14 -1
right_child=1 4 8 6 7 11 -8 -9 -10 -11 -12 -13 -14 -15 -16
leaf_value=-0.084382923220828993 -0.016408657443523812 0.012294270820530129 -0.045791501652638435 -0.002057193311496841 0.039207015248482802 0.025750643034506467 0.012294270820530129 0.073383755337460999 -0.016408657443523812 0.059513925352470687 -0.052631115788119104 0.039207015248482802 -0.086855119035179187 -0.085626477642593971 -0.083253912379640693
leaf_weight=2.205997843295334 10.042726151645185 10.296940848231316 3.16289022564888 8.23583984375 7.0993694961071041 8.2472575008869153 11.792774885892868 8.8862694054842013 6.1198520064353943 9.6167049109935743 5.2976859733462343 6.5340936183929452 2.6248083338141441 2.2551540993154049 2.3093082755804062
leaf_count=38 103 84 27 39 25 31 43 33 37 37 43 21 29 30 50
internal_value=0.00289693 0.0192018 -0.0520191 -0.014771 0.0393596 0.0244537 0.0122943 0.0539604 -0.0181934 0.0436349 -0.0733896 0.039207 -0.0850946 -0.084412 -0.0838055
internal_weight=104.728 80.752 23.9757 30.0713 50.6806 25.0783 20.0286 25.6023 9.28274 16.7161 14.693 14.7814 9.39527 6.77046 4.51531
internal_count=670 416 254 185 231 136 82 95 64 62 190 52 147 118 88
is_linear=0
shrinkage=0.1


Tree=99
num_leaves=20
num_cat=0
split_feature=3 1 0 0 0 1 2 1 2 1 2 3 2 3 2 2 2 3 2
split_gain=1.11764 1.95746 1.50691 1.38973 0.542584 0.644631 0.214413 0.12673 0.112684 0.0246941 0.294305 0.000108601 1.21129e-05 5.41037e-06 2.45526e-05 8.25595e-06 2.6364e-06 1.02867e-06 8.34125e-07
threshold=2.5000000000000004 3.5000000000000004 2.5000000000000004 3.5000000000000004 1.0000000180025095e-35 3.5000000000000004 1.5000000000000002 3.5000000000000004 3.5000000000000004 2.5000000000000004 3.5000000000000004 3.5000000000000004 1.5000000000000002 1.0000000180025095e-35 2.5000000000000004 2.5000000000000004 3.5000000000000004 1.0000000180025095e-35 1.0000000180025095e-35
decision_type=2 2 2 2 2 2 2 2 2 2 2 2 2 2 2 2 2 2 2
left_child=1 12 8 4 5 11 7 -6 -3 10 -8 -2 17 14 -14 -15 -17 -1 -19
right_child=3 2 -4 -5 6 -7 9 -9 -10 -11 -12 -13 13 15 -16 16 -18 18 -20
leaf_value=-0.080312278294599693 -0.081251543794956915 -0.025733963289609415 0.100736600569204 0.12717181268049749 0.0031191345800081678 0.0031191345800081678 0.0031191345800081678 0.043206228431369786 0.0069570617980170731 0.057872742420484541 0.047542434440517846 -0.083290576695701002 -0.081834832178489206 -0.080350802994218984 -0.080750904231821866 -0.080794459872680524 -0.081108571123074291 -0.08069307403795023 -0.080410185637285164
leaf_weight=0.1583596414420757 0.4015278462320564 0.81423357408493746 1.613400436937809 1.3670503348112104 0.40904596960172079 0.69077511131763447 0.32263083895668399 0.79271940886974335 1.0983369611203671 1.8930406607687473 0.51046526990830898 0.74745312705636024 0.37090320233255658 0.22583198267966498 0.47866951581090689 0.39203499373979844 0.83916959166526794 0.33708898350596428 0.15088855382055044
leaf_count=37 32 38 24 26 38 17 61 21 19 19 10 25 30 44 48 52 61 39 29
internal_value=0.00921433 -0.0208534 0.0294484 0.0365184 0.0150317 -0.0297844 0.0360227 0.00311913 -0.025734 0.0515589 0.0372121 -0.082578 -0.0809163 -0.0810236 -0.0812241 -0.0809066 -0.0810086 -0.0805337 -0.0806056
internal_weight=13.6136 6.47892 3.52597 7.13471 5.76766 1.83976 3.9279 1.20177 1.91257 2.72614 0.833096 1.14898 2.95295 2.30661 0.849573 1.45704 1.2312 0.646337 0.487978
internal_count=670 421 81 249 223 74 149 59 57 90 71 57 340 235 78 157 113 105 68
is_linear=0
shrinkage=0.1


Tree=100
num_leaves=18
num_cat=0
split_feature=2 3 3 3 2 3 3 3 3 2 3 3 2 2 2 2 2
split_gain=0.644112 0.495866 0.25935 0.206658 0.162781 0.769095 0.427002 0.196912 0.15738 0.258983 0.130944 0.0544206 0.0323881 0.00425594 0.00221354 0.000542398 0.000436289
threshold=1.5000000000000002 1.5000000000000002 3.5000000000000004 2.5000000000000004 2.5000000000000004 1.5000000000000002 1.5000000000000002 2.5000000000000004 2.5000000000000004 3.5000000000000004 3.5000000000000004 1.0000000180025095e-35 3.5000000000000004 3.5000000000000004 1.0000000180025095e-35 1.0000000180025095e-35 3.5000000000000004
decision_type=2 2 2 2 2 2 2 2 2 2 2 2 2 2 2 2 2
left_child=1 14 4 -3 5 -2 11 -7 9 -8 -5 13 -13 -6 -1 -12 -10
right_child=2 3 -4 10 6 7 8 -9 16 -11 15 12 -14 -15 -16 -17 -18
leaf_value=0.022991175230111245 -0.05653724202643487 -0.025366157616111131 -0.034827081021532785 0.018366394020857664 0.0059257125511343193 0.012697994766767307 -0.018065033953548096 -0.020025387017689179 -0.01475198907999418 -0.082355937793385653 -0.0056487529672734054 0.0020789470529123592 -0.0098073542462685289 0.009613746083320291 0.025628822222108202 -0.0077622248917497477 -0.01258457652414809
leaf_weight=7.2514005824923533 3.4774014800786954 3.3162102745845905 3.7137929107993832 3.6527097746729833 7.9883674234151876 4.7611122205853462 1.494668371975421 2.9960546009242535 1.4505372084677217 1.0788225419819355 2.4543283134698868 5.9303471222519875 3.7369447536766529 5.1438011005520821 5.6690516471862793 2.4034003168344498 2.5817489568144083
leaf_count=40 55 63 55 41 38 37 23 42 31 41 30 40 39 23 22 23 27
internal_value=-0.00231975 0.0106056 -0.00953144 -0.00418986 -0.00721985 -0.0174589 -0.00330791 5.92259e-05 -0.0256953 -0.0450162 0.00406177 0.00317847 -0.00251577 0.0073703 0.0241485 -0.00669441 -0.0133643
internal_weight=69.1007 24.7471 44.3536 11.8266 40.6398 11.2346 29.4052 7.75717 6.60578 2.57349 8.51044 22.7995 9.66729 13.1322 12.9205 4.85773 4.03229
internal_count=670 219 451 157 396 134 262 79 122 64 94 140 79 61 62 53 58
is_linear=0
shrinkage=0.1


Tree=101
num_leaves=16
num_cat=0
split_feature=2 1 3 3 2 3 3 3 2 3 2 2 3 2 2
split_gain=1.05663 0.372474 0.68546 0.371784 0.261607 0.334497 0.150097 0.106991 0.121385 0.0451307 0.157234 0.122528 0.0336114 0.246651 0.0096035
threshold=2.5000000000000004 1.0000000180025095e-35 1.5000000000000002 2.5000000000000004 1.0000000180025095e-35 1.5000000000000002 1.0000000180025095e-35 1.0000000180025095e-35 3.5000000000000004 1.5000000000000002 1.5000000000000002 1.5000000000000002 3.5000000000000004 1.0000000180025095e-35 1.5000000000000002
decision_type=2 2 2 2 2 2 2 2 2 2 2 2 2 2 2
left_child=3 6 7 4 5 -1 -2 -3 -9 10 -6 -11 14 -14 -5
right_child=1 2 -4 12 9 -7 -8 8 -10 11 -12 -13 13 -15 -16
leaf_value=0.029010322244943737 -0.03806907735817569 0.019694333651547859 -0.016585984512549938 -0.0051066531006922098 -0.01584546316392552 0.0031031636777142098 -0.01834962983353838 -0.0082879448039466421 0.012453627094332722 0.016949782133262294 0.0062467841209138571 0.00030096013588336941 0.014980508022660847 -0.011219113872928392 -0.010341422549107762
leaf_weight=12.27621266245842 6.0922349393367794 5.2327675744891176 21.020648568868637 6.6216962933540344 4.3332160264253625 8.3895993679761887 10.534433066844938 5.4767453968524933 5.8196803778409958 8.0339643657207489 12.557544216513634 9.8280481100082397 5.8584405332803735 9.2935023680329305 7.4447348937392235
leaf_count=40 23 38 137 41 22 32 38 29 29 31 55 37 30 46 42
internal_value=-0.00220952 -0.0131144 -0.00759687 0.00477072 0.00958316 0.0184929 -0.0255751 0.00787341 0.00239768 0.00428496 0.00057916 0.00778926 -0.00435706 -0.00108913 -0.00787718
internal_weight=138.813 54.1765 37.5498 84.637 55.4186 20.6658 16.6267 16.5292 11.2964 34.7528 16.8908 17.862 29.2184 15.1519 14.0664
internal_count=670 294 233 376 217 72 61 96 58 145 77 68 159 76 83
is_linear=0
shrinkage=0.1


Tree=102
num_leaves=15
num_cat=0
split_feature=1 0 0 3 1 3 2 3 2 2 3 0 0 3
split_gain=3.67214 2.05933 1.15471 1.80917 1.44446 0.972285 1.15061 0.925903 1.06252 0.704528 0.392384 0.125642 0.088737 0.000405353
threshold=1.0000000180025095e-35 1.5000000000000002 1.5000000000000002 1.5000000000000002 1.5000000000000002 3.5000000000000004 1.5000000000000002 1.0000000180025095e-35 1.5000000000000002 1.0000000180025095e-35 3.5000000000000004 3.5000000000000004 3.5000000000000004 1.0000000180025095e-35
decision_type=2 2 2 2 2 2 2 2 2 2 2 2 2 2
left_child=1 10 4 7 -2 -5 -7 8 -4 -6 13 -3 -9 -1
right_child=2 11 3 5 9 6 -8 12 -10 -11 -12 -13 -14 -15
leaf_value=-0.088365860072690094 -0.014314260298828645 -0.027511560574782032 0.051254716581974905 0.0052392166865880361 -0.0045375218061203043 0.062672246277453089 0.0052392166865880361 0.043355119991598828 0.0052392166865880361 0.0052392166865880361 -0.04555649373265655 -0.014314260298828645 0.059567692201872295 -0.090049779857340126
leaf_weight=2.7099196836352366 11.220509618520735 7.2459674179553994 6.2914253473281887 37.301519870758057 10.095528140664099 6.5634134411811811 5.005991518497467 5.8122143000364312 10.565773926675318 39.333878412842751 3.2022271901369095 8.8454430103302002 8.0542484223842621 3.0255340933799744
leaf_count=26 51 27 21 149 41 24 21 24 45 144 14 31 26 26
internal_value=0.000179229 -0.0351048 0.00647628 0.014397 -0.00391861 0.00523922 0.0348494 0.0336315 0.0178867 0.00523922 -0.073598 -0.0143143 0.0527721 -0.0892542
internal_weight=165.274 25.0291 140.245 79.5946 60.6499 48.8709 11.5694 30.7237 16.8572 49.4294 8.93768 16.0914 13.8665 5.73545
internal_count=670 124 546 310 236 194 45 116 66 185 66 58 50 52
is_linear=0
shrinkage=0.1


Tree=103
num_leaves=17
num_cat=0
split_feature=1 0 2 0 2 1 2 1 2 2 2 1 3 3 2 3
split_gain=8.62862 6.76328 1.96116 0.925883 1.00097 0.647491 0.612649 0.389308 0.297307 0.275579 0.209035 0.279263 0.148933 0.00076293 4.85353e-05 6.33136e-06
threshold=2.5000000000000004 1.5000000000000002 2.5000000000000004 1.5000000000000002 2.5000000000000004 3.5000000000000004 1.5000000000000002 1.5000000000000002 1.5000000000000002 1.5000000000000002 2.5000000000000004 1.0000000180025095e-35 2.5000000000000004 2.5000000000000004 1.5000000000000002 1.5000000000000002
decision_type=2 2 2 2 2 2 2 2 2 2 2 2 2 2 2 2
left_child=1 10 7 4 -2 9 -7 -3 -9 -5 13 -12 -13 14 15 -1
right_child=3 2 -4 5 -6 6 -8 8 -10 -11 11 12 -14 -15 -16 -17
leaf_value=-0.084870204803016533 0.00078507717309230234 -0.036142245093490247 0.00078507717309230234 0.038138767694270048 0.025943756954294614 0.038138767694270048 0.066402367714079688 -0.02109415487289467 0.00078507717309230234 0.025943756954294614 -0.087742576120817928 -0.06677131000824349 -0.039407213333388737 -0.086491421215484185 -0.084116444697427489 -0.084579665879173649
leaf_weight=1.8609011583030242 8.1725935935974121 6.146060165017845 17.177570685744286 4.6381295919418326 11.813325554132462 10.01435834169388 11.714588001370428 2.248407244682312 2.5037650093436241 9.3475076705217344 3.5478048846125585 4.2718620672821999 3.7218731939792633 3.1467929780483246 1.9442178867757318 1.2564771473407745
leaf_count=28 39 90 99 17 43 35 41 26 18 42 37 36 26 38 34 21
internal_value=0.00298746 -0.0281687 0.000785077 0.0297389 0.012504 0.0393836 0.0503338 -0.0361422 -0.00604606 0.0259438 -0.0730696 -0.0643935 -0.0540306 -0.0852687 -0.0845086 -0.0847531
internal_weight=103.526 47.8257 28.0758 55.7005 19.9859 35.7146 21.7289 10.8982 4.75217 13.9856 19.7499 11.5415 7.99374 8.20839 5.0616 3.11738
internal_count=670 453 233 217 82 135 76 134 44 59 220 99 62 121 83 49
is_linear=0
shrinkage=0.1


Tree=104
num_leaves=20
num_cat=0
split_feature=2 1 3 1 0 3 0 3 1 1 3 2 1 3 3 2 0 0 3
split_gain=0.98771 1.08696 0.763483 0.765106 0.563089 0.153108 0.424137 0.130254 5.04644e-06 3.61744e-06 1.58394e-06 6.85271e-07 4.31216e-07 3.93369e-07 3.57432e-07 6.26144e-08 6.46085e-08 3.04335e-08 1.46943e-08
threshold=3.5000000000000004 2.5000000000000004 2.5000000000000004 3.5000000000000004 1.5000000000000002 2.5000000000000004 2.5000000000000004 3.5000000000000004 1.0000000180025095e-35 1.0000000180025095e-35 1.5000000000000002 2.5000000000000004 1.5000000000000002 3.5000000000000004 2.5000000000000004 2.5000000000000004 1.5000000000000002 1.5000000000000002 2.5000000000000004
decision_type=2 2 2 2 2 2 2 2 2 2 2 2 2 2 2 2 2 2 2
left_child=1 9 3 8 -3 6 -6 -4 -2 11 -10 13 14 -1 17 18 -17 -11 -14
right_child=2 4 7 -5 5 -7 -8 -9 10 12 -12 -13 15 -15 -16 16 -18 -19 -20
leaf_value=-0.080454122178912443 -0.081307339183864083 -0.035863551570292106 0.081398685435759177 0.031836011635615023 -0.0044986299033289408 0.051512959455632661 0.0519183490302551 0.046498688175885358 -0.080639605937865344 -0.080372483622329738 -0.080956041072315299 -0.080702191402762469 -0.08021316982583776 -0.080620814842272903 -0.080454122178912443 -0.080319022947963239 -0.080242241689631996 -0.080319022947963239 -0.08025227436593943
leaf_weight=0.25872171064838756 0.29265855997800838 0.73578855674713839 1.7371235378086565 1.7121201530098915 0.67878592014312822 1.4889529943466184 1.4704502923414109 2.7821383811533451 0.30203615874052048 0.11776175396516897 0.33213902357965708 0.32841982040554285 0.17965693306177855 0.19822376035153866 0.14763863384723663 0.11821536859497428 0.12672017351724207 0.30961661646142602 0.20659634773619473
leaf_count=42 18 46 27 26 31 38 33 27 32 21 27 31 55 21 19 22 34 65 55
internal_value=0.00947256 -0.0191857 0.0349574 -0.00778072 0.00869788 0.0268663 0.00979151 0.0599136 -0.0809638 -0.080425 -0.0808053 -0.080592 -0.0803162 -0.0805128 -0.0803789 -0.0802592 -0.0802987 -0.0803277 -0.0802341
internal_weight=13.5238 6.36555 7.15822 2.63895 4.37398 3.63819 2.14924 4.51926 0.926834 1.99157 0.634175 0.785365 1.20621 0.456945 0.575017 0.631189 0.244936 0.427378 0.386253
internal_count=670 513 157 103 148 102 64 54 77 365 59 94 271 63 105 166 56 86 110
is_linear=0
shrinkage=0.1


Tree=105
num_leaves=18
num_cat=0
split_feature=2 3 3 3 2 3 3 3 3 2 3 3 2 2 2 2 2
split_gain=0.620342 0.434685 0.228197 0.174289 0.129161 0.681263 0.3545 0.166136 0.138705 0.258837 0.10698 0.0313899 0.0277181 0.00490728 0.000867851 0.000408192 0.000187607
threshold=1.5000000000000002 1.5000000000000002 3.5000000000000004 2.5000000000000004 2.5000000000000004 1.5000000000000002 1.5000000000000002 2.5000000000000004 2.5000000000000004 3.5000000000000004 3.5000000000000004 1.0000000180025095e-35 3.5000000000000004 3.5000000000000004 1.0000000180025095e-35 1.0000000180025095e-35 3.5000000000000004
decision_type=2 2 2 2 2 2 2 2 2 2 2 2 2 2 2 2 2
left_child=1 15 4 -3 5 -2 11 -7 9 -8 -5 13 -13 -6 -12 -1 -10
right_child=2 3 -4 10 6 7 8 -9 16 -11 14 12 -14 -15 -16 -17 -18
leaf_value=0.022485973637984866 -0.054636493722612672 -0.023410722833231024 -0.033500793444801384 0.016696014208963817 0.0037068729450106261 0.011068601931202673 -0.016233815341684981 -0.019042581784929857 -0.013916477729669098 -0.082219445851507755 -0.0045987293519882486 0.0019809320856952785 -0.0090573259286078674 0.0076791922556100432 -0.0072857151320944421 0.023618198755096804 -0.012489451302773021
leaf_weight=7.2729834318161029 3.292819004505871 3.2215942488983265 3.6280888989567748 3.695293936878441 7.9973558932542836 4.8232928737998009 1.4570396132767192 2.9549005441367626 1.4338671863079069 1.0041584800928831 2.4241183400154114 5.8972321599721909 3.7035779356956482 5.0888574346899986 2.3843221664428711 5.6639205515384674 2.5769964717328548
leaf_count=40 55 63 55 41 38 37 23 42 31 41 30 40 39 23 23 22 27
internal_value=-0.00234613 0.0103425 -0.00948117 -0.00360267 -0.007315 -0.0165107 -0.00382362 -0.000370501 -0.0244674 -0.0431557 0.0039015 0.00206554 -0.00227715 0.0052516 -0.0059311 0.0229817 -0.0129996
internal_weight=68.5204 24.6622 43.8582 11.7253 40.2301 11.071 29.1591 7.77819 6.47206 2.4612 8.50373 22.687 9.60081 13.0862 4.80844 12.9369 4.01086
internal_count=670 219 451 157 396 134 262 79 122 64 94 140 79 61 53 62 58
is_linear=0
shrinkage=0.1


Tree=106
num_leaves=16
num_cat=0
split_feature=2 1 3 3 2 3 3 3 2 2 3 2 3 3 2
split_gain=0.920266 0.402316 0.67847 0.308599 0.243569 0.299393 0.122429 0.0841904 0.0719548 0.038008 0.120162 0.40842 0.0302937 0.133857 0.103564
threshold=2.5000000000000004 1.0000000180025095e-35 1.5000000000000002 2.5000000000000004 1.0000000180025095e-35 1.0000000180025095e-35 1.0000000180025095e-35 1.0000000180025095e-35 3.5000000000000004 1.0000000180025095e-35 3.5000000000000004 1.5000000000000002 1.5000000000000002 1.0000000180025095e-35 1.5000000000000002
decision_type=2 2 2 2 2 2 2 2 2 2 2 2 2 2 2
left_child=3 6 7 4 5 -1 -2 -3 -9 -5 11 -11 13 -6 -14
right_child=1 2 -4 9 12 -7 -8 8 -10 10 -12 -13 14 -15 -16
leaf_value=0.0026172424530009012 -0.036717061151618498 0.019212932671594296 -0.016004323465330698 -0.01000581227557429 0.0068339476758092852 0.027209827954307549 -0.0188631857304217 -0.0045637513490808003 0.011542386927016125 0.027823440709246597 -0.010458518795802068 -0.0099002043816993502 0.014948916177081301 -0.012172220490793646 -0.00042638299459985159
leaf_weight=8.270120769739151 6.0446414053440121 5.2450644820928582 20.753769371658564 7.7465315535664585 11.191135093569757 12.33198057115078 10.534355878829954 5.3144821003079414 5.8021538928151131 4.6867115199565887 9.1667750328779221 7.4038863778114319 7.9486217945814142 5.5398631989955893 9.7603318244218826
leaf_count=27 23 38 137 55 48 45 38 29 29 16 46 42 31 29 37
internal_value=-0.00219491 -0.0124212 -0.006636 0.00433839 0.00873704 0.0173378 -0.0253726 0.00876986 0.0038426 -0.00400914 -0.00182386 0.00472272 0.00359202 0.000540745 0.00647478
internal_weight=137.74 53.6945 37.1155 84.046 55.0421 20.6021 16.579 16.3617 11.1166 29.0039 21.2574 12.0906 34.44 16.731 17.709
internal_count=670 294 233 376 217 72 61 96 58 159 104 58 145 77 68
is_linear=0
shrinkage=0.1


Tree=107
num_leaves=20
num_cat=0
split_feature=1 0 0 3 3 2 3 3 2 0 3 2 3 1 3 2 1 3 3
split_gain=3.48597 4.54394 0.708838 0.846968 0.63573 0.565261 1.68055 0.569641 0.397417 0.394484 0.201202 0.658464 0.51512 0.183338 0.0724776 0.219098 0.0419102 0.0043187 5.44734e-05
threshold=1.5000000000000002 1.5000000000000002 1.0000000180025095e-35 2.5000000000000004 2.5000000000000004 2.5000000000000004 1.0000000180025095e-35 1.5000000000000002 1.5000000000000002 3.5000000000000004 1.5000000000000002 3.5000000000000004 1.0000000180025095e-35 1.0000000180025095e-35 3.5000000000000004 1.5000000000000002 1.0000000180025095e-35 1.5000000000000002 1.0000000180025095e-35
decision_type=2 2 2 2 2 2 2 2 2 2 2 2 2 2 2 2 2 2 2
left_child=1 4 8 5 13 6 -4 -8 -2 16 12 -12 -7 18 -5 -16 -3 -18 -1
right_child=2 9 3 14 -6 10 7 -9 -10 -11 11 -13 -14 -15 15 -17 17 -19 -20
leaf_value=-0.087799213990932157 -0.0044014593235194334 -0.026124294800854531 0.079624982339766642 0.007173038539465622 -0.036376379767515864 0.007173038539465622 0.007173038539465622 0.042544281630538389 0.007173038539465622 -0.0044014593235194334 0.007173038539465622 0.047633756282337389 0.040286218506628439 -0.063099926177116364 0.027528163868990169 0.007173038539465622 -0.014814371449130302 -0.018502340858795679 -0.088464457767933644
leaf_weight=2.5541167706251162 10.720827713608744 7.1929621398448953 6.4337402582168606 17.199111491441727 7.5982213616371146 4.6843413338065147 9.393814265727995 6.2850896269083014 20.623125374317169 18.876663982868195 6.1249809414148331 5.8335790634155273 4.8910882920026779 7.2147707939147949 8.3457128703594226 4.9713362157344809 6.6523788571357727 6.0748397409915924 2.3759276196360588
leaf_count=26 46 27 22 77 31 23 34 26 72 64 23 20 21 37 31 21 24 22 23
internal_value=-4.55988e-05 -0.0196157 0.0108128 0.0161414 -0.0590629 0.0253587 0.036589 0.0189294 -0.00179533 -0.00440146 0.0138266 0.02292 0.00717304 -0.0732565 0.00717304 0.0169267 -0.0200229 -0.0165747 -0.0881198
internal_weight=164.047 58.5399 105.507 74.1628 19.743 43.6466 22.1126 15.6789 31.344 38.7968 21.534 11.9586 9.57543 12.1448 30.5162 13.317 19.9202 12.7272 4.93004
internal_count=670 254 416 298 117 169 82 60 118 137 87 43 44 86 129 52 73 46 49
is_linear=0
shrinkage=0.1


Tree=108
num_leaves=17
num_cat=0
split_feature=1 0 0 1 2 1 2 2 2 2 0 3 3 2 3 0
split_gain=7.82197 4.55108 1.69344 1.43944 1.06489 1.02259 0.535794 0.513108 0.427414 0.383909 0.312441 0.199948 0.15802 0.000882457 0.000405352 7.01454e-05
threshold=1.5000000000000002 1.5000000000000002 3.5000000000000004 2.5000000000000004 3.5000000000000004 3.5000000000000004 2.5000000000000004 1.5000000000000002 2.5000000000000004 3.5000000000000004 2.5000000000000004 1.5000000000000002 2.5000000000000004 2.5000000000000004 2.5000000000000004 1.5000000000000002
decision_type=2 2 2 2 2 2 2 2 2 2 2 2 2 2 2 2
left_child=2 3 9 -2 5 10 -5 -7 -4 13 -3 -12 -6 14 15 -1
right_child=1 4 8 6 12 7 -8 -9 -10 -11 11 -13 -14 -15 -16 -17
leaf_value=-0.083728956607293042 -0.015434827353417842 0.011463354486068889 -0.04344793927159088 -0.0019857364336744762 0.051970707789956307 0.029530674014246708 0.011463354486068889 0.063304050580844082 -0.015434827353417842 -0.049484228264873593 0.019723186708416451 0.028153493698620996 0.074511788771634654 -0.08615342764800106 -0.085026841577816217 -0.082887084912335374
leaf_weight=1.9012516103684887 9.2684469558298606 7.8088996633887318 2.9549293518066406 8.1609584838151932 7.8550695329904539 10.024730890989305 11.865259990096092 8.1601191461086255 6.021149754524231 4.9851102679967889 5.334521755576132 6.1161995232105255 5.1483731865882874 2.3849193826317787 2.0349548310041428 2.0642864517867565
leaf_count=38 103 72 27 39 34 35 43 28 37 43 19 26 17 29 30 50
internal_value=0.00338297 0.018036 -0.0489057 -0.0133141 0.0362408 0.027679 0.0114634 0.0446859 -0.0154348 -0.0714611 0.0116211 0.027983 0.0608953 -0.0845262 -0.0838795 -0.0832907
internal_weight=102.089 79.7426 22.3466 29.2947 50.4479 37.4445 20.0262 18.1849 8.97608 13.3705 19.2596 11.4507 13.0034 8.38541 6.00049 3.96554
internal_count=670 416 254 185 231 180 82 63 64 190 117 45 51 147 118 88
is_linear=0
shrinkage=0.1


Tree=109
num_leaves=17
num_cat=0
split_feature=1 2 0 3 2 3 0 2 0 3 3 0 2 3 3 3
split_gain=0.89156 0.802347 0.524153 0.475392 0.45317 0.310529 0.155495 4.38164e-07 7.75262e-07 8.1108e-07 4.27484e-07 7.38077e-08 5.55592e-08 1.01454e-07 6.21363e-08 2.05165e-08
threshold=2.5000000000000004 3.5000000000000004 2.5000000000000004 2.5000000000000004 2.5000000000000004 2.5000000000000004 1.5000000000000002 2.5000000000000004 3.5000000000000004 1.5000000000000002 2.5000000000000004 1.0000000180025095e-35 1.0000000180025095e-35 1.5000000000000002 1.5000000000000002 3.5000000000000004
decision_type=2 2 2 2 2 2 2 2 2 2 2 2 2 2 2 2
left_child=1 7 3 -2 -4 -3 -5 10 9 -9 12 -12 13 -1 -14 -13
right_child=2 5 4 6 -6 -7 -8 8 -10 -11 11 15 14 -15 -16 -17
leaf_value=-0.08018568827886681 -0.0025856531004042091 -0.080898368819516356 0.03262605163146063 -0.0025856531004042091 0.086790551230766483 -0.0025856531004042091 0.03262605163146063 -0.080645729472737779 -0.080250871615282771 -0.080389896566145105 -0.080488574300791232 -0.080373594911326146 -0.080362857223006179 -0.080333643002405752 -0.080292042012012149 -0.080422760983388797
leaf_weight=0.087937321746722974 2.2465610513463599 0.58862803131341968 1.1921659735962751 1.2167360093444588 2.2403670269995928 1.4939531832933424 2.6924499422311783 0.2582218307070433 0.13271922036074102 0.23827046924270689 0.15260261902585626 0.12774847308173776 0.25005893222987652 0.097989611327648163 0.24560515442863107 0.25288392463698983
leaf_count=31 87 54 34 32 30 34 34 27 35 48 22 26 50 19 57 50
internal_value=0.00926393 -0.0308717 0.0257004 0.00824112 0.057011 -0.00258565 0.0326261 -0.0803978 -0.0804656 -0.080523 -0.0803628 -0.0804298 -0.0803103 -0.0802637 -0.0803278 -0.0804063
internal_weight=13.5149 3.92662 9.58828 6.15575 3.43253 2.08258 3.90919 1.84404 0.629212 0.496492 1.21483 0.533235 0.681591 0.185927 0.495664 0.380632
internal_count=670 453 217 153 64 88 66 365 110 75 255 98 157 50 107 76
is_linear=0
shrinkage=0.1


Tree=110
num_leaves=18
num_cat=0
split_feature=2 3 3 3 2 3 3 3 3 2 3 3 2 2 2 2 2
split_gain=0.600188 0.363592 0.196738 0.147204 0.102812 0.598697 0.28237 0.141928 0.119455 0.258249 0.101988 0.0236306 0.0181009 0.00558373 0.00176684 8.08525e-06 2.81768e-06
threshold=1.5000000000000002 1.5000000000000002 3.5000000000000004 2.5000000000000004 2.5000000000000004 1.5000000000000002 1.5000000000000002 2.5000000000000004 2.5000000000000004 3.5000000000000004 3.5000000000000004 1.0000000180025095e-35 3.5000000000000004 3.5000000000000004 1.0000000180025095e-35 3.5000000000000004 1.0000000180025095e-35
decision_type=2 2 2 2 2 2 2 2 2 2 2 2 2 2 2 2 2
left_child=1 16 4 -3 5 -2 11 -7 9 -8 -5 13 -13 -6 -12 -10 -1
right_child=2 3 -4 10 6 7 8 -9 15 -11 14 12 -14 -15 -16 -17 -18
leaf_value=0.021366012029586129 -0.052842848079343287 -0.021481621711576249 -0.032216704070116627 0.016343946948682599 0.0018185118724573651 0.0093185760529875504 -0.014266724036289216 -0.018510906895653143 -0.012853909635109906 -0.082110547129911601 -0.003834695042073788 0.0003386644975107196 -0.0085839216379547442 0.0060698478040972573 -0.0076750646763906367 -0.012556209036270697 0.021460040798626491
leaf_weight=7.3165261447429675 3.1329100616276246 3.131471373140811 3.5498468074947587 3.7042462378740293 7.9862835854291951 4.8910048119723797 1.4186715669929975 2.9305985048413277 1.4133074767887595 0.9281430561095475 2.4015625417232513 5.9517283663153648 3.6790657080709934 5.0384585931897163 2.3903897702693939 2.5734705682843924 5.6463131010532379
leaf_count=40 55 63 55 41 38 37 23 42 31 41 30 40 39 23 23 27 22
internal_value=-0.00259626 0.0098905 -0.00965607 -0.00294838 -0.00765107 -0.0159042 -0.00453236 -0.00110858 -0.0231985 -0.0410983 0.00388248 0.000685954 -0.00306986 0.00346309 -0.0057504 -0.0126617 0.021407
internal_weight=68.084 24.5905 43.4935 11.6277 39.9436 10.9545 28.9891 7.8216 6.33359 2.34681 8.4962 22.6555 9.63079 13.0247 4.79195 3.98678 12.9628
internal_count=670 219 451 157 396 134 262 79 122 64 94 140 79 61 53 58 62
is_linear=0
shrinkage=0.1


Tree=111
num_leaves=18
num_cat=0
split_feature=2 1 3 3 2 2 3 3 3 2 3 2 2 2 2 2 3
split_gain=0.804427 0.416321 0.598007 0.283398 0.542316 0.0984608 0.0983403 0.0856662 0.0753119 0.0582747 0.0424594 0.247863 0.0396832 0.0613667 0.00670984 0.00120438 0.0298286
threshold=2.5000000000000004 1.0000000180025095e-35 1.5000000000000002 1.5000000000000002 1.0000000180025095e-35 3.5000000000000004 1.0000000180025095e-35 1.0000000180025095e-35 2.5000000000000004 3.5000000000000004 3.5000000000000004 1.0000000180025095e-35 1.5000000000000002 1.0000000180025095e-35 1.5000000000000002 3.5000000000000004 2.5000000000000004
decision_type=2 2 2 2 2 2 2 2 2 2 2 2 2 2 2 2 2
left_child=3 5 7 4 -1 -2 -6 -3 12 -9 14 -12 13 -5 -10 -4 -17
right_child=1 2 15 8 6 -7 -8 9 10 -11 11 -13 -14 -15 -16 16 -18
leaf_value=0.027737564799396326 -0.01809154363453639 0.018796350894497261 -0.011857462427204486 0.00045649904391489968 0.0053881011710633191 -0.033581127728395936 -0.010989467293862942 -0.0042811314215008512 -0.0056552674340087442 0.010245336142291644 0.015853183148892409 -0.010601937539457887 -0.0016451415401092394 0.012798810563154265 -0.010056786248662838 -0.0068755824886907041 -0.015627119352285512
leaf_weight=12.220698714256288 8.9635055065155047 5.2551017105579385 6.2625045627355584 8.2845341712236422 11.066952094435694 7.569203406572341 5.4826810508966437 5.2981187328696251 6.5239032432436943 5.7682336866855621 5.7970040589571008 9.1025021523237211 9.6659727990627307 7.8414912819862357 7.3828847780823708 7.5906581878662109 6.5199993699789047
leaf_count=40 31 38 54 32 48 30 29 29 41 29 30 46 37 31 42 41 42
internal_value=-0.00240326 -0.0120074 -0.00607107 0.00372858 0.0117604 -0.0251832 -3.75771e-05 0.0082831 -0.000503751 0.00329066 -0.00401807 -0.000308949 0.00342128 0.00645811 -0.00799196 -0.0156271 -0.0156271
internal_weight=136.596 53.2273 36.6946 83.3686 28.7703 16.5327 16.5496 16.3215 54.5983 11.0664 28.8063 14.8995 25.792 16.126 13.9068 20.3732 14.1107
internal_count=670 294 233 376 117 61 77 96 259 58 159 76 100 63 83 137 83
is_linear=0
shrinkage=0.1


Tree=112
num_leaves=20
num_cat=0
split_feature=1 0 0 3 3 2 3 3 0 2 1 3 2 3 3 2 1 3 3
split_gain=3.04479 4.21448 0.647842 0.777947 0.59879 0.483733 1.40651 0.542614 0.358691 0.343923 0.20156 0.184769 0.562391 0.492836 0.0545179 0.173162 0.0458734 0.00447337 3.96335e-05
threshold=1.5000000000000002 1.5000000000000002 1.0000000180025095e-35 2.5000000000000004 2.5000000000000004 2.5000000000000004 1.0000000180025095e-35 1.5000000000000002 3.5000000000000004 1.5000000000000002 1.0000000180025095e-35 1.5000000000000002 3.5000000000000004 1.0000000180025095e-35 3.5000000000000004 1.5000000000000002 1.0000000180025095e-35 1.5000000000000002 1.0000000180025095e-35
decision_type=2 2 2 2 2 2 2 2 2 2 2 2 2 2 2 2 2 2 2
left_child=1 4 9 5 10 6 -4 -8 16 -2 18 13 -13 -7 -5 -16 -3 -18 -1
right_child=2 8 3 14 -6 11 7 -9 -10 -11 -12 12 -14 -15 15 -17 17 -19 -20
leaf_value=-0.087268021641957572 -0.0040475063324541868 -0.025556017647137691 0.073613949876608104 0.0067615775144387637 -0.035176271890742856 0.0067615775144387637 0.0067615775144387637 0.041252376441034605 -0.0040475063324541868 0.0067615775144387637 -0.060643367068370771 0.0067615775144387637 0.044913954220898285 0.039050772697657561 0.02515860425447258 0.0067615775144387637 -0.013743230415100963 -0.017507205871449161 -0.087853418161117816
leaf_weight=2.4036924093961733 10.63775283098221 7.1545078456401834 6.5075995326042202 17.040189728140831 7.5325153619050971 4.6230888143181801 9.3419661819934827 6.3128660023212424 18.858872801065445 20.604981943964958 6.9774453416466713 6.0781183242797852 5.7911748886108398 4.8835102468729019 8.2548292577266711 4.9398826062679282 6.6219637095928192 6.0351710021495819 2.2290655896067619
leaf_count=26 46 27 22 77 31 23 34 26 64 72 37 23 20 21 31 21 24 22 23
internal_value=9.44787e-05 -0.0183356 0.0102406 0.0153519 -0.0571339 0.0241891 0.034541 0.0182987 -0.00404751 -0.00182872 -0.0713797 0.0134563 0.0221365 0.00676158 0.00676158 0.015734 -0.0191558 -0.015538 -0.0875497
internal_weight=162.829 57.8132 105.016 73.7732 19.1427 43.5383 22.1624 15.6548 38.6705 31.2427 11.6102 21.3759 11.8693 9.5066 30.2349 13.1947 19.8116 12.6571 4.63276
internal_count=670 254 416 298 117 169 82 60 137 118 86 87 43 44 129 52 73 46 49
is_linear=0
shrinkage=0.1


Tree=113
num_leaves=16
num_cat=0
split_feature=1 0 0 1 0 1 2 2 2 2 3 3 2 3 0
split_gain=7.07386 4.17656 1.67014 1.3834 0.992919 0.857579 0.49085 0.482729 0.388203 0.386681 0.383156 0.213173 0.000756402 0.000350417 5.61664e-05
threshold=1.5000000000000002 1.5000000000000002 3.5000000000000004 2.5000000000000004 2.5000000000000004 3.5000000000000004 2.5000000000000004 3.5000000000000004 2.5000000000000004 3.5000000000000004 1.0000000180025095e-35 2.5000000000000004 2.5000000000000004 2.5000000000000004 1.5000000000000002
decision_type=2 2 2 2 2 2 2 2 2 2 2 2 2 2 2
left_child=2 3 9 -2 5 -3 -5 10 -4 12 -6 -7 13 14 -1
right_child=1 4 8 6 7 11 -8 -9 -10 -11 -12 -13 -14 -15 -16
leaf_value=-0.083441288895869645 -0.015008812011601497 0.010895372435333513 -0.042749007818843589 -0.0020567197881339919 0.062005996504163122 0.022771789171284907 0.010895372435333513 0.067791123688528063 -0.015008812011601497 -0.048380025442954243 0.034648205907236301 0.034648205907236301 -0.085774329115674897 -0.084702923976783417 -0.082659176562852058
leaf_weight=1.7660158127546313 9.0960053317248839 10.24880313873291 2.8446484208106995 8.1141023933887482 5.4817349314689663 8.3606401681900007 11.878872588276863 8.6793908178806323 5.9862057268619537 4.8786558583378792 11.123515740036963 6.540816307067872 2.2573795989155769 1.914238419383764 1.9126340188086031
leaf_count=38 103 84 27 39 19 31 43 33 37 43 43 21 29 30 50
internal_value=0.00350714 0.0172812 -0.0472988 -0.0128948 0.0346856 0.0206171 0.0108954 0.0486793 -0.0150088 -0.0704892 0.0386898 0.0346482 -0.0842293 -0.0836056 -0.0830346
internal_weight=101.084 79.5239 21.5598 29.089 50.4349 25.1503 19.993 25.2846 8.83085 12.7289 16.6053 14.9015 7.85027 5.59289 3.67865
internal_count=670 416 254 185 231 136 82 95 64 190 62 52 147 118 88
is_linear=0
shrinkage=0.1


Tree=114
num_leaves=20
num_cat=0
split_feature=2 1 0 3 0 1 2 3 3 1 3 2 1 3 3 2 0 0 3
split_gain=0.821392 0.958997 0.685626 0.697958 0.518221 0.383671 0.123994 0.18878 4.32251e-05 2.6798e-06 1.47489e-06 5.56803e-07 2.94555e-07 2.86905e-07 2.70426e-07 4.41706e-08 4.30576e-08 2.04353e-08 7.84785e-09
threshold=3.5000000000000004 2.5000000000000004 2.5000000000000004 3.5000000000000004 1.5000000000000002 3.5000000000000004 1.0000000180025095e-35 1.5000000000000002 2.5000000000000004 1.0000000180025095e-35 1.5000000000000002 2.5000000000000004 1.5000000000000002 3.5000000000000004 2.5000000000000004 2.5000000000000004 1.5000000000000002 1.5000000000000002 2.5000000000000004
decision_type=2 2 2 2 2 2 2 2 2 2 2 2 2 2 2 2 2 2 2
left_child=1 9 3 5 -3 8 -6 -8 10 11 -2 13 14 -1 17 18 -17 -11 -14
right_child=2 4 -4 -5 6 -7 7 -9 -10 12 -12 -13 15 -15 -16 16 -18 -19 -20
leaf_value=-0.080397842085789428 -0.080556552259776371 -0.036294788851430941 0.07681701938996098 0.043262117256469647 -0.001368360521901729 0.0060651230272369891 0.0066182341938041045 0.062137581062191229 -0.082101419180753435 -0.080318612770132497 -0.080905084442402742 -0.080629454970020484 -0.080178848314739259 -0.080546611958838332 -0.080397842085789428 -0.08027248472619071 -0.080204261928763634 -0.08027248472619071 -0.080210129595612842
leaf_weight=0.2226016274653374 0.25023808889091026 0.70167788304388512 2.3828719388693571 2.8504507075995207 1.2300869924947622 1.1086907312273979 1.1023637503385546 1.3780602123588321 0.43075723201036453 0.10080605954863109 0.23585100565105677 0.29467281140387058 0.15026678540743887 0.17493920587003231 0.12855695188045502 0.10122806602157652 0.10670165391638875 0.261275346390903 0.17200482496991754
leaf_count=42 31 46 45 27 38 19 29 35 14 21 21 31 55 21 19 22 34 65 55
internal_value=0.0100971 -0.0168712 0.0328537 0.011369 0.00778382 -0.0335127 0.0245901 0.0374634 -0.081372 -0.0803734 -0.0807257 -0.0805253 -0.0802704 -0.0804481 -0.0803262 -0.0802187 -0.0802547 -0.0802778 -0.0801955
internal_weight=13.3841 6.12524 7.25886 4.87599 4.41219 2.02554 3.71051 2.48042 0.916846 1.71305 0.486089 0.692214 1.02084 0.397541 0.490638 0.530201 0.20793 0.362081 0.322272
internal_count=670 513 157 112 148 85 102 64 66 365 52 94 271 63 105 166 56 86 110
is_linear=0
shrinkage=0.1


Tree=115
num_leaves=18
num_cat=0
split_feature=2 3 3 3 3 2 3 3 3 3 2 3 2 2 2 2 2
split_gain=0.585099 0.329285 0.171422 0.123741 0.086895 0.0844154 0.524305 0.232523 0.120853 0.102212 0.253963 0.0203764 0.0114933 0.00480425 0.00342583 0.00134566 9.55835e-05
threshold=1.5000000000000002 1.5000000000000002 3.5000000000000004 2.5000000000000004 3.5000000000000004 2.5000000000000004 1.5000000000000002 1.5000000000000002 2.5000000000000004 2.5000000000000004 3.5000000000000004 1.0000000180025095e-35 3.5000000000000004 3.5000000000000004 1.0000000180025095e-35 1.0000000180025095e-35 3.5000000000000004
decision_type=2 2 2 2 2 2 2 2 2 2 2 2 2 2 2 2 2
left_child=1 15 5 -3 -5 6 -2 11 -8 10 -9 13 -13 -7 -6 -1 -11
right_child=2 3 -4 4 14 7 8 9 -10 16 -12 12 -14 -15 -16 -17 -18
leaf_value=0.021500375869860908 -0.051041341504024035 -0.019863052105285169 -0.030996531751107882 0.0149969883596839 -0.0026715428043785168 0.00077289741575281708 0.0076794789791802334 -0.012797285660181835 -0.018001234394334473 -0.011819263509305306 -0.082001663171837311 -0.0010780805727943993 -0.0081908031622868038 0.0047335608118087126 -0.008033978581392676 0.019442847227552285 -0.012847259297287854
leaf_weight=7.3072289526462573 2.9851262830197793 3.0599899506196371 3.4780033472925416 3.7394840680062753 2.3697239831089973 7.9518368244171178 4.9560522921383381 1.3914295211434358 2.9075686223804951 1.3938323706388476 0.85680887848138798 5.9955054484307766 3.657826716080308 4.9809917211532593 2.395850658416748 5.6259197890758514 2.576274273917079
leaf_count=40 55 63 55 41 30 38 37 23 42 31 41 40 39 23 23 22 27
internal_value=-0.00269966 0.00964207 -0.00970966 -0.00261813 0.00358633 -0.00784257 -0.0153607 -0.00501098 -0.00181595 -0.0221343 -0.0391712 -0.000296659 -0.00377322 0.00229832 -0.00536746 0.0206054 -0.0124863
internal_weight=67.6295 24.4982 43.1313 11.565 8.50506 39.6533 10.8487 28.8045 7.86362 6.21835 2.24824 22.5862 9.65333 12.9328 4.76557 12.9331 3.97011
internal_count=670 219 451 157 94 396 134 262 79 122 64 140 79 61 53 62 58
is_linear=0
shrinkage=0.1


Tree=116
num_leaves=18
num_cat=0
split_feature=2 1 3 3 2 3 3 2 3 2 2 2 3 2 2 2 3
split_gain=0.717031 0.416842 0.545438 0.276569 0.518158 0.0943254 0.0892855 0.0823359 0.0549072 0.0467382 0.041071 0.0449837 0.0363042 0.237773 0.00974622 0.00913561 0.0362175
threshold=2.5000000000000004 1.0000000180025095e-35 1.5000000000000002 1.5000000000000002 1.0000000180025095e-35 1.0000000180025095e-35 1.0000000180025095e-35 1.5000000000000002 2.5000000000000004 3.5000000000000004 1.5000000000000002 1.0000000180025095e-35 3.5000000000000004 1.0000000180025095e-35 1.5000000000000002 3.5000000000000004 2.5000000000000004
decision_type=2 2 2 2 2 2 2 2 2 2 2 2 2 2 2 2 2
left_child=3 5 6 4 -1 -2 -3 -6 10 -8 11 -5 14 -14 -10 -4 -17
right_child=1 2 15 8 7 -7 9 -9 12 -11 -12 -13 13 -15 -16 16 -18
leaf_value=0.026760738806667031 -0.03495716270032341 0.018650252892089488 -0.010650199661891069 0.0003215476403936302 -0.012549394445800456 -0.019214369724615123 -0.0039802591713889316 0.0036935309942994865 -0.0048643347107815826 0.0090629684256057687 -0.0028074274074614391 0.010947647655380647 0.015217369179912564 -0.010717982848289599 -0.010184354793772001 -0.0062952630059047963 -0.015331980215340435
leaf_weight=12.191526323556902 5.9703227281570461 5.2541059367358693 6.1809296496212491 8.2138741314411146 4.1969209015369424 10.498680442571638 5.2805218994617462 12.170700758695602 6.4710737094283104 5.72664475440979 9.5836338549852371 7.7359897196292886 5.8054151087999353 9.0383488908410055 7.3604188412427902 7.4721266031265259 6.4203399755060673
leaf_count=40 23 38 54 32 22 38 29 55 41 29 37 31 30 46 42 41 42
internal_value=-0.00261919 -0.0117243 -0.00574253 0.0031896 0.0111536 -0.0249214 0.00792515 -0.000471416 -0.00100614 0.00280568 0.00236657 0.00547541 -0.00400932 -0.000574633 -0.00769538 -0.015332 -0.015332
internal_weight=135.572 52.8037 36.3347 82.7679 28.5591 16.469 16.2613 16.3676 54.2088 11.0072 25.5335 15.9499 28.6753 14.8438 13.8315 20.0734 13.8925
internal_count=670 294 233 376 117 61 96 77 259 58 100 63 159 76 83 137 83
is_linear=0
shrinkage=0.1


Tree=117
num_leaves=16
num_cat=0
split_feature=1 0 0 3 1 3 3 2 1 2 3 2 0 0 3
split_gain=2.81838 1.72159 1.03648 1.48201 1.34194 0.808788 0.803098 0.831915 0.694867 1.01583 0.382493 0.137721 0.106074 0.0599782 0.000244836
threshold=1.0000000180025095e-35 1.5000000000000002 1.5000000000000002 1.5000000000000002 2.5000000000000004 1.0000000180025095e-35 3.5000000000000004 1.5000000000000002 1.5000000000000002 1.5000000000000002 3.5000000000000004 2.5000000000000004 3.5000000000000004 3.5000000000000004 1.0000000180025095e-35
decision_type=2 2 2 2 2 2 2 2 2 2 2 2 2 2 2
left_child=1 10 4 5 11 8 -5 -8 -4 -10 14 -2 -3 -7 -1
right_child=2 12 3 6 -6 13 7 -9 9 -11 -12 -13 -14 -15 -16
leaf_value=-0.08674022609871232 -0.012907289373634161 -0.025125306659959906 0.0044927154600060458 0.0044927154600060458 0.0044927154600060458 0.040809232567831366 0.055820940249229602 0.0044927154600060458 0.06971540762501878 0.019464451958160989 -0.042435928947144021 -0.004207286956814057 -0.012907289373634161 0.054159890903022673 -0.08817395264578537
leaf_weight=2.253476358950139 19.633992910385132 7.1143019795417777 6.5946831107139614 36.747981622815132 23.087870568037033 5.8148017823696154 6.3021796941757184 4.9293663501739502 4.9244306087493879 5.2322091683745384 3.1087266355752945 16.586796402931213 8.8301869034767151 7.9872218370437622 2.5264405608177185
leaf_count=26 92 27 24 149 82 24 24 21 16 26 14 62 31 26 26
internal_value=0.000223932 -0.0315286 0.00571402 0.0132497 -0.0042643 0.030611 0.00449272 0.0316517 0.0158426 0.0344362 -0.0697401 -0.0129073 -0.0129073 0.0485352 -0.087498
internal_weight=161.675 23.8331 137.842 78.5329 59.3087 30.5533 47.9795 11.2315 16.7513 10.1566 7.88864 36.2208 15.9445 13.802 4.77992
internal_count=670 124 546 310 236 116 194 45 66 42 66 154 58 50 52
is_linear=0
shrinkage=0.1


Tree=118
num_leaves=17
num_cat=0
split_feature=1 0 0 1 2 1 2 2 2 2 3 2 3 2 3 0
split_gain=6.40584 3.83899 1.63863 1.33056 0.929358 0.913889 0.453358 0.389308 0.362326 0.354738 0.28347 0.180535 0.106477 0.000635192 0.000301701 4.41724e-05
threshold=1.5000000000000002 1.5000000000000002 3.5000000000000004 2.5000000000000004 3.5000000000000004 3.5000000000000004 2.5000000000000004 3.5000000000000004 1.5000000000000002 2.5000000000000004 1.0000000180025095e-35 1.5000000000000002 2.5000000000000004 2.5000000000000004 2.5000000000000004 1.5000000000000002
decision_type=2 2 2 2 2 2 2 2 2 2 2 2 2 2 2 2
left_child=2 3 7 -2 5 10 -5 13 -7 -4 -3 -12 -6 14 15 -1
right_child=1 4 9 6 12 8 -8 -9 -10 -11 11 -13 -14 -15 -16 -17
leaf_value=-0.083176968645355218 -0.014545237168560727 0.025946214744390367 -0.042022767762559379 -0.002054162625140331 0.049112760287792934 0.028630164967840228 0.010436911918280065 -0.047275757927571188 0.057025107983123872 -0.014545237168560727 0.025946214744390367 0.010436911918280065 0.067710562787045556 -0.085404750631076248 -0.084402173400761615 -0.082457086359919926
leaf_weight=1.640428636223078 8.9256443381309527 4.2371582388877895 2.7503998875617981 8.0753504931926727 7.7414046525955182 9.949221074581148 11.890073254704475 4.776455245912075 8.1956085562705976 5.9527623504400253 6.1485211551189414 8.9133444428443891 5.1108579635620117 2.1298352032899857 1.8021801114082334 1.7742974534630773
leaf_count=38 103 21 27 39 34 35 43 43 28 37 35 61 17 29 30 50
internal_value=0.00363987 0.0166188 -0.0457092 -0.0124326 0.0333064 0.0253426 0.0104369 -0.0695003 0.0414555 -0.0145452 0.0104369 0.0104369 0.0565084 -0.0839495 -0.0833554 -0.0828029
internal_weight=100.014 79.1872 20.8264 28.8911 50.2961 37.4439 19.9654 12.1232 18.1448 8.70316 19.299 15.0619 12.8523 7.34674 5.21691 3.41473
internal_count=670 416 254 185 231 180 82 190 63 64 117 96 51 147 118 88
is_linear=0
shrinkage=0.1


Tree=119
num_leaves=17
num_cat=0
split_feature=1 2 0 3 2 3 0 2 0 3 3 0 2 3 3 3
split_gain=0.73918 0.734949 0.459044 0.416299 0.391919 0.306783 0.145716 3.53536e-07 5.71201e-07 5.82086e-07 3.22001e-07 5.93658e-08 4.02876e-08 6.52187e-08 3.86163e-08 1.37404e-08
threshold=2.5000000000000004 3.5000000000000004 2.5000000000000004 2.5000000000000004 2.5000000000000004 2.5000000000000004 1.5000000000000002 2.5000000000000004 3.5000000000000004 1.5000000000000002 2.5000000000000004 1.0000000180025095e-35 1.0000000180025095e-35 1.5000000000000002 1.5000000000000002 3.5000000000000004
decision_type=2 2 2 2 2 2 2 2 2 2 2 2 2 2 2 2
left_child=1 7 3 -2 -4 -3 -5 10 9 -9 12 -12 13 -1 -14 -13
right_child=2 5 4 6 -6 -7 -8 8 -10 -11 11 15 14 -15 -16 -17
leaf_value=-0.080153497883558633 -0.0014489863288686775 -0.080903508085793219 0.031091869862268341 -0.0014489863288686775 0.080855575517361111 -0.0014489863288686775 0.031091869862268341 -0.080576391876526141 -0.080214866461613424 -0.080344755129529988 -0.080434379231846265 -0.080326711082695387 -0.08031223255804687 -0.080283290629187876 -0.080252023154630647 -0.080370067767812595
leaf_weight=0.072337883524597801 2.1798631986603123 0.54753318615257773 1.1894068038091066 1.2192773306742313 2.3103756634518504 1.5450415629893539 2.7358104437589645 0.23005065484903742 0.11304063512943685 0.20529935508966446 0.1343002631329 0.11049572238698602 0.21506059938110411 0.083290032111108303 0.21106780599802732 0.21594943758100271
leaf_count=31 87 54 34 32 30 34 34 27 35 48 22 26 50 19 57 50
internal_value=0.0103185 -0.0277832 0.0248852 0.00839892 0.0537848 -0.00144899 0.0310919 -0.0803502 -0.0804152 -0.0804672 -0.080316 -0.0803784 -0.0802665 -0.080223 -0.0802824 -0.0803554
internal_weight=13.3182 3.68347 9.63473 6.13495 3.49978 2.09257 3.95509 1.59089 0.548391 0.43535 1.0425 0.460745 0.581756 0.155628 0.426128 0.326445
internal_count=670 453 217 153 64 88 66 365 110 75 255 98 157 50 107 76
is_linear=0
shrinkage=0.1


Tree=120
num_leaves=18
num_cat=0
split_feature=2 3 3 3 3 2 3 3 3 3 2 3 2 2 2 2 2
split_gain=0.564392 0.297505 0.15349 0.104929 0.0696986 0.0685962 0.461709 0.190371 0.101858 0.0888503 0.249207 0.00997737 0.00913494 0.00529231 0.0043555 0.00394956 0.000176671
threshold=1.5000000000000002 1.5000000000000002 3.5000000000000004 2.5000000000000004 3.5000000000000004 2.5000000000000004 1.5000000000000002 1.5000000000000002 2.5000000000000004 2.5000000000000004 3.5000000000000004 1.0000000180025095e-35 3.5000000000000004 3.5000000000000004 1.0000000180025095e-35 1.0000000180025095e-35 3.5000000000000004
decision_type=2 2 2 2 2 2 2 2 2 2 2 2 2 2 2 2 2
left_child=1 14 5 -3 -5 6 -2 11 -8 10 -9 13 -13 -7 -1 -6 -11
right_child=2 3 -4 4 15 7 8 9 -10 16 -12 12 -14 -15 -16 -17 -18
leaf_value=0.021456203136554719 -0.049203225202792675 -0.018361235932393204 -0.029964514012090417 0.013523458431397834 -0.0017871013868555293 -0.0008252457675047343 0.0063933558928955525 -0.011387220746856497 -0.017218322249192865 -0.011127910267749916 -0.081869492779416589 -0.0010789538096620257 -0.0074455615887941739 0.0033486579515969749 0.017749653030776122 -0.0075709976076935278 -0.012530979613219846
leaf_weight=7.3056745529174822 2.8470258116722089 2.9967548213899127 3.4178775912150732 3.7784691341221315 2.3453153371810913 7.922616526484493 5.0078274682164192 1.3657372482120984 2.8764417693018913 1.3809398263692858 0.79288616776466359 5.9547958709299564 3.6259512603282928 4.9269895106554031 5.6006923615932465 2.3773525953292847 2.5632396060973406
leaf_count=40 55 63 55 41 30 38 37 23 42 31 41 40 39 23 22 23 27
internal_value=-0.00270361 0.00942647 -0.00963917 -0.00227141 0.00340045 -0.00786989 -0.0146854 -0.00530658 -0.00222096 -0.0209661 -0.0372761 -0.00104597 -0.00348847 0.000775175 0.0198478 -0.00469867 -0.0120397
internal_weight=67.0866 24.4043 42.6823 11.4979 8.50114 39.2645 10.7313 28.5332 7.88427 6.1028 2.15862 22.4304 9.58075 12.8496 12.9064 4.72267 3.94418
internal_count=670 219 451 157 94 396 134 262 79 122 64 140 79 61 62 53 58
is_linear=0
shrinkage=0.1


Tree=121
num_leaves=18
num_cat=0
split_feature=2 1 3 3 2 3 3 3 3 2 2 3 2 2 2 3 2
split_gain=0.625138 0.445764 0.547731 0.263664 0.483093 0.073584 0.0725487 0.0683332 0.0380033 0.0367758 0.0345996 0.0341741 0.211212 0.0266056 0.0129473 0.0366268 0.00990657
threshold=2.5000000000000004 1.0000000180025095e-35 1.5000000000000002 1.5000000000000002 1.0000000180025095e-35 1.0000000180025095e-35 1.0000000180025095e-35 1.0000000180025095e-35 2.5000000000000004 1.5000000000000002 1.0000000180025095e-35 3.5000000000000004 1.0000000180025095e-35 3.5000000000000004 3.5000000000000004 2.5000000000000004 1.5000000000000002
decision_type=2 2 2 2 2 2 2 2 2 2 2 2 2 2 2 2 2
left_child=3 5 7 4 -1 -2 -6 -3 9 10 -5 16 -13 -9 -4 -16 -10
right_child=1 2 14 8 6 -7 -8 13 11 -11 -12 12 -14 -15 15 -17 -18
leaf_value=0.025716791368944017 -0.033688408449409984 0.018192324391428743 -0.0097521666538566767 -2.27271695678469e-05 0.0041005543062338614 -0.019751005505645607 -0.010061900351593683 -0.00089937413733045038 -0.0044898803858253169 -0.0033591018806121754 0.0093311456184095344 0.014399268028981466 -0.010092475201696443 0.009021980663742258 -0.0059485663417128591 -0.014835875810441022 -0.0098693568868200767
leaf_weight=12.158141642808916 5.9241729378700283 5.2650080136954793 6.1175570227205762 8.1711543947458249 10.797518581151964 10.505778342485426 5.439047008752822 5.1519653424620628 6.4233068600296974 9.5262532085180283 7.6630102396011361 5.8169433623552331 8.9214270040392858 5.6859825998544693 7.418355718255043 6.3252853564918041 7.3295512869954109
leaf_count=40 23 38 54 32 48 38 29 29 41 37 31 30 46 29 41 42 42
internal_value=-0.00259248 -0.0111297 -0.00489532 0.00284607 0.0106434 -0.0247764 -0.000643691 0.00884608 -0.00126529 0.00155042 0.00450412 -0.0037716 -0.000426068 0.00430573 -0.0148359 -0.0148359 -0.00735686
internal_weight=134.64 52.3941 35.9642 82.2464 28.3947 16.43 16.2366 16.103 53.8516 25.3604 15.8342 28.4912 14.7384 10.8379 19.8612 13.7436 13.7529
internal_count=670 294 233 376 117 61 77 96 259 100 63 159 76 58 137 83 83
is_linear=0
shrinkage=0.1


Tree=122
num_leaves=20
num_cat=0
split_feature=1 0 0 3 3 0 2 3 3 2 1 3 2 3 1 3 2 3 3
split_gain=2.80897 3.60116 0.58181 0.696338 0.544527 0.389514 0.381226 1.07373 0.549903 0.292091 0.203619 0.182094 0.500391 0.416388 0.0359109 0.0284697 0.116366 0.00710481 2.38358e-05
threshold=1.5000000000000002 1.5000000000000002 1.0000000180025095e-35 2.5000000000000004 2.5000000000000004 3.5000000000000004 2.5000000000000004 1.0000000180025095e-35 1.5000000000000002 1.5000000000000002 1.0000000180025095e-35 1.5000000000000002 3.5000000000000004 1.0000000180025095e-35 1.0000000180025095e-35 3.5000000000000004 1.5000000000000002 1.5000000000000002 1.0000000180025095e-35
decision_type=2 2 2 2 2 2 2 2 2 2 2 2 2 2 2 2 2 2 2
left_child=1 4 9 6 10 14 7 -4 -9 -2 18 13 -13 -8 -3 -5 -17 -16 -1
right_child=2 5 3 15 -6 -7 11 8 -10 -11 -12 12 -14 -15 17 16 -18 -19 -20
leaf_value=-0.086287350614235966 -0.0038730885287330446 -0.024534202280750567 0.066344801228770289 0.0066603929060289856 -0.033722715278211829 -0.0038730885287330446 0.0066603929060289856 0.0066603929060289856 0.041252599828796463 0.0066603929060289856 -0.05820436260560901 0.0066603929060289856 0.043698932684460866 0.036443935312010817 -0.013371419092743154 0.022057801355498903 0.0066603929060289856 -0.018122804364017402 -0.086771186428175939
leaf_weight=2.1195065863430518 10.435395717620851 7.0723327100276956 6.5525946021080044 16.750253215432167 7.4289770275354376 18.777473777532578 4.5151472613215446 9.2738611698150617 6.2960978746414176 20.563842758536339 6.7293319702148438 6.0140974223613739 5.7144011259078979 4.8506614118814468 6.6127571165561676 8.1078915596008319 4.8951216638088217 6.004955530166626 1.9595689475536344
leaf_count=26 46 27 22 77 31 64 23 34 26 72 37 23 20 21 24 31 21 22 23
internal_value=0.000196423 -0.0177073 0.00996111 0.0148369 -0.054565 -0.00387309 0.0232136 0.0323848 0.0180929 -0.00151607 -0.0688906 0.0135953 0.0222088 0.00666039 -0.01883 0.00666039 0.0142983 -0.0156327 -0.0865198
internal_weight=160.674 56.7049 103.969 72.9701 18.2374 38.4675 43.2169 22.1226 15.57 30.9992 10.8084 21.0943 11.7285 9.36581 19.69 29.7533 13.003 12.6177 4.07908
internal_count=670 254 416 298 117 137 169 82 60 118 86 87 43 44 73 129 52 46 49
is_linear=0
shrinkage=0.1


Tree=123
num_leaves=16
num_cat=0
split_feature=1 0 0 1 0 1 2 2 2 3 2 3 2 3 0
split_gain=5.60569 3.52379 1.63567 1.26313 0.879783 0.738027 0.422656 0.406677 0.398867 0.331644 0.312853 0.200034 0.00054646 0.000254203 3.53862e-05
threshold=1.5000000000000002 1.5000000000000002 3.5000000000000004 2.5000000000000004 2.5000000000000004 3.5000000000000004 3.5000000000000004 2.5000000000000004 3.5000000000000004 1.0000000180025095e-35 2.5000000000000004 2.5000000000000004 2.5000000000000004 2.5000000000000004 1.5000000000000002
decision_type=2 2 2 2 2 2 2 2 2 2 2 2 2 2 2
left_child=2 3 8 -2 5 -3 9 -5 12 -6 -4 -7 13 14 -1
right_child=1 4 10 7 6 11 -8 -9 -10 -11 -12 -13 -14 -15 -16
leaf_value=-0.082931398474441836 -0.01408532288103433 0.0095950410422262159 -0.041232119934611081 -0.0022451409194040569 0.057064105928254075 0.020580466748919293 0.062922791200363551 0.0095950410422262159 -0.045734646493262678 0.031565892455612372 -0.01408532288103433 0.031565892455612372 -0.085072817268994835 -0.084103459943876538 -0.082261732331949319
leaf_weight=1.5211308486759665 8.8418636955320853 10.278451837599277 2.6496126651763916 8.0439614281058311 5.4938145875930813 8.372273772954939 8.50191278755665 11.90477266907692 4.6410469189286232 11.064907819032667 5.8388362526893616 6.5302790701389322 2.0142313465476036 1.6896625384688375 1.6396058239042757
leaf_count=38 103 84 27 39 19 31 33 43 43 43 37 21 29 30 50
internal_value=0.00358271 0.0155498 -0.0437204 -0.0123441 0.0315342 0.0183329 0.0447989 0.00959504 -0.0683789 0.0354933 -0.0140853 0.0315659 -0.0836883 -0.0831133 -0.082584
internal_weight=99.0264 79.0322 19.9941 28.7906 50.2416 25.181 25.0606 19.9487 11.5057 16.5587 8.48845 14.9026 6.86463 4.8504 3.16074
internal_count=670 416 254 185 231 136 95 82 190 62 64 52 147 118 88
is_linear=0
shrinkage=0.1


Tree=124
num_leaves=16
num_cat=0
split_feature=0 3 2 3 1 1 3 1 3 2 2 2 2 2 3
split_gain=0.6778 1.00341 0.513711 0.445031 0.455463 0.390128 0.472358 0.0972003 0.0406702 0.0001207 5.41907e-05 2.68804e-07 3.06272e-06 3.23959e-07 5.19931e-08
threshold=2.5000000000000004 1.5000000000000002 2.5000000000000004 2.5000000000000004 3.5000000000000004 2.5000000000000004 3.5000000000000004 3.5000000000000004 2.5000000000000004 3.5000000000000004 3.5000000000000004 2.5000000000000004 1.0000000180025095e-35 1.5000000000000002 2.5000000000000004
decision_type=2 2 2 2 2 2 2 2 2 2 2 2 2 2 2
left_child=1 9 7 4 -4 6 10 -2 -7 11 14 12 -1 -14 -3
right_child=2 5 3 -5 -6 8 -8 -9 -10 -11 -12 -13 13 -15 -16
leaf_value=-0.080343227652712151 0.017985930930274802 -0.080236828486611372 0.017985930930274802 0.10761596096075293 0.082496323882955677 -0.0039233323696051172 -0.0060321248100774607 0.082007802766779131 0.017985930930274802 -0.082625118617203175 -0.081718128072556018 -0.080645092053713188 -0.080973586119767516 -0.080808316668249003 -0.080300783026354253
leaf_weight=0.1383945164270679 0.85916675557382471 0.23570655588991918 0.51961251161992539 1.473405160009861 1.1809179335832596 1.2633481025695799 0.86710413475520898 0.60290777310729027 3.9672199143096805 0.51541934907436371 0.52405033074319363 0.31125663151033223 0.20060551445931196 0.29015688598155975 0.27592125255614519
leaf_count=40 84 67 63 13 13 37 51 11 66 36 29 34 17 39 70
internal_value=0.0108948 -0.0057373 0.0417092 0.0673881 0.0325331 0.00970359 -0.0300502 0.0179859 0.0179859 -0.0813952 -0.0810034 -0.0807211 -0.0807587 -0.0808759 -0.0802713
internal_weight=13.2252 8.58918 4.63601 3.17394 1.70053 7.13335 1.90278 1.46207 5.23057 1.45583 1.03568 0.940414 0.629157 0.490762 0.511628
internal_count=670 486 184 89 76 320 217 95 103 166 166 130 96 56 137
is_linear=0
shrinkage=0.1


Tree=125
num_leaves=18
num_cat=0
split_feature=2 3 3 3 3 2 3 3 3 3 2 2 3 2 2 2 2
split_gain=0.554148 0.2701 0.13286 0.0885108 0.0600199 0.0544597 0.402064 0.151665 0.0865838 0.0755087 0.243385 0.00936313 0.00734307 0.0058346 0.00563475 0.00511408 0.000560465
threshold=1.5000000000000002 1.5000000000000002 3.5000000000000004 2.5000000000000004 3.5000000000000004 2.5000000000000004 1.5000000000000002 1.5000000000000002 2.5000000000000004 2.5000000000000004 3.5000000000000004 1.0000000180025095e-35 1.0000000180025095e-35 1.0000000180025095e-35 3.5000000000000004 3.5000000000000004 3.5000000000000004
decision_type=2 2 2 2 2 2 2 2 2 2 2 2 2 2 2 2 2
left_child=1 11 5 -3 -5 6 -2 12 -8 10 -9 -1 14 -6 -7 -14 -11
right_child=2 3 -4 4 13 7 8 9 -10 16 -12 -13 15 -15 -16 -17 -18
leaf_value=0.021448954699309925 -0.047396586668478222 -0.016976596977802957 -0.028869126152114795 0.01248804219145592 -0.00083635665150946 -0.0021354160437730535 0.0050086508251089993 -0.010110171570860089 -0.01676511912616243 -0.010166768276124777 -0.081773488184991514 0.016006712893441324 -0.0023531737972884107 -0.0078821502324257307 0.0021925345148034016 -0.007118873809572975 -0.012676308196856981
leaf_weight=7.3027837127447146 2.7214977927505952 2.9399696364998809 3.3574096364900461 3.8049669153988344 2.3202349692583084 7.8769755661487615 5.0642536580562592 1.3436379693448537 2.8563585169613361 1.3636128604412081 0.73215223848819722 5.5743880271911621 5.9889831244945526 2.381799727678299 4.8668925687670708 3.608391709625721 2.5619632862508297
leaf_count=40 55 63 55 41 30 38 37 23 42 31 41 22 40 23 23 39 27
internal_value=-0.00287111 0.00915783 -0.00978134 -0.00201873 0.00315062 -0.00813748 -0.014237 -0.00584722 -0.00284348 -0.0199613 -0.0353865 0.0190931 -0.00205587 -0.00440538 -0.000482569 -0.00414497 -0.0118046
internal_weight=66.6663 24.3241 42.3421 11.447 8.507 38.9847 10.6421 28.3426 7.92061 6.00137 2.07579 12.8772 22.3412 4.70203 12.7439 9.59737 3.92558
internal_count=670 219 451 157 94 396 134 262 79 122 64 62 140 53 61 79 58
is_linear=0
shrinkage=0.1


Tree=126
num_leaves=18
num_cat=0
split_feature=2 1 3 3 2 3 2 3 2 2 3 3 2 2 3 3 3
split_gain=0.563591 0.439254 0.497449 0.256763 0.463104 0.0722617 0.0692592 0.053987 0.0326684 0.0563443 0.443287 0.299015 0.0203375 0.0197294 0.040902 0.000440323 0.0495546
threshold=2.5000000000000004 1.0000000180025095e-35 1.5000000000000002 1.5000000000000002 1.0000000180025095e-35 1.0000000180025095e-35 3.5000000000000004 1.0000000180025095e-35 1.5000000000000002 1.0000000180025095e-35 3.5000000000000004 3.5000000000000004 3.5000000000000004 3.5000000000000004 2.5000000000000004 2.5000000000000004 3.5000000000000004
decision_type=2 2 2 2 2 2 2 2 2 2 2 2 2 2 2 2 2
left_child=3 6 5 4 -1 -3 -2 -6 9 11 -11 -5 -7 -4 -15 -10 -17
right_child=1 2 13 8 7 12 -8 -9 15 10 -12 -13 -14 14 -16 16 -18
leaf_value=0.024876135882757604 -0.018535921443549937 0.017980316257159311 -0.0086826607273687642 -0.014771648318516614 0.0031122163832632203 -0.00085589938850430243 -0.031596466962577258 -0.0091603042645427846 -0.0043260941491384802 0.014598976183687809 -0.020049720035119449 0.013842884489799361 0.007835691119891958 -0.0054711493596221695 -0.01458013520857639 -0.0099801831765206801 0.0043858103606569145
leaf_weight=12.126267999410631 8.9325025975704211 5.2660637646913537 6.048071015626193 9.794525243341921 10.670115604996683 5.1460419595241547 7.4438951313495627 5.3977149426937094 9.4498369246721285 12.251161694526674 5.2854129672050467 5.8230238854885092 5.6456676572561264 7.3048374652862549 6.2375444322824478 7.3064991086721403 3.5764204114675522
leaf_count=40 31 38 54 57 48 29 30 29 37 47 23 30 29 41 42 42 23
internal_value=-0.0027805 -0.0109156 -0.00468768 0.00240095 0.0101233 0.00837717 -0.0244726 -0.00101053 -0.00166968 0.000265715 0.00415608 -0.00410268 0.00369109 -0.0145801 -0.0145801 -0.00482549 -0.00525913
internal_weight=133.706 52.0246 35.6482 81.681 28.1941 16.0578 16.3764 16.0678 53.4869 33.1541 17.5366 15.6175 10.7917 19.5905 13.5424 20.3328 10.8829
internal_count=670 294 233 376 117 96 61 77 259 157 70 87 58 137 83 102 65
is_linear=0
shrinkage=0.1


Tree=127
num_leaves=17
num_cat=0
split_feature=1 0 0 3 3 0 2 3 2 1 2 1 3 3 2 3
split_gain=2.47984 3.32802 0.543359 0.62594 0.506364 0.365242 0.329818 0.289267 0.252086 0.221065 0.0465359 0.0376354 0.0304081 0.00805548 0.000528509 1.77603e-05
threshold=1.5000000000000002 1.5000000000000002 1.0000000180025095e-35 2.5000000000000004 2.5000000000000004 3.5000000000000004 1.5000000000000002 1.0000000180025095e-35 1.5000000000000002 1.0000000180025095e-35 2.5000000000000004 1.0000000180025095e-35 3.5000000000000004 1.5000000000000002 1.0000000180025095e-35 1.0000000180025095e-35
decision_type=2 2 2 2 2 2 2 2 2 2 2 2 2 2 2 2
left_child=1 4 8 6 9 11 -4 -8 -2 15 -9 -3 -5 -13 -14 -1
right_child=2 5 3 12 -6 -7 7 10 -10 -11 -12 13 14 -15 -16 -17
leaf_value=-0.085866740187507631 -0.0035698763574100699 -0.023988659748116498 0.036388160307682042 0.0062963489249769321 -0.032716756951330833 -0.0035698763574100699 0.0062963489249769321 0.016220158159217412 0.0062963489249769321 -0.055801028956308979 0.025262320610363289 -0.012440210294550639 0.014279821388346515 -0.017509816372667058 0.013001426117793442 -0.086297767391577601
leaf_weight=1.9925548583269139 10.35805866122246 7.0332339107990274 11.796681940555571 16.594119675457478 7.3766042441129676 18.779445946216583 6.0815442129969624 8.6964439898729342 20.548965111374855 6.5163097381591797 16.473318353295326 6.5855967700481415 6.3334379494190234 5.9807766079902649 6.6078579127788544 1.8375576660037038
leaf_count=26 46 27 44 77 31 64 29 32 72 37 64 24 23 22 29 23
internal_value=0.000306332 -0.016624 0.00948426 0.0142125 -0.0527352 -0.00356988 0.0221414 0.0167636 -0.00161984 -0.0670075 0.0221381 -0.0181313 0.00629635 -0.014853 0.0136271 -0.0860735
internal_weight=159.593 56.1021 103.49 72.5834 17.723 38.3791 43.048 31.2513 30.907 10.3464 25.1698 19.5996 29.5354 12.5664 12.9413 3.83011
internal_count=670 254 416 298 117 137 169 125 118 86 96 73 129 46 52 49
is_linear=0
shrinkage=0.1


Tree=128
num_leaves=14
num_cat=0
split_feature=1 0 2 1 3 0 2 2 1 3 3 2 3
split_gain=5.18195 5.78263 1.1227 0.539312 0.571861 0.450074 0.379188 0.2498 0.29012 0.136172 0.000504609 1.94292e-05 1.34253e-05
threshold=2.5000000000000004 1.5000000000000002 1.0000000180025095e-35 3.5000000000000004 1.5000000000000002 2.5000000000000004 2.5000000000000004 2.5000000000000004 1.0000000180025095e-35 2.5000000000000004 2.5000000000000004 1.5000000000000002 1.0000000180025095e-35
decision_type=2 2 2 2 2 2 2 2 2 2 2 2 2
left_child=1 7 -3 4 -2 6 -5 10 -9 -10 11 12 -1
right_child=3 2 -4 5 -6 -7 -8 8 9 -11 -12 -13 -14
leaf_value=-0.083436786860639267 0.00082307607518262581 -0.034116879294079035 0.00082307607518262581 0.021358033022208484 0.021358033022208484 0.054875122646326338 0.040377189584650051 -0.086214671459086928 -0.061702309477083654 -0.034132969171799074 -0.085350015607189383 -0.083268971992790541 -0.083914574052131624
leaf_weight=0.97434295341372767 9.0925363302230853 3.901056673377755 22.337485603988171 15.903261244297028 11.403420642018316 6.6981602013111106 12.174523234367371 2.8345967940986139 3.7210952788591385 3.4550503417849541 2.5745890364050865 1.5052566230297091 1.4835964366793633
leaf_count=20 42 48 185 62 50 24 39 37 36 26 38 34 29
internal_value=0.00377393 -0.0223536 0.000823076 0.0239998 0.0111329 0.0315832 0.0260267 -0.0690568 -0.059128 -0.0484287 -0.08426 -0.0835519 -0.0837252
internal_weight=98.059 42.7871 26.2385 55.2719 20.496 34.7759 28.0778 16.5485 10.0107 7.17615 6.53779 3.9632 2.45794
internal_count=670 453 233 217 92 125 101 220 99 62 121 83 49
is_linear=0
shrinkage=0.1


Tree=129
num_leaves=20
num_cat=0
split_feature=2 1 0 0 1 0 3 1 0 3 1 2 3 1 3 2 0 0 3
split_gain=0.632551 0.831586 0.475689 0.456272 0.582385 0.499336 0.211116 0.135658 0.444041 0.0323928 1.8775e-06 3.33199e-07 2.79024e-07 2.00494e-07 1.67964e-07 2.16026e-08 2.47836e-08 5.96322e-09 5.58954e-09
threshold=3.5000000000000004 2.5000000000000004 1.5000000000000002 2.5000000000000004 3.5000000000000004 1.0000000180025095e-35 3.5000000000000004 3.5000000000000004 2.5000000000000004 2.5000000000000004 1.0000000180025095e-35 2.5000000000000004 3.5000000000000004 1.5000000000000002 2.5000000000000004 2.5000000000000004 1.5000000000000002 1.5000000000000002 2.5000000000000004
decision_type=2 2 2 2 2 2 2 2 2 2 2 2 2 2 2 2 2 2 2
left_child=1 10 -3 4 5 -2 -7 -4 9 -9 11 12 -1 14 17 18 -17 -12 -15
right_child=3 2 7 -5 -6 6 -8 8 -10 -11 13 -13 -14 15 -16 16 -18 -19 -20
leaf_value=-0.080337852468161414 -0.08293249934839303 -0.036290168873811125 -0.0034172489103395163 0.064612339434754987 0.038453786396141852 -0.039576153872436098 0.0037801916035208496 0.01669641109578773 0.08475698641514029 0.050726698755464011 -0.080253233051738454 -0.080541297203453197 -0.080491425991314619 -0.080137628130745944 -0.080337852468161414 -0.08022160193996529 -0.080159739774211633 -0.08022160193996529 -0.080167534329868742
leaf_weight=0.1824724976904688 0.96724457293748833 0.65550404600799073 1.2645279970020058 2.5501068495213985 2.9177838750183582 0.4489395241253078 0.47978084534406662 0.5840102955698967 1.1758020669221878 0.72732355445623398 0.080223942408338189 0.25336213549599051 0.15710091916844249 0.11477011512033641 0.10761948209255934 0.079978649038821459 0.083666281076148152 0.22094341344200075 0.13721378217451274
leaf_count=42 38 46 39 45 28 41 5 31 17 15 21 31 21 55 19 22 34 65 55
internal_value=0.0109353 -0.0136896 0.00773846 0.0304127 0.0122952 -0.0308934 0.00378019 0.0232511 0.0368101 0.0166964 -0.0803188 -0.0804545 -0.0803898 -0.0802212 -0.0802709 -0.0801723 -0.0802006 -0.0802299 -0.0801539
internal_weight=13.1884 5.82452 4.40717 7.36386 4.81375 1.89596 0.92872 3.75166 2.48714 1.31133 1.41735 0.592936 0.339573 0.824416 0.408787 0.415629 0.163645 0.301167 0.251984
internal_count=670 513 148 157 112 84 46 102 63 46 365 94 63 271 105 166 56 86 110
is_linear=0
shrinkage=0.1


Tree=130
num_leaves=18
num_cat=0
split_feature=2 3 3 3 3 2 3 3 3 3 2 2 2 3 2 2 2
split_gain=0.534348 0.239908 0.115467 0.0734042 0.0570537 0.0419341 0.349297 0.118839 0.0728547 0.059449 0.243554 0.0148767 0.00812784 0.00524618 0.0043618 0.00275304 0.00122362
threshold=1.5000000000000002 1.5000000000000002 3.5000000000000004 2.5000000000000004 3.5000000000000004 2.5000000000000004 1.5000000000000002 1.5000000000000002 2.5000000000000004 2.5000000000000004 3.5000000000000004 1.0000000180025095e-35 1.0000000180025095e-35 1.0000000180025095e-35 3.5000000000000004 3.5000000000000004 3.5000000000000004
decision_type=2 2 2 2 2 2 2 2 2 2 2 2 2 2 2 2 2
left_child=1 11 5 -3 -5 6 -2 13 -8 10 -9 -1 -6 14 -7 -15 -11
right_child=2 3 -4 4 12 7 8 9 -10 16 -12 -13 -14 15 -16 -17 -18
leaf_value=0.021038816484298117 -0.045550095371491649 -0.015619852029866925 -0.027868758422214264 0.011907401915661794 -0.00030677868328735981 -0.0031385004474092041 0.0037794550284120463 -0.0078298955937122858 -0.016210857881071135 -0.0094047072129396225 -0.081686277140148186 0.014176331241971183 -0.0086229421597992552 -0.0034752660849058439 0.00068719071204277355 -0.0069716720142897733 -0.013122342974472029
leaf_weight=7.3176641166210192 2.6033852621912938 2.8868252956308416 3.29990061931312 3.8204058334231359 2.3064027205109596 7.8440976142883336 5.1148354038596153 1.305826149880885 2.8328913599252701 1.3501047417521479 0.67849279846996058 5.5585315525531769 2.3963052779436111 6.0172591358423233 4.8062331676483154 3.5989289861172438 2.571876734495163
leaf_count=40 55 63 55 41 30 38 37 23 42 31 41 22 23 40 23 39 27
internal_value=-0.00308808 0.00872033 -0.00991231 -0.001838 0.00282999 -0.00838213 -0.0137594 -0.00636828 -0.0033459 -0.0189788 -0.0330834 0.0180763 -0.00454435 -0.00302329 -0.00168501 -0.00478382 -0.0118426
internal_weight=66.31 24.2861 42.0238 11.4099 8.52311 38.7239 10.5511 28.1728 7.94773 5.9063 1.98432 12.8762 4.70271 22.2665 12.6503 9.61619 3.92198
internal_count=670 219 451 157 94 396 134 262 79 122 64 62 53 140 61 79 58
is_linear=0
shrinkage=0.1


Tree=131
num_leaves=19
num_cat=0
split_feature=2 1 3 3 2 3 3 2 2 2 3 3 2 3 2 3 3 3
split_gain=0.516978 0.416815 0.447068 0.247516 0.437919 0.0713761 0.0590187 0.0410913 0.032828 0.0358528 0.385377 0.255131 0.0282762 0.0374576 0.0139016 0.0031131 5.0788e-05 0.0448346
threshold=2.5000000000000004 1.0000000180025095e-35 1.5000000000000002 1.5000000000000002 1.0000000180025095e-35 1.0000000180025095e-35 1.0000000180025095e-35 1.5000000000000002 1.5000000000000002 1.0000000180025095e-35 3.5000000000000004 3.5000000000000004 3.5000000000000004 2.5000000000000004 3.5000000000000004 1.0000000180025095e-35 2.5000000000000004 3.5000000000000004
decision_type=2 2 2 2 2 2 2 2 2 2 2 2 2 2 2 2 2 2
left_child=3 6 5 4 -1 -3 -2 -6 9 11 -11 -5 -4 -14 -7 -9 -10 -18
right_child=1 2 12 8 7 14 -8 15 16 10 -12 -13 13 -15 -16 -17 17 -19
leaf_value=0.023872991852061924 -0.032120683249290641 0.01708569710379839 -0.0074638432309976667 -0.013577404992549127 -0.0099913021825702789 -0.00085293353499711904 -0.019582041897839613 0.0028321958449611983 -0.0050767667104194055 0.012780859603041593 -0.019660815292912616 0.012874526584624396 -0.0054397780416401351 -0.014426323565848066 0.0063414072059392035 -0.00055698020543725163 -0.0099011929107630722 0.0037761673266165814
leaf_weight=12.106045544147491 5.8584958016872433 5.2938444986939439 5.9669461548328409 9.6857552751898748 4.0954725891351691 5.1439986601471901 10.450006902217863 7.6375050395727158 9.3803888559341448 12.13530880212784 5.2439603209495536 5.8476659655570975 7.2112431973218918 6.1833313070237637 5.6205323711037636 4.2009578496217728 7.2736684530973417 3.5744502246379852
leaf_count=40 23 38 54 57 22 29 38 30 37 47 23 30 41 42 29 25 42 23
internal_value=-0.00304433 -0.0108574 -0.00476635 0.00193413 0.00953565 0.00757883 -0.0240863 -0.00135736 -0.00207682 -0.000128289 0.00299202 -0.00361939 -0.0144263 -0.0144263 0.00290348 0.00162952 -0.00524717 -0.00539451
internal_weight=132.91 51.7284 35.4199 81.1812 28.04 16.0584 16.3085 15.9339 53.1412 32.9127 17.3793 15.5334 19.3615 13.3946 10.7645 11.8385 20.2285 10.8481
internal_count=670 294 233 376 117 96 61 77 259 157 70 87 137 83 58 55 102 65
is_linear=0
shrinkage=0.1


Tree=132
num_leaves=16
num_cat=0
split_feature=1 0 0 3 1 3 3 2 1 2 3 0 0 2 3
split_gain=2.22089 1.43489 0.884022 1.25293 1.241 0.668718 0.655688 0.639104 0.581224 0.697902 0.367225 0.0879206 0.0476186 0.0233834 0.000160095
threshold=1.0000000180025095e-35 1.5000000000000002 1.5000000000000002 1.5000000000000002 2.5000000000000004 1.0000000180025095e-35 3.5000000000000004 1.5000000000000002 1.5000000000000002 1.5000000000000002 3.5000000000000004 3.5000000000000004 3.5000000000000004 3.5000000000000004 1.0000000180025095e-35
decision_type=2 2 2 2 2 2 2 2 2 2 2 2 2 2 2
left_child=1 10 4 5 13 8 -5 -8 -4 -10 14 -3 -7 -2 -1
right_child=2 11 3 6 -6 12 7 -9 9 -11 -12 -13 -14 -15 -16
leaf_value=-0.085456354737926524 -0.011635159572949971 -0.022850574218131206 0.0040463352462391713 0.0040463352462391713 0.0040463352462391713 0.037658192598995249 0.050520590866326022 0.0040463352462391713 0.06036966804156884 0.017891187162681441 -0.039936504114708921 -0.011635159572949971 0.049578052405905078 -0.0037944121633554 -0.086727385176901553
leaf_weight=1.8688485771417629 24.738948665559292 6.9936347603797904 6.5546263456344631 36.287686057388783 22.989697322249413 5.8139948844909686 6.0922545790672284 4.858504593372345 4.9333903789520246 5.0984182953834534 3.0327963680028915 8.8437432944774628 7.9127612411975861 10.38556297123432 2.1096605882048607
leaf_count=26 114 27 24 149 82 24 24 21 16 26 14 31 26 40 26
internal_value=0.00035731 -0.0284853 0.00521494 0.0122028 -0.0041101 0.0282027 0.00404634 0.0289055 0.0146909 0.031736 -0.0661488 -0.0118114 0.0445294 -0.0116352 -0.0861303
internal_weight=158.515 22.8487 135.666 77.5516 58.1142 30.3132 47.2384 10.9508 16.5864 10.0318 7.01131 15.8374 13.7268 35.1245 3.97851
internal_count=670 124 546 310 236 116 194 45 66 42 66 58 50 154 52
is_linear=0
shrinkage=0.1


Tree=133
num_leaves=16
num_cat=0
split_feature=1 0 0 1 2 1 2 2 2 3 2 3 2 3 0
split_gain=4.84611 3.11228 1.54317 1.02427 0.837775 0.737139 0.419414 0.392879 0.256474 0.250724 0.159907 0.0764158 0.000401954 0.000217184 1.17336e-05
threshold=1.5000000000000002 1.5000000000000002 3.5000000000000004 2.5000000000000004 3.5000000000000004 3.5000000000000004 3.5000000000000004 2.5000000000000004 1.5000000000000002 1.0000000180025095e-35 1.5000000000000002 2.5000000000000004 2.5000000000000004 2.5000000000000004 1.5000000000000002
decision_type=2 2 2 2 2 2 2 2 2 2 2 2 2 2 2
left_child=2 3 6 -2 5 9 12 -5 -7 -3 -11 -6 13 14 -1
right_child=1 4 -4 7 11 8 -8 -9 -10 10 -12 -13 -14 -15 -16
leaf_value=-0.082500736315986353 -0.012946855956651682 0.02327861873481283 -0.012946855956651682 -0.001766287775462875 0.046042369488910009 0.026291852842338932 -0.042984994418867786 0.0094142804057259326 0.050225990022996714 0.02327861873481283 0.0094142804057259326 0.061865265921239865 -0.084570026092891548 -0.083755078816225473 -0.082092461291929208
leaf_weight=1.3110581859946253 8.1634929217398184 4.232297599315646 8.3456514179706573 8.0336882397532463 7.641864135861395 9.8753302395343798 4.4128926396369934 11.922861963510513 8.1906265914440137 5.9796569049358359 8.9805772304534894 5.0819222927093506 1.8210324868559835 1.546656548976898 1.5200565122067926
leaf_count=38 103 21 64 39 34 35 43 43 28 35 61 17 29 30 50
internal_value=0.00422607 0.0152347 -0.0411284 -0.0113791 0.0302077 0.0226419 -0.0665475 0.00941428 0.037143 0.00941428 0.00941428 0.0523621 -0.0833215 -0.0828021 -0.0822815
internal_weight=97.0597 78.1023 18.9573 28.12 49.9823 37.2585 10.6117 19.9566 18.066 19.1925 14.9602 12.7238 6.1988 4.37777 2.83111
internal_count=670 416 254 185 231 180 190 82 63 117 96 51 147 118 88
is_linear=0
shrinkage=0.1


Tree=134
num_leaves=16
num_cat=0
split_feature=3 1 0 0 1 2 3 2 2 3 2 3 2 3 3
split_gain=0.587984 1.47476 0.856046 0.646194 0.641412 0.353508 0.484527 0.139828 7.96026e-06 7.54482e-06 1.42527e-05 5.0147e-06 2.14456e-06 6.36414e-07 6.0394e-08
threshold=2.5000000000000004 3.5000000000000004 2.5000000000000004 1.0000000180025095e-35 3.5000000000000004 1.5000000000000002 3.5000000000000004 3.5000000000000004 1.5000000000000002 1.5000000000000002 2.5000000000000004 1.0000000180025095e-35 3.5000000000000004 1.0000000180025095e-35 1.5000000000000002
decision_type=2 2 2 2 2 2 2 2 2 2 2 2 2 2 2
left_child=1 8 7 4 -2 -5 -7 -3 13 10 -10 -12 -11 -1 -15
right_child=3 2 -4 5 -6 6 -8 -9 9 12 11 -13 -14 14 -16
leaf_value=-0.08017794858043896 -0.082485921458550437 -0.027947645987494402 0.071283720521016766 0.010039240389591704 0.010039240389591704 0.093214076942198854 0.027566074216214355 0.008052633107567389 -0.081610530870662501 -0.080216460826473171 -0.080510967373024211 -0.080998545694308269 -0.080705893280142271 -0.080419094428481289 -0.080513091907419204
leaf_weight=0.084906614036299621 0.99301501689478733 0.65939420275390137 1.9043647721409798 1.2571733277291057 0.68985821679234505 2.1397867675404996 2.3689845436019823 1.0858885124325752 0.31763939349912085 0.14222823875024904 0.31550287827849388 0.6364662415580824 0.24161128234118223 0.097221924923360348 0.23019909067079425
leaf_count=37 57 38 24 72 17 67 36 19 42 44 48 74 27 17 51
internal_value=0.0108301 -0.0132969 0.0249197 0.0293426 -0.0251763 0.0452548 0.0587215 -0.0256704 -0.080815 -0.080913 -0.0810305 -0.080837 -0.0805245 -0.0804219 -0.0804852
internal_weight=13.1642 5.71542 3.64965 7.44882 1.68287 5.76594 4.50877 1.74528 2.06578 1.65345 1.26961 0.951969 0.38384 0.412328 0.327421
internal_count=670 421 81 249 74 175 103 57 340 235 164 122 71 105 68
is_linear=0
shrinkage=0.1


Tree=135
num_leaves=20
num_cat=0
split_feature=2 3 3 2 3 3 3 2 3 3 3 3 2 2 3 3 2 2 2
split_gain=0.519701 0.215684 0.102742 0.0684233 0.0776987 0.338276 0.059217 0.0333278 0.305198 0.0961544 0.0605588 0.0511708 0.234909 0.019707 0.00342554 0.00140747 0.00487177 0.00205151 0.00123033
threshold=1.5000000000000002 1.5000000000000002 3.5000000000000004 1.0000000180025095e-35 3.5000000000000004 2.5000000000000004 3.5000000000000004 2.5000000000000004 1.5000000000000002 1.5000000000000002 2.5000000000000004 2.5000000000000004 3.5000000000000004 1.0000000180025095e-35 2.5000000000000004 1.0000000180025095e-35 3.5000000000000004 3.5000000000000004 3.5000000000000004
decision_type=2 2 2 2 2 2 2 2 2 2 2 2 2 2 2 2 2 2 2
left_child=1 13 7 4 5 -3 14 8 -2 15 -10 12 -11 -1 -5 16 -9 -17 -13
right_child=2 3 -4 6 -6 -7 -8 9 10 11 -12 18 -14 -15 -16 17 -18 -19 -20
leaf_value=0.020867119447789281 -0.043722351098624671 -0.081814255832978133 -0.026911483638360684 0.0077094055916167026 0.0004514454426498627 0.0070605182891048035 -0.0085268696538455067 -0.0044179191483967118 0.0027905235257025228 -0.0070080133754514447 -0.015468046660636114 -0.0089938227633051173 -0.081574271410517096 0.012956542039444184 0.013054507887346701 -0.0033571390248433989 -0.00035584915727141864 -0.006386528265594789 -0.012732180601358584
leaf_weight=7.3220737427473086 2.4954419974237663 0.69817862939089326 3.2494915844872585 2.1396469622850418 2.2865929827094078 1.1077893525362015 2.3860610127449036 7.8008488714695012 5.155941866338253 1.292140521109103 2.8046767823398113 1.342678386718035 0.6277400655671953 5.525950700044632 2.7272885590791702 5.9683446995913982 4.7505158856511116 3.5741306766867638 2.5567554822191596
leaf_count=40 55 32 55 31 30 25 23 38 37 23 42 31 41 22 16 40 23 39 27
internal_value=-0.00306303 0.00859211 -0.00983834 -0.00145554 -0.0117939 -0.027298 0.00437794 -0.00839241 -0.0132078 -0.0065886 -0.00364232 -0.0180247 -0.0313888 0.0174648 0.0107046 -0.00357642 -0.00288048 -0.0044918 -0.011445
internal_weight=65.8123 24.1936 41.6187 11.3456 4.09256 1.80597 7.253 38.3692 10.4561 27.9132 7.96062 5.81931 1.91988 12.848 4.86694 22.0938 12.5514 9.54248 3.89943
internal_count=670 219 451 157 87 57 70 396 134 262 79 122 64 62 47 140 61 79 58
is_linear=0
shrinkage=0.1


Tree=136
num_leaves=17
num_cat=0
split_feature=2 3 3 2 3 1 3 1 3 3 3 2 3 3 3 2
split_gain=0.477059 0.250903 0.730366 0.141565 0.508645 0.999394 0.112983 0.193481 0.201336 0.0743954 0.0290779 0.0396697 0.027675 0.0255784 0.0241569 0.00172262
threshold=1.5000000000000002 1.5000000000000002 1.0000000180025095e-35 3.5000000000000004 3.5000000000000004 1.0000000180025095e-35 3.5000000000000004 1.0000000180025095e-35 1.5000000000000002 1.5000000000000002 2.5000000000000004 1.0000000180025095e-35 2.5000000000000004 2.5000000000000004 1.0000000180025095e-35 1.0000000180025095e-35
decision_type=2 2 2 2 2 2 2 2 2 2 2 2 2 2 2 2
left_child=1 2 -1 6 5 -5 7 -2 14 -7 15 -12 -11 -10 -9 -3
right_child=3 10 -4 4 -6 9 -8 8 13 12 11 -13 -14 -15 -16 -17
leaf_value=0.00067747580529384851 -0.016794485020302896 0.0020052281450943454 0.046519079590578334 -0.04342449058142115 -0.047526172306246062 0.011590584024794194 0.0097808107525388412 0.0078036193890124927 -0.0096411293277182432 -0.0051414371079896741 -0.0084633334360831019 0.001210640556448645 0.0055179217370807544 -0.0048687969407339576 0.00078941316187534135 0.0041241832723100625
leaf_weight=11.042693659663202 12.588363587856291 8.0048936903476697 5.0718072950839987 5.9891693294048371 3.7711013182997695 7.2067049443721798 4.9488589093089095 10.491313904523849 6.8509911559522161 7.1613612025976163 7.4474550187587747 9.8388039767742157 3.6911354660987854 11.378065176308155 9.229543998837471 7.3678653538227072
leaf_count=45 47 32 17 25 27 44 28 48 44 41 55 39 20 73 54 31
internal_value=-0.00295965 0.00489479 0.0151055 -0.00755819 -0.01338 -0.00802545 -0.00463931 -0.00605137 -0.00248777 0.00371432 -0.000143329 -0.00295721 -0.00151599 -0.00964113 0.00452091 0.0030208
internal_weight=132.08 48.7735 16.1145 83.3066 27.8195 24.0484 55.4871 50.5383 37.9499 18.0592 32.659 17.2863 10.8525 18.2291 19.7209 15.3728
internal_count=670 219 62 451 157 130 294 266 219 105 157 94 61 117 102 63
is_linear=0
shrinkage=0.1


Tree=137
num_leaves=17
num_cat=0
split_feature=1 0 2 1 0 3 3 0 3 1 2 3 3 1 3 3
split_gain=2.27281 2.87024 0.517531 1.51988 1.64258 0.468906 0.453521 0.352921 0.255419 0.220887 0.077214 0.575032 0.0638537 0.0240248 0.0112497 1.07036e-05
threshold=1.5000000000000002 1.5000000000000002 2.5000000000000004 3.5000000000000004 1.5000000000000002 2.5000000000000004 2.5000000000000004 3.5000000000000004 2.5000000000000004 1.0000000180025095e-35 3.5000000000000004 1.0000000180025095e-35 1.5000000000000002 1.0000000180025095e-35 1.5000000000000002 1.0000000180025095e-35
decision_type=2 2 2 2 2 2 2 2 2 2 2 2 2 2 2 2
left_child=1 6 3 4 -2 10 9 13 -5 15 11 -4 -12 -3 -15 -1
right_child=2 7 5 8 -6 -7 -8 -9 -10 -11 12 -13 -14 14 -16 -17
leaf_value=-0.085095406970415219 -0.0034169091730624035 -0.022099294776587057 -0.0034169091730624035 0.048192851985583179 0.020368288138593975 -0.0034169091730624035 -0.031571379746828547 -0.0034169091730624035 0.025828675966559328 -0.053547303282838923 0.022303226306098375 0.02599879355573927 0.0095997451236619555 -0.011917048484477919 -0.017915172768225154 -0.085452166391254247
leaf_weight=1.7560451962053796 17.95538866519928 6.9566757678985605 5.849499851465227 10.52410064637661 19.219018846750259 15.08860397338867 7.291764371097087 18.71352744102478 9.9207991659641266 6.2999304383993149 6.8538002222776422 7.6860936731100082 9.36092609167099 6.5708856880664825 5.9658403992652893 1.613836698234081
leaf_count=26 78 27 23 38 80 64 31 64 35 37 35 29 34 24 22 23
internal_value=0.000359551 -0.0160047 0.00917084 0.0154404 0.00339584 0.00111425 -0.0504017 -0.00341691 0.0373407 -0.0646012 0.0103147 0.0047388 0.0149694 -0.0173865 -0.0147714 -0.0852663
internal_weight=157.627 55.1685 102.458 57.6193 37.1744 44.8389 16.9616 38.2069 20.4449 9.66981 29.7503 13.5356 16.2147 19.4934 12.5367 3.36988
internal_count=670 254 416 231 158 185 117 137 73 86 121 52 69 73 46 49
is_linear=0
shrinkage=0.1


Tree=138
num_leaves=16
num_cat=0
split_feature=1 0 0 1 0 1 2 2 2 3 2 3 2 3 0
split_gain=4.25167 2.86525 1.50365 0.972186 0.815363 0.574416 0.426711 0.41267 0.353318 0.2933 0.260779 0.2076 0.000344559 0.000179316 9.33704e-06
threshold=1.5000000000000002 1.5000000000000002 3.5000000000000004 2.5000000000000004 2.5000000000000004 3.5000000000000004 3.5000000000000004 3.5000000000000004 2.5000000000000004 1.0000000180025095e-35 2.5000000000000004 2.5000000000000004 2.5000000000000004 2.5000000000000004 1.5000000000000002
decision_type=2 2 2 2 2 2 2 2 2 2 2 2 2 2 2
left_child=2 3 6 -2 5 -3 12 9 -5 -6 -4 -7 13 14 -1
right_child=1 4 10 8 7 11 -8 -9 -10 -11 -12 -13 -14 -15 -16
leaf_value=-0.082309596287576461 -0.012538262657023952 0.0086387247145310857 -0.038958356473177552 -0.001949768971246433 0.052629374446416681 0.018667095282923176 -0.041507581317915349 0.059577458047684675 0.0086387247145310857 0.028695465851315261 -0.012538262657023952 0.028695465851315261 -0.084288106150716621 -0.083493353757299549 -0.081931155598169048
leaf_weight=1.2153428960591557 8.0998276546597499 10.227141097187996 2.4919083043932915 8.0018982365727425 5.4890808761119869 8.3799934685230237 4.2977089583873749 8.3529301434755343 11.940649434924126 10.948298424482344 5.7249165773391724 6.5037884116172799 1.7197421416640279 1.4470921121537683 1.4063703175634144
leaf_count=38 103 84 27 39 19 31 43 33 43 43 37 21 29 30 50
internal_value=0.00405555 0.0142405 -0.039317 -0.0113359 0.0286133 0.0159126 -0.0653785 0.0414783 0.00863872 0.032281 -0.0125383 0.0286955 -0.0831014 -0.0825998 -0.0821066
internal_weight=96.2467 77.9436 18.3031 28.0424 49.9012 25.1109 10.0863 24.7903 19.9425 16.4374 8.21682 14.8838 5.78855 4.06881 2.62171
internal_count=670 416 254 185 231 136 190 95 82 62 64 52 147 118 88
is_linear=0
shrinkage=0.1


Tree=139
num_leaves=18
num_cat=0
split_feature=1 2 0 3 3 2 3 2 3 2 0 2 2 3 3 2 3
split_gain=0.551457 0.624897 0.266549 0.177319 0.400771 0.159317 0.0970018 0.0645963 4.03367e-07 3.15032e-07 2.57788e-07 3.53434e-07 3.11755e-08 4.52212e-08 6.17583e-09 2.25899e-09 3.75756e-11
threshold=2.5000000000000004 3.5000000000000004 1.5000000000000002 2.5000000000000004 3.5000000000000004 1.5000000000000002 1.0000000180025095e-35 3.5000000000000004 3.5000000000000004 1.5000000000000002 1.5000000000000002 2.5000000000000004 2.5000000000000004 2.5000000000000004 2.5000000000000004 1.0000000180025095e-35 1.5000000000000002
decision_type=2 2 2 2 2 2 2 2 2 2 2 2 2 2 2 2 2
left_child=1 8 7 5 -5 -4 -7 -2 10 15 11 14 13 -12 -1 -10 -14
right_child=2 -3 3 4 -6 6 -8 -9 9 -11 12 -13 16 -15 -16 -17 -18
leaf_value=-0.080253563038910999 -0.00023312716468845143 -0.00023312716468845143 0.065152778066874611 0.073298531850047866 0.016440113652534501 0.049459542272511252 0.016440113652534501 0.016440113652534501 -0.0803270782996372 -0.080534071049481848 -0.080194123450369914 -0.080397486489602488 -0.080165920229687992 -0.080253563038910999 -0.080299741187131679 -0.080304847616039399 -0.080162674185619898
leaf_weight=0.22904761217068992 0.61086887959390712 2.1167651931755245 0.67566250357776914 2.4072699062526226 1.7702546715736387 1.4673890992999079 0.8791692554950713 1.9075924791395664 0.095743849640712142 0.1044621771434322 0.20682254806160927 0.2428850696887821 0.086429935414344072 0.066815190715715289 0.084543008822947741 0.087468538898974657 0.060710856691002846
leaf_count=83 46 88 27 35 14 19 40 36 24 17 74 46 35 17 22 23 24
internal_value=0.0111061 -0.0236754 0.0232091 0.0331134 0.0464996 0.0164401 0.0164401 -0.000233127 -0.0802914 -0.0803955 -0.0802608 -0.0803054 -0.0802017 -0.0802217 -0.0802536 -0.0803165 -0.0801646
internal_weight=13.0999 3.38169 9.71821 7.19975 4.17752 3.02222 2.34656 2.51846 1.26493 0.287675 0.977254 0.556476 0.420779 0.273638 0.313591 0.183212 0.147141
internal_count=670 453 217 135 49 86 59 82 365 64 301 151 150 91 105 47 59
is_linear=0
shrinkage=0.1


Tree=140
num_leaves=17
num_cat=0
split_feature=2 3 3 3 3 2 3 3 2 3 2 2 3 2 3 2
split_gain=0.500084 0.187736 0.0921348 0.0545884 0.0475991 0.028405 0.259503 0.0742806 0.0491864 0.0462088 0.0168331 0.00883848 0.000997299 0.00441526 0.000864128 0.00079285
threshold=1.5000000000000002 1.5000000000000002 3.5000000000000004 2.5000000000000004 3.5000000000000004 2.5000000000000004 1.5000000000000002 1.5000000000000002 3.5000000000000004 2.5000000000000004 1.0000000180025095e-35 1.0000000180025095e-35 1.0000000180025095e-35 3.5000000000000004 2.5000000000000004 3.5000000000000004
decision_type=2 2 2 2 2 2 2 2 2 2 2 2 2 2 2 2
left_child=1 10 5 -3 -5 6 -2 12 14 -8 -1 -6 13 -7 -9 -14
right_child=2 3 -4 4 11 7 9 8 -10 -11 -12 -13 15 -15 -16 -17
leaf_value=0.019561290890592699 -0.041898570447317492 -0.013345458650582138 -0.026199237741852305 0.011010203653989628 0.00041415119370933934 -0.0051142002004156287 0.0011680403401555235 -0.0049687443717013492 -0.025456809443178866 -0.014794770104232989 0.012252131207537128 -0.0082937023384643243 -0.0043065296109572925 -0.0012246947181339897 -0.0086184992388408221 -0.0061905007276499583
leaf_weight=7.3722285181283969 2.3940144702792159 2.7964300573803476 3.2089595971629015 3.8374679125845415 2.2859553098678589 7.7559253126382863 5.2251802589744312 1.2608301751315585 3.1339730406180024 2.7773659713566303 5.5027090609073639 2.3783387094736099 5.9881352595984936 4.6794124729931355 1.3361990079283714 3.5628718864172697
leaf_count=40 55 63 55 41 30 38 37 23 68 42 22 23 40 23 31 39
internal_value=-0.0032427 0.00818195 -0.00992592 -0.00122558 0.00276093 -0.0085558 -0.0130133 -0.00688385 -0.0170235 -0.00437202 0.0164374 -0.00402601 -0.00424083 -0.00365058 -0.00684658 -0.00500932
internal_weight=65.496 24.1731 41.3229 11.2982 8.50176 38.1139 10.3966 27.7173 5.731 8.00255 12.8749 4.66429 21.9863 12.4353 2.59703 9.55101
internal_count=670 219 451 157 94 396 134 262 122 79 62 53 140 61 54 79
is_linear=0
shrinkage=0.1


Tree=141
num_leaves=14
num_cat=0
split_feature=2 1 3 2 3 1 3 1 3 3 3 3 3
split_gain=0.461969 0.254511 0.95008 0.119172 0.454295 0.878823 0.0931212 0.204958 0.189542 0.070155 0.0287852 0.0228518 0.0165431
threshold=1.5000000000000002 1.0000000180025095e-35 1.5000000000000002 3.5000000000000004 3.5000000000000004 1.0000000180025095e-35 3.5000000000000004 1.0000000180025095e-35 1.5000000000000002 1.5000000000000002 2.5000000000000004 2.5000000000000004 1.0000000180025095e-35
decision_type=2 2 2 2 2 2 2 2 2 2 2 2 2
left_child=1 -1 -3 6 5 -5 7 -2 12 -7 -10 -11 -9
right_child=3 2 -4 4 -6 9 -8 8 10 11 -12 -13 -14
leaf_value=-0.0087810483939668796 -0.017339939303084983 0.029851599147453257 -0.00011659622144785317 -0.041483638896680969 -0.045766798714436813 0.010696380956259254 0.0080758458628174632 0.0069465000479519701 -0.0099650575262035315 -0.0053919071007047063 -0.0049286185682397262 0.004326706404011396 0.0011276721454477237
leaf_weight=10.948131471872328 12.555939227342604 13.71578338742256 23.811097346246243 5.8952004015445771 3.674532674252986 7.1596322692930725 4.9699157997965804 10.424790412187576 6.7629230506718168 7.0930424630641919 11.348092168569565 3.671911709010601 9.1958616226911545
leaf_count=37 47 54 128 25 27 44 28 48 44 41 73 20 54
internal_value=-0.0031181 0.00463411 0.00854786 -0.00765924 -0.0130391 -0.00799041 -0.00498239 -0.00627293 -0.00259018 0.00302514 -0.00996506 -0.0020769 0.00421932
internal_weight=131.227 48.475 37.5269 82.7518 27.4943 23.8198 55.2575 50.2876 37.7317 17.9246 18.111 10.765 19.6207
internal_count=670 219 182 451 157 130 294 266 219 105 117 61 102
is_linear=0
shrinkage=0.1


Tree=142
num_leaves=19
num_cat=0
split_feature=1 0 2 2 0 3 3 3 2 1 0 3 3 2 3 3 3 3
split_gain=2.02232 2.61852 0.474473 1.3272 0.487241 1.41914 0.449233 0.427971 0.334486 0.235981 0.129026 0.429755 0.30936 0.0756808 0.509961 0.0615861 0.0050737 7.81334e-06
threshold=1.5000000000000002 1.5000000000000002 1.0000000180025095e-35 2.5000000000000004 1.5000000000000002 2.5000000000000004 2.5000000000000004 2.5000000000000004 1.0000000180025095e-35 1.0000000180025095e-35 1.5000000000000002 1.5000000000000002 1.5000000000000002 3.5000000000000004 1.0000000180025095e-35 1.5000000000000002 3.5000000000000004 1.0000000180025095e-35
decision_type=2 2 2 2 2 2 2 2 2 2 2 2 2 2 2 2 2 2
left_child=1 7 4 10 -2 -6 13 9 -3 17 11 -4 -12 14 -5 -15 -14 -1
right_child=2 8 3 6 5 -7 -8 -9 -10 -11 12 -13 16 15 -16 -17 -18 -19
leaf_value=-0.084745525696754392 -0.0031168238317349907 -0.0248957260849147 -0.0031168238317349907 -0.0031168238317349907 0.057738577601226762 0.0062519279636738465 -0.0031168238317349907 -0.030238868564594391 -0.0031168238317349907 -0.051233183012304499 0.052378764456899186 0.027179775860897662 0.027179775860897662 0.022108332264045179 0.024736186873449844 0.0096093487094138941 0.033188512139994568 -0.085060371646859936
leaf_weight=1.6494873762130757 9.4546692818403262 7.570468842983245 4.9631410837173471 5.7952888906002062 5.8138189762830725 8.0885750055313093 15.011156305670736 7.2247092574834815 30.591302096843719 6.1106634736061096 5.9224669337272671 11.510019570589066 6.2984602004289609 6.8293681144714364 7.6415373682975769 9.324708104133606 5.3742927610874176 1.5095430836081503
leaf_count=26 41 30 19 23 21 35 64 31 107 37 20 45 27 35 29 34 23 23
internal_value=0.000486643 -0.0150355 0.00880187 0.012521 -0.00311682 0.0156207 0.00116935 -0.0484846 -0.00311682 -0.0627052 0.0273826 0.0210223 0.0333372 0.0102811 0.00473608 0.0148935 0.0271798 -0.084896
internal_weight=156.684 54.6562 102.028 78.6704 23.3571 13.9024 44.6021 16.4944 38.1618 9.26969 34.0684 16.4732 17.5952 29.5909 13.4368 16.1541 11.6728 3.15903
internal_count=670 254 416 319 97 56 185 117 137 86 134 64 70 121 52 69 50 49
is_linear=0
shrinkage=0.1


Tree=143
num_leaves=13
num_cat=0
split_feature=0 1 2 1 2 1 3 2 3 3 3 3
split_gain=3.96496 4.72173 2.3608 2.01217 0.270907 0.294694 0.250064 0.209268 0.119826 0.00037069 9.57096e-06 2.66723e-05
threshold=1.5000000000000002 2.5000000000000004 3.5000000000000004 3.5000000000000004 2.5000000000000004 1.0000000180025095e-35 2.5000000000000004 1.5000000000000002 2.5000000000000004 2.5000000000000004 1.0000000180025095e-35 1.5000000000000002
decision_type=2 2 2 2 2 2 2 2 2 2 2 2
left_child=1 4 3 -2 9 -6 -4 -5 -7 10 -1 -12
right_child=2 -3 6 7 5 8 -8 -9 -10 -11 11 -13
leaf_value=-0.0828086759982508 -0.0015044915728228401 -0.0015044915728228401 0.043503256673111695 0.025471918254439431 -0.08549328128268345 -0.058397956793210387 0.06974163870682519 0.047141122264960325 -0.034007172353209207 -0.084722058416825091 -0.08356660376335126 -0.082892176099968323
leaf_weight=0.99382229149341528 27.24921146966517 19.863152071833611 9.5411824285984022 9.8315220475196856 2.4672808460891229 3.4072917550802231 5.8650471568107596 8.152226656675337 3.3304698541760445 2.2619615644216537 1.0168025940656662 1.3853007033467293
leaf_count=25 237 82 44 35 37 36 24 28 26 38 20 38
internal_value=0.00425268 -0.022692 0.019683 0.00816776 -0.0665099 -0.0559253 0.053492 0.0352948 -0.0450979 -0.0837303 -0.0830697 -0.0831777
internal_weight=95.3653 34.7261 60.6392 45.233 14.8629 9.20504 15.4062 17.9837 6.73776 5.65789 3.39593 2.4021
internal_count=670 302 368 300 220 99 68 63 62 121 83 58
is_linear=0
shrinkage=0.1


Tree=144
num_leaves=17
num_cat=0
split_feature=2 0 1 3 1 1 2 1 1 1 3 2 3 3 2 3
split_gain=0.516658 0.707035 0.396103 0.366529 0.56476 0.102287 0.23451 0.0568486 0.000131854 8.03899e-06 7.15651e-06 1.38335e-06 7.7533e-07 4.61002e-07 4.37477e-07 2.57776e-09
threshold=3.5000000000000004 1.5000000000000002 2.5000000000000004 2.5000000000000004 3.5000000000000004 3.5000000000000004 1.5000000000000002 3.5000000000000004 2.5000000000000004 1.0000000180025095e-35 2.5000000000000004 1.5000000000000002 1.5000000000000002 1.5000000000000002 1.5000000000000002 1.0000000180025095e-35
decision_type=2 2 2 2 2 2 2 2 2 2 2 2 2 2 2 2
left_child=1 10 -3 4 9 -4 -7 8 -5 -2 12 -12 14 -11 -1 -16
right_child=3 2 5 7 -6 6 -8 -9 -10 13 11 -13 -14 -15 15 -17
leaf_value=-0.080298742669438941 -0.081259684297995086 -0.037285975736793153 -0.0041165915686850584 0.034676723344000182 0.025936255934692388 0.060621571966656865 0.013160434091857066 0.057356549498226467 0.035975575901132005 -0.080443771809120546 -0.080728739795723994 -0.08103837100476996 -0.08017633216010811 -0.080651582989113013 -0.080506765704596361 -0.080523608446000372
leaf_weight=0.12599581526592352 0.25683430209755909 0.58831256208941329 1.273669936694205 1.6648750435560942 1.7951086312532425 1.3878398425877096 1.228907400742173 1.8582340031862257 1.4731505066156387 0.20516358548775315 0.27038610354065895 0.30941004864871502 0.12065998907200992 0.22253923583775759 0.18685363116674125 0.17689616000279784
leaf_count=37 18 198 39 34 26 35 28 9 11 32 38 33 47 27 28 30
internal_value=0.0106319 -0.0121351 0.00607042 0.027896 -0.00353444 0.0191249 0.0304375 0.0434949 0.0352865 -0.0808175 -0.0806424 -0.080894 -0.0804034 -0.0805519 -0.0804593 -0.080515
internal_weight=13.1448 5.66893 4.47873 7.47591 2.47965 3.89042 2.61675 4.99626 3.13803 0.684537 1.1902 0.579796 0.610406 0.427703 0.489746 0.36375
internal_count=670 513 300 157 103 102 63 54 45 77 213 71 142 59 95 58
is_linear=0
shrinkage=0.1


Tree=145
num_leaves=19
num_cat=0
split_feature=2 3 3 2 3 3 3 2 3 3 2 3 2 3 2 3 3 3
split_gain=0.492626 0.183885 0.079758 0.0548089 0.0587163 0.331271 0.0523829 0.0219349 0.224253 0.0517774 0.0474443 0.033704 0.0177828 0.00197185 0.00141979 0.00201367 0.000796016 0.000263431
threshold=1.5000000000000002 1.5000000000000002 3.5000000000000004 1.0000000180025095e-35 3.5000000000000004 2.5000000000000004 3.5000000000000004 2.5000000000000004 1.5000000000000002 1.5000000000000002 3.5000000000000004 2.5000000000000004 1.0000000180025095e-35 2.5000000000000004 3.5000000000000004 1.0000000180025095e-35 2.5000000000000004 1.0000000180025095e-35
decision_type=2 2 2 2 2 2 2 2 2 2 2 2 2 2 2 2 2 2
left_child=1 12 7 4 5 -3 16 8 -2 14 13 -10 -1 -11 17 -16 -5 -9
right_child=2 3 -4 6 -6 -7 -8 9 11 10 -12 -13 -14 -15 15 -17 -18 -19
leaf_value=0.019407385628967856 -0.040144962778565621 -0.081680382081113237 -0.025261156254202333 0.0083507479632299354 -0.00019400317159778797 0.009051420572043856 -0.0082950433062813356 -0.0060485936477556136 -7.5291035582883355e-05 -0.0028483542708435507 -0.024159723146964726 -0.013749623620552496 0.011881436221479537 -0.0084014852486303995 -0.0026188553783185148 -0.0057890066362134502 0.010923982291271674 -0.0051656600882898258
leaf_weight=7.3722521886229533 2.3039779867976895 0.63968287734314588 3.1571980537846676 2.1252610683441162 2.2994016855955124 1.0848613642156124 2.3745392858982086 7.7304475307464635 5.2775984741747362 1.2294733040034762 3.0763463899493217 2.7373817339539528 5.4684754610061646 1.3324093371629715 4.6097367405891418 3.5442139767110348 2.767749086022377 6.0034439004957676
leaf_count=40 55 32 55 31 30 25 23 38 37 23 68 42 22 31 23 39 16 40
internal_value=-0.00331935 0.00801662 -0.00999123 -0.00129218 -0.0106552 -0.0246036 0.00389202 -0.00871734 -0.0126494 -0.0072433 -0.0157886 -0.00474553 0.0162023 -0.00573648 -0.00504206 -0.0039968 0.00980631 -0.00566264
internal_weight=65.1345 24.1322 41.0022 11.2915 4.02395 1.72454 7.26755 37.845 10.319 27.5261 5.63823 8.01498 12.8407 2.56188 21.8878 8.15395 4.89301 13.7339
internal_count=670 219 451 157 87 57 70 396 134 262 122 79 62 54 140 62 47 78
is_linear=0
shrinkage=0.1


Tree=146
num_leaves=15
num_cat=0
split_feature=2 1 3 2 3 1 3 1 3 3 3 3 3 3
split_gain=0.421126 0.257546 0.85498 0.104073 0.407752 0.736974 0.0923442 0.210907 0.166868 0.0645279 0.0323034 0.0197486 0.012837 0.0053984
threshold=1.5000000000000002 1.0000000180025095e-35 1.5000000000000002 3.5000000000000004 3.5000000000000004 1.0000000180025095e-35 3.5000000000000004 1.0000000180025095e-35 1.5000000000000002 1.5000000000000002 2.5000000000000004 2.5000000000000004 1.0000000180025095e-35 2.5000000000000004
decision_type=2 2 2 2 2 2 2 2 2 2 2 2 2 2
left_child=1 -1 -3 6 5 -5 7 -2 12 -7 -10 -11 -9 -4
right_child=3 2 13 4 -6 9 -8 8 10 11 -12 -13 -14 -15
leaf_value=-0.0092629224004110288 -0.017551869152609107 0.028293630871128045 0.0040484051909897385 -0.038853076213425042 -0.044043466737364152 0.0096276740130415445 0.0079943583797370196 0.0062145246909656093 -0.01006103681249163 -0.0057607968529029526 -0.0046709498825414373 0.003308467680419357 0.0010865042424639639 -0.00053881597435046717
leaf_weight=10.934961676597593 12.531557723879812 13.706285208463667 12.167509093880655 5.7771862745285096 3.5794411897659293 7.1197332330048111 4.9537942185997954 10.409512415528297 6.6690802387893209 7.0302751064300519 11.2908695936203 3.6462965048849583 9.1925192475318909 11.498063690960405
leaf_count=37 47 54 53 25 27 44 28 48 44 41 73 20 54 75
internal_value=-0.00317442 0.00423563 0.00818529 -0.0075291 -0.0125954 -0.00782028 -0.00503007 -0.00631806 -0.0025702 0.00225385 -0.00953343 -0.00266343 0.0038097 -0.000538816
internal_weight=130.507 48.3068 37.3719 82.2003 27.1529 23.5735 55.0473 50.0935 37.562 17.7963 17.9599 10.6766 19.602 23.6656
internal_count=670 219 182 451 157 130 294 266 219 105 117 61 102 128
is_linear=0
shrinkage=0.1


Tree=147
num_leaves=14
num_cat=0
split_feature=1 0 0 3 1 0 3 1 2 3 2 3 3
split_gain=1.764 1.18361 0.796014 1.07524 1.06735 0.58707 0.533605 0.522605 0.504124 0.351423 0.252611 0.0844677 0.000107362
threshold=1.0000000180025095e-35 1.5000000000000002 1.5000000000000002 1.5000000000000002 2.5000000000000004 3.5000000000000004 3.5000000000000004 1.5000000000000002 1.5000000000000002 3.5000000000000004 2.5000000000000004 2.5000000000000004 1.0000000180025095e-35
decision_type=2 2 2 2 2 2 2 2 2 2 2 2 2
left_child=1 9 4 5 -2 7 -5 -4 -8 12 -9 -3 -1
right_child=2 11 3 6 -6 -7 8 10 -10 -11 -12 -13 -14
leaf_value=-0.084424873432596637 -0.010625521927427599 -0.010625521927427599 0.0035172303240023797 0.0035172303240023797 0.0035172303240023797 0.043899838014465141 0.045807438504158027 0.029518817442809864 0.0035172303240023797 -0.037602443929850723 0.016211328940222904 -0.021443589315531343 -0.085566120180333952
leaf_weight=1.550577573478223 34.302232027053833 8.5033243298530561 6.5184418261051205 35.880811452865601 22.954281225800514 11.511917382478716 5.8864051103591901 6.7593080401420575 4.7101675570011139 2.9581775814294815 5.225010372698307 7.2764015197753915 1.7598961442708967
leaf_count=26 154 34 24 149 82 39 24 22 21 14 31 24 26
internal_value=0.000318098 -0.0258894 0.0046384 0.0113129 -0.00427846 0.0261693 0.00351723 0.0151378 0.0262713 -0.0626498 0.0289054 -0.011286 -0.0850316
internal_weight=155.797 22.0484 133.749 76.4921 57.2565 30.0147 46.4774 18.5028 10.5966 6.26865 11.9843 15.7797 3.31047
internal_count=670 124 546 310 236 116 194 77 45 66 53 58 52
is_linear=0
shrinkage=0.1


Tree=148
num_leaves=16
num_cat=0
split_feature=1 0 0 1 0 1 2 2 2 3 3 3 2 3 3
split_gain=3.82146 2.30257 1.33409 0.96629 0.679716 0.515306 0.440227 0.307631 0.293773 0.344508 0.161721 0.000968724 0.00024159 0.000139145 2.88326e-06
threshold=1.5000000000000002 1.5000000000000002 3.5000000000000004 2.5000000000000004 2.5000000000000004 3.5000000000000004 3.5000000000000004 2.5000000000000004 3.5000000000000004 1.5000000000000002 2.5000000000000004 1.5000000000000002 2.5000000000000004 2.5000000000000004 1.5000000000000002
decision_type=2 2 2 2 2 2 2 2 2 2 2 2 2 2 2
left_child=2 3 6 -2 5 -3 12 -5 9 -6 -7 -4 13 14 -1
right_child=1 4 11 7 8 10 -8 -9 -10 -11 -12 -13 -14 -15 -16
leaf_value=-0.081984392191612743 -0.011593265183941224 0.0090589144692276788 -0.011593265183941224 -0.0012671753573567724 0.027243384389604188 0.018151149429415935 -0.039001829000757132 0.0090589144692276788 0.054527318235647784 0.047150967747165082 0.027243384389604188 -0.017972835538753406 -0.083825223631828816 -0.083159633383968048 -0.081763404745798351
leaf_weight=1.1831603273749356 7.5616300702095058 10.167398124933243 5.417206197977066 7.8626244366168985 7.0332943648099926 8.3246491849422437 4.1111993417143822 11.950372844934464 8.1129258126020449 9.360704377293585 6.4890905320644388 2.8243633583188057 1.5386782363057134 1.3085514921694992 1.178458983078599
leaf_count=42 103 84 35 39 25 31 43 43 33 37 21 29 29 30 46
internal_value=0.00464222 0.0142583 -0.0374448 -0.00901325 0.0271311 0.0155232 -0.0634652 0.00905891 0.0389635 0.0312615 0.0272434 -0.0115933 -0.0827734 -0.0823325 -0.0818741
internal_weight=94.4243 76.8627 17.5616 27.3746 49.4881 24.9811 9.32005 19.813 24.5069 16.394 14.8137 8.24157 5.20885 3.67017 2.36162
internal_count=670 416 254 185 231 136 190 82 95 62 52 64 147 118 88
is_linear=0
shrinkage=0.1


Tree=149
num_leaves=19
num_cat=0
split_feature=1 2 0 2 3 3 3 3 0 3 3 2 0 2 2 3 2 3
split_gain=0.484877 0.552889 0.260633 0.159733 0.222143 0.810683 0.0867363 0.0277158 0.00881633 0.338112 3.11605e-07 2.39079e-07 1.6115e-07 2.49587e-07 2.42141e-08 3.19261e-08 3.51191e-09 3.77458e-11
threshold=2.5000000000000004 3.5000000000000004 1.5000000000000002 1.0000000180025095e-35 3.5000000000000004 2.5000000000000004 1.0000000180025095e-35 3.5000000000000004 3.5000000000000004 3.5000000000000004 3.5000000000000004 1.5000000000000002 1.5000000000000002 2.5000000000000004 2.5000000000000004 2.5000000000000004 1.0000000180025095e-35 1.5000000000000002
decision_type=2 2 2 2 2 2 2 2 2 2 2 2 2 2 2 2 2 2
left_child=1 10 7 -4 5 6 -5 -2 9 -3 12 16 13 -1 15 -14 -12 -16
right_child=2 8 3 4 -6 -7 -8 -9 -10 -11 11 -13 14 -15 17 -17 -18 -19
leaf_value=-0.080225269467081486 -0.00016727196957720821 -0.081524741721868521 0.015821823918092615 0.040528746216115512 0.015821823918092615 0.11481843163317224 0.015821823918092615 0.015821823918092615 -0.00016727196957720821 -0.0063364034922772546 -0.080296883668306354 -0.080483677846186874 -0.080174712856097327 -0.080352004544471556 -0.080148328321514986 -0.080225269467081486 -0.080267381010183367 -0.080144880303943192
leaf_weight=0.26997038337867818 1.6106977369636282 0.60740624926984332 1.2907588658854363 1.5769982859492302 1.7697066962718961 1.3968661427497862 1.2390027549117804 0.92481162305921305 0.78587656468152989 0.77785451151430607 0.085194431012496352 0.093627930502407253 0.18533216160722077 0.21266706613823771 0.076959906262345612 0.05971544433850795 0.076648449990898371 0.05404425342567265
leaf_count=105 64 52 38 27 14 10 46 18 24 12 24 17 74 46 35 17 23 24
internal_value=0.0108897 -0.0223609 0.0220263 0.0318109 0.0398594 0.0525345 0.0216389 -0.000167272 -0.000167272 -0.0125055 -0.0802595 -0.0803565 -0.0802307 -0.0802689 -0.0801816 -0.0802002 -0.0802829 -0.0801469
internal_weight=13.0941 3.2853 9.80884 7.27333 5.98257 4.21287 2.816 2.53551 2.17114 1.38526 1.11416 0.255471 0.858689 0.482637 0.376052 0.245048 0.161843 0.131004
internal_count=670 453 217 135 97 83 73 82 88 64 365 64 301 151 150 91 47 59
is_linear=0
shrinkage=0.1


Tree=150
num_leaves=19
num_cat=0
split_feature=2 3 3 2 3 3 3 2 3 3 2 3 2 3 2 3 3 3
split_gain=0.480458 0.173654 0.0738425 0.0421526 0.047558 0.322007 0.0432791 0.0191516 0.192622 0.042768 0.0436358 0.0253333 0.0181093 0.00177184 0.00106271 0.000917068 0.000734496 0.000264959
threshold=1.5000000000000002 1.5000000000000002 3.5000000000000004 1.0000000180025095e-35 3.5000000000000004 2.5000000000000004 3.5000000000000004 2.5000000000000004 1.5000000000000002 1.5000000000000002 3.5000000000000004 2.5000000000000004 1.0000000180025095e-35 2.5000000000000004 3.5000000000000004 1.0000000180025095e-35 1.0000000180025095e-35 2.5000000000000004
decision_type=2 2 2 2 2 2 2 2 2 2 2 2 2 2 2 2 2 2
left_child=1 12 7 4 5 -3 17 8 -2 14 13 -10 -1 -11 15 -9 -16 -5
right_child=2 3 -4 6 -6 -7 -8 9 11 10 -12 -13 -14 -15 16 -17 -18 -19
leaf_value=0.019061191345111365 -0.038447949403315383 -0.081558927662110578 -0.024707158459845203 0.0078075725038879509 -0.00016872718871894387 0.01035942608255825 -0.0078254945085155861 -0.0065769943942008179 -0.00118025426119827 -0.0027555487868235746 -0.023231113580396298 -0.013052949613706491 0.011461740160148207 -0.0080276145122012595 -0.0035672244589195824 -0.0049229966288779781 -0.0054894769579451382 0.0092862660788076545
leaf_weight=7.3825586065650004 2.2226691376417866 0.59194671548902822 3.1252974225208154 2.136488039046526 2.2962283343076706 1.0700819455087185 2.3567061275243759 7.6787602379918134 5.3250182010233384 1.2278332673013201 3.03500912245363 2.712724756449461 5.4510518014431 1.3258277289569378 4.5475889630615711 5.9495174996554852 3.5313591249287128 2.7997412532567978
leaf_count=40 55 32 55 31 30 25 23 38 37 23 68 42 22 31 23 40 39 16
internal_value=-0.00331106 0.00788281 -0.00993819 -0.00118592 -0.00949421 -0.0223781 0.00332343 -0.00870917 -0.0123924 -0.00732467 -0.0151258 -0.00518727 0.0158333 -0.00549274 -0.00531621 -0.00585493 -0.00440745 0.00864626
internal_weight=64.7664 24.0848 40.6816 11.2512 3.95826 1.66203 7.29294 37.5563 10.2604 27.2959 5.58867 8.03774 12.8336 2.55366 21.7072 13.6283 8.07895 4.93623
internal_count=670 219 451 157 87 57 70 396 134 262 122 79 62 54 140 78 62 47
is_linear=0
shrinkage=0.1


Tree=151
num_leaves=15
num_cat=0
split_feature=2 1 3 3 1 3 2 2 2 3 3 3 3 3
split_gain=0.388233 0.548534 0.799969 0.15302 0.90961 0.582645 0.334156 0.162997 0.0926097 0.211895 0.0703133 0.0496032 0.0297476 0.0297138
threshold=1.0000000180025095e-35 1.0000000180025095e-35 1.5000000000000002 3.5000000000000004 1.0000000180025095e-35 1.5000000000000002 3.5000000000000004 1.5000000000000002 1.5000000000000002 1.5000000000000002 3.5000000000000004 2.5000000000000004 1.0000000180025095e-35 1.0000000180025095e-35
decision_type=2 2 2 2 2 2 2 2 2 2 2 2 2 2
left_child=1 -1 -3 4 5 13 7 -5 -6 12 -4 -11 -10 -2
right_child=3 2 10 6 8 -7 -8 -9 9 11 -12 -13 -14 -15
leaf_value=-0.01848929228765132 -0.031929835909127513 0.034375989963231011 -0.0016063927231285511 -0.019316248566832665 0.0082645477237987524 -0.01106672420767757 -0.042505574790852492 0.0062211821482665974 0.0092669713637842689 -0.01106672420767757 0.013361018779599785 -0.0028514277786507135 0.0025400374187798448 -0.041412263356629876
leaf_weight=6.2555747628212002 6.4219504147768038 10.765736222267153 6.3703313097357732 5.0169876217842084 13.95849961042404 7.0016205310821524 3.4975807517766944 4.9804926887154579 11.972551554441452 13.619479514658451 3.7003442496061325 14.891561727970839 14.578523870557547 6.8077183663845062
leaf_count=21 28 36 47 23 62 26 27 28 63 85 23 93 83 25
internal_value=-0.00316904 0.00747994 0.0152765 -0.00597692 -0.00447631 -0.0231228 -0.0159015 -0.00659414 0.000989332 -0.000854969 -0.00160639 -0.00684141 0.00557338 -0.0368093
internal_weight=129.839 27.092 20.8364 102.747 89.2519 20.2313 13.4951 9.99748 69.0206 55.0621 10.0707 28.511 26.5511 13.2297
internal_count=670 127 106 543 465 79 78 51 386 324 70 178 146 53
is_linear=0
shrinkage=0.1


Tree=152
num_leaves=17
num_cat=0
split_feature=1 0 0 3 1 3 0 2 1 3 2 1 3 2 2 3
split_gain=1.80662 2.21161 0.472375 0.529632 0.443526 0.391283 0.347475 0.251871 0.238748 0.220122 0.0755933 0.0249194 0.0190426 0.0174457 0.720091 4.93625e-06
threshold=1.5000000000000002 1.5000000000000002 1.0000000180025095e-35 2.5000000000000004 2.5000000000000004 2.5000000000000004 3.5000000000000004 1.5000000000000002 1.0000000180025095e-35 1.0000000180025095e-35 2.5000000000000004 1.0000000180025095e-35 1.5000000000000002 1.0000000180025095e-35 2.5000000000000004 1.0000000180025095e-35
decision_type=2 2 2 2 2 2 2 2 2 2 2 2 2 2 2 2
left_child=1 5 4 7 -2 8 11 -4 15 -9 -11 -3 -13 -5 -15 -1
right_child=2 6 3 13 -6 -7 -8 9 -10 10 -12 12 -14 14 -16 -17
leaf_value=-0.08412569663800476 -0.00301729893074279 -0.021420778501242993 0.032598121827424074 0.0053687818505553826 0.0053687818505553826 -0.028495920828972905 -0.00301729893074279 0.0053687818505553826 -0.048731633073754298 0.012363431231152935 0.024026764120607128 -0.010209345082469653 -0.017684098914627945 0.033616873155428162 0.0053687818505553826 -0.084392256085977987
leaf_weight=1.4563948735594734 13.716180488467218 6.953193426132203 11.725136637687681 11.636087149381639 16.802929893136024 7.1203641667962065 18.617716729640961 5.9401785284280804 5.9034958258271217 8.5086348354816455 16.018819741904736 6.5201012492179871 5.9319366216659546 9.6625915318727511 7.1400590986013404 1.3283639848232267
leaf_count=26 58 27 44 48 60 31 64 29 37 32 64 24 22 43 38 23
internal_value=0.000444449 -0.0143554 0.00832082 0.0128129 -0.00207532 -0.0458745 -0.0030173 0.0201435 -0.0601169 0.0153505 0.0199807 -0.0166252 -0.0139474 0.00536878 0.0108748 -0.0842528
internal_weight=154.982 53.8316 101.151 70.6315 30.5191 15.8086 38.0229 42.1928 8.68825 30.4676 24.5275 19.4052 12.452 28.4387 16.8027 2.78476
internal_count=670 254 416 298 118 117 137 169 86 125 96 73 46 129 81 49
is_linear=0
shrinkage=0.1


Tree=153
num_leaves=15
num_cat=0
split_feature=1 0 0 1 0 1 2 2 3 2 3 2 3 3
split_gain=3.35565 2.13581 1.29102 0.913888 0.596835 0.488253 0.442172 0.291951 0.282923 0.273704 0.144866 0.000201631 0.00011259 1.96493e-06
threshold=1.5000000000000002 1.5000000000000002 3.5000000000000004 2.5000000000000004 2.5000000000000004 3.5000000000000004 3.5000000000000004 3.5000000000000004 1.5000000000000002 2.5000000000000004 2.5000000000000004 2.5000000000000004 2.5000000000000004 1.5000000000000002
decision_type=2 2 2 2 2 2 2 2 2 2 2 2 2 2
left_child=2 3 6 -2 5 -3 11 8 -6 -5 -7 12 13 -1
right_child=1 4 -4 9 7 10 -8 -9 -10 -11 -12 -13 -14 -15
leaf_value=-0.081827910099829995 -0.011199378078254878 0.0083534483365480337 -0.011199378078254878 -0.0014229648708534222 0.025915089937236749 0.01713426913689239 -0.037754689888690893 0.052563627316528749 0.043896447666018662 0.0083534483365480337 0.025915089937236749 -0.083571166358634597 -0.082931476639551915 -0.081638457945348269
leaf_weight=1.0927789006382231 7.5226418972015408 10.154478386044502 8.1298073455691338 7.8341509029269227 7.0269914716482189 8.3201701045036298 4.0234812945127487 8.0061363726854342 9.3138409554958326 11.969782933592796 6.4737188816070566 1.4458288066089151 1.2208942323923109 1.0970514286309481
leaf_count=42 103 84 64 39 25 31 43 33 37 43 21 29 30 46
internal_value=0.00443046 0.0133502 -0.0357489 -0.00907394 0.0257808 0.0149109 -0.0622708 0.0369192 0.0292543 0.00835345 0.0259151 -0.0825815 -0.082162 -0.081733
internal_weight=93.6318 76.6219 17.0098 27.3266 49.2953 24.9484 8.88003 24.347 16.3408 19.8039 14.7939 4.85655 3.41072 2.18983
internal_count=670 416 254 185 231 136 190 95 62 82 52 147 118 88
is_linear=0
shrinkage=0.1


Tree=154
num_leaves=14
num_cat=0
split_feature=1 3 0 0 3 3 2 2 3 2 2 3 2
split_gain=0.443713 1.18537 0.7743 0.391037 0.2713 6.02377e-06 6.13909e-06 1.28416e-05 4.00498e-06 5.70216e-07 1.50609e-06 1.28826e-07 9.13597e-09
threshold=3.5000000000000004 2.5000000000000004 1.0000000180025095e-35 2.5000000000000004 3.5000000000000004 1.5000000000000002 1.5000000000000002 2.5000000000000004 1.0000000180025095e-35 3.5000000000000004 1.0000000180025095e-35 1.0000000180025095e-35 1.5000000000000002
decision_type=2 2 2 2 2 2 2 2 2 2 2 2 2
left_child=1 5 -3 4 -2 6 11 -8 -9 10 -7 -1 -12
right_child=3 2 -4 -5 -6 9 7 8 -10 -11 12 -13 -14
leaf_value=-0.080128283956783453 0.010305840907615486 -0.082555337665163597 0.010305840907615486 0.066301593102056106 0.039795393586840692 -0.080599260786899676 -0.081543037869522272 -0.080424397035023076 -0.080906203713638908 -0.080590796976451204 -0.080111686339551777 -0.080325154147985814 -0.080166119151114934
leaf_weight=0.06019067286979396 2.799642083235085 0.93257563561201084 3.6997988815419376 1.9643048532307146 1.9714309573173521 0.14783727936446656 0.27445396198891081 0.25684342184104025 0.525539769558236 0.19833381846547127 0.043080938747152686 0.074230746831744909 0.10846718761604279
leaf_count=37 86 57 148 24 15 26 42 48 74 27 25 17 44
internal_value=0.0108907 -0.00813804 0.0103058 0.0287497 0.0132892 -0.0807515 -0.0808735 -0.0809545 -0.080748 -0.0804593 -0.0803722 -0.080237 -0.0801506
internal_weight=13.0567 6.32135 4.63237 6.73538 4.77107 1.68898 1.19126 1.05684 0.782383 0.497719 0.299385 0.134421 0.151548
internal_count=670 545 205 125 101 340 218 164 122 122 95 54 69
is_linear=0
shrinkage=0.1


Tree=155
num_leaves=18
num_cat=0
split_feature=2 3 3 2 3 3 2 2 3 3 2 3 2 3 3 3 3
split_gain=0.473777 0.159855 0.063278 0.0321115 0.0428042 0.0380614 0.0274909 0.0135318 0.165629 0.027353 0.0444594 0.0180957 0.00266256 0.00254216 0.00038806 0.000338034 7.75467e-05
threshold=1.5000000000000002 1.5000000000000002 3.5000000000000004 1.0000000180025095e-35 3.5000000000000004 3.5000000000000004 1.0000000180025095e-35 2.5000000000000004 1.5000000000000002 1.5000000000000002 3.5000000000000004 2.5000000000000004 3.5000000000000004 2.5000000000000004 1.0000000180025095e-35 1.0000000180025095e-35 2.5000000000000004
decision_type=2 2 2 2 2 2 2 2 2 2 2 2 2 2 2 2 2
left_child=1 6 7 5 16 -3 -1 8 -2 12 13 -10 14 -11 -9 -14 -5
right_child=2 3 -4 4 -6 -7 -8 9 11 10 -12 -13 15 -15 -16 -17 -18
leaf_value=0.01915754635188207 -0.036825913421889726 -0.020297883932995156 -0.023955125144620469 0.0075601421810552296 -0.0083375235513445407 -0.00023427758053395245 0.009777953914632596 -0.0076102011016210549 -0.0022290646815402975 -0.0010619052294369355 -0.022402623443689179 -0.012285412211471123 -0.0042645129698836324 -0.0074208727710626064 -0.0065342039540967666 -0.0055723643873682111 0.0083585076137549438
leaf_weight=7.3686762303113955 2.1490667983889571 1.6073116045445188 3.0861230287700883 2.1413778103888035 2.3643249571323395 2.296353206038475 5.4255987107753754 7.6281259804964101 5.3709093704819661 1.2041146121919146 2.9980907971039414 2.6833133157342672 4.4890890456736088 1.3155338503420353 5.9789218045771122 3.5305147049948573 2.8172927796840668
leaf_count=40 55 57 55 31 23 30 22 38 37 23 68 42 23 31 40 39 16
internal_value=-0.00358501 0.00753838 -0.0101932 -0.00117026 0.00273452 -0.00849535 0.01518 -0.00905602 -0.0121607 -0.00788901 -0.0141736 -0.0055794 -0.00628559 -0.00438199 -0.00713741 -0.00484028 0.00801374
internal_weight=64.4547 24.0209 40.4338 11.2267 7.323 3.90366 12.7943 37.3477 10.2033 27.1444 5.51774 8.05422 21.6267 2.51965 13.607 8.0196 4.95867
internal_count=670 219 451 157 70 87 62 396 134 262 122 79 140 54 78 62 47
is_linear=0
shrinkage=0.1


Tree=156
num_leaves=15
num_cat=0
split_feature=2 1 3 2 3 1 3 1 3 3 3 2 3 3
split_gain=0.372407 0.227658 0.68979 0.0780773 0.331631 0.627018 0.0590126 0.212271 0.149925 0.0546019 0.0311882 0.0130683 0.010515 0.00902625
threshold=1.5000000000000002 1.0000000180025095e-35 1.5000000000000002 3.5000000000000004 3.5000000000000004 1.0000000180025095e-35 3.5000000000000004 1.0000000180025095e-35 1.5000000000000002 1.5000000000000002 2.5000000000000004 2.5000000000000004 2.5000000000000004 2.5000000000000004
decision_type=2 2 2 2 2 2 2 2 2 2 2 2 2 2
left_child=1 -1 -3 6 5 -5 7 -2 11 -7 -10 -9 -11 -4
right_child=3 2 13 4 -6 9 -8 8 10 12 -12 -13 -14 -15
leaf_value=-0.0088610948481243276 -0.017455469755526674 0.025553707140883258 0.0036459880729436353 -0.036418661315100485 -0.040821357098868583 0.0087108685164970761 0.0052642857183641933 0.001377139309913975 -0.0099161396272769327 -0.0049667904640806068 -0.0045227123801760746 0.0065984573196590486 0.0017039582244998742 -0.00064034802171460267
leaf_weight=10.906931549310682 12.466586679220198 13.693783983588217 11.95227397978306 5.6474410593509736 3.4153699651360503 7.0380230024457004 4.9715160354971877 10.78508248925209 6.5478152483701715 6.8829676657915098 11.217458799481392 8.6286617815494537 3.5983239263296127 11.314133770763872
leaf_count=37 47 54 53 25 27 44 28 50 44 41 73 52 20 75
internal_value=-0.0031621 0.00383406 0.0075804 -0.00728635 -0.0117312 -0.00744255 -0.00512305 -0.00616324 -0.00237681 0.00189804 -0.00901511 0.00369781 -0.00267666 -0.000640348
internal_weight=129.066 47.8671 36.9602 81.1992 26.5821 23.1668 54.6171 49.6456 37.179 17.5193 17.7653 19.4137 10.4813 23.2664
internal_count=670 219 182 451 157 130 294 266 219 105 117 102 61 128
is_linear=0
shrinkage=0.1


Tree=157
num_leaves=16
num_cat=0
split_feature=1 0 0 3 1 3 2 0 2 2 2 3 1 2 2
split_gain=1.64057 2.03962 0.444511 0.508144 0.413104 0.364889 0.321853 0.284293 0.937655 0.17729 0.128694 0.10299 0.0658108 0.00323275 0.638008
threshold=1.5000000000000002 1.5000000000000002 1.0000000180025095e-35 2.5000000000000004 2.5000000000000004 1.5000000000000002 1.0000000180025095e-35 1.5000000000000002 2.5000000000000004 3.5000000000000004 3.5000000000000004 1.0000000180025095e-35 1.0000000180025095e-35 1.0000000180025095e-35 2.5000000000000004
decision_type=2 2 2 2 2 2 2 2 2 2 2 2 2 2 2
left_child=1 5 4 7 -2 9 -3 -4 11 -1 -7 -9 -8 -5 -15
right_child=2 6 3 13 -6 10 12 8 -10 -11 -12 -13 -14 14 -16
leaf_value=-0.08552234153878964 -0.0027707601310052636 -0.023543114081467396 0.0065433210131658733 0.0052100093636871601 0.0052100093636871601 -0.045371400325281169 -0.01730967906356793 0.05341232785946675 0.01567957640379938 -0.045952116458407355 -0.023606367423716756 0.036587150972208125 -0.0027707601310052636 0.031861297171067414 0.0052100093636871601
leaf_weight=2.5520422756671897 13.608243480324747 7.5215637087821952 11.870238319039343 11.575650542974474 16.806097194552422 5.3569501191377622 10.688949167728426 6.5737990736961391 15.400455377995966 2.0352372825145721 5.5120321214199066 8.1467708796262723 19.774198532104492 9.5136458128690737 7.0824703760445109
leaf_count=38 58 30 48 48 60 41 37 22 67 17 21 32 70 43 38
internal_value=0.000547043 -0.0136117 0.00807017 0.0124472 -0.00202715 -0.0443155 -0.00277076 0.0196505 0.0248158 -0.0679662 -0.0343336 0.0441008 -0.00277076 0.00521001 0.00997853
internal_weight=154.018 53.441 100.577 70.163 30.4143 15.4563 37.9847 41.9913 30.121 4.58728 10.869 14.7206 30.4631 28.1718 16.5961
internal_count=670 254 416 298 118 117 137 169 121 55 62 54 107 129 81
is_linear=0
shrinkage=0.1


Tree=158
num_leaves=15
num_cat=0
split_feature=1 0 2 1 3 0 2 1 2 3 3 3 3 3
split_gain=3.10827 4.37886 0.90968 0.479856 0.41031 0.332016 0.28653 0.297503 0.218571 0.105395 0.0326686 0.00026207 1.19073e-05 1.70541e-05
threshold=2.5000000000000004 1.5000000000000002 1.0000000180025095e-35 3.5000000000000004 1.5000000000000002 1.0000000180025095e-35 2.5000000000000004 1.0000000180025095e-35 1.5000000000000002 2.5000000000000004 1.5000000000000002 2.5000000000000004 1.0000000180025095e-35 1.5000000000000002
decision_type=2 2 2 2 2 2 2 2 2 2 2 2 2 2
left_child=1 6 -3 4 -2 -5 11 -8 -7 -9 -10 12 -1 -14
right_child=3 2 -4 5 -6 8 7 9 10 -11 -12 -13 13 -15
leaf_value=-0.082356580899870302 0.0011727518676738172 -0.031416101224714187 0.0011727518676738172 0.017197636366719195 0.017197636366719195 0.025465469257266268 -0.084952531550633398 -0.055188925687473391 0.037382632514285662 -0.031416101224714187 0.047506168350759548 -0.084166078306339875 -0.083133174861501041 -0.082555479979726051
leaf_weight=0.8355597779154772 8.8180060759186762 3.5650356113910702 21.491729512810707 10.265726357698439 11.258244618773459 11.223760128021242 2.165645480155943 3.1375203542411327 6.0024720281362516 3.2286734580993652 6.7973743677139282 1.9784393981099127 0.89499963819980632 1.1910748016089201
leaf_count=25 42 48 185 36 50 41 37 36 26 26 22 38 20 38
internal_value=0.00434791 -0.0173968 0.00117275 0.0197423 0.00746419 0.0269311 -0.064005 -0.0529363 0.0337333 -0.042045 0.0427587 -0.0832774 -0.0826756 -0.0828033
internal_weight=92.8543 38.4887 25.0568 54.3656 20.0763 34.2893 13.4319 8.53184 24.0236 6.36619 12.7998 4.90007 2.92163 2.08607
internal_count=670 453 233 217 92 125 220 99 89 62 48 121 83 58
is_linear=0
shrinkage=0.1


Tree=159
num_leaves=15
num_cat=0
split_feature=2 0 0 1 0 3 1 3 2 3 2 3 2 3
split_gain=0.418153 0.640009 0.373014 0.463134 0.397378 0.350541 0.288432 0.243214 0.242817 6.05542e-06 9.2232e-07 5.18811e-07 3.35415e-07 1.92499e-08
threshold=3.5000000000000004 1.5000000000000002 2.5000000000000004 3.5000000000000004 1.0000000180025095e-35 3.5000000000000004 2.5000000000000004 2.5000000000000004 1.5000000000000002 2.5000000000000004 1.5000000000000002 1.5000000000000002 1.5000000000000002 1.0000000180025095e-35
decision_type=2 2 2 2 2 2 2 2 2 2 2 2 2 2
left_child=1 9 3 4 -2 6 -3 8 -8 11 -11 12 -1 -14
right_child=2 5 -4 -5 -6 -7 7 -9 -10 10 -12 -13 13 -15
leaf_value=-0.080239920220648575 -0.082511406753885977 -0.036741565249832936 0.057241823125279437 0.033892164998227246 0.0022028147688629373 -0.036741565249832936 0.057277781846122415 0.060470574488078237 -0.0045092294460222452 -0.080696438338022716 -0.080963725087575725 -0.080142920810454182 -0.080426783357740603 -0.080476493133261051
leaf_weight=0.098684457479975896 0.80713697522878636 0.32866925187408957 2.6428339285776019 3.0370574258267879 1.0038629630580542 0.5068635259522124 0.71201528795063529 1.3887188024818899 1.4814345575869081 0.2443079580552876 0.27376811788417399 0.096527613117359579 0.15687965299002826 0.15473984368145466
leaf_count=37 38 150 45 28 46 56 27 30 37 38 33 47 28 30
internal_value=0.0116917 -0.00940296 0.0270183 0.0105425 -0.0294865 0.00711413 0.0186563 0.0277231 0.00699 -0.0805973 -0.0808377 -0.0803515 -0.0804006 -0.0804515
internal_weight=12.9335 5.44261 7.49089 4.84806 1.811 4.4177 3.91084 3.58217 2.19345 1.02491 0.518076 0.506832 0.410304 0.311619
internal_count=670 513 157 112 84 300 244 94 64 213 71 142 95 58
is_linear=0
shrinkage=0.1


Tree=160
num_leaves=17
num_cat=0
split_feature=2 3 3 3 3 2 2 3 3 2 3 2 3 2 3 3
split_gain=0.463289 0.158064 0.0553434 0.0316216 0.040531 0.0275229 0.00986675 0.14108 0.0186765 0.0440665 0.0123255 0.00706199 0.00308514 0.00251093 0.000350483 1.59367e-05
threshold=1.5000000000000002 1.5000000000000002 3.5000000000000004 2.5000000000000004 3.5000000000000004 1.0000000180025095e-35 2.5000000000000004 1.5000000000000002 1.5000000000000002 3.5000000000000004 2.5000000000000004 1.0000000180025095e-35 2.5000000000000004 3.5000000000000004 1.0000000180025095e-35 1.0000000180025095e-35
decision_type=2 2 2 2 2 2 2 2 2 2 2 2 2 2 2 2
left_child=1 5 6 -3 -5 -1 7 -2 13 12 -9 -6 -10 14 -8 -15
right_child=2 3 -4 4 11 -7 8 10 9 -11 -12 -13 -14 15 -16 -17
leaf_value=0.018857646989450985 -0.03512509023493348 -0.010819629627584988 -0.023242498216474498 0.0091814046972768168 -0.00072729994668729078 0.00945397805933023 -0.0081795416277262289 -0.0031606973768257478 2.9582669867353111e-05 -0.021683430387085728 -0.01148211261440246 -0.008504902459163315 -0.0070080136681068932 -0.0053648232800510556 -0.007155817168317021 -0.0056496066260951321
leaf_weight=7.373927831649782 2.0770309753715983 2.696187248453497 3.0478955730795851 3.8631087057292444 2.3063902407884598 5.3856259882450104 7.5857226401567512 5.410563223063944 1.1888622902333728 2.9680019719526172 2.6526265572756529 2.3640930950641632 1.3085140641778708 4.430407114326953 5.9811282530426979 3.5312634063884616
leaf_count=40 55 63 55 41 30 22 38 37 23 68 42 23 31 23 40 39
internal_value=-0.0037233 0.00727339 -0.0102885 -0.00137908 0.00160366 0.0148885 -0.00922527 -0.0118848 -0.00822621 -0.0134467 -0.00589827 -0.00466415 -0.0036578 -0.0069009 -0.00772822 -0.00549113
internal_weight=64.1713 23.9893 40.182 11.2298 8.53359 12.7596 37.1341 10.1402 26.9939 5.46538 8.06319 4.67048 2.49738 21.5285 13.5669 7.96167
internal_count=670 219 451 157 94 62 396 134 262 122 79 53 54 140 78 62
is_linear=0
shrinkage=0.1


Tree=161
num_leaves=15
num_cat=0
split_feature=2 1 3 3 1 0 2 2 2 3 3 3 2 3
split_gain=0.3461 0.501317 0.686552 0.132342 0.780877 0.680625 0.25663 0.142674 0.0728738 0.170542 0.0722031 0.0507413 0.0390285 0.0260992
threshold=1.0000000180025095e-35 1.0000000180025095e-35 1.5000000000000002 3.5000000000000004 1.0000000180025095e-35 1.5000000000000002 3.5000000000000004 1.5000000000000002 1.5000000000000002 1.5000000000000002 3.5000000000000004 1.0000000180025095e-35 2.5000000000000004 1.0000000180025095e-35
decision_type=2 2 2 2 2 2 2 2 2 2 2 2 2 2
left_child=1 -1 -3 4 5 11 7 -5 -6 13 -4 -2 -11 -10
right_child=3 2 10 6 8 -7 -8 -9 9 12 -12 -13 -14 -15
leaf_value=-0.018046061422973707 -0.044148455748969556 0.031935018610496059 -0.0018870234587879343 -0.019290646767264247 0.0069538784505275052 -0.010749878163222003 -0.039309060463599527 0.0047306125048025057 0.00806613604410528 -0.010749878163222003 0.012848977072029309 -0.031699725350557671 -0.0033941111888710282 0.0017480802044194015
leaf_weight=6.2557373642921474 5.9624149948358554 10.709109425544741 6.1993488147854787 4.9311235249042493 13.852015286684034 6.8020645081996909 3.3390129208564749 4.9593224003911018 11.909369323402643 11.906255058944227 3.7145201712846756 7.2623410224914551 16.13526064530015 14.497189860790968
leaf_count=21 26 36 47 23 62 27 27 28 63 63 23 26 115 83
internal_value=-0.00334007 0.00675032 0.014272 -0.00601068 -0.0046136 -0.0219776 -0.0153383 -0.00724577 0.000477832 -0.00116972 -0.00188702 -0.0373123 -0.00660072 0.00459753
internal_weight=128.435 26.8787 20.623 101.556 88.3269 20.0268 13.2295 9.89045 68.3001 54.4481 9.91387 13.2248 28.0415 26.4066
internal_count=670 127 106 543 465 79 78 51 386 324 70 52 178 146
is_linear=0
shrinkage=0.1


Tree=162
num_leaves=15
num_cat=0
split_feature=1 0 0 1 3 3 3 2 1 2 3 2 0 3
split_gain=1.47176 0.990807 0.671492 0.973998 0.933962 0.508321 0.395716 0.40561 0.394822 0.426264 0.333726 0.103372 0.02094 7.88839e-05
threshold=1.0000000180025095e-35 1.5000000000000002 1.5000000000000002 2.5000000000000004 1.5000000000000002 1.0000000180025095e-35 3.5000000000000004 1.5000000000000002 1.5000000000000002 1.5000000000000002 3.5000000000000004 2.5000000000000004 3.5000000000000004 1.0000000180025095e-35
decision_type=2 2 2 2 2 2 2 2 2 2 2 2 2 2
left_child=1 10 3 -2 5 8 -6 -8 -4 -10 13 -3 -7 -1
right_child=2 11 4 -5 6 12 7 -9 9 -11 -12 -13 -14 -15
leaf_value=-0.083629874579143226 -0.0096543519025057822 -0.0096543519025057822 0.0034177989381762837 0.0034177989381762837 0.0034177989381762837 0.034300591683718282 0.041340148918351798 0.0034177989381762837 0.04887970222259623 0.015052481320071115 -0.035737912711005161 -0.021669832721116777 0.042281748474955333 -0.084694799003819751
leaf_weight=1.3017973974347126 33.368957474827766 8.4484712183475477 6.4745853841304806 22.906422168016434 35.320547584444284 5.7017713040113467 5.6811395883560163 4.6117560565471649 4.8930599689483625 4.9794130474328995 2.8902115672826767 7.322465956211091 7.7631701231002808 1.4937237501144407
leaf_count=26 154 34 24 82 149 24 24 21 16 26 14 24 26 26
internal_value=0.000510481 -0.0237759 0.00446722 -0.00379936 0.010635 0.0245144 0.0034178 0.0234101 0.0126634 0.0266872 -0.0595649 -0.0108733 0.0389021 -0.0841989
internal_weight=153.157 21.4567 131.701 56.2754 75.4254 29.812 45.6134 10.2929 16.3471 9.87247 5.68573 15.7709 13.4649 2.79552
internal_count=670 124 546 236 310 116 194 45 66 42 66 58 50 52
is_linear=0
shrinkage=0.1


Tree=163
num_leaves=17
num_cat=0
split_feature=1 0 2 1 0 0 0 1 2 3 3 3 2 2 3 3
split_gain=2.9477 1.90405 1.22311 0.780035 0.627889 0.530659 0.524626 0.405419 0.278886 0.274925 0.144009 0.139422 0.0336722 0.000147732 9.02175e-05 1.11241e-06
threshold=1.5000000000000002 1.5000000000000002 3.5000000000000004 3.5000000000000004 1.5000000000000002 3.5000000000000004 2.5000000000000004 3.5000000000000004 3.5000000000000004 1.0000000180025095e-35 2.5000000000000004 2.5000000000000004 2.5000000000000004 2.5000000000000004 2.5000000000000004 1.5000000000000002
decision_type=2 2 2 2 2 2 2 2 2 2 2 2 2 2 2 2
left_child=2 3 5 -2 -4 13 7 -3 9 -8 -9 -5 -7 14 15 -1
right_child=1 6 4 11 -6 12 8 10 -10 -11 -12 -13 -14 -15 -16 -17
leaf_value=-0.081630615165701415 -0.010297638681094351 0.0083001190987931611 -0.056931021875313514 0.0083001190987931611 -0.010297638681094351 -0.044986459685888755 0.047992147164085557 0.016649899139568471 0.050764042245661813 0.024999679180343782 0.024999679180343782 -0.00099875979115059479 -0.029322302206185608 -0.083230053172255389 -0.082681418051149425 -0.081480537774814107
leaf_weight=0.98609865643084249 13.688887890428305 9.9869354516267776 3.3290174752473822 7.320666715502739 3.0018333941698074 2.3788205534219742 5.4512709975242677 8.2993993163108808 7.9053017795085898 10.773485481739042 6.444340020418168 5.8511702418327332 3.2434491515159607 1.3050440810620783 1.1122198048979042 0.98949057701975107
leaf_count=42 136 84 38 26 17 27 19 31 33 43 21 23 25 29 30 46
internal_value=0.00480146 0.013115 -0.0337103 -0.00827206 -0.0102976 -0.0562968 0.0248723 0.0146369 0.0353625 0.0278583 0.0249997 0.00830012 -0.0359499 -0.082338 -0.081961 -0.0815554
internal_weight=92.0674 75.7215 16.346 26.8607 6.33085 10.0151 48.8607 24.7307 24.1301 16.2248 14.7437 13.1718 5.62227 4.39285 3.08781 1.97559
internal_count=670 416 254 185 55 199 231 136 95 62 52 49 52 147 118 88
is_linear=0
shrinkage=0.1


Tree=164
num_leaves=16
num_cat=0
split_feature=1 3 0 0 2 3 3 3 3 2 2 3 3 2 2
split_gain=0.383472 0.49731 0.30238 0.208303 0.14882 0.192121 0.62928 0.0771911 0.0313732 1.02078e-05 1.53929e-07 8.02399e-09 2.1712e-09 6.04566e-09 1.43166e-09
threshold=2.5000000000000004 2.5000000000000004 1.0000000180025095e-35 1.5000000000000002 1.0000000180025095e-35 3.5000000000000004 2.5000000000000004 1.0000000180025095e-35 3.5000000000000004 3.5000000000000004 2.5000000000000004 1.0000000180025095e-35 1.0000000180025095e-35 1.5000000000000002 1.0000000180025095e-35
decision_type=2 2 2 2 2 2 2 2 2 2 2 2 2 2 2
left_child=1 9 -3 8 -5 6 7 -6 -2 10 12 -12 13 -1 -14
right_child=3 2 -4 4 5 -7 -8 -9 -10 -11 11 -13 14 -15 -16
leaf_value=-0.080110397382737397 0.00088966298307162079 -0.081235431604675445 0.00088966298307162079 0.015265334150575223 0.038735264436172395 0.015265334150575223 0.10205895099664604 0.015265334150575223 0.015265334150575223 -0.080855263559856394 -0.080280080201676721 -0.080240822351514141 -0.080166566180478294 -0.080157647606849125 -0.08014774069163795
leaf_weight=0.051149064558559387 1.579882002435623 0.46211645146831903 1.6915761078707872 1.3127657677978275 1.5963961444795132 1.7636788785457609 1.475800462067127 1.2191967996768653 0.89527245797216881 0.41430594213306904 0.087338927900418639 0.1289078364497982 0.055808256380259991 0.057544025592505932 0.14628671086393297
leaf_count=37 64 48 120 38 27 14 10 46 18 54 25 49 23 24 73
internal_value=0.0114136 -0.0192882 0.000889663 0.0210675 0.029641 0.0375643 0.0491665 0.0214428 0.000889663 -0.0804839 -0.0801919 -0.0802567 -0.0801468 -0.0801354 -0.0801529
internal_weight=12.938 3.09503 2.15369 9.84299 7.36784 6.05507 4.29139 2.81559 2.47515 0.941341 0.527035 0.216247 0.310788 0.108693 0.202095
internal_count=670 453 168 217 135 97 83 73 82 285 231 74 157 61 96
is_linear=0
shrinkage=0.1


Tree=165
num_leaves=17
num_cat=0
split_feature=2 3 3 2 3 3 2 3 3 2 3 2 2 3 3 3
split_gain=0.466079 0.15368 0.0489948 0.0321809 0.0250654 0.0352218 0.00738603 0.120113 0.0115915 0.040057 0.00817263 0.00727518 0.00296214 0.00273425 0.00154945 0.000256881
threshold=1.5000000000000002 1.5000000000000002 3.5000000000000004 1.0000000180025095e-35 2.5000000000000004 3.5000000000000004 2.5000000000000004 1.5000000000000002 1.5000000000000002 3.5000000000000004 2.5000000000000004 1.0000000180025095e-35 3.5000000000000004 2.5000000000000004 1.0000000180025095e-35 1.0000000180025095e-35
decision_type=2 2 2 2 2 2 2 2 2 2 2 2 2 2 2 2
left_child=1 3 6 -1 -3 -6 7 -2 12 13 -9 -7 14 -10 -8 -14
right_child=2 4 -4 -5 5 11 8 10 9 -11 -12 -13 15 -15 -16 -17
leaf_value=0.018878728924921651 -0.033705943664972635 -0.0099342332305081896 -0.022826158428834328 0.0086873006020245312 0.0082041762292927121 -0.00069058655852664353 -0.0095223468808244005 -0.0042356311790937738 -6.0608563341188462e-05 -0.020771330316983333 -0.011016111781104241 -0.0085921987899337457 -0.006641199260612074 -0.0066911036156667332 -0.0073610822026894847 -0.0054934275739705997
leaf_weight=7.3630469068884867 2.0194234419614068 2.6669055707752696 3.0239342749118796 5.3492741286754608 3.8838812820613366 2.3024856746196747 7.5215309187769943 5.45703451707959 1.1897977851331225 2.9303194349631667 2.6364514157176018 2.3591285794973373 4.3678023926913729 1.3030961658805609 5.9342257790267467 3.5225175013765693
leaf_count=40 55 63 55 22 41 30 38 37 23 68 42 23 23 31 40 39
internal_value=-0.00397275 0.00706324 -0.0105891 0.0145902 -0.00147067 0.00117066 -0.00958579 -0.0118882 -0.00871599 -0.0128444 -0.00644437 -0.0046894 -0.00766713 -0.00352653 -0.00856919 -0.00612879
internal_weight=63.8309 23.9247 39.9061 12.7123 11.2124 8.5455 36.8822 10.1129 26.7693 5.42321 8.09349 4.66161 21.3461 2.49289 13.4558 7.89032
internal_count=670 219 451 62 157 94 396 134 262 122 79 53 140 54 78 62
is_linear=0
shrinkage=0.1


Tree=166
num_leaves=17
num_cat=0
split_feature=2 1 3 3 1 0 2 2 3 3 2 3 2 3 3 3
split_gain=0.315361 0.46599 0.616541 0.123974 0.727774 0.632819 0.235424 0.11243 0.0732947 0.0658973 0.178887 0.0483924 0.0373229 0.0634933 0.0363159 0.000754893
threshold=1.0000000180025095e-35 1.0000000180025095e-35 1.5000000000000002 3.5000000000000004 1.0000000180025095e-35 1.5000000000000002 3.5000000000000004 1.5000000000000002 3.5000000000000004 1.5000000000000002 1.5000000000000002 1.0000000180025095e-35 2.5000000000000004 1.0000000180025095e-35 2.5000000000000004 1.0000000180025095e-35
decision_type=2 2 2 2 2 2 2 2 2 2 2 2 2 2 2 2
left_child=1 -1 -3 4 5 11 7 -5 -4 12 -11 -2 15 -14 -12 -6
right_child=3 2 8 6 9 -7 -8 -9 -10 10 14 -13 13 -15 -16 -17
leaf_value=-0.017455455892971424 -0.042747402051821343 0.030459192208474591 -0.0018706842668649417 -0.017938079585717814 -0.00019735510706096889 -0.010338645647117461 -0.038051276987821042 0.0034574887886284138 0.012769170071885766 0.0087189716246277495 -0.01021612541767097 -0.030556577422443672 0.016370168677233989 0.002871476454083362 -0.0029929929616819436 0.0014237055291634537
leaf_weight=6.2583187818527248 5.8986559957265872 10.67004653811455 6.1483571007847768 4.8497102558612806 9.5473085939884204 6.8167131245136252 3.2779162377119055 4.9760616347193718 3.7145190834999084 10.83461846411228 13.244382094591856 7.2687053978443146 5.2769709508866045 10.258530113846064 14.67083521746099 4.1090423017740241
leaf_count=21 26 36 47 23 43 27 27 28 23 44 85 26 38 58 93 25
internal_value=-0.00321263 0.00643302 0.0137141 -0.00577048 -0.00441816 -0.0211933 -0.0148446 -0.00710273 -0.00187068 0.000516011 -0.00218709 -0.0360178 0.00410416 0.0074566 -0.00642001 0.000290404
internal_weight=127.821 26.7912 20.5329 101.029 87.9258 19.9841 13.1037 9.82577 9.86288 67.9417 38.7498 13.1674 29.1919 15.5355 27.9152 13.6564
internal_count=670 127 106 543 465 79 78 51 70 386 222 52 164 96 178 68
is_linear=0
shrinkage=0.1


Tree=167
num_leaves=14
num_cat=0
split_feature=1 0 0 3 1 3 2 0 2 1 2 1 3
split_gain=1.49107 1.7473 0.394688 0.483375 0.39163 0.338321 0.311226 0.257796 0.81213 0.248949 0.0936475 0.0693361 2.87533e-06
threshold=1.5000000000000002 1.5000000000000002 1.0000000180025095e-35 2.5000000000000004 2.5000000000000004 2.5000000000000004 1.0000000180025095e-35 1.5000000000000002 2.5000000000000004 1.0000000180025095e-35 1.0000000180025095e-35 1.0000000180025095e-35 1.0000000180025095e-35
decision_type=2 2 2 2 2 2 2 2 2 2 2 2 2
left_child=1 5 4 7 -2 9 -3 -4 10 12 -9 -8 -1
right_child=2 6 3 -5 -6 -7 11 8 -10 -11 -12 -13 -14
leaf_value=-0.083420327003859318 -0.0027186468891537163 -0.022426538993620654 0.0063586912948600839 0.0049804560388746373 0.0049804560388746373 -0.026092154385079926 -0.01615582548962239 0.051483967997123049 0.01508997798456059 -0.044751105092715224 0.035187412148657268 -0.0027186468891537163 -0.08364152489996024
leaf_weight=1.2338309772312626 13.411866426467897 7.4945533275604239 11.772676795721052 27.72107545286417 16.800154969096184 6.9875038862228394 10.675927370786669 5.8750164359807995 15.294083654880522 5.5720492675900459 8.819855719804762 19.655773758888245 1.1221074014902113
leaf_count=26 58 30 48 129 60 31 37 21 67 37 33 70 23
internal_value=0.000483374 -0.0131143 0.00767696 0.011826 -0.00186504 -0.0421344 -0.00271865 0.0188985 0.0238213 -0.0562736 0.0417028 -0.00271865 -0.0835257
internal_weight=152.436 52.7417 99.6947 69.4827 30.212 14.9155 37.8263 41.7616 29.989 7.92799 14.6949 30.3317 2.35594
internal_count=670 254 416 298 118 117 137 169 121 86 54 107 49
is_linear=0
shrinkage=0.1


Tree=168
num_leaves=13
num_cat=0
split_feature=0 1 2 1 2 1 3 2 3 3 3 3
split_gain=2.59214 3.72973 1.61692 1.37431 0.301185 0.300489 0.225704 0.165831 0.0899945 0.000199601 1.18198e-05 1.20052e-05
threshold=1.5000000000000002 2.5000000000000004 3.5000000000000004 3.5000000000000004 2.5000000000000004 1.0000000180025095e-35 2.5000000000000004 1.0000000180025095e-35 2.5000000000000004 2.5000000000000004 1.0000000180025095e-35 1.5000000000000002
decision_type=2 2 2 2 2 2 2 2 2 2 2 2
left_child=1 4 3 -2 9 -6 -4 -5 -7 10 -1 -12
right_child=2 -3 6 7 5 8 -8 -9 -10 -11 11 -13
leaf_value=-0.082066362817053234 -0.00028408577741524942 -0.00028408577741524942 0.035890629281029506 0.017197908142550108 -0.084499302740464757 -0.052362066792467271 0.060988677936710339 0.03740093830345733 -0.03111814592557445 -0.083775976017456552 -0.08282963147276895 -0.082319009423987941
leaf_weight=0.73657078668475073 26.067736752331257 19.784993596374989 9.3838097602128965 6.3117983937263515 1.9582203514873961 2.9304722622036934 5.7963705807924262 11.40268290042877 3.1477602645754814 1.7922493349760769 0.80906517803668965 1.0685401437804103
leaf_count=25 237 82 44 21 37 36 24 42 26 38 20 38
internal_value=0.00488595 -0.0179189 0.0173507 0.00759976 -0.0619522 -0.0504318 0.045474 0.0302025 -0.0394563 -0.0829631 -0.0824059 -0.082539
internal_weight=91.1903 32.2279 58.9624 43.7822 12.4429 8.03645 15.1802 17.7145 6.07823 4.40643 2.61418 1.87761
internal_count=670 302 368 300 220 99 68 63 62 121 83 58
is_linear=0
shrinkage=0.1


Tree=169
num_leaves=13
num_cat=0
split_feature=0 3 2 1 3 3 3 2 2 2 3 3
split_gain=0.351319 0.752071 0.309421 0.250128 0.362087 0.128026 0.0281568 0.000130445 4.3551e-05 9.40221e-07 1.14392e-07 3.6621e-08
threshold=2.5000000000000004 1.5000000000000002 2.5000000000000004 2.5000000000000004 3.5000000000000004 2.5000000000000004 2.5000000000000004 3.5000000000000004 3.5000000000000004 2.5000000000000004 1.0000000180025095e-35 2.5000000000000004
decision_type=2 2 2 2 2 2 2 2 2 2 2 2
left_child=1 7 -2 4 8 -4 -5 9 11 10 -1 -3
right_child=2 3 5 6 -6 -7 -8 -9 -10 -11 -12 -13
leaf_value=-0.080719625598665107 0.015374825579089505 -0.080128272386103538 0.031953587533831762 -0.0035471974676356873 -0.0047258757262730296 0.070520730339538068 0.015374825579089505 -0.082872940222573882 -0.081732546523266378 -0.080394274180643308 -0.080615120543677629 -0.080198971486857062
leaf_weight=0.19522905460325801 1.438726180233062 0.12393097579479195 1.6943845028290525 1.2535181269049642 0.93315506516955793 1.7493718042969704 4.0957481171935797 0.41930717416107655 0.43347279354929924 0.18732498562894762 0.22598569537512958 0.1792145986109972
leaf_count=54 95 67 76 37 51 13 66 36 29 34 42 70
internal_value=0.0112139 -0.00162621 0.0323759 0.0100726 -0.0248266 0.0515451 0.0153748 -0.0815158 -0.0810895 -0.0805807 -0.0806636 -0.0801701
internal_weight=12.9294 8.04689 4.88248 7.01904 1.66977 3.44376 5.34927 1.02785 0.736618 0.60854 0.421215 0.303146
internal_count=670 486 184 320 217 89 103 166 166 130 96 137
is_linear=0
shrinkage=0.1


Tree=170
num_leaves=20
num_cat=0
split_feature=2 3 3 2 2 3 3 3 2 3 3 3 2 3 2 3 3 3 2
split_gain=0.460017 0.149354 0.0415111 0.0394332 0.0215874 0.0388307 0.0263898 0.333667 0.00501035 0.102587 0.00503757 0.0394959 0.246382 0.00501629 0.00446535 0.00349584 0.00181247 0.00131004 4.25558e-06
threshold=1.5000000000000002 1.5000000000000002 3.5000000000000004 1.0000000180025095e-35 1.0000000180025095e-35 3.5000000000000004 3.5000000000000004 2.5000000000000004 2.5000000000000004 1.5000000000000002 1.5000000000000002 2.5000000000000004 3.5000000000000004 2.5000000000000004 3.5000000000000004 2.5000000000000004 1.0000000180025095e-35 1.0000000180025095e-35 3.5000000000000004
decision_type=2 2 2 2 2 2 2 2 2 2 2 2 2 2 2 2 2 2 2
left_child=1 3 8 -1 6 15 7 -3 9 -2 14 12 -12 -11 16 -6 -10 -16 -13
right_child=2 4 -4 -5 5 -7 -8 -9 10 13 11 18 -14 -15 17 -17 -18 -19 -20
leaf_value=0.018812215127555855 -0.032390770240802794 -0.081455233183766518 -0.022259441134798878 0.0075066387484519076 0.0095099243623898815 -0.0091409004407922191 -0.001053138173759565 0.015947047362974701 -0.010745550499032832 -0.0052282714447277629 0.00081097000317980087 -0.0063229554254191208 -0.081489154145618525 -0.010545290562532186 -0.0078695304307927327 0.0041510457246687112 -0.0084046120015472594 -0.0052661560413282188 -0.0060975616617074619
leaf_weight=7.3547567278146762 1.9683859348297108 0.5391680104657991 2.9934718683361998 5.3144326210021973 2.099759928882122 2.3691743165254593 2.3091586977243423 1.0115274041891098 7.4576934054493957 5.4986970629543048 1.1778512820601452 1.296934759244323 0.52628765534609545 2.6197424735873938 4.2999213449656954 2.8965922892093658 5.9431833401322365 3.511325778439641 2.3655522111803293
leaf_count=40 55 32 55 22 31 23 30 25 38 37 23 31 41 42 23 16 40 39 27
internal_value=-0.00433285 0.00662786 -0.0109367 0.0140698 -0.00177125 0.0014033 -0.00782906 -0.0179192 -0.0100123 -0.0119098 -0.00929212 -0.0120292 -0.0246057 -0.00694402 -0.00859964 0.00640316 -0.00970736 -0.00669926 -0.00617738
internal_weight=63.5536 23.8946 39.659 12.6692 11.2254 7.36553 3.85985 1.5507 36.6656 10.0868 26.5787 5.36663 1.70414 8.11844 21.2121 4.99635 13.4009 7.81125 3.66249
internal_count=670 219 451 62 157 70 87 57 396 134 262 122 64 79 140 47 78 62 58
is_linear=0
shrinkage=0.1


Tree=171
num_leaves=16
num_cat=0
split_feature=2 0 3 3 3 1 0 3 2 3 2 2 2 3 3
split_gain=0.289075 0.451121 0.82569 0.891318 0.116258 0.640161 0.596495 0.0652083 0.150652 0.0477453 0.03624 0.0330817 0.0280545 0.0595867 0.00119124
threshold=1.0000000180025095e-35 3.5000000000000004 1.5000000000000002 3.5000000000000004 3.5000000000000004 1.0000000180025095e-35 1.5000000000000002 1.5000000000000002 1.5000000000000002 1.0000000180025095e-35 2.5000000000000004 2.5000000000000004 2.5000000000000004 1.0000000180025095e-35 1.0000000180025095e-35
decision_type=2 2 2 2 2 2 2 2 2 2 2 2 2 2 2
left_child=1 2 -1 -4 5 6 9 12 -9 -2 -6 -10 14 -14 -7
right_child=4 -3 3 -5 10 7 -8 8 11 -11 -12 -13 13 -15 -16
leaf_value=0.014131181580157219 -0.041483011064712173 0.029483935355839902 -0.053087317570598626 0.011837048358465392 -0.010622828270061937 -0.00015830727768321843 -0.009995354184892424 0.0075454619965148479 -0.009995354184892424 -0.029343275807318249 -0.021627141292481111 -0.0034123020340046922 0.01526492900677158 0.0022128905400692566 0.0018824298662935886
leaf_weight=11.863407135009771 5.8399674743413943 6.2445346117019644 4.8634913861751539 3.7411020696163177 8.3569556996226293 9.5109842866659182 6.7954165339469901 10.759125456213949 11.800692453980446 7.2763458490371704 4.6623099073767653 15.91955647431314 5.3140834327787134 10.233712315559387 4.0906529426574698
leaf_count=40 26 21 43 23 46 43 27 44 63 26 32 115 38 58 25
internal_value=-0.00329045 0.00595639 -0.00122157 -0.0248595 -0.00574676 -0.0044355 -0.0201953 0.000204614 -0.00249802 -0.0347484 -0.0145636 -0.00639622 0.00377228 0.00667395 0.000455438
internal_weight=127.272 26.7125 20.468 8.60459 100.56 87.5405 19.9117 67.6288 38.4794 13.1163 13.0193 27.7202 29.1494 15.5478 13.6016
internal_count=670 127 106 66 543 465 79 386 222 52 78 178 164 96 68
is_linear=0
shrinkage=0.1


Tree=172
num_leaves=15
num_cat=0
split_feature=1 0 0 3 1 3 0 0 2 2 2 2 1 3
split_gain=1.28915 1.6536 0.377805 0.440236 0.349964 0.311348 0.293415 0.258052 0.710581 0.193089 0.101585 0.0721693 0.0126797 0.0242538
threshold=1.5000000000000002 1.5000000000000002 1.0000000180025095e-35 2.5000000000000004 2.5000000000000004 1.5000000000000002 3.5000000000000004 1.5000000000000002 2.5000000000000004 3.5000000000000004 3.5000000000000004 1.0000000180025095e-35 1.0000000180025095e-35 1.5000000000000002
decision_type=2 2 2 2 2 2 2 2 2 2 2 2 2 2
left_child=1 5 4 7 -2 9 12 -4 11 -1 -7 -9 -3 -14
right_child=2 6 3 -5 -6 10 -8 8 -10 -11 -12 -13 13 -15
leaf_value=-0.084643327772724888 -0.0024399863497027692 -0.018367651505857098 0.0054285147563482433 0.0046163580334026705 0.0046163580334026705 -0.041856195645535152 -0.0024399863497027692 0.047970325890481072 0.014191829987197924 -0.040900600008381111 -0.022235844160091348 0.03370840756952842 -0.008688055460930667 -0.015692519559475544
leaf_weight=2.1694605462253085 13.321306273341181 6.9063135087490091 11.668117985129355 27.559579353779554 16.823170706629753 5.1004107519984228 18.48885315656662 5.9319117367267635 15.237174011766909 1.8867537081241605 5.4677464067935944 8.8291663825511915 6.4692075550556183 5.8822514116764069
leaf_count=38 58 27 48 129 60 41 64 21 67 17 21 33 24 22
internal_value=0.000562552 -0.0121339 0.00725395 0.0113228 -0.00209011 -0.0407446 -0.00243999 0.018047 0.0229551 -0.0642963 -0.031705 0.0394397 -0.0149361 -0.0130174
internal_weight=151.741 52.371 99.3704 69.2259 30.1445 14.6244 37.7466 41.6664 29.9983 4.05621 10.5682 14.7611 19.2578 12.3515
internal_count=670 254 416 298 118 117 137 169 121 55 62 54 73 46
is_linear=0
shrinkage=0.1


Tree=173
num_leaves=17
num_cat=0
split_feature=1 0 2 1 0 0 0 1 2 2 3 3 2 3 2 3
split_gain=2.522 1.52696 1.14003 0.72049 0.534681 0.519088 0.477861 0.336234 0.246134 0.230662 0.265237 0.128939 0.0411371 0.000117075 5.77727e-05 2.67752e-05
threshold=1.5000000000000002 1.5000000000000002 3.5000000000000004 2.5000000000000004 3.5000000000000004 1.5000000000000002 2.5000000000000004 3.5000000000000004 2.5000000000000004 3.5000000000000004 1.5000000000000002 2.5000000000000004 2.5000000000000004 3.5000000000000004 2.5000000000000004 2.5000000000000004
decision_type=2 2 2 2 2 2 2 2 2 2 2 2 2 2 2 2
left_child=2 3 4 -2 13 -4 7 -3 -5 10 -8 -9 -6 14 15 -1
right_child=1 6 5 8 12 -7 9 11 -10 -11 -12 -13 -14 -15 -16 -17
leaf_value=-0.081409238054130306 -0.0093966865227001657 0.0082451501344900369 -0.054085771786980853 -0.0005757681941050641 -0.043989420615249186 -0.0093966865227001657 0.023344479945257464 0.01579481503987375 0.0082451501344900369 0.047483053891835998 0.040831002082488299 0.023344479945257464 -0.026429629026012341 -0.083212611343807155 -0.082539365335513093 -0.082231076154986538
leaf_weight=1.7921660719439381 6.618134697899225 9.9570637345314026 3.0934277325868598 7.7756628319621095 2.3305560126900673 3.1198897287249565 6.9846764355897966 8.281764477491377 11.970242321491241 7.7246674597263327 9.1939571946859342 6.4081556797027597 3.1203658953309059 0.79410141706466664 0.89115655794739712 0.509018413722515
leaf_count=88 103 84 38 39 27 17 25 31 43 33 37 21 25 19 24 16
internal_value=0.00504447 0.0126719 -0.0314653 -0.00670219 -0.0542928 -0.00939669 0.0231925 0.0134223 0.00824515 0.0332666 0.0264788 0.0233445 -0.0339374 -0.082126 -0.0818558 -0.081591
internal_weight=90.565 74.9143 15.6507 26.364 9.43736 6.21332 48.5503 24.647 19.7459 23.9033 16.1786 14.6899 5.45092 3.98644 3.19234 2.30118
internal_count=670 416 254 185 199 55 231 136 82 95 62 52 52 147 128 104
is_linear=0
shrinkage=0.1


Tree=174
num_leaves=13
num_cat=0
split_feature=1 3 0 0 3 3 2 2 3 2 2 3
split_gain=0.380387 1.01981 0.661756 0.350421 0.240733 5.01238e-06 4.69598e-06 9.00142e-06 4.30385e-06 3.83616e-07 1.12563e-06 4.77347e-08
threshold=3.5000000000000004 2.5000000000000004 1.0000000180025095e-35 2.5000000000000004 3.5000000000000004 1.5000000000000002 1.5000000000000002 2.5000000000000004 1.0000000180025095e-35 1.0000000180025095e-35 3.5000000000000004 1.0000000180025095e-35
decision_type=2 2 2 2 2 2 2 2 2 2 2 2
left_child=1 5 -3 4 -2 6 11 -8 -9 -7 -11 -1
right_child=3 2 -4 -5 -6 9 7 8 -10 10 -12 -13
leaf_value=-0.080097336366382624 0.010921278370891277 -0.082255836478018485 0.010921278370891277 0.063252407552539622 0.038319189881630814 -0.080563171411876272 -0.081432713304634627 -0.080332093050247855 -0.080883383063213132 -0.080117091673856555 -0.080521357797507742 -0.08023798147140096
leaf_weight=0.043612501060124265 2.7630360014736652 0.77913634618744243 3.8763573141768575 2.0020901747047901 1.9956395421177147 0.13309810147620726 0.23860000818967819 0.20226043392904103 0.47226015385240316 0.11575188243295997 0.17007139232009649 0.054023889126256108
leaf_count=37 86 57 148 24 15 26 42 48 74 69 27 17
internal_value=0.0118275 -0.00631054 0.0109213 0.0281531 0.013386 -0.0807138 -0.0808343 -0.0809048 -0.0807181 -0.0804229 -0.0803576 -0.0801752
internal_weight=12.8459 6.08517 4.65549 6.76077 4.75868 1.42968 1.01076 0.913121 0.674521 0.418921 0.285823 0.0976364
internal_count=670 545 205 125 101 340 218 164 122 122 96 54
is_linear=0
shrinkage=0.1


Tree=175
num_leaves=16
num_cat=0
split_feature=2 3 2 3 3 3 2 3 2 2 3 2 3 3 2
split_gain=0.451891 0.132043 0.0466363 0.0342469 0.0141917 0.0292264 0.00955598 0.00429104 0.00298924 0.00295647 0.089332 0.00140982 0.00763099 0.00617899 2.05245e-05
threshold=1.5000000000000002 1.5000000000000002 1.0000000180025095e-35 3.5000000000000004 2.5000000000000004 3.5000000000000004 1.0000000180025095e-35 2.5000000000000004 2.5000000000000004 2.5000000000000004 1.5000000000000002 3.5000000000000004 1.0000000180025095e-35 1.0000000180025095e-35 3.5000000000000004
decision_type=2 2 2 2 2 2 2 2 2 2 2 2 2 2 2
left_child=1 2 -1 7 -3 -6 -7 9 -9 10 -2 13 -13 -11 -10
right_child=3 4 -4 -5 5 6 -8 8 14 11 -12 12 -14 -15 -16
leaf_value=0.018353303774045312 -0.0311739577452071 -0.0081608251433508677 0.006041147138151487 -0.021563311809810595 0.0066334023215990842 -0.00047615041507240337 -0.0095235004743680404 -0.010584046662675602 -0.005836812457852618 -0.01174496688452766 -0.0061572690757019195 -0.0084002518364091529 -0.014493217227909286 -0.0076162912169502666 -0.0063326621588959825
leaf_weight=7.371325612068178 1.9230700489133621 2.6051012156531206 5.2802523970603943 2.9625667138025156 3.9189141951501352 2.2954402789473534 2.3756765127182007 2.6178686190396538 1.2890008576214316 7.3832456916570663 5.5380196385085583 4.2364184036850929 3.9929039971902966 7.121094822883606 2.3689630273729563
leaf_count=40 55 63 22 55 41 30 23 42 31 38 37 23 80 63 27
internal_value=-0.00465186 0.00621491 0.0132147 -0.0112234 -0.00169554 0.000265192 -0.00507753 -0.0103835 -0.00800422 -0.010878 -0.0126052 -0.0103111 -0.0113566 -0.00971794 -0.00615793
internal_weight=63.2799 23.8467 12.6516 39.4332 11.1951 8.59003 4.67112 36.4706 6.27583 30.1948 7.46109 22.7337 8.22932 14.5043 3.65796
internal_count=670 219 62 451 157 94 53 396 100 296 92 204 103 101 58
is_linear=0
shrinkage=0.1


Tree=176
num_leaves=16
num_cat=0
split_feature=2 1 3 3 1 0 3 3 2 3 2 2 2 3 3
split_gain=0.294704 0.547099 0.510877 0.113021 0.573034 0.554164 0.073524 0.0607529 0.139034 0.0470748 0.0329394 0.031443 0.0239171 0.0590045 0.00239258
threshold=1.0000000180025095e-35 1.0000000180025095e-35 1.5000000000000002 3.5000000000000004 1.0000000180025095e-35 1.5000000000000002 3.5000000000000004 1.5000000000000002 1.5000000000000002 1.0000000180025095e-35 2.5000000000000004 2.5000000000000004 2.5000000000000004 1.0000000180025095e-35 1.0000000180025095e-35
decision_type=2 2 2 2 2 2 2 2 2 2 2 2 2 2 2
left_child=1 -1 -3 4 5 9 -4 12 -9 -2 -10 -5 14 -14 -6
right_child=3 2 6 11 7 -7 -8 8 10 -11 -12 -13 13 -15 -16
leaf_value=-0.01977981061006515 -0.040270572239782171 0.029229833686292978 -0.0028500722564548109 -0.010813287257888889 -0.00057416136579717804 -0.009739999031918592 0.011137106036100575 0.0069795096383512382 -0.009739999031918592 -0.028185680326663787 -0.0034412700213484939 -0.021098905162340462 0.014569517189970011 0.0015928311037976392 0.0023243411655907652
leaf_weight=6.245167791843417 5.7811246514320391 10.597963124513628 5.8713660202920419 8.3051592931151372 9.4634190648794192 6.7880557775497428 3.7614752650260925 10.701743632555006 11.733801864087582 7.2852868735790253 15.809741426259279 4.6284421868622294 5.3355412781238529 10.207183800637722 4.0738128721714011
leaf_count=21 26 36 47 46 43 27 23 44 63 26 115 32 38 58 25
internal_value=-0.00328954 0.00609287 0.0140797 -0.00577082 -0.00447667 -0.0194061 -0.00258841 -7.39308e-05 -0.00269334 -0.0335325 -0.00645161 -0.0144941 0.00337105 0.0060475 0.000298096
internal_weight=126.589 26.476 20.2308 100.113 87.1797 19.8545 9.63284 67.3252 38.2453 13.0664 27.5435 12.9336 29.08 15.5427 13.5372
internal_count=670 127 106 543 465 79 70 386 222 52 178 78 164 96 68
is_linear=0
shrinkage=0.1


Tree=177
num_leaves=17
num_cat=0
split_feature=1 0 0 3 1 3 0 1 0 2 3 1 3 2 2 3
split_gain=1.17752 1.52233 0.362752 0.387601 0.326478 0.302151 0.296251 0.265986 0.246422 0.620134 0.0671121 0.0115918 0.0272194 0.00991097 0.521028 1.49475e-06
threshold=1.5000000000000002 1.5000000000000002 1.0000000180025095e-35 2.5000000000000004 2.5000000000000004 2.5000000000000004 3.5000000000000004 1.0000000180025095e-35 1.5000000000000002 2.5000000000000004 1.0000000180025095e-35 1.0000000180025095e-35 1.5000000000000002 1.0000000180025095e-35 2.5000000000000004 1.0000000180025095e-35
decision_type=2 2 2 2 2 2 2 2 2 2 2 2 2 2 2 2
left_child=1 5 4 8 -2 7 11 15 -4 10 -10 -3 -13 -5 -15 -1
right_child=2 6 3 13 -6 -7 -8 -9 9 -11 -12 12 -14 14 -16 -17
leaf_value=-0.083060411198346826 -0.0022141442214177877 -0.018044039379472767 0.0049816630307303218 0.0044900071975514612 0.0044900071975514612 -0.024226967634207938 -0.0022141442214177877 -0.041300530167718813 0.044930966421343234 0.013559291561336732 0.031371897165093116 -0.0084849615319755965 -0.01548331525438716 0.028974048183762244 0.0044900071975514612 -0.083228200847356132
leaf_weight=1.1190374940633758 13.250954598188402 6.8832207918167123 11.622815504670141 11.359363064169886 16.817853420972824 6.9005342423915863 18.441183775663376 5.3053162693977356 6.5768368840217617 15.165855795145033 8.2038774788379651 6.4548703134059906 5.891832172870636 9.2462847977876681 6.8387435078620902 1.0102433264255521
leaf_count=26 58 27 48 48 60 31 64 37 22 67 32 24 22 43 38 23
internal_value=0.000680622 -0.0115047 0.00707644 0.0110703 -0.00209032 -0.0392965 -0.00221414 -0.0532834 0.0173403 0.0221369 0.0374051 -0.0147558 -0.0129226 0.00449001 0.0090371 -0.08314
internal_weight=151.089 52.0062 99.0826 69.0138 30.0688 14.3351 37.6711 7.4346 41.5694 29.9466 14.7807 19.2299 12.3467 27.4444 16.085 2.12928
internal_count=670 254 416 298 118 117 137 86 169 121 54 73 46 129 81 49
is_linear=0
shrinkage=0.1


Tree=178
num_leaves=17
num_cat=0
split_feature=1 0 2 1 0 0 0 1 2 3 3 3 2 3 2 3
split_gain=2.16037 1.40663 1.09874 0.66457 0.548876 0.460651 0.409558 0.331697 0.214108 0.27385 0.105924 0.0971806 0.0352404 9.56197e-05 4.97953e-05 2.2134e-05
threshold=1.5000000000000002 1.5000000000000002 3.5000000000000004 3.5000000000000004 3.5000000000000004 1.5000000000000002 2.5000000000000004 3.5000000000000004 3.5000000000000004 1.0000000180025095e-35 2.5000000000000004 2.5000000000000004 2.5000000000000004 3.5000000000000004 2.5000000000000004 2.5000000000000004
decision_type=2 2 2 2 2 2 2 2 2 2 2 2 2 2 2 2
left_child=2 3 4 -2 13 -4 7 -3 9 -8 -9 -5 -6 14 15 -1
right_child=1 6 5 11 12 -7 8 10 -10 -11 -12 -13 -14 -15 -16 -17
leaf_value=-0.081319101804138663 -0.0087169999876210245 0.0077505519314988698 -0.052646337248863188 0.0077505519314988698 -0.041545940779818255 -0.0087169999876210245 0.045178277054249198 0.015016248506482267 0.045318980501257662 0.022281945081465665 0.022281945081465665 -0.00048322402806107726 -0.025007887356636005 -0.083009998709667937 -0.082396497361545737 -0.082090117754629349
leaf_weight=1.6762512000277632 13.157112590968609 9.9729345142841339 2.9844731241464606 7.316534087061882 2.2236047387123108 3.116288997232914 5.4464886486530366 8.2622092962264997 7.6053241044282904 10.708554595708845 6.388789415359498 5.8215564787387848 3.0637438744306564 0.74678628332912911 0.84398457407951344 0.47865472547709931
leaf_count=88 136 84 38 26 27 17 19 31 33 43 21 23 25 19 24 16
internal_value=0.00501835 0.0120001 -0.0294341 -0.00661661 -0.0527105 -0.008717 0.0221177 0.0130801 0.0314838 0.0249706 0.0222819 0.00775055 -0.031963 -0.0819975 -0.0817454 -0.0814904
internal_weight=89.8133 74.6795 15.1338 26.2952 9.03303 6.10076 48.3843 24.6239 23.7604 16.155 14.651 13.1381 5.28735 3.74568 2.99889 2.15491
internal_count=670 416 254 185 199 55 231 136 95 62 52 49 52 147 128 104
is_linear=0
shrinkage=0.1


Tree=179
num_leaves=16
num_cat=0
split_feature=2 0 3 0 1 0 3 2 1 3 3 2 3 2 2
split_gain=0.330334 0.559987 0.346213 0.262515 0.399695 0.330614 0.1639 0.565691 0.321382 0.0334386 5.73746e-06 7.53803e-07 2.7623e-07 2.00043e-07 3.14098e-08
threshold=3.5000000000000004 1.5000000000000002 3.5000000000000004 2.5000000000000004 3.5000000000000004 1.0000000180025095e-35 2.5000000000000004 1.5000000000000002 3.5000000000000004 1.5000000000000002 2.5000000000000004 1.5000000000000002 1.5000000000000002 1.5000000000000002 2.5000000000000004
decision_type=2 2 2 2 2 2 2 2 2 2 2 2 2 2 2
left_child=1 10 6 4 5 -2 8 -8 -3 -10 12 -12 13 -1 -15
right_child=3 2 -4 -5 -6 -7 7 -9 9 -11 11 -13 -14 14 -16
leaf_value=-0.080178455878744448 -0.082208702049258786 -0.036506191280950222 -0.036506191280950222 0.050425500571249893 0.031012662672267939 0.0019127022321136916 0.005948652607374507 0.13889910127940472 0.039095822976033673 0.011919867547152305 -0.080671171987707888 -0.080925175539564936 -0.080110152512858579 -0.080417251283706304 -0.080342604568932094
leaf_weight=0.071471897303126641 0.67197692021727551 0.47882214101264264 0.49734652566257853 2.7414423748850822 3.0630724877119064 1.0392043667379764 1.1188242398202422 0.44826050614938129 0.79832651279866684 1.0460221506655216 0.22363509796559811 0.24465399677865207 0.072648035013116896 0.085647530853748322 0.16489830333739519
leaf_count=37 38 128 56 45 28 46 25 43 20 28 38 33 47 24 34
internal_value=0.0123169 -0.0069285 0.00755478 0.025762 0.0115998 -0.0271873 0.0189871 0.0439788 0.00212914 0.023683 -0.0805672 -0.0808039 -0.0802863 -0.080326 -0.0803681
internal_weight=12.7663 5.25056 4.3876 7.5157 4.77425 1.71118 3.89026 1.56708 2.32317 1.84435 0.862955 0.468289 0.394666 0.322018 0.250546
internal_count=670 513 300 157 112 84 244 68 176 48 213 71 142 95 58
is_linear=0
shrinkage=0.1


Tree=180
num_leaves=17
num_cat=0
split_feature=2 3 2 3 2 3 3 3 3 2 2 3 3 3 2 2
split_gain=0.449497 0.125739 0.0537372 0.0285507 0.0134227 0.0368632 0.0200175 0.00758536 0.00645337 0.00240169 0.00225356 0.0740004 0.000755102 0.0272744 0.00292399 0.000110761
threshold=1.5000000000000002 1.5000000000000002 1.0000000180025095e-35 3.5000000000000004 1.0000000180025095e-35 3.5000000000000004 3.5000000000000004 2.5000000000000004 2.5000000000000004 2.5000000000000004 2.5000000000000004 1.5000000000000002 1.0000000180025095e-35 1.5000000000000002 3.5000000000000004 3.5000000000000004
decision_type=2 2 2 2 2 2 2 2 2 2 2 2 2 2 2 2
left_child=1 2 -1 8 6 7 -3 -6 10 -10 11 -2 14 -14 -12 -11
right_child=3 4 -4 -5 5 -7 -8 -9 9 15 12 -13 13 -15 -16 -17
leaf_value=0.018318977652769974 -0.029971501959211638 -0.015589444422161878 0.0050701436314094231 -0.020953061450259075 0.010195466443024628 -0.0095428320778082245 -0.00073200221579196182 0.002303228329958175 -0.010099539897371217 -0.0053736201550784821 -0.012584749312332864 -0.0070295785100523258 -0.008152266989710345 -0.022137684025908481 -0.0092669092708159446 -0.0065274816100241856
leaf_weight=7.3612865656614321 1.8800662755966211 1.4972026823088511 5.2410219609737396 2.9349972503259769 2.0852152071893215 2.3729026317596436 2.2997017651796341 2.9275181144475937 2.5990852136164895 1.2815234102308752 7.3011567965149879 5.5753976553678513 9.4315264122560603 1.6363963154144592 4.1752081587910652 2.3712294599972665
leaf_count=40 55 57 22 55 31 23 30 16 42 31 38 37 79 64 23 27
internal_value=-0.00488448 0.00596003 0.0128091 -0.0114667 -0.00175861 0.000725499 -0.00659062 0.00558627 -0.0106987 -0.00777598 -0.0113078 -0.0128149 -0.0108093 -0.01022 -0.0113777 -0.00612266
internal_weight=62.9714 23.7848 12.6023 39.1866 11.1825 7.38564 3.7969 5.01273 36.2516 6.25184 29.9998 7.45546 22.5443 11.0679 11.4764 3.65275
internal_count=670 219 62 451 157 70 87 47 396 100 296 92 204 143 61 58
is_linear=0
shrinkage=0.1


Tree=181
num_leaves=15
num_cat=0
split_feature=2 1 3 2 0 3 1 3 2 3 1 3 3 3
split_gain=0.283874 0.494996 0.467716 0.122044 0.156255 0.554403 1.34479 0.527567 0.10956 0.0688634 0.0463727 0.215521 0.0366147 0.00808425
threshold=1.0000000180025095e-35 1.0000000180025095e-35 1.5000000000000002 3.5000000000000004 2.5000000000000004 1.5000000000000002 1.5000000000000002 1.0000000180025095e-35 2.5000000000000004 2.5000000000000004 1.0000000180025095e-35 2.5000000000000004 1.5000000000000002 3.5000000000000004
decision_type=2 2 2 2 2 2 2 2 2 2 2 2 2 2
left_child=1 -1 -3 4 5 6 8 -6 -2 -4 -5 12 -12 -7
right_child=3 2 9 10 7 13 -8 -9 -10 -11 11 -13 -14 -15
leaf_value=-0.018656703241851327 -0.051678480648154217 0.028071892757426914 0.0097899786537745202 -0.018803938262721726 0.028210196244019211 -0.0010360657918130646 -0.0010360657918130646 -0.0010360657918130646 -0.032978162546832945 -0.0025503519634608122 0.0050066174788107537 -0.013973116508662087 -0.0054197606465644912 -0.0074372628324234913
leaf_weight=6.250481694936755 5.6297315955162066 10.560446888208391 4.5228239297866804 6.7506520152092007 6.7773708254098919 29.783037044107914 6.8367703557014456 11.776974074542521 7.0642348229885101 5.0610318779945374 6.8772217538207787 5.3313838690519324 6.600954681634903 6.151912420988082
leaf_count=21 23 36 22 30 36 162 43 65 24 48 44 42 41 33
internal_value=-0.00329257 0.00592779 0.013556 -0.00573652 -0.00367931 -0.00633668 -0.0201058 0.00426455 -0.0412717 -0.00243906 -0.011694 -0.00914229 -9.9715e-05 -0.00103607
internal_weight=125.975 26.3948 20.1443 99.5802 74.02 55.4657 19.5307 18.5543 12.694 9.58386 25.5602 18.8096 13.4782 35.9349
internal_count=670 127 106 543 386 285 90 101 47 70 157 127 85 195
is_linear=0
shrinkage=0.1


Tree=182
num_leaves=12
num_cat=0
split_feature=1 0 2 1 0 1 2 3 3 2 3
split_gain=1.12756 0.833169 0.535972 0.938699 0.834415 1.00071 0.550377 0.314037 0.183477 0.0934784 6.7572e-05
threshold=1.0000000180025095e-35 1.5000000000000002 1.0000000180025095e-35 3.5000000000000004 3.5000000000000004 1.5000000000000002 2.5000000000000004 3.5000000000000004 1.5000000000000002 2.5000000000000004 1.0000000180025095e-35
decision_type=2 2 2 2 2 2 2 2 2 2 2
left_child=1 7 3 -2 5 -4 -7 10 -8 -3 -1
right_child=2 9 4 -5 -6 6 8 -9 -10 -11 -12
leaf_value=-0.082884402058903128 -0.0084190258430324183 -0.0084190258430324183 -0.0084190258430324183 0.027195443644751183 0.028387782076081072 0.015935524770013441 0.013453274427622928 -0.033654724698186519 0.00063810643265287755 -0.019855972404187159 -0.083972780487647142
leaf_weight=1.0597861241549265 17.420900657773021 8.403876066207884 19.995382279157639 7.4099227488040915 15.853532657027243 31.300968393683434 11.237513020634649 2.8206792175769806 26.321121543645859 7.2961971163749704 1.2353957295417783
leaf_count=26 79 34 92 27 62 128 54 14 104 24 26
internal_value=0.000646747 -0.0209562 0.00411817 -0.00841903 0.00725397 0.00348327 0.00969524 -0.056004 0.00117299 -0.00953593 -0.0834702
internal_weight=150.355 20.8159 129.539 24.8308 104.709 88.855 68.8596 5.11586 37.5586 15.7001 2.29518
internal_count=670 124 546 106 440 378 286 66 158 58 52
is_linear=0
shrinkage=0.1


Tree=183
num_leaves=15
num_cat=0
split_feature=1 0 2 1 2 3 1 0 2 3 0 3 3 3
split_gain=1.95895 3.41535 0.725572 0.36962 0.322331 0.318692 0.302405 0.257976 0.16471 0.0772246 0.0178157 0.000141185 1.06984e-05 7.23844e-06
threshold=2.5000000000000004 1.5000000000000002 1.0000000180025095e-35 3.5000000000000004 2.5000000000000004 1.5000000000000002 1.0000000180025095e-35 1.0000000180025095e-35 1.0000000180025095e-35 2.5000000000000004 2.5000000000000004 2.5000000000000004 1.0000000180025095e-35 1.5000000000000002
decision_type=2 2 2 2 2 2 2 2 2 2 2 2 2 2
left_child=1 4 -3 5 11 -2 -6 -5 -9 -8 -10 12 -1 -14
right_child=3 2 -4 7 6 -7 9 8 10 -11 -12 -13 13 -15
leaf_value=-0.08177026978486962 0.0021567379174701794 -0.028478049441096123 0.0021567379174701794 0.015029883202950251 -0.083936821208760601 0.015029883202950251 -0.048616808341015269 0.022362379437835742 0.033220598186167093 -0.028478049441096123 0.040071363331346629 -0.083352788193016725 -0.082494668546549868 -0.08207053056166097
leaf_weight=0.63160467892885108 8.5709771513938922 3.2137136515229967 20.887447953224182 10.268322393298147 1.7024207785725591 11.147494837641714 2.6857917346060276 7.7324486374855068 9.7390342950820905 3.0320256501436234 6.2206102907657614 1.5724266003817318 0.71129454672336556 0.92647683527320623
leaf_count=25 42 48 185 36 37 50 36 27 38 26 24 38 20 38
internal_value=0.0052744 -0.0129999 0.00215674 0.0173133 -0.0591128 0.00642339 -0.0469397 0.0236364 0.0296949 -0.0359243 0.0358908 -0.0826245 -0.0821199 -0.0822547
internal_weight=89.0421 35.3632 24.1012 53.6789 11.262 19.7185 7.42024 33.9604 23.6921 5.71782 15.9596 3.8418 2.26938 1.63777
internal_count=670 453 233 217 220 92 99 125 89 62 62 121 83 58
is_linear=0
shrinkage=0.1


Tree=184
num_leaves=18
num_cat=0
split_feature=1 2 0 3 2 3 0 3 3 2 2 2 3 2 2 3 2
split_gain=0.321017 0.444631 0.186837 0.235916 0.19404 0.0197286 0.0128126 0.273308 4.64002e-07 2.76891e-07 4.15752e-08 2.78235e-08 1.07602e-08 5.76765e-08 5.21391e-08 6.90601e-09 3.67142e-10
threshold=2.5000000000000004 3.5000000000000004 2.5000000000000004 2.5000000000000004 2.5000000000000004 3.5000000000000004 3.5000000000000004 3.5000000000000004 3.5000000000000004 1.5000000000000002 1.5000000000000002 1.0000000180025095e-35 2.5000000000000004 2.5000000000000004 2.5000000000000004 1.0000000180025095e-35 1.0000000180025095e-35
decision_type=2 2 2 2 2 2 2 2 2 2 2 2 2 2 2 2 2
left_child=1 8 3 -2 -4 -5 7 -3 10 11 15 -10 14 -14 -12 -1 -17
right_child=2 6 4 5 -6 -7 -8 -9 9 -11 12 -13 13 -15 -16 16 -18
leaf_value=-0.080085132235836132 0.0020292283208384501 -0.081427128828502893 0.023960418542375544 0.023960418542375544 0.056077686224982694 0.013876102954135279 0.0020292283208384501 -0.0039969793430296371 -0.080287081076086231 -0.080475181927248243 -0.08012202578364358 -0.080194760393055203 -0.080259064574972672 -0.080134141433997677 -0.080207681263286812 -0.08014174722345431 -0.08012993581960931
leaf_weight=0.037371605110821604 1.8864398705773036 0.46375171374529622 1.2109148008748891 1.4459920274093745 2.6243085064925253 2.6481736619025469 0.82298341393470753 0.8390590101480484 0.075430057477205992 0.088781798956915736 0.12002684618346393 0.057552400743588805 0.086324602365493774 0.064627656014636159 0.17420922266319394 0.046453505987301469 0.060709569021128118
leaf_count=37 87 52 34 34 30 32 24 12 24 17 68 23 28 31 74 23 40
internal_value=0.0121914 -0.0168118 0.0208703 0.00982214 0.0380987 0.0239604 0.00202923 -0.0100232 -0.0802151 -0.0803384 -0.0801687 -0.0802471 -0.0801839 -0.0802056 -0.0801727 -0.0801221 -0.0801351
internal_weight=12.7531 2.93728 9.81583 5.98061 3.83522 4.09417 2.12579 1.30281 0.811487 0.221764 0.589723 0.132982 0.445188 0.150952 0.294236 0.144535 0.107163
internal_count=670 453 217 153 64 66 88 64 365 64 301 47 201 59 142 100 63
is_linear=0
shrinkage=0.1


Tree=185
num_leaves=16
num_cat=0
split_feature=2 3 2 3 3 3 3 2 2 2 3 2 3 3 3
split_gain=0.411658 0.105638 0.0634106 0.0249978 0.0126558 0.0304228 0.00750923 0.0409336 0.0260662 0.0094251 0.00782638 0.00729172 0.00600274 0.00583961 0.00113303
threshold=1.5000000000000002 1.5000000000000002 1.0000000180025095e-35 3.5000000000000004 2.5000000000000004 3.5000000000000004 1.5000000000000002 3.5000000000000004 3.5000000000000004 2.5000000000000004 1.0000000180025095e-35 1.0000000180025095e-35 2.5000000000000004 1.0000000180025095e-35 2.5000000000000004
decision_type=2 2 2 2 2 2 2 2 2 2 2 2 2 2 2
left_child=1 2 -1 6 -3 -6 8 9 10 14 -2 -7 -11 -10 -8
right_child=3 4 -4 -5 5 11 7 -9 13 12 -12 -13 -14 -15 -16
leaf_value=0.01756848770526357 -0.012194455771565339 -0.0078642979357064161 0.0031503240374685273 -0.020301279133875843 0.0066299208560223824 -0.0013424954458882571 -0.00672272217222784 -0.019394865122888502 -0.0095319504793727212 0.0049284594808752871 -0.016807497562939235 -0.0092419377502083837 -0.0050889674341738867 -0.0039585209660847774 -0.0092613020105787713
leaf_weight=7.3893709480762499 8.5255535729229468 2.5946304388344279 5.1946017444133759 2.9037456735968581 3.8985222950577718 2.313005767762661 5.5585732292383891 2.8573229098692527 4.1190067231655112 1.1253386866301289 6.4679466132074586 2.3615903705358505 1.2769846506416798 3.4582768687978387 2.5715372711420059
leaf_count=40 68 63 22 55 41 30 37 68 23 23 65 23 31 39 42
internal_value=-0.0050376 0.00533417 0.0116167 -0.0113763 -0.00174511 0.000106848 -0.0106556 -0.00877942 -0.0117686 -0.00589957 -0.0141844 -0.00533327 -0.000396428 -0.00698823 -0.00752567
internal_weight=62.616 23.7517 12.584 38.8643 11.1677 8.57312 35.9605 13.3898 22.5708 10.5324 14.9935 4.6746 2.40232 7.57728 8.13011
internal_count=670 219 62 451 157 94 396 201 195 133 133 53 54 62 79
is_linear=0
shrinkage=0.1


Tree=186
num_leaves=19
num_cat=0
split_feature=2 0 3 2 3 0 2 3 0 1 3 2 2 3 3 3 3 3
split_gain=0.243047 0.195762 0.208203 0.338316 0.74954 0.328915 0.0955482 0.0566912 0.0453728 0.229825 0.411943 0.0535419 0.0522826 0.0271614 0.0248484 0.234398 0.00394248 0.000654263
threshold=1.5000000000000002 3.5000000000000004 1.5000000000000002 1.0000000180025095e-35 3.5000000000000004 1.0000000180025095e-35 3.5000000000000004 1.0000000180025095e-35 2.5000000000000004 1.0000000180025095e-35 1.5000000000000002 2.5000000000000004 2.5000000000000004 2.5000000000000004 1.5000000000000002 3.5000000000000004 1.5000000000000002 2.5000000000000004
decision_type=2 2 2 2 2 2 2 2 2 2 2 2 2 2 2 2 2 2
left_child=1 2 5 4 -4 -1 8 -8 9 10 -2 16 -10 -5 -9 17 -11 -16
right_child=6 -3 3 13 -6 -7 7 14 12 11 -12 -13 -14 -15 15 -17 -18 -19
leaf_value=-0.013409204105539491 -0.034842735705766903 0.017274204155905994 -0.049872000129478941 -0.0019817257572542746 0.008473655820560878 0.008473655820560878 0.0010729564166452965 -0.018139521289856044 0.0061971384495884694 -0.007238672632078458 -0.0098737578976199614 -0.0027871796587909466 -0.0027871796587909466 0.0065897372601925871 -0.0052919229719123632 -0.035382344341243953 -0.0098737578976199614 -0.0037983766005716805
leaf_weight=6.868906468152999 7.6895448714494687 7.5418662726879111 4.5468014441430569 6.8014310896396646 3.7802495807409286 8.874809727072714 3.0873623527586487 7.3654849417507675 8.4383120089769346 6.6466797739267394 5.7437753081321716 7.8296327777206889 6.7306327745318404 8.0993649661540967 6.5617908686399442 3.131523471325635 10.441211469471455 5.303691515699029
leaf_count=24 29 27 43 31 23 38 23 39 40 34 21 64 44 33 41 27 62 27
internal_value=-0.00320745 0.00252702 -0.000326893 -0.00634457 -0.0224887 0.00847366 -0.00658507 -0.0116293 -0.00418643 -0.00601761 -0.0169603 -0.00278718 0.000443247 0.00267731 -0.013383 -0.0110469 -0.0092463 -0.00462433
internal_weight=125.483 46.5134 38.9716 23.2278 8.32705 15.7437 78.9696 25.4499 53.5198 38.3508 13.4333 24.9175 15.1689 14.9008 22.3625 14.997 17.0879 11.8655
internal_count=670 219 192 130 66 62 451 157 294 210 50 160 84 64 134 95 96 68
is_linear=0
shrinkage=0.1


Tree=187
num_leaves=14
num_cat=0
split_feature=1 0 0 3 1 2 3 1 0 2 2 1 3
split_gain=1.04206 1.30251 0.355756 0.398885 0.298549 0.293291 0.27382 0.261894 0.261002 0.572542 0.0651606 0.0399572 8.70545e-07
threshold=1.5000000000000002 1.5000000000000002 1.0000000180025095e-35 2.5000000000000004 2.5000000000000004 1.0000000180025095e-35 2.5000000000000004 1.0000000180025095e-35 1.5000000000000002 2.5000000000000004 1.0000000180025095e-35 1.0000000180025095e-35 1.0000000180025095e-35
decision_type=2 2 2 2 2 2 2 2 2 2 2 2 2
left_child=1 6 4 8 -2 -3 7 12 -4 10 -10 -7 -1
right_child=2 5 3 -5 -6 11 -8 -9 9 -11 -12 -13 -14
leaf_value=-0.082715773370611687 -0.0022671948495117992 -0.019751958105455446 0.0041144762809782994 0.0041144762809782994 0.0041144762809782994 -0.014248477029011997 -0.022946277512119695 -0.039363564526929073 0.044433417335761061 0.012983080875460974 0.03089482374019431 -0.0022671948495117992 -0.082851380037979774
leaf_weight=1.0033815000206212 13.127607986330988 7.4491155743598929 11.455425500869749 27.117553371936083 16.827345415949821 10.616721898317339 6.8239054083824158 5.1724998205900192 5.9653005152940777 15.065893448889254 8.7982682734727842 19.488350689411163 0.89626236259937275
leaf_count=26 58 30 48 129 60 37 31 37 21 67 33 70 23
internal_value=0.00048254 -0.011049 0.00651465 0.0104961 -0.00226719 -0.00226719 -0.0372367 -0.0510256 0.0169244 0.0218517 0.0363652 -0.00226719 -0.0827798
internal_weight=149.808 51.4502 98.3574 68.4024 29.955 37.5542 13.896 7.07214 41.2849 29.8295 14.7636 30.1051 1.89964
internal_count=670 254 416 298 118 137 117 86 169 121 54 107 49
is_linear=0
shrinkage=0.1


Tree=188
num_leaves=17
num_cat=0
split_feature=1 0 2 0 1 0 0 1 2 3 2 3 2 3 2 3
split_gain=1.78825 1.21236 1.05252 0.555272 0.55321 0.384872 0.358622 0.278254 0.22068 0.271192 0.209266 0.10914 0.0338231 9.00855e-05 3.23636e-05 1.70399e-05
threshold=1.5000000000000002 1.5000000000000002 3.5000000000000004 3.5000000000000004 2.5000000000000004 2.5000000000000004 1.5000000000000002 3.5000000000000004 3.5000000000000004 1.0000000180025095e-35 2.5000000000000004 2.5000000000000004 2.5000000000000004 3.5000000000000004 2.5000000000000004 2.5000000000000004
decision_type=2 2 2 2 2 2 2 2 2 2 2 2 2 2 2 2
left_child=2 4 3 13 -2 7 -4 -3 9 -7 -6 -9 -5 14 15 -1
right_child=1 5 6 12 10 8 -8 11 -10 -11 -12 -13 -14 -15 -16 -17
leaf_value=-0.081200464172982684 -0.0074040638406147833 0.0077985720696901713 -0.049637914530256871 -0.039332093159875042 0.00019725411453769411 0.0440997728543591 -0.0074040638406147833 0.014596947111578296 0.044453865188919257 0.021395322153466425 0.0077985720696901713 0.021395322153466425 -0.022835907544808309 -0.082849991370703202 -0.082128956812455703 -0.081909258484677006
leaf_weight=1.5236842622980464 6.1622036881744888 9.8992261961102486 2.7753116935491553 2.1328148916363716 7.745101474225522 5.4276036620140138 3.1475295871496201 8.2572833597660047 7.5386922359466544 10.613870635628698 11.968104526400566 6.3639661073684701 2.9789734333753586 0.69288276135921467 0.754613697528839 0.43629896827042092
leaf_count=88 103 84 38 27 39 19 17 31 33 43 43 21 25 19 24 16
internal_value=0.00554734 0.011831 -0.0266391 -0.0505627 -0.00562328 0.0212204 -0.00740406 0.0124486 0.0303421 0.0237102 0.00779857 0.0213953 -0.0297187 -0.0818323 -0.0815725 -0.0813582
internal_weight=88.4182 73.9761 14.4421 8.51927 25.8754 48.1006 5.92284 24.5205 23.5802 16.0415 19.7132 14.6212 5.11179 3.40748 2.7146 1.95998
internal_count=670 416 254 199 185 231 55 136 95 62 82 52 52 147 128 104
is_linear=0
shrinkage=0.1


Tree=189
num_leaves=14
num_cat=0
split_feature=1 3 0 0 3 3 2 2 3 1 2 2 2
split_gain=0.286019 0.917036 0.558233 0.297156 0.198062 4.08019e-06 7.93857e-07 6.47532e-06 4.3838e-06 3.03467e-06 2.33217e-07 7.75507e-07 1.90403e-11
threshold=3.5000000000000004 2.5000000000000004 1.0000000180025095e-35 2.5000000000000004 3.5000000000000004 1.5000000000000002 2.5000000000000004 1.5000000000000002 1.0000000180025095e-35 1.0000000180025095e-35 3.5000000000000004 1.0000000180025095e-35 1.0000000180025095e-35
decision_type=2 2 2 2 2 2 2 2 2 2 2 2 2
left_child=1 5 -3 4 -2 6 7 12 -8 -10 11 -7 -1
right_child=3 2 -4 -5 -6 10 8 -9 9 -11 -12 -13 -14
leaf_value=-0.080142590603331801 0.011017423726045536 -0.081955737110384161 0.011017423726045536 0.057661741052010267 0.035005269083940548 -0.080484797003513381 -0.080281555597698798 -0.081215198401267702 -0.081111346286850974 -0.080581085658166171 -0.080471672382894363 -0.080096498805023231 -0.080145805706942783
leaf_weight=0.048602631955872999 2.7523466963320971 0.66306146630085994 3.9571596070891246 2.0746947377920151 2.032983060926199 0.11344491573981941 0.16999205364845693 0.20203902234788984 0.24708246858790517 0.19163514749379829 0.15235420083627105 0.094097088207490742 0.029660712461918592
leaf_count=40 86 57 148 24 15 26 48 42 21 53 27 69 14
internal_value=0.0121879 -0.00401806 0.0110174 0.0260529 0.0123488 -0.0806618 -0.0807768 -0.0809161 -0.0807127 -0.0808797 -0.0803777 -0.0803087 -0.0801438
internal_weight=12.7292 5.86913 4.62022 6.86002 4.78533 1.24891 0.889012 0.280302 0.60871 0.438718 0.359896 0.207542 0.0782633
internal_count=670 545 205 125 101 340 218 96 122 74 122 95 54
is_linear=0
shrinkage=0.1


Tree=190
num_leaves=15
num_cat=0
split_feature=2 3 2 2 3 3 3 3 3 3 3 2 3 2
split_gain=0.396207 0.0867444 0.0535396 0.0245045 0.035333 0.0291576 0.0439922 0.0276653 0.0120889 0.0277876 0.00726107 0.00633248 0.00359566 8.77347e-05
threshold=1.5000000000000002 1.5000000000000002 1.0000000180025095e-35 3.5000000000000004 3.5000000000000004 2.5000000000000004 1.5000000000000002 1.5000000000000002 2.5000000000000004 3.5000000000000004 1.0000000180025095e-35 1.0000000180025095e-35 1.0000000180025095e-35 2.5000000000000004
decision_type=2 2 2 2 2 2 2 2 2 2 2 2 2 2
left_child=1 2 -1 5 7 6 10 12 -3 -10 -2 -11 -5 -7
right_child=3 8 -4 4 -6 13 -8 -9 9 11 -12 -13 -14 -15
leaf_value=0.016016777442106053 -0.012783142546368188 -0.007510331945949131 0.0027703286862146817 -0.0090909163033236883 0.003999189104542852 -0.020124502382751548 -0.0049492503039206895 -0.018669556544202118 0.0065226613109909074 -0.0012031249345483361 -0.017240241658447494 -0.0085802081158414898 -0.0047167601955119924 -0.021040996727260473
leaf_weight=7.4529297500848788 8.4488462153822237 2.58335874415934 5.166343629360199 4.0851311646401864 2.0959136299788943 3.0188253968954077 6.6903096493333569 2.8293350082822144 3.8991617821156961 2.3086821585893631 6.4419241752475491 2.3460217714309692 3.4803193192929029 1.5971026029437778
leaf_count=40 68 63 22 23 27 65 60 68 41 30 65 23 39 36
internal_value=-0.00524817 0.0049169 0.0105937 -0.0114901 -0.00784535 -0.0132279 -0.011685 -0.0102336 -0.00151528 0.000295296 -0.0147113 -0.00492126 -0.00707868 -0.0204416
internal_weight=62.4442 23.7565 12.6193 38.6877 12.4907 26.197 21.5811 10.3948 11.1372 8.55387 14.8908 4.6547 7.56545 4.61593
internal_count=670 219 62 451 157 294 193 130 157 94 133 53 62 101
is_linear=0
shrinkage=0.1


Tree=191
num_leaves=16
num_cat=0
split_feature=2 1 3 0 2 0 3 3 2 3 3 3 3 3 3
split_gain=0.261049 0.557371 0.413639 0.127246 0.124962 0.134656 0.455482 0.437269 1.07507 0.077508 0.0520611 0.0266129 0.020433 0.201638 0.000222227
threshold=1.0000000180025095e-35 1.0000000180025095e-35 2.5000000000000004 1.0000000180025095e-35 3.5000000000000004 2.5000000000000004 1.0000000180025095e-35 1.0000000180025095e-35 2.5000000000000004 1.5000000000000002 1.0000000180025095e-35 3.5000000000000004 1.5000000000000002 3.5000000000000004 2.5000000000000004
decision_type=2 2 2 2 2 2 2 2 2 2 2 2 2 2 2
left_child=1 -1 3 -3 5 7 -7 8 -2 -9 -6 -11 -12 14 -14
right_child=4 2 -4 -5 10 6 -8 9 -10 11 12 -13 13 -15 -16
leaf_value=-0.020249521907268406 -0.057858594236487204 0.010826379348493481 -0.0031238911759485875 0.029880388691707862 0.00067274308869037271 0.026400281197746719 -0.00085169669586372232 -0.010490459023882612 -0.00085169669586372232 -0.00085169669586372232 -0.017507196551697423 -0.0085822132848515573 -0.0054901138701141912 -0.033871056452212944 -0.0046170061496635826
leaf_weight=6.23975741863251 5.0639485865831357 5.6158614754676845 4.9740206710994235 9.3239585906267148 3.0949492622166899 6.7376256808638599 11.641387172043322 8.4685333669185621 5.8374979645013809 29.606803651899099 7.2958948612213161 6.0800248086452475 6.4980644285678846 3.0701602995395652 5.2869834471493959
leaf_count=21 27 19 48 39 23 36 65 40 23 162 39 33 41 27 27
internal_value=-0.00305267 0.00583003 0.0140017 0.022718 -0.00540685 -0.00332038 0.00409107 -0.00579446 -0.0237302 -0.00136634 -0.011476 -0.000851697 -0.0131734 -0.0110449 -0.00509842
internal_weight=124.835 26.1536 19.9138 14.9398 98.6819 73.4358 18.379 55.0568 10.9014 44.1554 25.2461 35.6868 22.1511 14.8552 11.785
internal_count=670 127 106 58 543 386 101 285 50 235 157 195 134 95 68
is_linear=0
shrinkage=0.1


Tree=192
num_leaves=15
num_cat=0
split_feature=1 0 0 3 1 0 3 0 2 2 2 3 1 3
split_gain=0.929311 1.20808 0.353909 0.351675 0.278519 0.26806 0.264742 0.253655 0.486612 0.211651 0.0769509 0.0697996 0.00872211 0.0274292
threshold=1.5000000000000002 1.5000000000000002 1.0000000180025095e-35 2.5000000000000004 2.5000000000000004 3.5000000000000004 1.5000000000000002 1.5000000000000002 2.5000000000000004 3.5000000000000004 3.5000000000000004 1.0000000180025095e-35 1.0000000180025095e-35 1.5000000000000002
decision_type=2 2 2 2 2 2 2 2 2 2 2 2 2 2
left_child=1 6 4 7 -2 12 9 -4 11 -1 -8 -9 -3 -14
right_child=2 5 3 -5 -6 -7 10 8 -10 -11 -12 -13 13 -15
leaf_value=-0.083835024397794972 -0.0020987817815373323 -0.016872604677373098 0.0040521576105610581 0.0040521576105610581 0.0040521576105610581 -0.0020987817815373323 -0.036996475943677491 0.042051089828488417 0.012566858085022566 -0.034639435755550389 -0.019548336815216238 0.028224400589197757 -0.0080545060745079999 -0.014645629443059978
leaf_weight=1.7784284222871056 13.113604545593263 6.8414722979068765 11.412947639822958 27.031995594501495 16.829309448599815 18.323850274085999 4.7672953531146032 6.5629845857620266 14.981586486101149 1.7205962389707565 5.3803046643733978 8.2287600487470609 6.4318076074123383 5.8722561597824097
leaf_count=38 58 27 48 129 60 64 41 22 67 17 21 32 24 22
internal_value=0.000521334 -0.0104126 0.006215 0.0102031 -0.00209878 -0.00209878 -0.0359242 0.0162198 0.0210816 -0.0596438 -0.0277454 0.0343592 -0.0140102 -0.0124187
internal_weight=149.277 51.116 98.1612 68.2183 29.9429 37.4694 13.6466 41.1863 29.7733 3.49902 10.1476 14.7917 19.1455 12.3041
internal_count=670 254 416 298 118 137 117 169 121 55 62 54 73 46
is_linear=0
shrinkage=0.1


Tree=193
num_leaves=14
num_cat=0
split_feature=0 1 2 1 2 1 3 2 3 2 3 3 3
split_gain=1.68258 2.8618 1.12846 0.999383 0.33399 0.302983 0.198288 0.170788 0.06569 0.0323897 0.000105575 8.29735e-06 4.49005e-06
threshold=1.5000000000000002 2.5000000000000004 3.5000000000000004 3.5000000000000004 2.5000000000000004 1.0000000180025095e-35 2.5000000000000004 1.0000000180025095e-35 2.5000000000000004 2.5000000000000004 2.5000000000000004 1.0000000180025095e-35 1.5000000000000002
decision_type=2 2 2 2 2 2 2 2 2 2 2 2 2
left_child=1 4 3 -2 10 -6 -4 -5 -7 -3 11 -1 -13
right_child=2 9 6 7 5 8 -8 -9 -10 -11 -12 12 -14
leaf_value=-0.081597301457523697 0.00083652142270029123 -0.014088051754170118 0.029993438401933928 0.013746968598511267 -0.083579324106800801 -0.0459901611764503 0.053696001753332168 0.033996772600212076 -0.028056583645841734 0.00083652142270029123 -0.083044152815397509 -0.082245205974365937 -0.081893014446028922
leaf_weight=0.57081841398030775 25.165104735642672 7.731367528438569 9.241193473339079 6.2329957187175777 1.542962312698364 2.5334533527493477 5.7103553935885421 11.286265999078749 2.9532619342207909 11.991707667708397 1.4173567555844782 0.64135417342185952 0.83103153109550476
leaf_count=25 237 39 44 21 37 36 24 42 26 43 38 20 38
internal_value=0.0053838 -0.0137308 0.0154039 0.00712246 -0.0569497 -0.0444304 0.039046 0.0266574 -0.033421 0.000836521 -0.082381 -0.081921 -0.0820464
internal_weight=87.8492 30.2133 57.6359 42.6844 10.4902 7.02968 14.9515 17.5193 5.48672 19.7231 3.46056 2.0432 1.47239
internal_count=670 302 368 300 220 99 68 63 62 82 121 83 58
is_linear=0
shrinkage=0.1


Tree=194
num_leaves=13
num_cat=0
split_feature=0 3 2 1 3 3 3 2 2 2 3 3
split_gain=0.283947 0.644246 0.239091 0.212987 0.305008 0.126523 0.0343345 0.000119221 3.01023e-05 9.29312e-07 9.41014e-08 4.87255e-08
threshold=2.5000000000000004 1.5000000000000002 2.5000000000000004 2.5000000000000004 3.5000000000000004 2.5000000000000004 2.5000000000000004 3.5000000000000004 3.5000000000000004 2.5000000000000004 1.0000000180025095e-35 2.5000000000000004
decision_type=2 2 2 2 2 2 2 2 2 2 2 2
left_child=1 7 -2 4 8 -4 -5 9 11 10 -1 -3
right_child=2 3 5 6 -6 -7 -8 -9 -10 -11 -12 -13
leaf_value=-0.080653677564179474 0.015944521474513682 -0.080093127812152276 0.028434027344587044 -0.0030700285165236418 -0.0032861142772815199 0.066325125951799693 0.015944521474513682 -0.08289597907739886 -0.081593011412408878 -0.08029139742014528 -0.080548268845103535 -0.080186142786826287
leaf_weight=0.1589639289304613 1.3771823005517942 0.087753288564272003 1.7359725867281668 1.2439734209328888 0.96894881618209183 1.7898218706250191 4.109213737770915 0.37045026780106127 0.3560984805226326 0.13996539905201644 0.1812664249446243 0.15721818315796554
leaf_count=54 95 67 76 37 51 13 66 36 29 34 42 70
internal_value=0.0124648 0.000579063 0.03131 0.0106699 -0.0225168 0.0476689 0.0159445 -0.0815481 -0.081006 -0.0805083 -0.0805975 -0.0801528
internal_weight=12.6768 7.77385 4.90298 6.92321 1.57002 3.52579 5.35319 0.850646 0.60107 0.480196 0.34023 0.244971
internal_count=670 486 184 320 217 89 103 166 166 130 96 137
is_linear=0
shrinkage=0.1


Tree=195
num_leaves=16
num_cat=0
split_feature=2 3 2 3 3 2 3 3 3 2 2 3 3 2 2
split_gain=0.352331 0.077504 0.0589377 0.0268444 0.0144653 0.0101423 0.0289983 0.0122478 0.00256377 0.0262828 0.0193214 0.00676822 0.00286666 0.00209347 0.000299881
threshold=1.5000000000000002 1.5000000000000002 1.0000000180025095e-35 3.5000000000000004 2.5000000000000004 1.0000000180025095e-35 3.5000000000000004 3.5000000000000004 1.5000000000000002 3.5000000000000004 2.5000000000000004 1.0000000180025095e-35 1.0000000180025095e-35 2.5000000000000004 3.5000000000000004
decision_type=2 2 2 2 2 2 2 2 2 2 2 2 2 2 2
left_child=1 2 -1 4 8 7 -7 -3 9 11 -10 -2 -11 -6 -15
right_child=3 5 -4 -5 13 6 -8 -9 10 12 -12 -13 -14 14 -16
leaf_value=0.015381159762529645 -0.012430996072337122 -0.013177402467800187 0.0014422797770563035 -0.020418949886036895 -0.0081751149798886188 0.0046939112671715109 -0.0087609600922619081 -0.0014478832030085872 -0.0069051648906432676 -0.0088486724454751257 -0.019467478683999229 -0.016746114546049403 -0.0049380178644157224 -0.0031677349466323482 -0.0050887531715557034
leaf_weight=7.4667201265692729 8.4189478065818601 1.447008302668108 5.1090819239616394 2.8935823244974008 2.5352624896913758 5.0406342037022114 2.3479583114385605 2.3135358020663261 5.5622264947742215 4.0575590059161177 1.569888084195554 6.3965871706604949 3.4839233746752143 1.2473941147327425 2.331439882516861
leaf_count=40 68 57 22 55 42 47 23 30 37 23 64 65 39 31 27
internal_value=-0.00524879 0.0043367 0.00971831 -0.0111562 -0.0104034 -0.00173355 0.000418202 -0.00596125 -0.0113212 -0.0118478 -0.00967032 -0.014294 -0.00704208 -0.00597661 -0.00441919
internal_weight=62.2217 23.7249 12.5758 38.4968 35.6032 11.1491 7.38859 3.76054 29.4891 22.357 7.13211 14.8155 7.54148 6.1141 3.57883
internal_count=670 219 62 451 396 157 70 87 296 195 101 133 62 100 58
is_linear=0
shrinkage=0.1


Tree=196
num_leaves=16
num_cat=0
split_feature=2 1 3 3 1 0 3 2 3 3 2 0 2 2 2
split_gain=0.254946 0.480983 0.394519 0.11238 0.548826 0.52643 0.0959324 0.124409 0.0655523 0.0398478 0.0347508 0.0277052 0.133176 0.027674 0.227429
threshold=1.0000000180025095e-35 1.0000000180025095e-35 1.5000000000000002 3.5000000000000004 1.0000000180025095e-35 1.5000000000000002 1.5000000000000002 1.5000000000000002 2.5000000000000004 1.0000000180025095e-35 2.5000000000000004 1.0000000180025095e-35 2.5000000000000004 1.5000000000000002 3.5000000000000004
decision_type=2 2 2 2 2 2 2 2 2 2 2 2 2 2 2
left_child=1 -1 -3 4 5 9 11 -8 -4 -2 -9 -6 -13 -5 -15
right_child=3 2 8 13 6 -7 7 10 -10 -11 -12 12 -14 14 -16
leaf_value=-0.01856854698479387 -0.038840035221316453 0.026524038583278359 0.0096398643642804718 -0.020393109846760224 -0.0021895634494835552 -0.0093250724031451095 0.0060705803882322223 -0.0093250724031451095 -0.0026623392729998767 -0.027685186820681374 -0.0034857896146343412 0.013893292613054524 0.0019002536802836469 0.0026429868254355116 -0.032314765008520464
leaf_weight=6.2480384707450893 5.7477409690618533 10.51947730779648 4.3865573480725271 4.6935321390628797 5.0260401815176037 6.7381250858306876 10.529107227921484 11.500378035008907 4.9515736326575279 7.2315098643302917 15.432136863470078 11.993430227041246 11.519368916749952 4.8776177987456322 3.0092197954654694
leaf_count=21 26 36 22 23 25 27 44 63 48 26 115 63 76 28 27
internal_value=-0.00315442 0.00562999 0.0132439 -0.00548735 -0.00419202 -0.0188317 0.00018152 -0.0031461 -0.00171635 -0.032625 -0.00674931 0.00454954 0.00599007 -0.0143133 -0.0106951
internal_weight=124.404 26.1056 19.8576 98.2982 85.7178 19.7174 66.0005 37.4616 9.33813 12.9793 26.9325 28.5388 23.5128 12.5804 7.88684
internal_count=670 127 106 543 465 79 386 222 70 52 178 164 139 78 55
is_linear=0
shrinkage=0.1


Tree=197
num_leaves=15
num_cat=0
split_feature=1 0 0 1 3 3 3 3 2 1 2 2 0 3
split_gain=0.829298 0.720768 0.536797 0.714027 0.632656 0.397859 0.334722 0.304476 0.275911 0.26058 0.243536 0.0805709 0.00503021 4.65879e-05
threshold=1.0000000180025095e-35 1.5000000000000002 1.5000000000000002 2.5000000000000004 1.5000000000000002 1.0000000180025095e-35 3.5000000000000004 3.5000000000000004 1.5000000000000002 1.5000000000000002 1.5000000000000002 2.5000000000000004 3.5000000000000004 1.0000000180025095e-35
decision_type=2 2 2 2 2 2 2 2 2 2 2 2 2 2
left_child=1 7 3 -2 5 9 -6 13 -8 -4 -11 -3 -7 -1
right_child=2 11 4 -5 6 12 8 -9 -10 10 -12 -13 -14 -15
leaf_value=-0.082403716682953057 -0.007433735914596837 -0.007433735914596837 0.0024636597242277056 0.0024636597242277056 0.0024636597242277056 0.031102480544066474 0.036035566423191487 -0.031218638911186328 0.0024859947431199354 0.038227043715681946 0.011978615481792167 -0.017994334771885903 0.035064719752375871 -0.083384794004678561
leaf_weight=0.9005952402949341 31.782028801739216 8.3519405424594861 6.4282534718513515 22.812184631824493 34.609738688915968 5.5486862584948557 5.4567146599292737 2.7421241253614426 4.4506308138370514 4.8069813251495344 4.874978095293045 7.2669708132743844 7.5827630162239075 1.0464229993522165
leaf_count=26 154 34 24 82 149 24 24 14 21 16 26 24 26 26
internal_value=0.0004693 -0.0183077 0.0034402 -0.00407664 0.00900396 0.0204706 0.00246366 -0.0526906 0.0209642 0.00993963 0.0214936 -0.00798517 0.0333905 -0.082931
internal_weight=148.661 20.3081 128.353 54.5942 73.7587 29.2417 44.5171 4.68914 9.90735 16.1102 9.68196 15.6189 13.1314 1.94702
internal_count=670 124 546 236 310 116 194 66 45 66 42 58 50 52
is_linear=0
shrinkage=0.1


Tree=198
num_leaves=16
num_cat=0
split_feature=1 0 1 2 0 0 2 3 3 2 0 2 3 2 3
split_gain=1.53192 1.0222 1.21015 0.977054 0.541888 0.28449 0.165307 0.317756 0.0804632 0.114399 0.0366111 0.0303561 8.09959e-05 1.96448e-05 1.32231e-05
threshold=1.5000000000000002 2.5000000000000004 3.5000000000000004 3.5000000000000004 3.5000000000000004 1.5000000000000002 3.5000000000000004 1.5000000000000002 3.5000000000000004 3.5000000000000004 1.0000000180025095e-35 2.5000000000000004 3.5000000000000004 2.5000000000000004 2.5000000000000004
decision_type=2 2 2 2 2 2 2 2 2 2 2 2 2 2 2
left_child=3 2 8 4 12 -5 7 -3 -2 -10 -4 -6 13 14 -1
right_child=1 6 10 5 11 -7 -8 -9 9 -11 -12 -13 -14 -15 -16
leaf_value=-0.081098005152210176 -0.0067217668735369343 0.015952593007583643 0.0088833992344114886 -0.046849886235649514 -0.037736824804557013 -0.0067217668735369343 0.041049903334078548 0.036863623973417199 -0.0067217668735369343 0.0046154130670233544 0.015952593007583643 -0.02193635047335345 -0.082681542144777895 -0.081878790389627198 -0.081752207419483608
leaf_weight=1.3881169082596887 16.29144332930446 6.9665146917104783 10.24348756670952 2.6019777804613105 2.0707326158881187 3.2431323751807213 7.3404456675052634 9.0486135333776456 3.2849344834685317 2.7401105463504791 17.421536922454834 2.9455069303512573 0.63797525689005841 0.66950080730020989 0.39742186199873675
leaf_count=88 171 25 36 38 27 17 33 37 36 13 65 25 19 24 16
internal_value=0.00557372 0.0113524 0.00328194 -0.0247959 -0.0487575 -0.00672177 0.0286232 0.0229276 -0.00672177 0.00461541 0.0159526 -0.0284589 -0.0816777 -0.0814168 -0.0812436
internal_weight=87.2915 73.3371 49.9815 13.9544 8.10925 5.84511 23.3556 16.0151 22.3165 6.02505 27.665 5.01624 3.09301 2.45504 1.78554
internal_count=670 416 321 254 199 55 95 62 220 49 101 52 147 128 104
is_linear=0
shrinkage=0.1


Tree=199
num_leaves=20
num_cat=0
split_feature=1 2 0 2 3 3 3 3 0 3 3 2 2 2 3 2 2 3 2
split_gain=0.271609 0.400654 0.160234 0.117106 0.145857 0.389402 0.0597962 0.0196011 0.0146636 0.236169 4.99371e-07 2.60178e-07 3.45501e-08 2.54368e-08 8.79042e-09 4.01622e-08 3.14748e-08 4.24791e-09 4.77894e-10
threshold=2.5000000000000004 3.5000000000000004 1.5000000000000002 1.0000000180025095e-35 3.5000000000000004 2.5000000000000004 1.0000000180025095e-35 3.5000000000000004 3.5000000000000004 3.5000000000000004 3.5000000000000004 1.5000000000000002 1.0000000180025095e-35 1.5000000000000002 2.5000000000000004 2.5000000000000004 2.5000000000000004 1.0000000180025095e-35 1.0000000180025095e-35
decision_type=2 2 2 2 2 2 2 2 2 2 2 2 2 2 2 2 2 2 2
left_child=1 10 7 -4 5 6 -5 -2 9 -3 13 12 -12 17 16 -16 -15 -1 -19
right_child=2 8 3 4 -6 -7 -8 -9 -10 -11 11 -13 -14 14 15 -17 -18 18 -20
leaf_value=-0.080071364464123426 0.0031083813257619624 -0.081279102838337239 0.015628900568765682 0.036827338562881215 0.015628900568765682 0.084215454993961963 0.015628900568765682 0.015628900568765682 0.0031083813257619624 -0.002941054249992154 -0.080280427463071402 -0.080462350856312037 -0.080173308971706769 -0.080102571175445447 -0.080226036238111934 -0.080112744866125518 -0.080175387511982346 -0.080123043861571486 -0.080108285088635434
leaf_weight=0.030000836239197581 1.4918778433930113 0.39239957649260782 1.2840620446950195 1.611620116978884 1.7527677714824674 1.6072810441255567 1.1658880305476484 0.89561638142913569 0.83626403380185355 0.87574239075183868 0.072202853043563664 0.0857588907238096 0.051650421461090446 0.099624042166396976 0.074163325596600771 0.054130189353600144 0.14688203204423189 0.039722965098917484 0.049007300229277462
leaf_count=37 64 52 38 27 14 10 46 18 24 12 24 17 23 68 28 31 74 23 40
internal_value=0.0128962 -0.0145291 0.0207458 0.0281494 0.0351318 0.0450407 0.0223711 0.00310838 0.00310838 -0.00899049 -0.0801992 -0.0803285 -0.0802358 -0.0801442 -0.080157 -0.0801782 -0.080146 -0.0801039 -0.0801149
internal_weight=12.6167 2.80755 9.80911 7.42162 6.13756 4.38479 2.77751 2.38749 2.10441 1.26814 0.703143 0.209612 0.123853 0.493531 0.3748 0.128294 0.246506 0.118731 0.0887303
internal_count=670 453 217 135 97 83 73 82 88 64 365 64 47 301 201 59 142 100 63
is_linear=0
shrinkage=0.1


Tree=200
num_leaves=16
num_cat=0
split_feature=2 3 2 3 3 3 2 2 3 2 2 3 3 2 2
split_gain=0.354506 0.0776634 0.060779 0.0231004 0.0163289 0.00938531 0.0271615 0.00644039 0.00288828 0.0253194 0.0142764 0.00469937 0.00320916 0.00164234 0.000359574
threshold=1.5000000000000002 1.5000000000000002 1.0000000180025095e-35 3.5000000000000004 2.5000000000000004 3.5000000000000004 1.0000000180025095e-35 1.0000000180025095e-35 1.5000000000000002 3.5000000000000004 2.5000000000000004 1.0000000180025095e-35 1.0000000180025095e-35 2.5000000000000004 3.5000000000000004
decision_type=2 2 2 2 2 2 2 2 2 2 2 2 2 2 2
left_child=1 2 -1 4 8 6 -3 -7 9 12 -10 -11 -2 -6 -15
right_child=3 5 -4 -5 13 7 -8 -9 10 11 -12 -13 -14 14 -16
leaf_value=0.015408496690944365 -0.013286956527498431 -0.011597426023749559 0.0012157232450226501 -0.019942059821919836 -0.0078630108735921571 -0.0014954794111106619 0.0040727179494622137 -0.0089331943133548388 -0.0074916777129314912 -0.0097583135569057206 -0.018355612021088822 -0.0047325788262728785 -0.016274342322355261 -0.0031620071687735399 -0.0052652743074423245
leaf_weight=7.4529376998543757 8.3525313716381842 1.4157847478054444 5.0698034465312958 2.8700569905340663 2.5250345636159173 2.3117845728993416 5.0574282798916101 2.3453129380941391 5.5856880843639365 4.0052582062780848 1.5439607677981255 3.4745771819725633 6.3143435046076766 1.2471589185297491 2.3340061311610043
leaf_count=40 68 57 22 55 42 30 47 23 37 23 64 39 65 31 27
internal_value=-0.0053631 0.00426041 0.00966258 -0.0113137 -0.0106138 -0.00181759 0.000645432 -0.00524111 -0.0115949 -0.0121585 -0.00984432 -0.00742373 -0.0145731 -0.00590991 -0.0045328
internal_weight=61.9057 23.6531 12.5227 38.2526 35.3826 11.1303 6.47321 4.6571 29.2764 22.1467 7.12965 7.47984 14.6669 6.1062 3.58117
internal_count=670 219 62 451 396 157 104 53 296 195 101 62 133 100 58
is_linear=0
shrinkage=0.1


Tree=201
num_leaves=16
num_cat=0
split_feature=2 1 3 3 1 0 3 2 3 3 3 0 2 0 2
split_gain=0.240139 0.44431 0.347976 0.102397 0.512344 0.494139 0.093851 0.110757 0.0721845 0.0358866 0.0314936 0.0266971 0.1076 0.0209704 0.0922919
threshold=1.0000000180025095e-35 1.0000000180025095e-35 1.5000000000000002 3.5000000000000004 1.0000000180025095e-35 1.5000000000000002 1.5000000000000002 1.5000000000000002 3.5000000000000004 1.0000000180025095e-35 2.5000000000000004 1.0000000180025095e-35 2.5000000000000004 2.5000000000000004 3.5000000000000004
decision_type=2 2 2 2 2 2 2 2 2 2 2 2 2 2 2
left_child=1 -1 -3 4 5 9 11 -8 -4 -2 -9 -6 -13 14 -5
right_child=3 2 8 13 6 -7 7 10 -10 -11 -12 12 -14 -15 -16
leaf_value=-0.017732698684767935 -0.037565642439607638 0.025339450495499405 -0.0024362030331399249 -0.011757242257106308 -0.0021231445538138828 -0.0090331191960171722 0.0055756106947992641 -0.0090331191960171722 0.011569274105940462 -0.026956185340279677 -0.0032243434015908389 0.012899940431495614 0.0018941805450751444 -0.0071867219505390156 -0.031127007941424246
leaf_weight=6.2504202425479916 5.7000867277383822 10.480869740247728 5.5142691656947118 6.0275240987539274 5.0231580734252956 6.7463172674179068 10.493017002940176 12.558159489184618 3.7446645349264145 7.2348262071609497 14.26579781062901 12.001501932740213 11.401467464864252 3.4819105491042128 2.9603090733289719
leaf_count=21 26 36 47 33 25 27 44 85 23 26 93 63 76 18 27
internal_value=-0.00304174 0.00550295 0.0128603 -0.00531029 -0.00407462 -0.0182289 0.000162697 -0.00313492 -0.00126579 -0.0316315 -0.00654231 0.00449171 0.00591151 -0.0137753 -0.0163278
internal_weight=123.884 25.9902 19.7398 97.8941 85.4243 19.6812 65.7431 37.317 9.25893 12.9349 26.824 28.4261 23.403 12.4697 8.98783
internal_count=670 127 106 543 465 79 386 222 70 52 178 164 139 78 60
is_linear=0
shrinkage=0.1


Tree=202
num_leaves=14
num_cat=0
split_feature=1 0 0 3 2 1 0 2 3 1 2 1 3
split_gain=0.854607 1.0367 0.344595 0.336854 0.262518 0.255429 0.243719 0.43372 0.242075 0.254024 0.0499925 0.0277237 4.54242e-07
threshold=1.5000000000000002 1.5000000000000002 1.0000000180025095e-35 2.5000000000000004 1.0000000180025095e-35 2.5000000000000004 1.5000000000000002 2.5000000000000004 2.5000000000000004 1.0000000180025095e-35 1.0000000180025095e-35 1.0000000180025095e-35 1.0000000180025095e-35
decision_type=2 2 2 2 2 2 2 2 2 2 2 2 2
left_child=1 8 5 6 -3 -2 -4 10 9 12 -8 -6 -1
right_child=2 4 3 -5 11 -7 7 -9 -10 -11 -12 -13 -14
leaf_value=-0.082265409464303219 -0.0020811374861012433 -0.018089850570843547 0.0039087302319899221 0.0039087302319899221 -0.012513683793137219 0.0039087302319899221 0.040127221879358438 0.012250369436943884 -0.020713216212892745 -0.03656288344383872 0.028264182513205845 -0.0020811374861012433 -0.08237201921720716
leaf_weight=0.8519136980175952 12.979672297835352 7.3954764008522025 11.319706812500952 26.685389705002308 10.569867908954622 16.853283330798149 5.995331913232806 14.856752574443815 6.6970645487308502 4.9773427546024323 8.7177141159772855 19.323913484811783 0.7528521716594696
leaf_count=26 58 30 48 129 37 60 21 67 31 37 33 70 23
internal_value=0.000454761 -0.0100926 0.00593034 0.0098986 -0.00208114 -0.00208114 0.0158115 0.020592 -0.0340986 -0.0477177 0.0330982 -0.00208114 -0.0823154
internal_weight=147.976 50.5684 97.4079 67.5749 37.2893 29.833 40.8895 29.5698 13.2792 6.58211 14.713 29.8938 1.60477
internal_count=670 254 416 298 137 118 169 121 117 86 54 107 49
is_linear=0
shrinkage=0.1


Tree=203
num_leaves=14
num_cat=0
split_feature=0 1 2 1 2 1 3 2 3 2 3 3 3
split_gain=1.3857 2.57741 0.923321 0.830383 0.343025 0.298261 0.18572 0.157575 0.0563418 0.0329833 8.20925e-05 7.2332e-06 3.19502e-06
threshold=1.5000000000000002 2.5000000000000004 3.5000000000000004 3.5000000000000004 2.5000000000000004 1.0000000180025095e-35 2.5000000000000004 1.0000000180025095e-35 2.5000000000000004 2.5000000000000004 2.5000000000000004 1.0000000180025095e-35 1.5000000000000002
decision_type=2 2 2 2 2 2 2 2 2 2 2 2 2
left_child=1 4 3 -2 10 -6 -4 -5 -7 -3 11 -1 -13
right_child=2 9 6 7 5 8 -8 -9 -10 -11 -12 12 -14
leaf_value=-0.081429747082475135 0.0013309616740497571 -0.013163300114670554 0.027296583394071844 0.013140688004485999 -0.083260137501759035 -0.043472516532543158 0.05027371556851095 0.032038730988548397 -0.026771204939354684 0.0013309616740497571 -0.082788785017336872 -0.08204728430183085 -0.0817349036784914
leaf_weight=0.5127969291061184 24.795441730879247 7.661878153681756 9.1908084005117399 6.2107798755168941 1.3927148785442112 2.4011419005692005 5.6990800723433486 11.218822151422499 2.8944656252861023 11.98958432674408 1.2906650090590117 0.58296339958906152 0.74693453311920166
leaf_count=25 237 39 44 21 37 36 24 42 26 43 38 20 38
internal_value=0.00559237 -0.0120179 0.0146798 0.00712958 -0.0548734 -0.042082 0.036091 0.0249504 -0.0312524 0.00133096 -0.0821772 -0.0817488 -0.0818718
internal_weight=86.5881 29.4731 57.1149 42.225 9.82168 6.68832 14.8899 17.4296 5.29561 19.6515 3.13336 1.84269 1.3299
internal_count=670 302 368 300 220 99 68 63 62 82 121 83 58
is_linear=0
shrinkage=0.1


Tree=204
num_leaves=13
num_cat=0
split_feature=1 3 0 0 3 3 2 2 2 2 2 3
split_gain=0.253516 0.808484 0.515323 0.258584 0.17685 3.70034e-06 6.44347e-07 2.27868e-06 4.2708e-06 1.44854e-07 5.67281e-07 1.33238e-08
threshold=3.5000000000000004 2.5000000000000004 1.0000000180025095e-35 2.5000000000000004 3.5000000000000004 1.5000000000000002 3.5000000000000004 1.5000000000000002 2.5000000000000004 3.5000000000000004 1.0000000180025095e-35 1.0000000180025095e-35
decision_type=2 2 2 2 2 2 2 2 2 2 2 2
left_child=1 5 -3 4 -2 6 7 11 -9 10 -7 -1
right_child=3 2 -4 -5 -6 9 -8 8 -10 -11 -12 -13
leaf_value=-0.080065887652427087 0.011157406534540847 -0.081888157560804725 0.011157406534540847 0.054453294034499472 0.033463935621822614 -0.080440633067220893 -0.080860976277956201 -0.081126467917594175 -0.080471449229016445 -0.080423374310337942 -0.080078841693230485 -0.080158592270781967
leaf_weight=0.027486903592943923 2.7165137766860425 0.60424074949696649 4.0424720263108611 2.1187981888651848 2.0563217494636774 0.10067963832989335 0.32310225605033338 0.18024289363529533 0.22231852216646075 0.13189401337876916 0.076096155622508377 0.035560051677748561
leaf_count=37 86 57 148 24 15 26 50 42 72 27 69 17
internal_value=0.0124491 -0.00306591 0.0111574 0.0253807 0.0124746 -0.0806376 -0.0807525 -0.0806772 -0.0807647 -0.0803441 -0.0802849 -0.0801182
internal_weight=12.6357 5.74409 4.64671 6.89163 4.77284 1.09738 0.788711 0.465608 0.402561 0.30867 0.176776 0.063047
internal_count=670 545 205 125 101 340 218 168 114 122 95 54
is_linear=0
shrinkage=0.1


Tree=205
num_leaves=14
num_cat=0
split_feature=2 3 2 3 3 2 3 3 3 3 3 3 2
split_gain=0.352287 0.0817182 0.0465649 0.189721 0.096454 0.0214061 0.034313 0.0189971 0.018605 0.0447866 0.00706114 0.00208321 0.000118196
threshold=1.5000000000000002 1.0000000180025095e-35 1.0000000180025095e-35 2.5000000000000004 2.5000000000000004 3.5000000000000004 3.5000000000000004 1.5000000000000002 2.5000000000000004 1.5000000000000002 1.0000000180025095e-35 1.0000000180025095e-35 2.5000000000000004
decision_type=2 2 2 2 2 2 2 2 2 2 2 2 2
left_child=1 -1 3 -3 -4 8 7 10 9 11 -7 -2 -10
right_child=5 2 4 -5 -6 6 -8 -9 12 -11 -12 -13 -14
leaf_value=0.010928640970784501 -0.013979585808098431 -0.033733602907427405 0.017268433433099053 0.0061720262617469945 -0.0046905518942946412 -0.01072104008202337 0.0035854389664975311 -0.017522647641916921 -0.018608764462182171 -0.0051265668479712305 -0.0045355457971790148 -0.016394818728723448 -0.019683951385351485
leaf_weight=9.9539331793785113 8.2798857074230963 1.8858603599946917 3.1989512648433447 3.2351191081106663 5.3383995592594147 3.9482023157179338 2.0924063958227626 2.7802368109114468 2.9506850503385058 6.670138716697692 3.4654344189912081 6.2797322161495677 1.564570555463433
leaf_count=45 68 45 35 55 39 23 27 68 65 60 39 65 36
internal_value=-0.00555666 0.00403749 -0.000984658 -0.00852369 0.0035375 -0.0115133 -0.00807904 -0.0104733 -0.0131523 -0.0119125 -0.00782969 -0.0150213 -0.0189813
internal_weight=61.6436 23.6123 13.6583 5.12098 8.53735 38.0313 12.2863 10.1939 25.745 21.2298 7.41364 14.5596 4.51526
internal_count=670 219 174 100 74 451 157 130 294 193 62 133 101
is_linear=0
shrinkage=0.1


Tree=206
num_leaves=16
num_cat=0
split_feature=2 1 3 2 0 3 1 3 2 3 3 3 0 3 3
split_gain=0.222217 0.404106 0.322797 0.0928733 0.136493 0.359443 1.19324 0.349798 0.0736244 0.0636016 0.0575621 0.0341535 0.0259161 0.0217495 0.0256043
threshold=1.0000000180025095e-35 1.0000000180025095e-35 1.5000000000000002 3.5000000000000004 2.5000000000000004 1.5000000000000002 1.5000000000000002 1.0000000180025095e-35 2.5000000000000004 3.5000000000000004 1.0000000180025095e-35 3.5000000000000004 1.5000000000000002 1.5000000000000002 2.5000000000000004
decision_type=2 2 2 2 2 2 2 2 2 2 2 2 2 2 2
left_child=1 -1 -3 4 5 6 8 -6 -2 -4 -5 12 -7 -12 -15
right_child=3 2 9 10 7 11 -8 -9 -10 -11 13 -13 -14 14 -16
leaf_value=-0.017027002768443249 -0.046201201081868405 0.024208491358655257 -0.0024337063565219915 0.0022564375753328899 0.023258979930503011 -0.00595094561420939 -0.00099153928708209838 -0.00099153928708209838 -0.030805185404623511 0.010641565631320975 -0.016938618368659088 -0.0089233932713952534 -0.00099153928708209838 -0.0054361669867037951 -0.013912180023749138
leaf_weight=6.2512096464633968 5.5798054933547991 10.437761634588243 5.4634890928864461 3.0509858038276461 6.7209882512688663 20.124885447323322 6.6901855021715155 11.441466972231863 7.0058786869049072 3.7715828120708466 7.1280831955373314 6.0003965795040122 9.2916378751397151 6.3543596267700186 8.1158075239509326
leaf_count=21 23 36 47 23 36 93 43 65 24 23 39 33 69 41 54
internal_value=-0.00310724 0.00512166 0.0121596 -0.0052951 -0.00349994 -0.00599423 -0.0170378 0.00401115 -0.0376309 -0.00145845 -0.010601 -0.000991539 -0.000991539 -0.0124173 -0.0101901
internal_weight=123.429 25.924 19.6728 97.5045 72.8552 54.6928 19.2759 18.1625 12.5857 9.23507 24.6492 35.4169 29.4165 21.5983 14.4702
internal_count=670 127 106 543 386 285 90 101 47 70 157 195 162 134 95
is_linear=0
shrinkage=0.1


Tree=207
num_leaves=15
num_cat=0
split_feature=1 0 0 3 2 0 2 3 1 2 1 3 0 1
split_gain=0.733271 0.973734 0.340224 0.310829 0.248759 0.241211 0.378594 0.227962 0.225088 0.217643 0.0683444 0.0386475 0.00677905 0.000184589
threshold=1.5000000000000002 1.5000000000000002 1.0000000180025095e-35 2.5000000000000004 1.0000000180025095e-35 1.5000000000000002 2.5000000000000004 1.5000000000000002 2.5000000000000004 3.5000000000000004 1.0000000180025095e-35 1.0000000180025095e-35 3.5000000000000004 1.0000000180025095e-35
decision_type=2 2 2 2 2 2 2 2 2 2 2 2 2 2
left_child=1 7 8 5 -3 -4 11 9 -2 -1 -9 -7 13 -6
right_child=2 4 3 -5 12 6 -8 10 -10 -11 -12 -13 -14 -15
leaf_value=-0.083351546554739753 -0.0018671454779516348 -0.017346692588982995 0.0038403524158533947 0.0038403524158533947 -0.0099713542438445799 0.037336389285328751 0.011918500618424683 -0.037574669198806927 0.0038403524158533947 -0.030805557261145484 -0.01971607594440428 0.027032365871623016 -0.0018671454779516348 -0.0092942312612478081
leaf_weight=1.5271568261086932 12.901615127921106 7.3698259592056266 11.246756970882414 26.562038142234087 6.3614340424537668 6.5422196388244656 14.808005437254904 3.1353790462017042 16.867323368787766 1.6291445940732956 6.7700305953621864 8.2056120634078962 12.508039295673372 10.966045439243317
leaf_count=38 58 30 48 129 23 22 67 25 60 17 37 32 43 41
internal_value=0.000498169 -0.00930633 0.00557204 0.00954785 -0.00186715 0.0152404 0.0199966 -0.0328262 -0.00186715 -0.0562296 -0.0253689 0.0316033 -0.00186715 -0.00954282
internal_weight=147.401 50.2671 97.1336 67.3646 37.2053 40.8026 29.5558 13.0617 29.7689 3.1563 9.90541 14.7478 29.8355 17.3275
internal_count=670 254 416 298 137 169 121 117 118 55 62 54 107 64
is_linear=0
shrinkage=0.1


Tree=208
num_leaves=16
num_cat=0
split_feature=1 2 0 1 0 0 3 2 3 2 2 0 3 2 3
split_gain=1.31385 0.895383 0.854522 1.04978 0.53335 0.221842 0.14483 0.327823 0.0986674 0.0696393 0.0354176 0.0291256 7.23575e-05 1.277e-05 9.94361e-06
threshold=1.5000000000000002 3.5000000000000004 2.5000000000000004 3.5000000000000004 3.5000000000000004 1.5000000000000002 1.0000000180025095e-35 3.5000000000000004 3.5000000000000004 3.5000000000000004 2.5000000000000004 1.0000000180025095e-35 3.5000000000000004 2.5000000000000004 2.5000000000000004
decision_type=2 2 2 2 2 2 2 2 2 2 2 2 2 2 2
left_child=1 4 3 8 12 -3 -4 -8 -2 -10 -6 -5 13 14 -1
right_child=2 5 6 11 10 -7 7 -9 9 -11 -12 -13 -14 -15 -16
leaf_value=-0.080999553136771388 -0.0059615599356386585 -0.043812082460810808 0.039213689519920221 0.0087747853666551006 -0.036949508795208016 -0.0059615599356386585 0.015253365190963087 0.041379895875618661 -0.0059615599356386585 0.0046459026276622142 -0.019706612171422416 0.015253365190963087 -0.082523951341737178 -0.081672726847093868 -0.081595430004218178
leaf_weight=1.2576338206417847 15.940685674548151 2.4330107867717743 6.7563393861055401 10.227908641099932 2.0401392728090286 3.3435990139842033 10.546983525156977 5.8354510366916648 3.200021367520093 2.7464919686317444 2.8628695160150528 17.355074152350426 0.59052108973264683 0.59897882677614678 0.36027144547551859
leaf_count=88 171 38 26 36 27 17 43 26 36 13 25 65 19 24 16
internal_value=0.00570778 -0.022955 0.0110318 0.00361251 -0.046783 -0.00596156 0.0268942 0.0218135 -0.00596156 0.0046459 -0.0268814 0.0152534 -0.0815403 -0.0812783 -0.0811322
internal_weight=86.096 13.487 72.609 49.4702 7.71041 5.77661 23.1388 16.3824 21.8872 5.94651 4.90301 27.583 2.80741 2.21688 1.61791
internal_count=670 254 416 321 199 55 95 69 220 49 52 101 147 128 104
is_linear=0
shrinkage=0.1


Tree=209
num_leaves=16
num_cat=0
split_feature=2 0 3 3 3 0 1 2 3 2 1 3 3 3 3
split_gain=0.252605 0.470833 0.327733 0.193483 0.427966 0.226736 0.386507 0.134226 0.352233 0.56768 0.214571 5.93031e-06 7.45216e-07 1.33586e-07 2.75377e-08
threshold=3.5000000000000004 1.5000000000000002 3.5000000000000004 1.5000000000000002 1.0000000180025095e-35 3.5000000000000004 3.5000000000000004 1.0000000180025095e-35 2.5000000000000004 1.5000000000000002 3.5000000000000004 2.5000000000000004 3.5000000000000004 1.5000000000000002 1.0000000180025095e-35
decision_type=2 2 2 2 2 2 2 2 2 2 2 2 2 2 2
left_child=1 11 7 4 -2 6 -5 10 9 -9 -3 13 -13 14 -1
right_child=3 2 -4 5 -6 -7 -8 8 -10 -11 -12 12 -14 -15 -16
leaf_value=-0.080219504485004395 0.034652651000912152 -0.036416239899326956 -0.036416239899326956 -0.021537063843535261 -0.082245399392048057 0.061256276639564025 0.040332752556414546 0.10121523392449985 0.10506405243344602 -0.018426205427162303 0.022467226905881547 -0.080916371261953737 -0.080635145875270486 -0.080072856199299061 -0.080288642867309662
leaf_weight=0.10370771941961709 0.81422339379787423 0.37751270388253055 0.47193228919059027 1.509581879712641 0.50893585383892059 1.8397936807014046 2.861012265086174 0.53900372842326838 0.52454238571226586 1.5009821022977119 0.94213324785232544 0.27764420839957893 0.14263318385928869 0.046840420924127102 0.12960157042834908
leaf_count=48 23 48 56 53 39 19 23 23 43 109 21 46 25 47 47
internal_value=0.0128043 -0.00448511 0.00775088 0.024409 -0.0103107 0.0318062 0.0194092 0.018643 0.031978 0.0131854 -0.00727165 -0.0805834 -0.0808209 -0.080227 -0.0802579
internal_weight=12.5901 5.05653 4.35611 7.53355 1.32316 6.21039 4.37059 3.88417 2.56453 2.03999 1.31965 0.700427 0.420277 0.28015 0.233309
internal_count=670 513 300 157 62 95 76 244 175 132 69 213 71 142 95
is_linear=0
shrinkage=0.1


Tree=210
num_leaves=15
num_cat=0
split_feature=2 3 2 3 3 3 3 3 2 2 3 3 2 2
split_gain=0.329058 0.0812729 0.0315024 0.159367 0.0735402 0.0224414 0.0260529 0.00468482 0.0293023 0.00761387 0.00454263 0.00188912 0.00131767 0.000779577
threshold=1.5000000000000002 1.0000000180025095e-35 1.0000000180025095e-35 2.5000000000000004 2.5000000000000004 3.5000000000000004 2.5000000000000004 1.5000000000000002 3.5000000000000004 2.5000000000000004 1.0000000180025095e-35 1.0000000180025095e-35 2.5000000000000004 3.5000000000000004
decision_type=2 2 2 2 2 2 2 2 2 2 2 2 2 2
left_child=1 -1 3 -3 -4 6 7 8 11 -9 -10 -2 -8 -14
right_child=5 2 4 -5 -6 -7 12 9 10 -11 -12 -13 13 -15
leaf_value=0.01046105009240854 -0.014396371659637898 -0.031405533518719511 0.014210459272500317 0.0055642696588103996 -0.0049327788425816118 -0.020020784640789043 -0.0065865431644997171 -0.0081279378019534256 -0.0099893512315941801 -0.016158991997016516 -0.0050277785733740662 -0.016703331214044725 -0.0015402122491645189 -0.0046610654736918807
leaf_weight=9.8892395347356814 8.2140068896114879 1.8180701602250309 3.2125162910670042 3.2510759867727757 5.3465917706489563 2.8582691932097068 2.4854539893567553 5.6090297661721698 3.9300306029617778 1.4951579840853808 3.4786889124661684 6.250820990651845 1.2231751438230278 2.315804413985461
leaf_count=45 68 45 35 55 39 55 42 37 23 64 39 65 31 27
internal_value=-0.00573026 0.00355999 -0.00144771 -0.0076951 0.00225231 -0.011501 -0.0108053 -0.0120493 -0.0127739 -0.00981817 -0.0076597 -0.0153933 -0.0048218 -0.00358241
internal_weight=61.3779 23.5175 13.6283 5.06915 8.55911 37.8604 35.0022 28.9777 21.8735 7.10419 7.40872 14.4648 6.02443 3.53898
internal_count=670 219 174 100 74 451 396 296 195 101 62 133 100 58
is_linear=0
shrinkage=0.1


Tree=211
num_leaves=17
num_cat=0
split_feature=2 0 3 0 2 3 2 3 3 0 1 3 2 2 3 3
split_gain=0.195861 0.165186 0.199725 0.351389 0.251979 0.680875 0.0626488 0.0498668 0.0261556 0.0228337 0.222341 0.342533 0.0264134 0.0186187 0.0183879 0.0250253
threshold=1.5000000000000002 3.5000000000000004 1.5000000000000002 1.0000000180025095e-35 1.0000000180025095e-35 3.5000000000000004 3.5000000000000004 1.0000000180025095e-35 2.5000000000000004 2.5000000000000004 1.0000000180025095e-35 1.5000000000000002 2.5000000000000004 2.5000000000000004 1.5000000000000002 2.5000000000000004
decision_type=2 2 2 2 2 2 2 2 2 2 2 2 2 2 2 2
left_child=1 2 3 -1 5 -4 9 -8 -6 10 11 -2 -11 -12 -9 -16
right_child=6 -3 4 -5 8 -7 7 14 -10 12 13 -13 -14 -15 15 -17
leaf_value=-0.015253954584804625 -0.032873403113089776 0.015724257611774178 -0.048416232961801392 0.0075973246294701625 -0.0033666986370568747 0.0075973246294701625 0.0016245838139487502 -0.016190119203489048 0.0051321327830606755 0.003282154038706657 -0.0087960936035512208 -0.0099101885026902734 -0.0031801692258681923 -0.0031801692258681923 -0.0052354164896220509 -0.013647491612533084
leaf_weight=6.7416388988494864 7.6461574435234052 7.4802446365356436 4.226351123303175 8.7233383953571302 6.6107928305864343 3.788546234369278 3.0647542420774725 7.0641174763441112 8.007169306278227 8.2271615266799909 16.899679221212867 5.7455901503562927 6.668959602713584 7.7361461780965319 6.2986078411340705 8.0644963886588794
leaf_count=24 29 27 43 38 31 23 23 39 33 40 96 21 44 64 41 54
internal_value=-0.00306282 0.00213797 -0.000529608 0.00759732 -0.00652437 -0.0207741 -0.00612475 -0.0103065 0.00128864 -0.00418954 -0.00548956 -0.0166402 -0.000870778 -0.00318017 -0.012013 -0.00995857
internal_weight=122.994 45.5781 38.0978 15.465 22.6329 8.0149 77.4157 24.492 14.618 52.9237 38.0276 13.3917 14.8961 24.6358 21.4272 14.3631
internal_count=670 219 192 62 130 66 451 157 64 294 210 50 84 160 134 95
is_linear=0
shrinkage=0.1


Tree=212
num_leaves=17
num_cat=0
split_feature=1 0 0 3 2 0 2 3 1 1 3 1 0 2 2 3
split_gain=0.681054 0.894501 0.333348 0.285892 0.241147 0.233018 0.333364 0.217851 0.257357 0.211955 0.039184 0.0196914 0.0144607 0.00102946 0.370434 2.57686e-07
threshold=1.5000000000000002 1.5000000000000002 1.0000000180025095e-35 2.5000000000000004 1.0000000180025095e-35 1.5000000000000002 2.5000000000000004 2.5000000000000004 1.0000000180025095e-35 2.5000000000000004 1.0000000180025095e-35 1.0000000180025095e-35 3.5000000000000004 1.0000000180025095e-35 2.5000000000000004 1.0000000180025095e-35
decision_type=2 2 2 2 2 2 2 2 2 2 2 2 2 2 2 2
left_child=1 7 9 5 -3 -4 10 8 15 -2 -7 -6 -8 -5 -15 -1
right_child=2 4 3 13 11 6 12 -9 -10 -11 -12 -13 -14 14 -16 -17
leaf_value=-0.08202850269389339 -0.0017801032209186912 -0.016741838366575314 0.0037905012367283873 0.0037905012367283873 -0.011891408502646665 0.036117840630461077 0.011644286095481455 -0.019053043634550168 -0.033960312757416941 0.0037905012367283873 0.025741006556742253 -0.0017801032209186912 0.019675566119025347 0.0248288132979179 0.0037905012367283873 -0.082113104576693019
leaf_weight=0.77067403122782507 12.861013486981394 7.3549605160951605 11.207247167825697 11.111500933766367 10.543869614601137 6.526643335819247 10.426577504724262 6.6163381338119507 4.8106573149561882 16.87173593044281 8.2247211784124357 19.253517389297485 4.2971967458724967 8.8657153993844968 6.4730757176876059 0.67565929144620895
leaf_count=26 58 30 48 48 37 22 51 31 37 60 32 70 16 43 38 23
internal_value=0.000510747 -0.00896429 0.00540408 0.00936111 -0.0017801 0.0148124 0.0194981 -0.0317036 -0.0450806 -0.0017801 0.0303322 -0.0017801 0.0116443 0.0037905 0.00757523 -0.082068
internal_weight=146.891 50.0257 96.8654 67.1327 37.1523 40.6824 29.4751 12.8733 6.25699 29.7327 14.7514 29.7974 14.7238 26.4503 15.3388 1.44633
internal_count=670 254 416 298 137 169 121 117 86 118 54 107 67 129 81 49
is_linear=0
shrinkage=0.1


Tree=213
num_leaves=17
num_cat=0
split_feature=1 0 2 1 2 1 1 0 3 2 3 0 0 3 2 3
split_gain=1.16416 1.65021 1.66947 0.520498 0.419271 0.465824 0.293537 0.216146 0.152665 0.13569 0.048186 0.0469001 0.0127581 0.00408045 0.000613938 5.69081e-05
threshold=3.5000000000000004 1.5000000000000002 2.5000000000000004 2.5000000000000004 3.5000000000000004 1.5000000000000002 1.0000000180025095e-35 1.0000000180025095e-35 1.5000000000000002 1.0000000180025095e-35 2.5000000000000004 2.5000000000000004 2.5000000000000004 3.5000000000000004 1.0000000180025095e-35 2.5000000000000004
decision_type=2 2 2 2 2 2 2 2 2 2 2 2 2 2 2 2
left_child=1 2 13 6 5 -3 -4 -2 -7 -9 -8 -10 -11 14 -1 -16
right_child=7 4 3 -5 -6 8 10 9 11 12 -12 -13 -14 -15 15 -17
leaf_value=-0.084916609215275371 0.0083697785449824424 -0.011250108881792068 -0.082974426052758829 -0.011250108881792068 0.0083697785449824424 -0.0024455322718961734 -0.041036548843718851 0.01699530094240621 -0.0024455322718961734 0.028780124153525329 -0.025525892510162924 0.0083697785449824424 0.03463820838278895 -0.090521199419378612 -0.081646040570365841 -0.082752376164926034
leaf_weight=1.2033682316541665 10.242795675992964 6.1520605599507716 1.2633012924343328 5.1368644535541534 11.652158908545969 5.7384924143552807 2.2831904366612434 7.6484560668468502 6.9265435859560949 9.6942413598299009 2.839141808450222 5.7676287591457367 6.0303305536508551 0.97573230974376191 1.2542439564131198 0.73882147669792164
leaf_count=28 36 120 37 21 55 27 36 27 64 38 26 26 24 19 64 22
internal_value=0.00581291 -0.00357262 -0.0306591 -0.0112501 0.00815889 -0.00469187 -0.0398017 0.0203122 0.00635904 0.0256208 -0.0291541 0.00836978 0.0310267 -0.0848609 -0.083133 -0.0820562
internal_weight=85.5474 51.9315 15.6947 11.5225 36.2369 24.5847 6.38563 33.6158 18.4327 23.373 5.12233 12.6942 15.7246 4.17217 3.19643 1.99307
internal_count=670 545 253 120 292 237 99 125 117 89 62 90 62 133 114 86
is_linear=0
shrinkage=0.1


Tree=214
num_leaves=13
num_cat=0
split_feature=0 3 2 1 3 3 3 2 2 2 3 3
split_gain=0.251407 0.539342 0.208686 0.172073 0.261298 0.0763972 0.0438891 7.32262e-05 1.92317e-05 8.76352e-07 2.41832e-07 4.96885e-08
threshold=2.5000000000000004 1.5000000000000002 2.5000000000000004 2.5000000000000004 3.5000000000000004 2.5000000000000004 2.5000000000000004 3.5000000000000004 3.5000000000000004 2.5000000000000004 1.0000000180025095e-35 2.5000000000000004
decision_type=2 2 2 2 2 2 2 2 2 2 2 2
left_child=1 7 -2 4 8 -4 -5 9 11 10 -1 -3
right_child=2 3 5 6 -6 -7 -8 -9 -10 -11 -12 -13
leaf_value=-0.080654219633708668 0.01556190036889199 -0.080071396373017384 0.029898799205325219 -0.0025498056655558657 -0.0025498056655558657 0.059204229632115926 0.01556190036889199 -0.082503969279737285 -0.081396787729589803 -0.080231800391680888 -0.080472184860745824 -0.080176296909338252
leaf_weight=0.14364074598415744 1.3558067430276421 0.066692899563349561 1.7104404090205207 1.2531010434031484 0.99374555004760623 1.8535965234041214 4.2069959710352123 0.315963642206043 0.29947789246216416 0.11115174519363791 0.14835564116947353 0.13981838838662952
leaf_count=54 95 67 76 37 51 13 66 36 29 34 42 70
internal_value=0.0123913 0.00108431 0.0300395 0.00960314 -0.0206615 0.0451401 0.0155619 -0.0813641 -0.0808848 -0.0804708 -0.0805617 -0.0801424
internal_weight=12.5988 7.67894 4.91984 6.95983 1.49973 3.56404 5.4601 0.719112 0.505989 0.403148 0.291996 0.206511
internal_count=670 486 184 320 217 89 103 166 166 130 96 137
is_linear=0
shrinkage=0.1


Tree=215
num_leaves=15
num_cat=0
split_feature=2 3 2 2 3 3 3 3 3 3 2 3 3 2
split_gain=0.317888 0.0718993 0.10202 0.0225538 0.0320892 0.0217934 0.0439159 0.0128136 0.0299763 0.00769311 0.00423817 0.00332819 0.00158812 0.000172003
threshold=1.5000000000000002 1.5000000000000002 1.0000000180025095e-35 3.5000000000000004 2.5000000000000004 1.5000000000000002 2.5000000000000004 2.5000000000000004 3.5000000000000004 3.5000000000000004 1.0000000180025095e-35 1.0000000180025095e-35 1.0000000180025095e-35 2.5000000000000004
decision_type=2 2 2 2 2 2 2 2 2 2 2 2 2 2
left_child=1 2 -1 5 11 12 -7 -3 -9 -6 -10 -5 -2 -8
right_child=3 7 -4 4 9 6 13 8 10 -11 -12 -13 -14 -15
leaf_value=0.015946715833493511 -0.014951355344286288 -0.008710063295173728 -0.0026399041439788664 -0.0098554941171764936 -0.0052246898676737317 -0.0048195980288180621 -0.017223108032788675 0.0057767525306155493 -0.0030921678711308101 0.0031296146388732713 -0.0091050002811295973 -0.013977416328367971 -0.017072806762929577 -0.018532053357097247
leaf_weight=7.3668757155537623 8.151877189055087 2.6146282020490608 4.9290473461151123 3.9046405702829343 2.3275251630693674 6.6368763856589776 2.8906746925786138 3.8896308876574022 2.3453985676169395 2.0938410647213459 2.343598261475563 3.9309788518585265 6.222066791728138 1.5380608327686784
leaf_count=40 68 63 22 23 27 60 65 41 30 27 23 80 65 36
internal_value=-0.00591398 0.00321724 0.00849593 -0.0116038 -0.00807986 -0.0133016 -0.00996573 -0.00258146 -0.000713563 -0.00126831 -0.00609743 -0.0119234 -0.0158697 -0.0176777
internal_weight=61.1857 23.4892 12.2959 37.6965 12.257 25.4396 11.0656 11.1933 8.57863 4.42137 4.689 7.83562 14.3739 4.42874
internal_count=670 219 62 451 157 294 161 157 94 54 53 103 133 101
is_linear=0
shrinkage=0.1


Tree=216
num_leaves=11
num_cat=0
split_feature=1 3 3 2 0 2 0 3 2 3
split_gain=0.209403 1.01134 0.653027 0.258467 0.0356797 0.0239094 1.13844 0.0465896 0.00843556 0.000886644
threshold=1.0000000180025095e-35 1.5000000000000002 1.5000000000000002 1.0000000180025095e-35 3.5000000000000004 2.5000000000000004 2.5000000000000004 1.0000000180025095e-35 3.5000000000000004 1.0000000180025095e-35
decision_type=2 2 2 2 2 2 2 2 2 2
left_child=1 9 3 -2 -4 6 -5 -7 -9 -1
right_child=2 -3 4 5 -6 7 -8 8 -10 -11
leaf_value=-0.033804630168913392 0.023282575578227705 -0.0050703660599439489 -0.0050703660599439489 -0.0050703660599439489 0.010340798500552266 0.015092043125464253 0.044597711018729128 0.0064003054993020921 0.00052024265817061086 -0.032200901348649204
leaf_weight=7.3029259145259839 10.363740384578703 18.805550962686539 47.885911788791418 8.2411993891000765 3.3989367019385091 5.2848459500819418 4.8572024554014197 4.8375279232859612 4.9223132580518723 6.529758632183075
leaf_count=32 36 67 319 47 27 38 21 29 29 25
internal_value=-0.00288724 -0.00974689 -0.000393839 0.00978172 -0.00507037 0.00481 0.00168622 0.00752967 0.00343473 -0.0330476
internal_weight=122.43 32.6382 89.7917 38.5068 51.2848 28.1431 13.0984 15.0447 9.75984 13.8327
internal_count=670 124 546 200 346 164 68 96 58 57
is_linear=0
shrinkage=0.1


Tree=217
num_leaves=17
num_cat=0
split_feature=0 1 3 2 3 3 3 1 3 2 1 2 2 2 3 2
split_gain=0.563025 1.19674 1.25561 0.642362 0.531253 0.698841 0.642083 0.304704 0.252923 0.725522 0.0983679 0.0907931 0.0584326 0.0398015 0.0323584 0.0707431
threshold=1.5000000000000002 2.5000000000000004 1.5000000000000002 3.5000000000000004 1.5000000000000002 1.0000000180025095e-35 3.5000000000000004 1.5000000000000002 2.5000000000000004 1.5000000000000002 1.0000000180025095e-35 1.5000000000000002 3.5000000000000004 2.5000000000000004 1.0000000180025095e-35 1.0000000180025095e-35
decision_type=2 2 2 2 2 2 2 2 2 2 2 2 2 2 2 2
left_child=1 2 14 4 5 7 11 -2 -4 -10 -8 -6 -11 -13 15 -1
right_child=3 -3 8 -5 6 -7 10 -9 9 12 -12 13 -14 -15 -16 -17
leaf_value=-0.046657823274196153 -0.0010774704554149135 -0.0010774704554149135 -0.011135857768403284 -0.0010774704554149135 -0.0010774704554149135 0.042377158962153827 0.011446756261309213 0.021640738353761568 -0.053181579244852686 -0.022393403067823153 0.028838231462296179 0.010743150761309543 -0.011135857768403284 0.0014419230657043227 -0.047334003311099736 -0.07257734966504846
leaf_weight=2.1841035783290845 7.3771823942661312 22.803710162639618 9.6618125066161173 13.398599635809658 15.437210381031035 10.179695516824724 5.1419996917247763 9.2432444095611555 5.5583408027887371 5.2193713784217817 8.8491776287555677 10.220568165183067 5.5491853654384613 8.36686971783638 5.1369676999747753 2.0333058424293995
leaf_count=15 30 82 62 68 67 35 17 35 27 21 39 42 21 35 40 34
internal_value=0.000224463 -0.00741492 -0.0211942 0.00525997 0.0104644 0.0217436 0.00416891 0.0091059 -0.0111359 -0.0236847 0.0224466 -0.00107747 -0.0111359 0.00655634 -0.0526631 -0.0591542
internal_weight=146.361 58.1468 35.3431 88.2145 74.8159 26.8001 48.0158 16.6204 25.9887 16.3269 13.9912 34.0246 10.7686 18.5874 9.35438 4.21741
internal_count=670 302 220 368 300 100 200 65 131 69 56 144 42 77 89 49
is_linear=0
shrinkage=0.1


Tree=218
num_leaves=14
num_cat=0
split_feature=1 3 3 0 1 0 0 3 3 2 0 2 2
split_gain=1.10924 0.894302 0.906867 0.759285 0.825251 0.262879 0.189267 0.138214 0.133394 0.316472 0.0551219 0.00547291 0.00142828
threshold=1.5000000000000002 3.5000000000000004 1.0000000180025095e-35 2.5000000000000004 3.5000000000000004 1.5000000000000002 1.0000000180025095e-35 3.5000000000000004 1.0000000180025095e-35 3.5000000000000004 1.0000000180025095e-35 3.5000000000000004 2.5000000000000004
decision_type=2 2 2 2 2 2 2 2 2 2 2 2 2
left_child=1 2 12 4 7 6 -4 -2 -5 -10 -6 -9 -1
right_child=3 -3 5 8 10 -7 -8 11 9 -11 -12 -13 -14
leaf_value=-0.080920661188100484 -0.0047903883316229787 -0.084901952242323414 -0.083385712516462637 0.037974055423680014 0.0075169325952522369 -0.0047903883316229787 -0.022741619422173551 -0.0047903883316229787 0.015063267802435672 0.040632194519452672 0.015063267802435672 0.0051364397354063465 -0.087486794708202947
leaf_weight=0.51235929224639842 15.508988231420519 1.8574224486947066 0.71776758600026203 6.687658458948138 10.250412181019785 7.372085721231997 1.6005489910021424 3.0879474990069857 10.495957210659983 5.7775564938783637 17.353529095649719 2.732888862490654 0.93734082393348217
leaf_count=38 171 37 23 26 36 84 49 36 43 26 65 13 23
internal_value=0.00622159 -0.0206626 -0.00995182 0.0110819 0.00404229 -0.00479039 -0.0406929 -0.00479039 0.0260842 0.0211981 0.0150633 0.00513644 -0.0851662
internal_weight=84.8925 12.9975 11.1401 71.8949 48.9338 9.6904 2.31832 21.3298 22.9612 16.2735 27.6039 5.82084 1.4497
internal_count=670 254 217 416 321 156 72 220 95 69 101 49 61
is_linear=0
shrinkage=0.1


Tree=219
num_leaves=13
num_cat=0
split_feature=1 3 0 0 3 3 2 2 2 2 2 3
split_gain=0.231278 0.692 0.465768 0.234816 0.151446 2.58008e-06 4.99782e-07 1.47879e-06 2.59695e-06 9.95885e-08 3.70387e-07 4.67206e-09
threshold=3.5000000000000004 2.5000000000000004 1.0000000180025095e-35 2.5000000000000004 3.5000000000000004 1.5000000000000002 3.5000000000000004 1.5000000000000002 2.5000000000000004 3.5000000000000004 1.0000000180025095e-35 1.0000000180025095e-35
decision_type=2 2 2 2 2 2 2 2 2 2 2 2
left_child=1 5 -3 4 -2 6 7 11 -9 10 -7 -1
right_child=3 2 -4 -5 -6 9 -8 8 -10 -11 -12 -13
leaf_value=-0.080061746209715026 0.010895963132768834 -0.08175525494253047 0.010895963132768834 0.051908540050056275 0.032023058789060976 -0.080382509309467942 -0.080771967193315239 -0.080974612463603768 -0.080426784510087321 -0.080374149020480901 -0.080066440803037861 -0.08012253934267656
leaf_weight=0.023375444521661737 2.6762444097548723 0.54508348810486484 4.1597737475531176 2.1560177057981491 2.0905271228402853 0.089478595182299614 0.28203890868462622 0.15637038601562381 0.19374697183957323 0.11697367485612631 0.063308108597993851 0.027529682731255889
leaf_count=37 86 57 148 24 15 26 50 42 72 27 69 17
internal_value=0.0122664 -0.00273183 0.010896 0.0245238 0.0121376 -0.0805666 -0.08067 -0.0805982 -0.0806715 -0.0803047 -0.0802515 -0.0800946
internal_weight=12.5805 5.65768 4.70486 6.92279 4.76677 0.952822 0.683061 0.401022 0.350117 0.26976 0.152787 0.0509051
internal_count=670 545 205 125 101 340 218 168 114 122 95 54
is_linear=0
shrinkage=0.1


Tree=220
num_leaves=15
num_cat=0
split_feature=2 3 2 2 3 3 3 3 3 3 2 3 3 2
split_gain=0.297248 0.0695044 0.0940433 0.019395 0.0304506 0.0258652 0.0382225 0.0103448 0.0241659 0.00640372 0.00350076 0.00158082 0.000402884 0.000251065
threshold=1.5000000000000002 1.5000000000000002 1.0000000180025095e-35 3.5000000000000004 2.5000000000000004 1.5000000000000002 2.5000000000000004 2.5000000000000004 3.5000000000000004 3.5000000000000004 1.0000000180025095e-35 1.0000000180025095e-35 1.0000000180025095e-35 2.5000000000000004
decision_type=2 2 2 2 2 2 2 2 2 2 2 2 2 2
left_child=1 2 -1 5 11 12 -7 -3 -9 -6 -10 -5 -2 -8
right_child=3 7 -4 4 9 6 13 8 10 -11 -12 -13 -14 -15
leaf_value=0.015126025809943428 -0.015483956847753369 -0.0084083640204476156 -0.0027520820913542209 -0.01061373430722197 -0.0052796033317133936 -0.004702131992287131 -0.016194644554179911 0.0045761618192314306 -0.0033418816690446414 0.0023295393585018335 -0.0088101626929169372 -0.013468913440675101 -0.016558752757511168 -0.017785658595318516
leaf_weight=7.3864276856184024 8.0788308084011096 2.6047113309614351 4.8902506232261658 3.8507945332676154 2.3271599365398288 6.6277651786804181 2.850033569149673 3.9212373681366426 2.3510766103863716 2.1077557075768709 2.3319592326879501 3.9062822172418237 6.1368893682956687 1.5212298259139059
leaf_count=40 68 63 22 23 27 60 65 41 30 27 23 80 65 36
internal_value=-0.00601124 0.00280639 0.00800452 -0.0115473 -0.00827273 -0.0131307 -0.00948956 -0.00288689 -0.00121541 -0.00166325 -0.00606486 -0.0120515 -0.0159479 -0.0167483
internal_weight=60.8924 23.4857 12.2767 37.4067 12.192 25.2147 10.999 11.209 8.60427 4.43492 4.68304 7.75708 14.2157 4.37126
internal_count=670 219 62 451 157 294 161 157 94 54 53 103 133 101
is_linear=0
shrinkage=0.1


Tree=221
num_leaves=17
num_cat=0
split_feature=2 1 3 0 3 1 0 3 2 2 2 2 0 3 3 3
split_gain=0.176624 0.410387 0.287379 0.194375 0.107732 0.374471 0.449016 0.0809933 0.0934601 0.0404906 0.188102 0.0373425 1.09148 0.0322036 0.031915 0.0265495
threshold=1.0000000180025095e-35 1.0000000180025095e-35 2.5000000000000004 1.0000000180025095e-35 3.5000000000000004 1.0000000180025095e-35 1.5000000000000002 1.5000000000000002 1.5000000000000002 1.5000000000000002 3.5000000000000004 2.5000000000000004 2.5000000000000004 1.0000000180025095e-35 1.0000000180025095e-35 2.5000000000000004
decision_type=2 2 2 2 2 2 2 2 2 2 2 2 2 2 2 2
left_child=1 -1 3 -3 5 6 14 11 -9 -6 -11 12 -7 -13 -2 -10
right_child=4 2 -4 -5 9 7 -8 8 15 10 -12 13 -14 -15 -16 -17
leaf_value=-0.017974314885190565 -0.034746732986760322 0.0040580913662619815 -0.0032256889298418016 0.027924098993023672 -0.021293541114384664 -0.0079982241429845911 -0.0079982241429845911 0.0048416997902613508 -0.0079982241429845911 0.0027511495374345474 -0.029575462337837706 0.013602348579085047 0.041263569264069655 0.0039165483388750198 -0.024690043616597157 -0.003109478792715259
leaf_weight=6.2378227114677456 5.6230024546384829 5.4967405498027828 4.8438235856592646 9.0001799911260587 4.5303469896316511 8.2687519192695635 6.656220316886901 10.397672921419142 12.227499190717936 4.799370639026165 2.8802229054272175 5.3278381600975964 4.8482505828142157 9.6502497866749763 7.1914542019367218 14.070266969501972
leaf_count=21 26 19 48 39 23 47 27 44 85 28 27 38 21 58 26 93
internal_value=-0.00305837 0.00432947 0.0115229 0.0188749 -0.00501719 -0.00374511 -0.0159059 -9.05904e-05 -0.00318429 -0.0137959 -0.00937291 0.00395014 5.43316e-05 0.00736187 -0.0291029 -0.00635762
internal_weight=122.05 25.5786 19.3407 14.4969 96.4711 84.2612 19.4707 64.7905 36.6954 12.2099 7.67959 28.0951 13.117 14.9781 12.8145 26.2978
internal_count=670 127 106 58 543 465 79 386 222 78 55 164 68 96 52 178
is_linear=0
shrinkage=0.1


Tree=222
num_leaves=13
num_cat=0
split_feature=1 0 2 0 3 2 1 3 0 2 2 2
split_gain=0.650791 0.730031 0.762953 0.286087 0.293837 0.221084 0.204491 0.204244 0.371872 0.270956 0.199322 0.181551
threshold=1.5000000000000002 3.5000000000000004 1.5000000000000002 1.0000000180025095e-35 2.5000000000000004 3.5000000000000004 2.5000000000000004 1.5000000000000002 1.5000000000000002 3.5000000000000004 2.5000000000000004 2.5000000000000004
decision_type=2 2 2 2 2 2 2 2 2 2 2 2
left_child=1 2 -1 6 7 -4 -2 8 -5 10 -9 -10
right_child=3 -3 5 4 -6 -7 -8 9 11 -11 -12 -13
leaf_value=-0.051046281941223952 -0.0018151710369020751 -0.0018151710369020751 -0.010627449119176294 0.0035444078266092861 0.0035444078266092861 -0.027066874618200704 0.0035444078266092861 0.026605420826864946 0.030444373133218461 0.041985987401054539 0.0035444078266092861 0.011778918293453185
leaf_weight=6.1445186212658909 12.698533549904825 18.03265044093132 16.989922545850277 7.733998358249667 26.059691213071346 8.300763353705408 16.852475345134735 6.419830337166788 8.2870568633079511 5.1522167623043051 5.4029891639947891 7.5180321857333174
leaf_count=46 58 64 101 31 129 43 60 26 28 20 23 41
internal_value=0.000446649 -0.00887316 -0.0194397 0.00524282 0.00890399 -0.0117607 -0.00181517 0.0144865 0.00845697 0.0228475 0.0145072 0.0200134
internal_weight=145.593 49.4679 31.4352 96.1248 66.5738 25.2907 29.551 40.5141 23.5391 16.975 11.8228 15.8051
internal_count=670 254 190 416 298 144 118 169 100 69 49 69
is_linear=0
shrinkage=0.1


Tree=223
num_leaves=16
num_cat=0
split_feature=0 1 2 1 2 3 2 3 3 3 2 3 3 3 3
split_gain=1.01465 2.08899 0.638852 0.578061 0.355924 0.18339 0.161587 0.102522 0.356761 0.225678 0.076176 0.0212632 5.15961e-05 6.01118e-06 2.11447e-06
threshold=1.5000000000000002 2.5000000000000004 3.5000000000000004 3.5000000000000004 2.5000000000000004 2.5000000000000004 1.0000000180025095e-35 2.5000000000000004 1.5000000000000002 1.0000000180025095e-35 2.5000000000000004 1.0000000180025095e-35 2.5000000000000004 1.0000000180025095e-35 1.5000000000000002
decision_type=2 2 2 2 2 2 2 2 2 2 2 2 2 2 2
left_child=1 4 3 11 12 -4 -5 8 9 -6 -3 -2 13 -1 -15
right_child=2 10 5 6 7 -7 -8 -9 -10 -11 -12 -13 -14 14 -16
leaf_value=-0.081156130740574484 0.012330941788759976 -0.012682965996336735 0.023025225761080351 0.012330941788759976 -0.082338887112182055 0.0459726463294848 0.029688209769254015 -0.024940296607761019 -0.084979016800667995 -0.024278769530131798 0.0023231483592388198 0.0023231483592388198 -0.082385422030320121 -0.081756142674581062 -0.081478834721743262
leaf_weight=0.41420934256166431 4.8657943764701512 7.5811876356601724 9.0878167152404767 6.162177890539172 0.70671170763671398 5.6465011686086646 11.103137135505674 3.1012277975678444 1.5462426543235779 0.770449323579669 11.960406303405762 19.193583493120968 1.0759834209457038 0.49585737287998177 0.61723754927515984
leaf_count=25 51 39 44 21 24 24 42 31 24 20 43 186 38 20 38
internal_value=0.00615175 -0.00929494 0.0139412 0.00756686 -0.0508807 0.0318192 0.0223387 -0.037715 -0.0508185 -0.0242788 0.00232315 0.00232315 -0.081855 -0.0814813 -0.0816024
internal_weight=84.3285 28.2695 56.059 41.3247 8.72792 14.7343 17.2653 6.12463 3.0234 1.47716 19.5416 24.0594 2.60329 1.5273 1.11309
internal_count=670 302 368 300 220 68 63 99 68 44 82 237 121 83 58
is_linear=0
shrinkage=0.1


Tree=224
num_leaves=13
num_cat=0
split_feature=0 3 2 1 3 3 3 2 2 2 3 3
split_gain=0.211305 0.488899 0.190303 0.15754 0.238485 0.0587716 0.038982 5.96398e-05 1.59058e-05 6.42707e-07 1.67996e-07 4.15152e-08
threshold=2.5000000000000004 1.5000000000000002 2.5000000000000004 2.5000000000000004 3.5000000000000004 2.5000000000000004 2.5000000000000004 3.5000000000000004 3.5000000000000004 2.5000000000000004 1.0000000180025095e-35 2.5000000000000004
decision_type=2 2 2 2 2 2 2 2 2 2 2 2
left_child=1 7 -2 4 8 -4 -5 9 11 10 -1 -3
right_child=2 3 5 6 -6 -7 -8 -9 -10 -11 -12 -13
leaf_value=-0.080585427102585663 0.015154681112107358 -0.080062023715848252 0.029478975975230803 -0.0022978663901059974 -0.0022978663901059974 0.055035022556607596 0.015154681112107358 -0.082352798066030131 -0.081331668185628703 -0.080203098499353129 -0.080424424818415177 -0.080164151592055477
leaf_weight=0.12721936113666732 1.3596569835208354 0.057724538259207869 1.7137487240252085 1.2439591269940136 1.0070814517093822 1.8948196172714233 4.2239464069716632 0.288880531094037 0.27298064390197396 0.098269742273259908 0.13210861082188785 0.12820662779267877
leaf_count=54 95 67 76 37 51 13 66 36 29 34 42 70
internal_value=0.012393 0.00188758 0.0284218 0.00964205 -0.0197504 0.0428982 0.0151547 -0.0812842 -0.0808458 -0.0804209 -0.0805034 -0.0801324
internal_weight=12.5486 7.58038 4.96823 6.9339 1.46599 3.60857 5.46791 0.646478 0.458912 0.357598 0.259328 0.185931
internal_count=670 486 184 320 217 89 103 166 166 130 96 137
is_linear=0
shrinkage=0.1


Tree=225
num_leaves=14
num_cat=0
split_feature=2 3 3 3 2 3 3 3 2 2 2 2 2
split_gain=0.273155 0.0660764 0.0219855 0.0359504 0.0191538 0.143994 0.0668019 0.00705116 0.0111506 0.00727234 0.00533094 0.0010996 0.00180203
threshold=1.5000000000000002 1.0000000180025095e-35 3.5000000000000004 2.5000000000000004 1.0000000180025095e-35 2.5000000000000004 2.5000000000000004 1.0000000180025095e-35 2.5000000000000004 3.5000000000000004 3.5000000000000004 3.5000000000000004 2.5000000000000004
decision_type=2 2 2 2 2 2 2 2 2 2 2 2 2
left_child=1 -1 3 7 5 -3 -6 10 -9 -10 -2 12 -5
right_child=2 4 -4 11 6 -7 -8 8 9 -11 -12 -13 -14
leaf_value=0.0085041754307437264 -0.015613325398717962 -0.030038263720864281 -0.019958981509304519 -0.0041999079645548181 0.012093622932205559 0.0053598951361537679 -0.0061653242136079176 -0.014350571606104518 -0.0069689075842317288 -0.012427248721342279 -0.011064350925238135 -0.005416653462951157 0.00055012523834477333
leaf_weight=9.8769482374191302 7.9980421494692582 1.7764720099512459 2.837146805599331 2.415110593661665 3.192226380109787 3.2543533518910408 5.38182532787323 6.1011816952377584 6.6409596838057023 3.8594910954125226 3.8002514839172363 2.3280774024315178 1.1932902950793507
leaf_count=45 68 45 55 42 35 55 39 62 63 80 23 27 31
internal_value=-0.00616507 0.0022784 -0.0114986 -0.0107996 -0.00224142 -0.00713981 0.00063271 -0.012279 -0.0109506 -0.00897515 -0.0141481 -0.00372227 -0.00262908
internal_weight=60.6554 23.4818 37.1736 34.3364 13.6049 5.03083 8.57405 28.3999 16.6016 10.5005 11.7983 5.93648 3.6084
internal_count=670 219 451 396 174 100 74 296 205 143 91 100 73
is_linear=0
shrinkage=0.1


Tree=226
num_leaves=18
num_cat=0
split_feature=2 1 3 0 3 1 0 3 3 2 2 0 2 2 3 3 2
split_gain=0.171476 0.35267 0.255116 0.163565 0.0976288 0.30995 0.418435 0.0661641 0.0741142 0.137123 0.0408679 0.931718 0.0399089 0.162654 0.0310136 0.0302315 0.00649557
threshold=1.0000000180025095e-35 1.0000000180025095e-35 2.5000000000000004 1.0000000180025095e-35 3.5000000000000004 1.0000000180025095e-35 1.5000000000000002 1.5000000000000002 2.5000000000000004 1.5000000000000002 2.5000000000000004 2.5000000000000004 1.5000000000000002 3.5000000000000004 1.0000000180025095e-35 1.0000000180025095e-35 1.5000000000000002
decision_type=2 2 2 2 2 2 2 2 2 2 2 2 2 2 2 2 2
left_child=1 -1 3 -3 5 6 14 10 16 -10 11 -7 -6 -14 -2 -12 -9
right_child=4 2 -4 -5 12 7 -8 8 9 -11 15 -13 13 -15 -16 -17 -18
leaf_value=-0.01656935550325694 -0.033534303980758587 0.004162220871278737 -0.0028959708880702713 0.026075978591909223 -0.020994616835189099 -0.0077936914287653957 -0.0077936914287653957 -0.004629755354199524 0.017952470775032384 -0.003380728484845569 0.012643245056050929 0.037436575336709278 0.0020831628225912442 -0.028135354707410954 -0.023606140867214919 0.0032745752216037215 -0.0077936914287653957
leaf_weight=6.2432939410209682 5.5865939408540743 5.4968576431274441 4.823013834655284 8.9550476074218732 4.4963479340076429 8.219355985522272 6.6336060762405387 6.490301355719569 3.8362591266632107 14.040110506117342 5.359219849109647 4.8466915488243094 4.8048847764730453 2.830527126789093 7.2033901810646057 9.6396264843642712 12.085808131843804
leaf_count=21 26 19 48 39 23 47 27 31 13 93 38 21 28 27 26 58 85
internal_value=-0.00319988 0.00408674 0.0107774 0.017741 -0.0051353 -0.00392341 -0.0149981 -0.000589257 -0.00339916 0.00119736 0.00306042 -0.0010281 -0.0135205 -0.00911916 -0.0279427 0.00662208 -0.00779369
internal_weight=121.591 25.5182 19.2749 14.4519 96.0727 83.941 19.4236 64.5174 36.4525 17.8764 28.0649 13.066 12.1318 7.63541 12.79 14.9988 18.5761
internal_count=670 127 106 58 543 465 79 386 222 106 164 68 78 55 52 96 116
is_linear=0
shrinkage=0.1


Tree=227
num_leaves=15
num_cat=0
split_feature=1 0 0 1 3 3 3 3 2 1 2 2 3 0
split_gain=0.571226 0.50434 0.361144 0.564747 0.482569 0.312485 0.223018 0.197681 0.187005 0.129092 0.152806 0.075027 3.03621e-05 2.67851e-05
threshold=1.0000000180025095e-35 1.5000000000000002 1.5000000000000002 2.5000000000000004 1.5000000000000002 3.5000000000000004 1.0000000180025095e-35 3.5000000000000004 1.5000000000000002 1.5000000000000002 1.5000000000000002 2.5000000000000004 1.0000000180025095e-35 3.5000000000000004
decision_type=2 2 2 2 2 2 2 2 2 2 2 2 2 2
left_child=1 5 3 -2 6 12 9 -6 -9 -4 -11 -3 -1 -8
right_child=2 11 4 -5 7 -7 13 8 -10 10 -12 -13 -14 -15
leaf_value=-0.081831172880645273 -0.0061876320147887737 -0.0061876320147887737 0.002181358520114919 0.002181358520114919 0.002181358520114919 -0.026823005914899108 0.027416744159914703 0.029679148194524232 0.002181358520114919 0.030777399114873785 0.0097897887193332984 -0.016466766128597963 -0.08272499192260184 0.027709576898837737
leaf_weight=0.6982790436595685 30.688363272696733 8.3290136158466321 6.2251855134963998 22.745066151022911 33.810996741056442 2.5754397809505463 5.4235578551888466 5.1812771260738355 4.272604912519455 4.723085403442381 4.8188245967030525 7.2303037345409402 0.83389444649219513 7.3657107353210449
leaf_count=26 154 34 24 82 149 14 24 24 21 16 26 24 26 26
internal_value=0.000490509 -0.0153535 0.00297827 -0.00324707 0.00760979 -0.0465205 0.0177731 0.00218136 0.0168985 0.00981396 0.0173982 -0.00712556 -0.0823176 0.0275854
internal_weight=144.922 19.6669 125.255 53.4334 71.8212 4.10761 28.5564 43.2649 9.45388 15.7671 9.54191 15.5593 1.53217 12.7893
internal_count=670 124 546 236 310 66 116 194 45 66 42 58 52 50
is_linear=0
shrinkage=0.1


Tree=228
num_leaves=13
num_cat=0
split_feature=1 3 3 0 1 0 0 3 3 2 0 2
split_gain=0.947944 0.857417 0.846355 0.668419 0.689416 0.210018 0.191583 0.147926 0.133957 0.278646 0.0551495 0.00125743
threshold=1.5000000000000002 3.5000000000000004 1.0000000180025095e-35 2.5000000000000004 3.5000000000000004 1.5000000000000002 1.0000000180025095e-35 3.5000000000000004 1.0000000180025095e-35 2.5000000000000004 1.0000000180025095e-35 2.5000000000000004
decision_type=2 2 2 2 2 2 2 2 2 2 2 2
left_child=1 2 11 4 7 6 -4 -2 -5 -10 -6 -1
right_child=3 -3 5 8 10 -7 -8 -9 9 -11 -12 -13
leaf_value=-0.080845566711298181 -0.0040293033576153728 -0.084544417143359474 -0.083119472944026607 0.036895792454702057 0.0071845420254423552 -0.0040293033576153728 -0.020814939169587165 0.0052821157303838094 0.033720678415920934 0.014593534818382992 0.014593534818382992 -0.087287672720904597
leaf_weight=0.46915247943252036 15.214994410052897 1.718620233237744 0.65144718252122236 6.6697049438953426 10.237626269459726 7.3983350144699216 1.5241597327403724 5.7506472505629054 8.9203031510114688 7.1630946546792975 17.303064629435539 0.85547963157296181
leaf_count=38 171 37 23 26 36 84 49 49 37 32 65 23
internal_value=0.00636628 -0.0188982 -0.00854632 0.0108396 0.00420639 -0.0040293 -0.0376006 -0.0040293 0.0249807 0.0200395 0.0145935 -0.085006
internal_weight=83.8766 12.6172 10.8986 71.2594 48.5063 9.57394 2.17561 20.9656 22.7531 16.0834 27.5407 1.32463
internal_count=670 254 217 416 321 156 72 220 95 69 101 61
is_linear=0
shrinkage=0.1


Tree=229
num_leaves=16
num_cat=0
split_feature=1 2 2 0 3 2 2 0 3 2 3 2 2 3 2
split_gain=0.204451 0.329324 0.143911 0.181724 0.11065 0.0331382 0.295812 0.0145371 5.3751e-07 2.25124e-07 2.46234e-08 2.32474e-08 1.67092e-08 7.55499e-10 3.48639e-10
threshold=2.5000000000000004 3.5000000000000004 2.5000000000000004 2.5000000000000004 3.5000000000000004 1.5000000000000002 1.0000000180025095e-35 3.5000000000000004 3.5000000000000004 1.5000000000000002 2.5000000000000004 2.5000000000000004 2.5000000000000004 1.0000000180025095e-35 1.0000000180025095e-35
decision_type=2 2 2 2 2 2 2 2 2 2 2 2 2 2 2
left_child=1 8 5 4 -4 6 -2 -3 10 -10 12 -12 14 -14 -1
right_child=2 7 3 -5 -6 -7 -8 -9 9 -11 11 -13 13 -15 -16
leaf_value=-0.08008296536021689 0.003592337686698777 -0.0078753634059895768 0.003592337686698777 0.047574338092914475 0.029051567821474091 0.003592337686698777 0.076383122203460802 0.003592337686698777 -0.080228680357504967 -0.080447133782655944 -0.08018679413659742 -0.080095254085670975 -0.080137450692748399 -0.080120351928068226 -0.08007187415362621
leaf_weight=0.039149489603006571 1.3779827132821063 1.2210279983701187 1.3917389062698933 2.745988002512604 2.2645477205514908 1.4648627834394574 0.62123410031199466 0.86363131785765279 0.1112821118440479 0.081887208390980959 0.07470145751722157 0.044133239309303463 0.04300932859769091 0.064733813778730109 0.10265668504871428
leaf_count=50 53 64 51 30 15 49 19 24 47 17 39 31 25 49 107
internal_value=0.0126235 -0.0120588 0.0192435 0.0281337 0.0135332 0.00359234 0.0165078 0.00359234 -0.0801862 -0.0803213 -0.0801153 -0.0801528 -0.0800975 -0.0801272 -0.0800749
internal_weight=12.5126 2.64621 9.86635 6.40227 3.65629 3.46408 1.99922 2.08466 0.561553 0.193169 0.368384 0.118835 0.249549 0.107743 0.141806
internal_count=670 453 217 96 66 121 72 88 365 64 301 70 231 74 157
is_linear=0
shrinkage=0.1


Tree=230
num_leaves=15
num_cat=0
split_feature=2 3 3 2 3 3 2 3 3 3 3 2 3 3
split_gain=0.270905 0.183973 0.121267 0.0655713 0.0252682 0.0538743 0.0199308 0.0305531 0.0303512 0.0252256 0.00579867 0.000300195 8.48744e-05 3.00853e-08
threshold=1.0000000180025095e-35 1.0000000180025095e-35 2.5000000000000004 1.5000000000000002 1.0000000180025095e-35 2.5000000000000004 3.5000000000000004 1.5000000000000002 2.5000000000000004 2.5000000000000004 3.5000000000000004 2.5000000000000004 1.0000000180025095e-35 1.0000000180025095e-35
decision_type=2 2 2 2 2 2 2 2 2 2 2 2 2 2
left_child=1 -1 -3 4 -2 -6 7 12 -9 13 -11 -10 -5 -8
right_child=3 2 -4 6 5 -7 9 8 11 10 -12 -13 -14 -15
leaf_value=0.019600706677215515 -0.0098963896494370564 -0.027833056562134129 0.0050027498915506952 -0.015989998855005242 0.010187618825758216 -0.0061956148828699251 -0.01166403598720458 -0.0048981129816120916 -0.015071498499940767 -0.0056054796673548546 0.0016272011125938908 -0.016823837704205362 -0.016487501233487526 -0.01165142831641504
leaf_weight=6.0840111225843412 3.7702154517173758 1.7167976945638654 3.261281605809927 7.915009284392001 3.2046158555895072 5.3715440034866333 3.7460628040134889 6.624634385108946 2.8064968176186085 2.3317396584898233 2.1129657216370106 1.500189173966646 6.050505680963397 3.8256180034950376
leaf_count=27 18 45 55 68 35 39 23 60 65 27 27 36 65 80
internal_value=-0.00620616 0.00793544 -0.00632138 -0.0093819 -0.0030733 -7.37642e-05 -0.0114919 -0.0131062 -0.00914668 -0.00814724 -0.00216714 -0.0156819 -0.0162055 -0.0116577
internal_weight=60.3217 11.0621 4.97808 49.2596 12.3464 8.57616 36.9132 24.8968 10.9313 12.0164 4.44471 4.30669 13.9655 7.57168
internal_count=670 127 100 543 92 74 451 294 161 157 54 101 133 103
is_linear=0
shrinkage=0.1


Tree=231
num_leaves=17
num_cat=0
split_feature=2 1 3 3 1 0 3 3 2 2 0 3 2 2 2 3
split_gain=0.158508 0.321261 0.222873 0.0885406 0.285694 0.391099 0.0686354 0.0620271 0.0685258 0.047878 0.8248 0.0312161 0.0296371 0.142423 0.0263573 0.0219763
threshold=1.0000000180025095e-35 1.0000000180025095e-35 1.5000000000000002 3.5000000000000004 1.0000000180025095e-35 1.5000000000000002 3.5000000000000004 1.5000000000000002 1.5000000000000002 2.5000000000000004 2.5000000000000004 1.0000000180025095e-35 1.5000000000000002 3.5000000000000004 2.5000000000000004 1.0000000180025095e-35
decision_type=2 2 2 2 2 2 2 2 2 2 2 2 2 2 2 2
left_child=1 -1 -3 4 5 11 -4 9 -9 10 -6 -2 -5 -14 -10 -11
right_child=3 2 6 12 7 -7 -8 8 14 15 -12 -13 13 -15 -16 -17
leaf_value=-0.015796965866538663 -0.032669316084404453 0.020351988074449483 -0.0027434396103909325 -0.019494449796130908 -0.0075486453438700658 -0.0075486453438700658 0.010974854382803821 0.0035437511774361178 -0.0075486453438700658 0.011892837750292082 0.034929389634435884 -0.022688764453059122 0.0012173184878154462 -0.027175626265051513 -0.0029073653497184268 0.0039026351007600268
leaf_weight=6.2489185035228756 5.5515930801630038 10.269618630409242 5.1620996706187707 4.440415143966673 8.1764461249113101 6.6444266140460959 3.7513796985149384 10.331874102354048 11.201189048588276 5.3800725564360592 4.8333737403154364 7.195598304271698 4.8096760958433151 2.7923797108232975 14.838487602770329 9.5567035302519798
leaf_count=21 26 36 47 23 47 27 23 44 63 38 21 26 28 27 115 58
internal_value=-0.00312225 0.0038953 0.0103101 -0.00498613 -0.00383277 -0.0144723 -0.00125964 -0.000625001 -0.00334712 0.00291775 -0.00151728 -0.0270354 -0.0130034 -0.00921195 -0.00608124 0.00678062
internal_weight=121.184 25.432 19.1831 95.7522 83.7098 19.3916 8.91348 64.3181 36.3716 27.9466 13.0098 12.7472 12.0425 7.60206 26.0397 14.9368
internal_count=670 127 106 543 465 79 70 386 222 164 68 52 78 55 178 96
is_linear=0
shrinkage=0.1


Tree=232
num_leaves=18
num_cat=0
split_feature=1 0 2 1 0 3 2 3 3 2 2 3 3 3 2 3 2
split_gain=0.547573 0.650141 0.29858 1.31 0.437607 0.254075 0.208768 0.19628 0.132403 0.119793 0.0764935 0.384333 0.0502353 0.0449811 0.236481 0.0300865 0.0355491
threshold=1.5000000000000002 1.5000000000000002 2.5000000000000004 3.5000000000000004 1.5000000000000002 2.5000000000000004 1.5000000000000002 2.5000000000000004 2.5000000000000004 1.5000000000000002 3.5000000000000004 1.0000000180025095e-35 1.5000000000000002 1.5000000000000002 3.5000000000000004 1.5000000000000002 1.0000000180025095e-35
decision_type=2 2 2 2 2 2 2 2 2 2 2 2 2 2 2 2 2
left_child=1 7 3 4 -2 10 -3 13 -8 -6 11 -4 -12 14 -1 -5 -17
right_child=2 6 5 15 9 -7 8 -9 -10 -11 12 -13 -14 -15 -16 16 -18
leaf_value=-0.082685123918563641 -0.0015404647936038921 -0.014757952759301519 -0.0015404647936038921 0.024488909986073098 0.0062922220145865994 -0.0015404647936038921 -0.0015404647936038921 -0.015935680581763981 -0.014757952759301519 0.014425876330148704 0.019433968556296012 0.022323228658274789 0.0078356083867446025 -0.033021890930240549 -0.023612656268955572 0.028189768871052779 0.038385931914321998
leaf_weight=1.2486245650798065 16.055550038814545 10.885502278804777 5.6674219816923141 6.0060243904590616 9.0288640707731247 13.736269440501927 18.300384193658832 6.4361018687486649 7.4591591060161582 8.8351374715566635 6.4794177524745455 7.0717011243104935 8.8145296573638916 3.0998388938605785 1.482061356306076 7.2865643352270126 6.4430237263441086
leaf_count=38 78 45 23 21 43 64 67 31 25 37 35 29 34 31 17 27 25
internal_value=0.000556253 -0.00804689 0.00496596 0.00990137 -0.00154046 -0.00137387 -0.00154046 -0.0279754 -0.00154046 0.0141249 0.0079819 0.00225833 0.0127494 -0.0412657 -0.0506239 0.0303922 0.0329746
internal_weight=144.336 48.9117 95.4245 53.6552 33.9196 41.7693 36.645 12.2666 25.7595 17.864 28.0331 12.7391 15.2939 5.83052 2.73069 19.7356 13.7296
internal_count=670 254 416 231 158 185 137 117 92 80 121 52 69 86 55 73 52
is_linear=0
shrinkage=0.1


Tree=233
num_leaves=16
num_cat=0
split_feature=0 1 2 1 2 3 2 3 1 2 2 3 3 3 3
split_gain=0.815022 1.85505 0.594276 0.481387 0.368443 0.160605 0.144781 0.0893646 0.235167 0.0740576 0.0706647 0.0066639 3.94475e-05 5.01299e-06 1.66175e-06
threshold=1.5000000000000002 2.5000000000000004 3.5000000000000004 3.5000000000000004 2.5000000000000004 2.5000000000000004 1.0000000180025095e-35 1.5000000000000002 1.0000000180025095e-35 2.5000000000000004 3.5000000000000004 1.0000000180025095e-35 2.5000000000000004 1.0000000180025095e-35 1.5000000000000002
decision_type=2 2 2 2 2 2 2 2 2 2 2 2 2 2 2
left_child=1 4 3 11 12 -4 -5 8 -6 -3 -9 -2 13 -1 -15
right_child=2 9 5 6 7 -7 -8 10 -10 -11 -12 -13 -14 14 -16
leaf_value=-0.081050880914884382 0.011745849641494319 -0.011907801834044192 0.022212739325742026 0.011745849641494319 -0.081657620132033953 0.043670646315779438 0.027799320852662353 -0.0259831604807719 -0.02292272169918905 0.0027348715043215518 -0.052243619976490477 0.0027348715043215518 -0.082190153529317606 -0.081619910359444992 -0.081363684924730659
leaf_weight=0.37494403775781604 4.8315313197672394 7.5262009724974641 9.0949110239744169 6.1373849809169796 0.74687910266220547 5.6580354273319236 11.025362253189085 1.6048539802432058 0.63359308987855911 11.952495321631432 2.8346070274710655 19.033979861065745 0.98371746577322472 0.45788039267063119 0.56600596569478512
leaf_count=25 51 39 44 21 32 24 42 19 12 43 36 186 38 20 38
internal_value=0.00626817 -0.00775968 0.0132294 0.00704003 -0.0485803 0.0304423 0.0207568 -0.0350199 -0.0229227 0.00273487 -0.0427505 0.00273487 -0.0817049 -0.0813637 -0.0814783
internal_weight=83.4624 27.6812 55.7812 41.0283 8.20248 14.7529 17.1627 5.81993 1.38047 19.4787 4.43946 23.8655 2.38255 1.39883 1.02389
internal_count=670 302 368 300 220 68 63 99 44 82 55 237 121 83 58
is_linear=0
shrinkage=0.1


Tree=234
num_leaves=16
num_cat=0
split_feature=1 2 2 0 3 2 2 0 3 2 3 2 2 3 2
split_gain=0.182911 0.30456 0.129735 0.168508 0.098765 0.0302882 0.246425 0.0172609 4.3743e-07 1.79228e-07 1.85201e-08 1.84753e-08 1.43909e-08 7.16202e-10 2.79965e-10
threshold=2.5000000000000004 3.5000000000000004 2.5000000000000004 2.5000000000000004 3.5000000000000004 1.5000000000000002 1.0000000180025095e-35 3.5000000000000004 3.5000000000000004 1.5000000000000002 2.5000000000000004 2.5000000000000004 2.5000000000000004 1.0000000180025095e-35 1.0000000180025095e-35
decision_type=2 2 2 2 2 2 2 2 2 2 2 2 2 2 2
left_child=1 8 5 4 -4 6 -2 -3 10 -10 12 -12 14 -14 -1
right_child=2 7 3 -5 -6 -7 -8 -9 9 -11 11 -13 13 -15 -16
leaf_value=-0.080077138711508455 0.0032298079905968436 -0.0089307531907110126 0.0032298079905968436 0.045022157299513241 0.027033597223833611 0.0032298079905968436 0.068360406075401392 0.0032298079905968436 -0.08021446753684057 -0.080416721155037979 -0.080172748702172447 -0.080087871565239818 -0.080130230060126276 -0.080113005087870559 -0.080066800397581503
leaf_weight=0.036141298158328339 1.3646159076597526 1.23323709378019 1.39068637508899 2.7843255198094994 2.2923740521073341 1.4580757743678989 0.65277397166937579 0.86693774629384268 0.10319108155090362 0.076144122693222016 0.069161565043032169 0.040759157040156424 0.040440740413032472 0.059882839123019949 0.095172348781488836
leaf_count=50 53 64 51 30 15 49 19 24 47 17 39 31 25 49 107
internal_value=0.0118825 -0.0116179 0.0180775 0.0264574 0.0124227 0.00322981 0.0155219 0.00322981 -0.0801739 -0.0803003 -0.0801075 -0.0801413 -0.0800914 -0.0801199 -0.0800696
internal_weight=12.5639 2.62107 9.94285 6.46739 3.68306 3.47547 2.01739 2.10017 0.520893 0.179335 0.341558 0.109921 0.231637 0.100324 0.131314
internal_count=670 453 217 96 66 121 72 88 365 64 301 70 231 74 157
is_linear=0
shrinkage=0.1


Tree=235
num_leaves=14
num_cat=0
split_feature=2 3 3 2 3 3 3 3 3 2 2 2 2
split_gain=0.265014 0.160459 0.101942 0.0606229 0.0226749 0.0406793 0.0178011 0.0465023 0.0123377 0.0153672 0.00536608 0.00215449 0.00160861
threshold=1.0000000180025095e-35 1.0000000180025095e-35 2.5000000000000004 1.5000000000000002 3.5000000000000004 2.5000000000000004 1.0000000180025095e-35 2.5000000000000004 1.0000000180025095e-35 2.5000000000000004 3.5000000000000004 3.5000000000000004 2.5000000000000004
decision_type=2 2 2 2 2 2 2 2 2 2 2 2 2
left_child=1 -1 -3 6 5 8 -2 -8 10 -10 -5 12 -7
right_child=3 2 -4 4 -6 11 7 -9 9 -11 -12 -13 -14
leaf_value=0.018610810958716154 -0.0090676033497253186 -0.025774665780098016 0.0046203317640565551 -0.01627753810156354 -0.02002296540718717 -0.0030968631096532761 0.0087382917643023268 -0.006480447303053122 -0.014510726779443969 -0.0081781674039202428 -0.011653310909687182 -0.0055126560510067642 0.0014159595686839526
leaf_weight=6.1064155250787717 3.7373112738132468 1.6653426708653567 3.2703348286449909 7.8364171236753482 2.8247958580031982 2.3833917528390876 3.2039118632674199 5.3779919147491455 6.0939836967736509 10.324505778495221 3.6916175968945026 2.3279413511045277 1.1813840586692097
leaf_count=27 18 45 55 68 55 42 35 39 62 143 23 27 31
internal_value=-0.00622162 0.00777314 -0.00563522 -0.0093764 -0.0114156 -0.0106971 -0.00330732 -0.000798783 -0.0122892 -0.0105286 -0.0147967 -0.00314649 -0.00160129
internal_weight=60.0253 11.0421 4.93568 48.9833 36.664 33.8392 12.3192 8.5819 27.9465 16.4185 11.528 5.89272 3.56478
internal_count=670 127 100 543 451 396 92 74 296 205 91 100 73
is_linear=0
shrinkage=0.1


Tree=236
num_leaves=18
num_cat=0
split_feature=2 0 3 3 3 1 0 3 3 2 2 0 3 2 2 3 2
split_gain=0.143911 0.311911 0.377915 0.670425 0.0804031 0.244009 0.375879 0.0512545 0.062721 0.112228 0.0496542 0.71342 0.030482 0.026532 0.122878 0.0199945 0.00542198
threshold=1.0000000180025095e-35 3.5000000000000004 1.5000000000000002 3.5000000000000004 3.5000000000000004 1.0000000180025095e-35 1.5000000000000002 1.5000000000000002 2.5000000000000004 1.5000000000000002 2.5000000000000004 2.5000000000000004 1.0000000180025095e-35 1.5000000000000002 3.5000000000000004 1.0000000180025095e-35 1.5000000000000002
decision_type=2 2 2 2 2 2 2 2 2 2 2 2 2 2 2 2 2
left_child=1 2 -1 -4 5 6 12 10 16 -10 11 -7 -2 -6 -15 -12 -9
right_child=4 -3 3 -5 13 7 -8 8 9 -11 15 -13 -14 14 -16 -17 -18
leaf_value=0.0087302333978700603 -0.031842774286185475 0.02310332901604056 -0.048499927220363864 0.010159991545538597 -0.018796797489571471 -0.0073269374686690293 -0.0073269374686690293 -0.0044106124769914459 0.01596165182690212 -0.0033381542714778938 0.01108881953961318 0.031985052866403303 -0.021963348317761991 0.00060044770198096798 -0.02590137886715807 0.0034759220897702552 -0.0073269374686690293
leaf_weight=11.482033014297491 5.5172197073698062 6.1414484083652487 3.9758126586675635 3.7672722637653351 4.4274465143680555 8.1371212452650088 6.6248630583286277 6.4431258291006115 3.8428066968917873 13.95256958529353 5.4058486968278858 4.8347001969814292 7.1968971788883209 4.8054883927106857 2.7511590458452702 9.5350246801972389 11.925827920436857
leaf_count=40 26 21 43 23 23 47 27 31 13 93 38 21 26 28 27 58 85
internal_value=-0.00321045 0.00348402 -0.00278335 -0.0198566 -0.00499049 -0.00389011 -0.013735 -0.000918831 -0.00340354 0.000829525 0.00230042 -0.00222611 -0.0262505 -0.0126497 -0.00904811 0.00623039 -0.00732694
internal_weight=120.767 25.3666 19.2251 7.74308 95.4001 83.416 19.339 64.077 36.1643 17.7954 27.9127 12.9718 12.7141 11.9841 7.55665 14.9409 18.369
internal_count=670 127 106 66 543 465 79 386 222 106 164 68 52 78 55 96 116
is_linear=0
shrinkage=0.1


Tree=237
num_leaves=14
num_cat=0
split_feature=1 0 0 1 3 3 0 3 2 3 2 2 3
split_gain=0.493167 0.466753 0.374544 0.499762 0.473181 0.294031 0.168242 0.167718 0.140882 0.132017 0.127785 0.0601 2.57499e-05
threshold=1.0000000180025095e-35 1.5000000000000002 1.5000000000000002 2.5000000000000004 1.5000000000000002 3.5000000000000004 3.5000000000000004 3.5000000000000004 1.5000000000000002 1.0000000180025095e-35 1.5000000000000002 2.5000000000000004 1.0000000180025095e-35
decision_type=2 2 2 2 2 2 2 2 2 2 2 2 2
left_child=1 5 3 -2 6 12 9 -6 -9 10 -4 -3 -1
right_child=2 11 4 -5 7 -7 -8 8 -10 -11 -12 -13 -14
leaf_value=-0.081644431169733522 -0.0058076507829630062 -0.0058076507829630062 0.017228532078630374 0.0019358539212513803 0.0019358539212513803 -0.02579063160692683 0.027174331282941212 0.02682980905762369 0.0021189349463929348 0.019278925667828961 0.0019358539212513803 -0.015004206715415948 -0.082509197398325851
leaf_weight=0.63262872770428769 30.389125619083643 8.3432861864566785 5.9495781511068362 22.722872197628021 33.588845945894718 2.5684379935264587 11.0989126265049 5.0650753080844861 4.2372594475746155 5.4094444289803496 5.8496937640011311 7.209150195121766 0.75559068657457829
leaf_count=26 154 34 21 82 149 14 39 24 21 24 32 24 26
internal_value=0.000423277 -0.0143584 0.00274308 -0.00361223 0.00748394 -0.0450246 0.0175748 0.00193585 0.0155739 0.0113835 0.00503806 -0.00655667 -0.0821151
internal_weight=143.82 19.5091 124.311 53.112 71.1988 3.95666 28.3076 42.8912 9.30233 17.2087 11.7993 15.5524 1.38822
internal_count=670 124 546 236 310 66 116 194 45 77 53 58 52
is_linear=0
shrinkage=0.1


Tree=238
num_leaves=13
num_cat=0
split_feature=1 3 3 0 1 0 0 3 3 2 0 2
split_gain=0.844856 0.820511 0.786262 0.537133 0.628503 0.160292 0.189477 0.154638 0.126206 0.249255 0.0364498 0.00111042
threshold=1.5000000000000002 3.5000000000000004 1.0000000180025095e-35 2.5000000000000004 3.5000000000000004 1.5000000000000002 1.0000000180025095e-35 3.5000000000000004 1.0000000180025095e-35 3.5000000000000004 1.0000000180025095e-35 2.5000000000000004
decision_type=2 2 2 2 2 2 2 2 2 2 2 2
left_child=1 2 11 4 7 6 -4 -2 -5 -10 -6 -1
right_child=3 -3 5 8 10 -7 -8 -9 9 -11 -12 -13
leaf_value=-0.080776713451226528 -0.0033424073079866726 -0.084261820304768226 -0.082768060731450377 0.035102400238522617 0.0079545707917853727 -0.0033424073079866726 -0.018680475495246884 0.0054340494714285332 0.014210506250843739 0.036673414456576577 0.014210506250843739 -0.087108205196759977
leaf_weight=0.4287036187015445 14.955057073384525 1.6029031015932567 0.57742951670661402 6.6711884886026409 10.187053486704828 7.4668359812349081 1.4495274219661951 5.6840516589581958 10.386460512876509 5.5851208567619315 17.246223345398903 0.78274980559945107
leaf_count=38 171 37 23 26 36 84 49 49 43 26 65 23
internal_value=0.00664318 -0.0175365 -0.00754572 0.0108517 0.00487034 -0.00334241 -0.0340185 -0.00334241 0.0235507 0.0187256 0.0142105 -0.0848676
internal_weight=83.0233 12.3081 10.7052 70.7152 48.0724 9.49379 2.02696 20.6391 22.6428 15.9716 27.4333 1.21145
internal_count=670 254 217 416 321 156 72 220 95 69 101 61
is_linear=0
shrinkage=0.1


Tree=239
num_leaves=13
num_cat=0
split_feature=1 3 0 0 3 3 2 2 2 3 2 2
split_gain=0.167271 0.610114 0.431247 0.162248 0.119646 2.24083e-06 6.46225e-07 4.79072e-07 1.8172e-06 7.27685e-07 5.81427e-08 2.61794e-07
threshold=3.5000000000000004 2.5000000000000004 1.0000000180025095e-35 2.5000000000000004 3.5000000000000004 1.5000000000000002 3.5000000000000004 2.5000000000000004 1.5000000000000002 1.0000000180025095e-35 1.0000000180025095e-35 3.5000000000000004
decision_type=2 2 2 2 2 2 2 2 2 2 2 2
left_child=1 5 -3 4 -2 6 7 8 -1 -9 -7 -12
right_child=3 2 -4 -5 -6 10 -8 9 -10 -11 11 -13
leaf_value=-0.080075639061355897 0.010414933940598534 -0.081770817761692399 0.010414933940598534 0.044010173363444649 0.027789657294252895 -0.08035138826626026 -0.080765671754153015 -0.080174351445187156 -0.080853996431828848 -0.080604491080565721 -0.08005097869519455 -0.080334309865008113
leaf_weight=0.038966841850196832 2.6419655187055469 0.51061841100454319 4.1693780962377787 2.2768272198736668 2.1326503828167915 0.077288138796575367 0.26523115974850953 0.064844693057239056 0.13026959885610268 0.099955967714777216 0.047691209358163178 0.10313693387433887
leaf_count=54 86 57 148 24 15 26 50 32 42 40 69 27
internal_value=0.0118447 -0.0012141 0.0104149 0.022044 0.0115691 -0.0805476 -0.0806491 -0.0805566 -0.0806748 -0.0804352 -0.0802809 -0.0802447
internal_weight=12.5588 5.50738 4.68 7.05144 4.77462 0.827385 0.599268 0.334037 0.169236 0.164801 0.228116 0.150828
internal_count=670 545 205 125 101 340 218 168 96 72 122 96
is_linear=0
shrinkage=0.1


Tree=240
num_leaves=13
num_cat=0
split_feature=2 3 3 2 3 3 3 2 3 3 2 2
split_gain=0.259984 0.136572 0.0896525 0.0604824 0.0236813 0.0303319 0.0219033 0.0151633 0.0101315 0.0374347 0.0046885 0.002235
threshold=1.0000000180025095e-35 1.0000000180025095e-35 2.5000000000000004 1.5000000000000002 1.0000000180025095e-35 3.5000000000000004 2.5000000000000004 2.5000000000000004 1.0000000180025095e-35 2.5000000000000004 3.5000000000000004 3.5000000000000004
decision_type=2 2 2 2 2 2 2 2 2 2 2 2
left_child=1 -1 -3 8 10 6 7 -6 -2 -10 -5 -8
right_child=3 2 -4 4 5 -7 11 -9 9 -11 -12 -13
leaf_value=0.017627670602187943 -0.0076142186308695283 -0.023995006108337422 0.0047685095127003195 -0.016532808487756161 -0.014252982384975394 -0.019451044369931222 -0.0016069270399575793 -0.0079475887108933774 0.0071747996377165731 -0.0064736298478179667 -0.012182287002265863 -0.0055904098522252827
leaf_weight=6.1342826187610608 3.7145653367042533 1.6221881976816801 3.263938594609499 7.7531729582697135 6.0729635767638781 2.8000641041435292 3.5646467488259068 10.252803886774926 3.212735287845133 5.3662224411964417 3.6401869878172874 2.3285631011240184
leaf_count=27 18 45 55 68 62 55 73 143 35 39 23 27
internal_value=-0.00617783 0.00769235 -0.00478094 -0.00931616 -0.0113637 -0.00964277 -0.00840672 -0.0102931 -0.00325145 -0.00136243 -0.0151428 -0.00318091
internal_weight=59.7263 11.0204 4.88613 48.7059 36.4124 25.019 22.219 16.3258 12.2935 8.57896 11.3934 5.89321
internal_count=670 127 100 543 451 360 305 205 92 74 91 100
is_linear=0
shrinkage=0.1


Tree=241
num_leaves=16
num_cat=0
split_feature=2 1 3 0 2 0 3 2 2 0 3 3 3 3 3
split_gain=0.13939 0.348813 0.207624 0.171331 0.0778726 0.0806681 0.529842 0.180462 0.140303 0.0529325 0.0476137 0.0291094 0.0226217 0.0196308 0.0249318
threshold=1.0000000180025095e-35 1.0000000180025095e-35 2.5000000000000004 1.0000000180025095e-35 3.5000000000000004 1.0000000180025095e-35 2.5000000000000004 1.5000000000000002 2.5000000000000004 2.5000000000000004 1.0000000180025095e-35 1.5000000000000002 2.5000000000000004 2.5000000000000004 1.0000000180025095e-35
decision_type=2 2 2 2 2 2 2 2 2 2 2 2 2 2 2
left_child=1 -1 3 -3 5 6 8 9 -2 -7 -6 -12 -13 14 -9
right_child=4 2 -4 -5 10 7 -8 13 -10 -11 11 12 -14 -15 -16
leaf_value=-0.017013162964496231 -0.034762896467352845 0.0024913407017414968 -0.003387047977192234 0.025043382516644376 0.0018208987283224319 0.0062462276804617876 -0.0043815010709426288 -0.0043815010709426288 -0.013000737225448837 0.022803083631473285 -0.016916468880484634 -0.0043161952143728824 -0.012484627769708961 -0.0043815010709426288 0.0004721925734483561
leaf_weight=6.2402830719947842 7.1836887300014514 5.4517459571361568 4.7181964553892604 8.8166873008012754 3.0508178696036365 4.8879924416542035 11.804879784584044 9.439985893666746 5.0417021661996841 3.1918081343173981 6.8059401698410538 6.0105116590857488 7.7774221021682024 10.01976655423641 19.881192963570356
leaf_count=21 28 19 48 39 23 34 49 48 20 17 39 41 54 74 116
internal_value=-0.00311052 0.00349779 0.0102391 0.0164266 -0.00486357 -0.0032174 -0.0079375 -0.000825503 -0.0257883 0.0127868 -0.00983806 -0.0115652 -0.0089238 -0.00362118 -0.00164824
internal_weight=120.323 25.2269 18.9866 14.2684 95.0957 71.451 24.0303 47.4207 12.2254 8.0798 23.6447 20.5939 13.7879 39.3409 29.3212
internal_count=670 127 106 58 543 386 97 289 48 51 157 134 95 238 164
is_linear=0
shrinkage=0.1


Tree=242
num_leaves=18
num_cat=0
split_feature=1 0 3 0 1 2 2 2 2 1 3 3 3 3 0 2 3
split_gain=0.45982 0.575949 0.288632 0.527986 0.424326 0.390583 0.261231 0.244669 0.201413 0.174048 0.274832 0.101828 0.0898542 0.0808197 0.0501454 0.0342769 2.08494e-05
threshold=1.5000000000000002 1.5000000000000002 2.5000000000000004 1.5000000000000002 3.5000000000000004 1.0000000180025095e-35 2.5000000000000004 3.5000000000000004 1.5000000000000002 1.0000000180025095e-35 3.5000000000000004 2.5000000000000004 1.5000000000000002 2.5000000000000004 3.5000000000000004 1.0000000180025095e-35 1.0000000180025095e-35
decision_type=2 2 2 2 2 2 2 2 2 2 2 2 2 2 2 2 2
left_child=1 9 3 7 -4 -6 15 12 -3 10 16 -10 -2 -11 -8 -5 -1
right_child=2 8 4 6 5 -7 14 -9 11 13 -12 -13 -14 -15 -16 -17 -18
leaf_value=-0.081549509000765727 -0.0014807206127277755 -0.013969842955897161 -0.0014807206127277755 0.033692397134188638 0.0083082328618135845 0.037926929381808576 0.0086588522439201357 0.0086588522439201357 -0.0014807206127277755 -0.028536101650638031 -0.031056448758740741 -0.013969842955897161 0.0086588522439201357 -0.013969842955897161 0.019572269605665847 0.023851813490384129 -0.082351281220101366
leaf_weight=0.59753427095710987 12.19871696829796 10.802484706044195 29.070335693657398 6.0446395426988628 5.4287173300981504 5.6639166921377182 10.156884696334599 8.9784430265426654 18.195987105369571 4.4876072965562344 2.5568619966506958 7.4404231011867514 4.5552560538053504 3.6635127067565918 4.2194665074348441 8.5412676334381086 0.70936830528080463
leaf_count=26 57 45 136 21 21 23 51 35 67 37 14 25 23 14 16 33 26
internal_value=0.000457833 -0.00746765 0.00450621 0.00924006 -0.00148072 0.0180972 0.0185012 -0.00118346 -0.00148072 -0.026459 -0.0439404 -0.00148072 -0.00148072 -0.0181725 0.00893498 0.0279299 -0.0819847
internal_weight=143.311 48.4538 94.8576 54.6947 40.163 11.0926 28.9623 25.7324 36.4389 12.0149 3.86376 25.6364 16.754 8.15112 14.3764 14.5859 1.3069
internal_count=670 254 416 236 180 44 121 115 137 117 66 92 80 51 67 54 52
is_linear=0
shrinkage=0.1


Tree=243
num_leaves=14
num_cat=0
split_feature=1 3 3 0 1 0 2 3 2 3 0 2 2
split_gain=0.698259 0.785177 0.745091 0.482717 0.570616 0.140262 0.184485 0.130976 0.242044 0.124848 0.0316443 0.000906161 1.04143e-05
threshold=1.5000000000000002 3.5000000000000004 1.0000000180025095e-35 2.5000000000000004 3.5000000000000004 1.5000000000000002 3.5000000000000004 1.0000000180025095e-35 2.5000000000000004 3.5000000000000004 1.0000000180025095e-35 2.5000000000000004 2.5000000000000004
decision_type=2 2 2 2 2 2 2 2 2 2 2 2 2
left_child=1 2 11 4 9 6 12 -5 -9 -2 -6 -1 -4
right_child=3 -3 5 7 10 -7 -8 8 -10 -11 -12 -13 -14
leaf_value=-0.080719091827039013 -0.0028289545337792676 -0.083907073458500014 -0.080643831056348481 0.034059104725860191 0.0075071575183218277 -0.0028289545337792676 -0.017691161719427386 0.030777327999877903 0.013419262902073971 0.0052951541841473508 0.013419262902073971 -0.086650133250374878 -0.08150631180771202
leaf_weight=0.39582080207764814 14.908594736829402 1.4862990239635117 0.31913981726392893 6.6604362279176739 10.192274481058123 7.4257698375731707 1.403172317892313 8.8456110656261426 7.0101628899574271 5.6884139664471141 17.253651216626167 0.73767250031232834 0.24941658042371273
leaf_count=38 171 37 36 26 36 84 25 37 32 49 65 23 11
internal_value=0.00641455 -0.0158674 -0.00626459 0.0102095 0.00454708 -0.00282895 -0.0325534 0.0222914 0.0173483 -0.00282895 0.0134193 -0.084579 -0.0810222
internal_weight=82.5764 12.0173 10.531 70.5591 48.0429 9.3975 1.97173 22.5162 15.8558 20.597 27.4459 1.13349 0.568556
internal_count=670 254 217 416 321 156 72 95 69 220 101 61 47
is_linear=0
shrinkage=0.1


Tree=244
num_leaves=13
num_cat=0
split_feature=0 3 2 1 3 3 3 2 2 2 2 3
split_gain=0.170003 0.433411 0.165755 0.142962 0.200885 0.0650282 0.0297062 4.54217e-05 1.25097e-05 6.47338e-07 2.30369e-07 2.25463e-08
threshold=2.5000000000000004 1.5000000000000002 2.5000000000000004 2.5000000000000004 3.5000000000000004 2.5000000000000004 2.5000000000000004 3.5000000000000004 3.5000000000000004 1.5000000000000002 2.5000000000000004 2.5000000000000004
decision_type=2 2 2 2 2 2 2 2 2 2 2 2
left_child=1 7 -2 4 8 -4 -5 9 11 -1 -11 -3
right_child=2 3 5 6 -6 -7 -8 -9 -10 10 -12 -13
leaf_value=-0.080591059120398836 0.014119045863857652 -0.08004703819130532 0.02562238359537311 -0.0022736606526214892 -0.0026111516719023358 0.052224708302120275 0.014119045863857652 -0.082198413656404179 -0.081277166793301311 -0.080391035486467644 -0.08016711791239918 -0.080133351393696942
leaf_weight=0.1235721064149401 1.3611096129170617 0.043137965316418225 1.7639814669673797 1.2285179849714039 1.0351676602149382 1.9180116429924965 4.2727948827669024 0.26242858974728733 0.24898309097625315 0.10885152634000406 0.0795049779699184 0.10140347748529166
leaf_count=57 95 67 76 37 51 13 66 36 29 39 34 70
internal_value=0.0117906 0.00224849 0.0259896 0.00916708 -0.0193413 0.03948 0.014119 -0.0812289 -0.0808476 -0.0804132 -0.0802965 -0.0801076
internal_weight=12.5475 7.50436 5.0431 6.93001 1.42869 3.68199 5.50131 0.574357 0.393525 0.311929 0.188357 0.144541
internal_count=670 486 184 320 217 89 103 166 166 130 73 137
is_linear=0
shrinkage=0.1


Tree=245
num_leaves=14
num_cat=0
split_feature=2 3 3 2 3 3 3 2 3 3 3 2 2
split_gain=0.240649 0.117077 0.0730542 0.053634 0.0213721 0.0276693 0.0189682 0.0147765 0.00931511 0.03221 0.00991479 0.00509059 0.00264567
threshold=1.0000000180025095e-35 1.0000000180025095e-35 2.5000000000000004 1.5000000000000002 1.0000000180025095e-35 3.5000000000000004 2.5000000000000004 2.5000000000000004 1.0000000180025095e-35 3.5000000000000004 2.5000000000000004 3.5000000000000004 3.5000000000000004
decision_type=2 2 2 2 2 2 2 2 2 2 2 2 2
left_child=1 -1 -3 8 11 6 7 -6 -2 10 -10 -5 -8
right_child=3 2 -4 4 5 -7 12 -9 9 -11 -12 -13 -14
leaf_value=0.016406105655083613 -0.0076202483590735604 -0.022046171921700691 0.0041451057547613329 -0.016118046953279657 -0.013924315017254633 -0.018838557339816576 -0.0016757663153838089 -0.0076889291406334092 0.0060031592600123139 -0.011514822545479572 -0.0019893378034136974 -0.011568767576020185 -0.006004768239880184
leaf_weight=6.1570429503917676 3.6803749501705161 1.5770451554562894 3.2796747088432312 7.6954167634248716 6.0497459322214224 2.7743509286083272 3.5658043753355733 10.22244612732902 3.2406344115734083 2.374907061457634 2.9787741303443909 3.6152618769556284 2.3370131808333099
leaf_count=27 18 45 55 68 62 55 73 143 35 23 16 23 27
internal_value=-0.00609578 0.0072491 -0.00435957 -0.00912408 -0.0110582 -0.00942356 -0.00824563 -0.0100071 -0.00341057 -0.00160785 0.00217517 -0.0146639 -0.00338968
internal_weight=59.5485 11.0138 4.85672 48.5347 36.26 24.9494 22.175 16.2722 12.2747 8.59432 6.21941 11.3107 5.90282
internal_count=670 127 100 543 451 360 305 205 92 74 51 91 100
is_linear=0
shrinkage=0.1


Tree=246
num_leaves=17
num_cat=0
split_feature=2 1 3 0 3 1 0 3 2 2 0 3 2 2 2 3
split_gain=0.131577 0.323547 0.18685 0.14588 0.0902203 0.27197 0.388342 0.0442332 0.0706807 0.0635483 0.632012 0.0275519 0.025764 0.102444 0.0244953 0.0162933
threshold=1.0000000180025095e-35 1.0000000180025095e-35 2.5000000000000004 1.0000000180025095e-35 3.5000000000000004 1.0000000180025095e-35 1.5000000000000002 1.5000000000000002 1.5000000000000002 2.5000000000000004 2.5000000000000004 1.0000000180025095e-35 1.5000000000000002 3.5000000000000004 2.5000000000000004 1.0000000180025095e-35
decision_type=2 2 2 2 2 2 2 2 2 2 2 2 2 2 2 2
left_child=1 -1 3 -3 5 6 11 9 -9 10 -7 -2 -6 -14 -10 -11
right_child=4 2 -4 -5 12 7 -8 8 14 15 -12 -13 13 -15 -16 -17
leaf_value=-0.016377007127026531 -0.03197075361373012 0.0029079716055356317 -0.0032473860152913495 0.023745701090460512 -0.018994123805296845 -0.0072378220774841073 -0.0072378220774841073 0.0042179186061273395 -0.0072378220774841073 0.011407759952885446 0.029795285385504917 -0.022559197995871652 -0.00058987385099118906 -0.024915117911268742 -0.002588517341783129 0.004509516765512425
leaf_weight=6.2425158023834255 5.4975907206535357 5.4524742066860226 4.687721285969018 8.7529591098427755 4.3981820344924909 8.0877333730459231 6.6134905517101279 10.323437884449957 11.083382047712803 5.3793837279081318 4.8119395077228537 7.1635793149471283 4.803870901465416 2.706823879852891 14.600201573222876 9.4195139147341251
leaf_count=21 26 19 48 39 23 47 27 44 63 38 21 26 28 27 115 58
internal_value=-0.00307237 0.00336068 0.00988224 0.0157476 -0.00477646 -0.00360833 -0.0140164 -0.000459288 -0.0027704 0.00254506 -0.00258531 -0.0266458 -0.0129159 -0.00935659 -0.00557933 0.00701702
internal_weight=120.025 25.1357 18.8932 14.2054 94.8891 82.9803 19.2747 63.7056 36.007 27.6986 12.8997 12.6612 11.9089 7.51069 25.6836 14.7989
internal_count=670 127 106 58 543 465 79 386 222 164 68 52 78 55 178 96
is_linear=0
shrinkage=0.1


Tree=247
num_leaves=18
num_cat=0
split_feature=0 1 3 2 3 3 3 3 2 1 2 2 1 2 2 2 2
split_gain=0.431965 0.946817 0.993448 0.523396 0.473517 0.454372 0.362533 0.219694 0.553074 0.2083 0.0778801 0.0627544 0.0558996 0.0242058 0.0215683 0.000433159 0.148331
threshold=1.5000000000000002 2.5000000000000004 1.5000000000000002 3.5000000000000004 1.5000000000000002 3.5000000000000004 1.0000000180025095e-35 2.5000000000000004 1.5000000000000002 1.5000000000000002 3.5000000000000004 1.5000000000000002 1.0000000180025095e-35 1.5000000000000002 2.5000000000000004 2.5000000000000004 3.5000000000000004
decision_type=2 2 2 2 2 2 2 2 2 2 2 2 2 2 2 2 2
left_child=1 2 13 4 6 11 9 -4 -9 -2 -10 -6 -7 -1 -13 -15 -17
right_child=3 -3 7 -5 5 12 -8 8 10 -11 -12 14 -14 15 -16 16 -18
leaf_value=-0.055675803240011236 -0.00074560671762060574 -0.00074560671762060574 -0.0098358556743361383 -0.00074560671762060574 -0.00074560671762060574 0.011032391247173824 0.035532937182192907 -0.047816796893414837 -0.022265585818379938 0.02131621582386109 -0.0098358556743361383 0.0087312425083919329 0.024217811982268907 -0.045365782273321442 0.001841620913044132 -0.065052293937049546 -0.020288717227866883
leaf_weight=2.899596340954302 7.1237110346555736 22.745537847280502 9.3918518796563166 12.977628305554388 15.120991304516791 5.1600996553897849 9.917332738637926 5.3706946820020702 5.1873687207698804 9.0719965994358045 5.4633537530899048 10.150803446769714 8.5310464203357679 2.7844719998538494 8.226187452673912 1.5467675905674696 1.419705867767334
leaf_count=28 30 82 62 68 67 17 35 27 21 35 21 42 39 17 35 27 17
internal_value=0.000410806 -0.00636039 -0.0189261 0.00486918 0.00967119 0.00369235 0.0204756 -0.00983586 -0.0215986 0.0112554 -0.00983586 -0.000745607 0.0192483 -0.0482261 0.00564721 -0.04447 -0.0436292
internal_weight=143.089 56.8093 34.0638 86.2798 73.3022 47.1891 26.113 25.4133 16.0214 16.1957 10.6507 33.498 13.6911 8.65054 18.377 5.75095 2.96647
internal_count=670 302 220 368 300 200 100 131 69 65 42 144 56 89 77 61 44
is_linear=0
shrinkage=0.1


Tree=248
num_leaves=17
num_cat=0
split_feature=1 0 2 1 2 1 3 3 3 1 0 3 2 3 2 3
split_gain=0.650407 0.981266 1.61648 0.301874 0.279785 0.273572 0.143067 0.131161 0.102892 0.199986 0.0893882 0.218699 0.0646221 0.00353882 0.000348424 2.38038e-05
threshold=3.5000000000000004 1.5000000000000002 2.5000000000000004 2.5000000000000004 3.5000000000000004 1.5000000000000002 1.5000000000000002 1.5000000000000002 1.5000000000000002 1.0000000180025095e-35 1.0000000180025095e-35 2.5000000000000004 3.5000000000000004 3.5000000000000004 1.0000000180025095e-35 2.5000000000000004
decision_type=2 2 2 2 2 2 2 2 2 2 2 2 2 2 2 2
left_child=1 2 13 8 5 -3 -7 -2 9 -4 -9 -12 -10 14 -1 -16
right_child=7 4 3 -5 -6 6 -8 10 12 -11 11 -13 -14 -15 15 -17
leaf_value=-0.084062643840103299 0.027730058979626677 -0.0077080717624059564 -0.081380109914892848 -0.0077080717624059564 0.0081385308360980377 -0.00093806944892266438 0.0081385308360980377 0.0081385308360980377 -0.024272252880540971 -0.019693998567907722 0.013129696357529039 0.031486326394592069 -0.049860426420944182 -0.090107638168512971 -0.081333806227781302 -0.082152647297791759
leaf_weight=0.96832081116735924 8.7211252748966199 5.4804189531132605 0.62840962037443915 5.1116947680711746 11.597735732793806 5.7106131017208126 12.348430208861826 8.6074735075235385 1.5659498274326322 0.61348363012075424 8.2513685524463636 7.6671018898487082 2.6694035232067108 0.83323709480464447 0.95994639536365844 0.5633630994707346
leaf_count=28 39 120 32 21 55 27 90 31 19 12 28 27 36 19 64 22
internal_value=0.006399 -0.000919983 -0.0233965 -0.00770807 0.0079804 -0.00276539 0.00583193 0.017197 -0.0316799 -0.019694 0.0134516 0.0181209 -0.0403996 -0.0844661 -0.0825795 -0.0816366
internal_weight=82.2981 49.051 13.9138 10.5889 35.1372 23.5395 18.059 33.2471 5.47725 1.24189 24.5259 15.9185 4.23535 3.32487 2.49163 1.52331
internal_count=670 545 253 120 292 237 117 125 99 44 86 55 55 133 114 86
is_linear=0
shrinkage=0.1


Tree=249
num_leaves=16
num_cat=0
split_feature=1 2 2 0 3 2 2 0 3 2 3 2 2 3 2
split_gain=0.167695 0.264487 0.121111 0.141192 0.0855333 0.0275237 0.207067 0.0222442 4.22476e-07 1.57174e-07 1.40554e-08 1.29971e-08 8.13987e-09 5.73753e-10 3.47879e-10
threshold=2.5000000000000004 3.5000000000000004 2.5000000000000004 2.5000000000000004 3.5000000000000004 1.5000000000000002 1.0000000180025095e-35 3.5000000000000004 3.5000000000000004 1.5000000000000002 2.5000000000000004 2.5000000000000004 2.5000000000000004 1.0000000180025095e-35 1.0000000180025095e-35
decision_type=2 2 2 2 2 2 2 2 2 2 2 2 2 2 2
left_child=1 8 5 4 -4 6 -2 -3 10 -10 12 -12 14 -14 -1
right_child=2 7 3 -5 -6 -7 -8 -9 9 -11 11 -13 13 -15 -16
leaf_value=-0.080068024516944392 0.0032250238390628735 -0.01021251175988863 0.0032250238390628735 0.042409591954281046 0.025860882352183725 0.0032250238390628735 0.062013766986941159 0.0032250238390628735 -0.080207957553618592 -0.080402237118379419 -0.080152527394145273 -0.080075428505178931 -0.080110392770788852 -0.080093565123894761 -0.080055387291166957
leaf_weight=0.030222517787480085 1.3476053134072556 1.2359568453393879 1.3554723802953961 2.8281660242937505 2.3057819232344627 1.4443349284119906 0.67934698611497868 0.87562812585383643 0.09669852745719254 0.073136238730512559 0.059538039844483137 0.034555215504951775 0.03413070464739576 0.049863428866956383 0.078010939556406811
leaf_count=50 53 64 51 30 15 49 19 24 47 17 39 31 25 49 107
internal_value=0.0116813 -0.0111054 0.0175554 0.0256268 0.0126627 0.00322502 0.0149201 0.00322502 -0.0801667 -0.0802916 -0.0800925 -0.0801242 -0.080077 -0.0801004 -0.0800589
internal_weight=12.5284 2.56774 9.96071 6.48942 3.66125 3.47129 2.02695 2.11158 0.456156 0.169835 0.286321 0.0940933 0.192228 0.0839941 0.108233
internal_count=670 453 217 96 66 121 72 88 365 64 301 70 231 74 157
is_linear=0
shrinkage=0.1


Tree=250
num_leaves=14
num_cat=0
split_feature=2 3 3 2 3 2 3 3 2 2 3 3 3
split_gain=0.221577 0.0940611 0.061957 0.0492547 0.0265366 0.0281249 0.00972381 0.0232679 0.0051249 0.00243489 0.0173467 0.0138546 3.70213e-06
threshold=1.0000000180025095e-35 1.0000000180025095e-35 2.5000000000000004 1.5000000000000002 1.0000000180025095e-35 2.5000000000000004 2.5000000000000004 1.0000000180025095e-35 3.5000000000000004 3.5000000000000004 3.5000000000000004 1.5000000000000002 2.5000000000000004
decision_type=2 2 2 2 2 2 2 2 2 2 2 2 2
left_child=1 -1 -3 6 8 12 7 -2 -5 11 -11 -7 -6
right_child=3 2 -4 4 5 9 -8 -9 -10 10 -12 -13 -14
leaf_value=0.014685871771447995 -0.0066845132224098991 -0.020468935303782861 0.0038268648532314557 -0.016540255639359257 -0.013718998220897217 -0.010787755173758885 -0.0068898236035669141 0.0049620119197584132 -0.011952085923186145 -0.0082174828897872802 0.0023513353743262865 -0.0017272676284354337 -0.01385890890686515
leaf_weight=6.1980712711811048 3.6515920460224134 1.5417830126825718 3.2880199998617172 7.6356094200164062 6.0343886958435196 5.4420924577862033 5.3714686930179596 3.235177043825388 3.573988676071167 6.0709038828499615 2.0867866985499859 2.4463336486369371 2.7545772730372846
leaf_count=27 18 45 55 68 62 40 39 35 23 107 27 59 65
internal_value=-0.0062565 0.00653328 -0.00392891 -0.0091765 -0.0110387 -0.00921581 -0.00370074 -0.00121336 -0.0150774 -0.00672526 -0.00551392 -0.00797795 -0.0137628
internal_weight=59.3308 11.0279 4.8298 48.3029 36.0447 24.8351 12.2582 6.88677 11.2096 16.0461 8.15769 7.88843 8.78897
internal_count=670 127 100 543 451 360 92 53 91 233 134 99 127
is_linear=0
shrinkage=0.1


Tree=251
num_leaves=13
num_cat=0
split_feature=2 0 1 2 3 0 3 3 3 3 3 3
split_gain=0.121146 0.0833447 0.36317 0.141153 0.353708 0.214296 0.0418928 0.0264677 0.0184885 0.00185562 0.0214057 0.000246548
threshold=3.5000000000000004 1.0000000180025095e-35 1.5000000000000002 1.5000000000000002 1.5000000000000002 3.5000000000000004 1.0000000180025095e-35 1.5000000000000002 2.5000000000000004 2.5000000000000004 1.0000000180025095e-35 1.5000000000000002
decision_type=2 2 2 2 2 2 2 2 2 2 2 2
left_child=1 2 -1 4 -3 -6 -2 -8 -9 10 -5 -12
right_child=6 3 -4 9 5 -7 7 8 -10 -11 11 -13
leaf_value=-0.021877077123040382 0.0012118201025436742 0.022653084299478356 -0.0029161845393370911 -0.0029161845393370911 -0.0029161845393370911 0.014265059905124467 -0.016468805129653125 -0.0046140961703404039 -0.012034472605244081 -0.0029161845393370911 0.00093708522257682225 0.00021618750236263143
leaf_weight=10.936630457639696 3.0626841001212624 8.5742589831352252 18.506882309913635 9.3797697126865405 11.759458281099798 7.3408133983612052 6.7216915078461197 5.9470717385411245 7.7120695672929287 9.9622269794344884 11.906444132328035 7.8864345215260974
leaf_count=41 23 38 75 48 94 27 39 41 54 74 65 51
internal_value=-0.0032467 -0.00167664 -0.00610921 0.000276841 0.00577965 -0.00179497 -0.00969299 -0.0113317 -0.00880371 -0.00291618 -0.00178028 0.000649845
internal_weight=119.696 96.2529 29.4435 66.8094 27.6745 19.1003 23.4435 20.3808 13.6591 39.1349 29.1726 19.7929
internal_count=670 513 116 397 159 121 157 134 95 238 164 116
is_linear=0
shrinkage=0.1


Tree=252
num_leaves=18
num_cat=0
split_feature=1 0 2 1 0 3 2 3 3 2 0 3 3 3 3 2 2
split_gain=0.458759 0.457657 0.303095 1.12856 0.364376 0.218074 0.191266 0.158512 0.137788 0.118785 0.0757844 0.147365 0.0767654 0.0381013 0.0327701 0.236697 0.0136866
threshold=1.5000000000000002 1.5000000000000002 2.5000000000000004 3.5000000000000004 1.5000000000000002 2.5000000000000004 1.5000000000000002 2.5000000000000004 2.5000000000000004 1.5000000000000002 1.0000000180025095e-35 1.5000000000000002 1.0000000180025095e-35 1.5000000000000002 1.5000000000000002 3.5000000000000004 1.0000000180025095e-35
decision_type=2 2 2 2 2 2 2 2 2 2 2 2 2 2 2 2 2
left_child=1 7 3 4 -2 10 -3 14 -8 -6 -4 12 -12 -5 15 -1 -15
right_child=2 6 5 13 9 -7 8 -9 -10 -11 11 -13 -14 16 -16 -17 -18
leaf_value=-0.082289286408605833 -0.0013969172268085896 -0.01320650058537814 7.7950673927695602e-05 0.021954053673811254 0.0057941037977992773 -0.0013969172268085896 -0.0013969172268085896 -0.013802306785869051 -0.01320650058537814 0.013621885365468295 0.0056206987639874847 0.019722169895651884 0.020590137438293635 0.028561565397478558 -0.030118657968529607 -0.019022214371390483 0.034894984300660396
leaf_weight=1.0241742134094221 15.836754128336905 10.730298310518263 9.2390223890543002 5.9428896009922036 8.8623582422733307 13.569837015122173 18.129164963960651 6.3175109177827835 7.4327691197395316 8.7579668462276459 3.8877161033451557 10.276169002056122 4.3826042041182518 7.2501403391361237 2.9946647733449936 1.3992321342229843 6.44542196393013
leaf_count=38 78 45 34 21 43 64 67 31 25 37 23 43 21 27 31 17 25
internal_value=0.000558646 -0.00739881 0.00460497 0.00961058 -0.00139692 -0.00139692 -0.00184783 -0.0245652 -0.00139692 0.0129851 0.00747738 0.0111634 0.0056207 0.0286407 -0.0371147 -0.04576 0.0315422
internal_weight=142.479 48.0278 94.4509 53.0955 33.4571 41.3553 36.2922 11.7356 25.5619 17.6203 27.7855 18.5465 8.27032 19.6385 5.41807 2.42341 13.6956
internal_count=670 254 416 231 158 185 137 117 92 80 121 87 44 73 86 55 52
is_linear=0
shrinkage=0.1


Tree=253
num_leaves=13
num_cat=0
split_feature=1 3 3 0 1 3 2 3 0 0 0 2
split_gain=0.55403 0.759425 0.692313 0.463084 0.451463 0.124749 0.242804 0.116945 0.0985734 0.191619 0.0387536 0.000742928
threshold=1.5000000000000002 3.5000000000000004 1.0000000180025095e-35 2.5000000000000004 3.5000000000000004 1.0000000180025095e-35 3.5000000000000004 3.5000000000000004 1.5000000000000002 1.0000000180025095e-35 1.0000000180025095e-35 2.5000000000000004
decision_type=2 2 2 2 2 2 2 2 2 2 2 2
left_child=1 2 11 4 7 -5 -7 -2 9 -4 -6 -1
right_child=3 -3 8 5 10 6 -8 -9 -10 -11 -12 -13
leaf_value=-0.080652552509165518 -0.0018345045095333136 -0.08361290640701767 -0.082461240033699923 0.033319066116994075 0.0069018567274858949 0.013093489796342334 0.0351182647037507 0.0056294926434045101 -0.0018345045095333136 -0.015444109614511923 0.013093489796342334 -0.086294930884135979
leaf_weight=0.35869516618549535 14.70913706161082 1.3677428336814053 0.50284951180219439 6.6273146271705654 10.174316018819811 10.29782974720001 5.4950861185789099 5.6209555007517329 7.3878369750455022 1.3449716842733324 17.258053362369537 0.66783220320940018
leaf_count=38 171 37 23 26 36 43 26 49 84 49 65 23
internal_value=0.00659827 -0.0136172 -0.00428814 0.00994816 0.00438282 0.0218042 0.0169721 -0.0018345 -0.0018345 -0.0290537 0.0130935 -0.0843233
internal_weight=81.8126 11.6299 10.2622 70.1827 47.7625 22.4202 15.7929 20.3301 9.23566 1.84782 27.4324 1.02653
internal_count=670 254 217 416 321 95 69 220 156 72 101 61
is_linear=0
shrinkage=0.1


Tree=254
num_leaves=14
num_cat=0
split_feature=1 3 0 0 3 3 3 3 1 2 2 2 2
split_gain=0.154814 0.531654 0.398094 0.127278 0.104226 0.0174256 1.95129e-06 8.45096e-07 1.86989e-06 1.59227e-06 6.07402e-07 3.77756e-08 1.90071e-07
threshold=3.5000000000000004 2.5000000000000004 1.0000000180025095e-35 2.5000000000000004 3.5000000000000004 3.5000000000000004 1.5000000000000002 1.0000000180025095e-35 1.0000000180025095e-35 2.5000000000000004 3.5000000000000004 1.0000000180025095e-35 3.5000000000000004
decision_type=2 2 2 2 2 2 2 2 2 2 2 2 2
left_child=1 6 -3 4 -2 -4 7 9 -9 -1 -10 -8 -13
right_child=3 2 5 -5 -6 -7 11 8 10 -11 -12 12 -14
leaf_value=-0.080701661135635219 0.0097097667734461768 -0.081732848004395314 0.0097097667734461768 0.039983701825997413 0.025749740227782775 -0.014146270924184433 -0.080319390230570442 -0.080929600527728962 -0.080613422106032645 -0.080144428993188299 -0.080181991881253245 -0.080042212688373082 -0.080305699762880003
leaf_weight=0.12289299200347148 2.599100848659873 0.47682692471425969 2.9423876921646297 2.3438449800014496 2.1608668304979801 1.3004239013534968 0.068345841020345688 0.18934390577487648 0.083384161698631942 0.087998961651464924 0.053615562035702169 0.038884529611095786 0.092516641831025481
leaf_count=67 86 57 80 24 15 68 26 25 54 48 24 69 27
internal_value=0.0111784 -0.001489 0.00970977 0.0209085 0.0115158 0.00970977 -0.0805259 -0.0806252 -0.080726 -0.0804691 -0.0804446 -0.0802591 -0.0802277
internal_weight=12.5604 5.45662 4.71964 7.10381 4.75997 4.24281 0.736983 0.537236 0.326344 0.210892 0.137 0.199747 0.131401
internal_count=670 545 205 125 101 148 340 218 103 115 78 122 96
is_linear=0
shrinkage=0.1


Tree=255
num_leaves=13
num_cat=0
split_feature=2 3 3 2 3 3 3 2 3 3 2 2
split_gain=0.209565 0.0780577 0.0525976 0.0445405 0.0264376 0.0301894 0.0150563 0.0148655 0.0097198 0.0225491 0.00634426 0.00302763
threshold=1.0000000180025095e-35 1.0000000180025095e-35 2.5000000000000004 1.5000000000000002 1.0000000180025095e-35 3.5000000000000004 2.5000000000000004 2.5000000000000004 2.5000000000000004 1.0000000180025095e-35 3.5000000000000004 3.5000000000000004
decision_type=2 2 2 2 2 2 2 2 2 2 2 2
left_child=1 -1 -3 8 10 6 7 -6 9 -2 -5 -8
right_child=3 2 -4 4 5 -7 11 -9 -10 -11 -12 -13
leaf_value=0.013736136531010294 -0.0066677448961436989 -0.01872768757724274 0.0038493902226906366 -0.016397250417672586 -0.013178443670365034 -0.018747195633992474 -0.0014901384553685688 -0.0068937123595338087 -0.0069135053406454705 0.0048032416931722034 -0.011277428016382304 -0.0061235748380880283
leaf_weight=6.2286423444747907 3.6186360418796522 1.5045737847685812 3.2844802998006344 7.567502089776097 6.0004245322197773 2.7609309190884224 3.5546742174774399 10.096232507377861 5.3699763566255569 3.2552686464041471 3.5583931338042021 2.3376806657761335
leaf_count=27 18 45 55 68 62 55 73 143 39 35 23 27
internal_value=-0.00608512 0.00635555 -0.00324363 -0.00893359 -0.0107109 -0.00889087 -0.00765331 -0.0092365 -0.00372575 -0.00123544 -0.0147598 -0.00332837
internal_weight=59.1374 11.0177 4.78905 48.1197 35.8758 24.7499 21.989 16.0967 12.2439 6.8739 11.1259 5.89235
internal_count=670 127 100 543 451 360 305 205 92 53 91 100
is_linear=0
shrinkage=0.1


Tree=256
num_leaves=13
num_cat=0
split_feature=2 1 0 3 0 2 3 3 3 3 3 2
split_gain=0.105267 0.0918174 0.44554 0.213588 0.258078 0.791401 0.0374332 0.0346199 0.0210731 0.0189696 0.00526733 0.000887555
threshold=3.5000000000000004 1.0000000180025095e-35 1.5000000000000002 1.5000000000000002 1.0000000180025095e-35 1.5000000000000002 1.5000000000000002 1.0000000180025095e-35 1.5000000000000002 2.5000000000000004 1.0000000180025095e-35 2.5000000000000004
decision_type=2 2 2 2 2 2 2 2 2 2 2 2
left_child=1 2 6 4 -3 -6 -1 -2 -9 -10 -7 -5
right_child=7 3 -4 11 5 10 -8 8 9 -11 -12 -13
leaf_value=-0.026188179173588517 0.00056018282596973369 -0.003436814439935871 -0.003436814439935871 -0.003436814439935871 0.042477427487022844 0.0043210775857659622 -0.015453477882562367 -0.015430270872557821 -0.0042880980360324545 -0.011835618577589744 0.010280993197718361 0.0010016394052615911
leaf_weight=8.4670359790325183 3.0776177123188999 8.2045941948890704 12.107378751039503 33.457314305007458 6.392153829336169 8.2810391336679459 5.2705631554126731 6.6612978838384178 5.8812125995755178 7.676747209392488 8.4616876319050789 5.3794573545455924
leaf_count=33 23 31 41 209 30 41 20 39 41 54 54 54
internal_value=-0.00329042 -0.00182737 -0.00692286 4.92303e-05 0.0063287 0.012079 -0.0220697 -0.00932056 -0.0108245 -0.00856163 0.00432108 -0.00343681
internal_weight=119.318 96.0212 25.845 70.1762 31.3395 23.1349 13.7376 23.2969 20.2193 13.558 16.7427 38.8368
internal_count=670 513 94 419 156 125 53 157 134 95 95 263
is_linear=0
shrinkage=0.1


Tree=257
num_leaves=13
num_cat=0
split_feature=1 2 0 1 3 3 0 2 3 2 0 0
split_gain=0.394064 0.467866 0.291248 0.421586 0.379403 0.117872 0.112779 0.102194 0.0905954 0.10669 0.0203903 0.223043
threshold=1.0000000180025095e-35 3.5000000000000004 1.5000000000000002 2.5000000000000004 1.5000000000000002 3.5000000000000004 3.5000000000000004 1.5000000000000002 1.0000000180025095e-35 1.5000000000000002 3.5000000000000004 1.5000000000000002
decision_type=2 2 2 2 2 2 2 2 2 2 2 2
left_child=1 10 3 -2 6 -6 8 -7 9 -4 11 -1
right_child=2 -3 4 -5 5 7 -8 -9 -10 -11 -12 -13
leaf_value=-0.041329520270586839 -0.0051978899640477971 -0.035133302727800471 0.016196559137808091 0.0018135188195943467 0.0018135188195943467 0.023209696477823852 0.023757213201225945 0.0019611356383777553 0.017246492834012073 0.0018135188195943467 -0.0051978899640477971 -0.0087432404894045301
leaf_weight=2.1889792736619729 30.060176890343428 6.4915446192026129 5.8908593803644198 22.677109256386757 33.208919305354357 4.9169257283210737 10.943071961402895 4.1941010653972626 5.3307503163814536 5.7381481193006039 5.1834130883216858 5.2871454954147339
leaf_count=53 154 30 21 82 149 24 39 21 24 32 19 22
internal_value=0.000434533 -0.0129085 0.00251272 -0.00310332 0.00673035 0.00181352 0.0158426 0.0134283 0.0107358 0.00542594 -0.00519789 -0.0122886
internal_weight=142.111 19.1511 122.96 52.7373 70.2228 42.3199 27.9028 9.11103 16.9598 11.629 12.6595 7.47612
internal_count=670 124 546 236 310 194 116 45 77 53 94 75
is_linear=0
shrinkage=0.1


Tree=258
num_leaves=15
num_cat=0
split_feature=1 0 2 3 3 2 1 3 0 2 2 3 2 3
split_gain=0.528455 0.830656 1.56938 0.279488 0.286055 0.240868 0.228572 0.134181 0.129307 0.11837 0.0246429 0.00290483 0.000234721 1.93185e-05
threshold=3.5000000000000004 1.5000000000000002 2.5000000000000004 3.5000000000000004 1.5000000000000002 3.5000000000000004 1.5000000000000002 1.5000000000000002 1.0000000180025095e-35 1.0000000180025095e-35 2.5000000000000004 3.5000000000000004 1.0000000180025095e-35 2.5000000000000004
decision_type=2 2 2 2 2 2 2 2 2 2 2 2 2 2
left_child=1 2 11 4 -4 6 -3 -8 -2 -10 -11 12 -1 -14
right_child=8 5 3 -5 -6 -7 7 -9 9 10 -12 -13 13 -15
leaf_value=-0.083617706004741568 0.0082085550077634125 -0.006466495345564257 -0.01089713237548664 -0.006466495345564257 -0.051272835370008409 0.0082085550077634125 -0.00027498700757058877 0.0082085550077634125 0.014388659192951701 0.029954625492635285 0.021975238250050613 -0.089386489155045448 -0.081254079374144514 -0.082018907346487049
leaf_weight=0.8804621323943137 10.148679971694945 5.2808883218094733 4.5426514260470849 2.9594478532671928 2.8591625094413757 11.543120115995405 5.6920954734087017 12.282121554017065 7.5835372209548977 7.6863470524549466 7.7959387600421906 0.78390394430607546 0.88948244880884864 0.52528256038203835
leaf_count=28 36 120 59 18 43 55 27 90 27 32 30 19 64 22
internal_value=0.00669692 1.32196e-05 -0.0211015 -0.0064665 -0.0264934 0.00816853 -0.00196881 0.00591652 0.0164039 0.0205688 0.0259367 -0.0841308 -0.0823358 -0.081538
internal_weight=81.4531 48.2386 13.4404 10.3613 7.40181 34.7982 23.2551 17.9742 33.2145 23.0658 15.4823 3.07913 2.29523 1.41477
internal_count=670 545 253 120 102 292 237 117 125 89 62 133 114 86
is_linear=0
shrinkage=0.1


Tree=259
num_leaves=16
num_cat=0
split_feature=0 2 3 3 2 1 3 1 2 2 3 3 2 2 2
split_gain=0.136006 0.363127 0.0773642 0.162291 0.138211 0.107095 0.0844874 0.0630575 0.0608973 0.000826124 5.62521e-06 9.0336e-07 3.73288e-08 2.5387e-08 4.71607e-10
threshold=1.5000000000000002 3.5000000000000004 2.5000000000000004 3.5000000000000004 1.5000000000000002 2.5000000000000004 1.0000000180025095e-35 3.5000000000000004 1.5000000000000002 3.5000000000000004 2.5000000000000004 3.5000000000000004 1.5000000000000002 2.5000000000000004 1.0000000180025095e-35
decision_type=2 2 2 2 2 2 2 2 2 2 2 2 2 2 2
left_child=1 10 6 4 -4 -6 9 -3 -8 -2 12 -12 14 -14 -1
right_child=2 7 3 -5 5 -7 8 -9 -10 -11 11 -13 13 -15 -16
leaf_value=-0.080063852838578004 0.026811752951062008 -0.015324990013453221 0.0077071546897993452 0.0066712195652809383 0.02158067818665033 0.064104035382767197 0.0549985538531583 0.0066712195652809383 0.0066712195652809383 0.031215061769217452 -0.080971332099585264 -0.080643334579831888 -0.080224872505214775 -0.080135907740234644 -0.080038362792967735
leaf_weight=0.014902012000676534 0.87712765982723617 1.3264406784437597 1.0975355468690398 1.90833574172575 0.88987958256620925 1.7708590254187584 0.71097262017428875 1.7028973437845707 0.84244602298713289 0.82855920493602753 0.25531664968002588 0.12511845654807985 0.059480174037162215 0.069618809124222025 0.014150866569252685
leaf_count=28 65 67 25 62 51 10 42 22 106 7 46 25 41 43 30
internal_value=0.0116241 -0.00487831 0.0182207 0.0252894 0.0375657 0.0498822 0.00667122 0.00667122 0.00667122 0.0289507 -0.0806551 -0.0808635 -0.0801538 -0.0801769 -0.0800514
internal_weight=12.4936 3.56792 8.92572 5.66661 3.75827 2.66074 3.25911 3.02934 1.55342 1.70569 0.538587 0.380435 0.158152 0.129099 0.0290529
internal_count=670 302 368 148 86 61 220 89 148 72 213 71 142 84 58
is_linear=0
shrinkage=0.1


Tree=260
num_leaves=13
num_cat=0
split_feature=2 3 2 3 3 3 2 3 3 2 2 3
split_gain=0.197905 0.0686195 0.0436681 0.0241953 0.0271918 0.0138144 0.0119224 0.0115609 0.0123427 0.00814198 0.00355846 0.00293236
threshold=1.0000000180025095e-35 1.5000000000000002 1.5000000000000002 1.0000000180025095e-35 3.5000000000000004 2.5000000000000004 2.5000000000000004 2.5000000000000004 1.0000000180025095e-35 3.5000000000000004 3.5000000000000004 3.5000000000000004
decision_type=2 2 2 2 2 2 2 2 2 2 2 2
left_child=1 -1 7 9 5 6 -5 8 -2 -4 -7 -3
right_child=2 11 3 4 -6 10 -8 -9 -10 -11 -12 -13
leaf_value=0.011634079241883933 -0.0049769387529973244 -0.0011510960115031271 -0.016335727258361236 -0.01273181783881259 -0.018235611562692294 -0.0015384220852070966 -0.0070910350180775922 -0.0071330193868964983 0.0035234621637997344 -0.010525425540419013 -0.0065552660070064264 -0.0071319572975032386
leaf_weight=7.3357791379094106 3.5931438207626325 1.2364964524749669 7.5113567225635034 5.9704756019637086 2.7394977426156393 3.555893398821353 10.061583227943627 5.3707916289567947 3.2561224922537804 3.5523402597755194 2.3470388189889491 2.4323512464761734
leaf_count=40 18 57 68 62 55 73 143 39 35 23 27 30
internal_value=-0.00604471 0.00604966 -0.00881992 -0.0105844 -0.0088421 -0.00766893 -0.00919171 -0.00365956 -0.000935871 -0.0144702 -0.00353315 -0.00511625
internal_weight=58.9629 11.0046 47.9582 35.7382 24.6745 21.935 16.0321 12.2201 6.84927 11.0637 5.90293 3.66885
internal_count=670 127 543 451 360 305 205 92 53 91 100 87
is_linear=0
shrinkage=0.1


Tree=261
num_leaves=13
num_cat=0
split_feature=2 1 0 3 0 2 3 3 3 3 3 2
split_gain=0.098067 0.0810509 0.421016 0.181702 0.228093 0.673426 0.0293867 0.0288228 0.0162713 0.0186467 0.0144874 0.00259257
threshold=3.5000000000000004 1.0000000180025095e-35 1.5000000000000002 1.5000000000000002 1.0000000180025095e-35 1.5000000000000002 1.0000000180025095e-35 1.5000000000000002 1.5000000000000002 2.5000000000000004 1.0000000180025095e-35 1.0000000180025095e-35
decision_type=2 2 2 2 2 2 2 2 2 2 2 2
left_child=1 2 7 4 -3 -6 -2 -1 -8 -10 -7 -5
right_child=6 3 -4 11 5 10 8 -9 9 -11 -12 -13
leaf_value=-0.02511863517420412 -5.6189698951306718e-05 -0.0034061616220231513 -0.0034061616220231513 3.9259565631826551e-05 0.039087569540524586 0.0038355727325032579 -0.014584149204370287 -0.01569122331136864 -0.0042891487109119244 -0.011782616087600617 0.010228746414094369 -0.0034061616220231513
leaf_weight=8.444660350680353 3.0920688398182419 8.2103128582239169 12.104053497314451 8.5639450475573522 6.3948298692703274 8.2659598737955093 6.6303107663989094 5.2649468183517447 5.8584071025252324 7.666258773766458 8.4618128910660744 30.153717253357172
leaf_count=33 23 31 41 70 30 41 39 20 41 54 54 193
internal_value=-0.00330673 -0.00189373 -0.00668369 -0.000128633 0.00564961 0.0110773 -0.00913352 -0.0214982 -0.0105261 -0.00853671 0.00383557 -0.00340616
internal_weight=119.111 95.8642 25.8137 70.0506 31.3329 23.1226 23.247 13.7096 20.155 13.5247 16.7278 38.7177
internal_count=670 513 94 419 156 125 157 53 134 95 95 263
is_linear=0
shrinkage=0.1


Tree=262
num_leaves=17
num_cat=0
split_feature=1 0 3 0 1 2 2 2 2 3 3 3 2 0 3 2
split_gain=0.389757 0.430669 0.313894 0.448735 0.365664 0.305016 0.269582 0.223943 0.165622 0.143349 0.113914 0.104729 0.0499431 0.0332897 0.0315073 0.223854
threshold=1.5000000000000002 1.5000000000000002 2.5000000000000004 1.5000000000000002 3.5000000000000004 1.0000000180025095e-35 2.5000000000000004 3.5000000000000004 1.5000000000000002 2.5000000000000004 2.5000000000000004 1.5000000000000002 1.0000000180025095e-35 3.5000000000000004 1.5000000000000002 3.5000000000000004
decision_type=2 2 2 2 2 2 2 2 2 2 2 2 2 2 2 2
left_child=1 9 3 7 -4 -6 12 11 -3 14 -10 -2 -5 -8 15 -1
right_child=2 8 4 6 5 -7 13 -9 10 -11 -12 -13 -14 -15 -16 -17
leaf_value=-0.082125500430290307 -0.0013209495615024815 -0.012567423543642486 -0.0013209495615024815 0.034348434262608953 0.0078543226048598726 0.034364313492527013 0.0086890463554018717 0.0086890463554018717 -0.0013209495615024815 -0.01344222321856038 -0.012567423543642486 0.0086890463554018717 0.022447173502372127 0.017686928445156919 -0.028905228268794887 -0.019057378370231325
leaf_weight=0.94182157702743841 12.057913169264795 10.645928904414175 28.748681113123894 6.0343032032251385 5.3847385346889478 5.6636120676994324 10.01545190811157 8.9266877323389071 18.074952483177189 6.2916096970438957 7.4101091921329489 4.5612585544586173 8.4829397946596128 4.1964252591133109 2.9538873285055161 1.3984150141477585
leaf_count=38 57 45 136 21 21 23 51 35 67 31 25 23 33 16 31 17
internal_value=0.000492811 -0.00686877 0.00422687 0.00922326 -0.00132095 0.0170296 0.0177975 -0.000419377 -0.00148907 -0.0236458 -0.00132095 -0.00132095 0.0273941 0.00868905 -0.0357718 -0.044439
internal_weight=141.789 47.7167 94.072 54.275 39.797 11.0484 28.7291 25.5459 36.131 11.5857 25.4851 16.6192 14.5172 14.2119 5.29412 2.34024
internal_count=670 254 416 236 180 44 121 115 137 117 92 80 54 67 86 55
is_linear=0
shrinkage=0.1


Tree=263
num_leaves=15
num_cat=0
split_feature=1 3 3 0 2 1 3 2 1 2 0 3 0 2
split_gain=0.482356 0.716872 0.647335 0.4017 0.3856 0.168482 0.118115 0.227311 0.096879 0.087811 0.382215 0.0722382 0.0251276 0.0005905
threshold=1.5000000000000002 3.5000000000000004 1.0000000180025095e-35 2.5000000000000004 2.5000000000000004 2.5000000000000004 1.0000000180025095e-35 3.5000000000000004 3.5000000000000004 2.5000000000000004 3.5000000000000004 2.5000000000000004 1.5000000000000002 2.5000000000000004
decision_type=2 2 2 2 2 2 2 2 2 2 2 2 2 2
left_child=1 2 13 4 8 11 -5 -8 -2 10 -4 -6 -10 -1
right_child=3 -3 9 6 5 -7 7 -9 12 -11 -12 -13 -14 -15
leaf_value=-0.080590800688775679 -0.0012710087423240431 -0.083335378752531344 -0.081043048911517312 0.03211954673449003 -0.0012710087423240431 0.012764914688523697 0.012764914688523697 0.034028891665899626 0.0034666889533868542 -0.0012710087423240431 -0.0012710087423240431 0.0057469529730998269 0.011550936432404305 -0.085845684365733074
leaf_weight=0.32439207471906861 6.3760841051116595 1.2653146460652358 0.79298388259485164 6.605691313743594 2.0939064584672478 18.664621934294701 10.259096056222914 5.4318764656782141 6.3162743598222724 7.375131381675601 0.99388433992862701 4.8235445469617844 9.1600079536437988 0.62749054282903671
leaf_count=38 126 37 66 26 29 66 43 26 27 76 14 38 35 23
internal_value=0.00671632 -0.0123736 -0.00349576 0.00983154 0.00462786 0.0127649 0.020902 0.0161795 -0.00127101 -0.00127101 -0.0274442 -0.00127101 0.00820439 -0.0840549
internal_weight=81.1103 11.3792 10.1139 69.7311 47.4344 25.5821 22.2967 15.691 21.8524 9.162 1.78687 6.91745 15.4763 0.951883
internal_count=670 254 217 416 321 133 95 69 188 156 80 67 62 61
is_linear=0
shrinkage=0.1


Tree=264
num_leaves=13
num_cat=0
split_feature=1 3 3 2 0 3 3 1 2 2 2 2
split_gain=0.143772 0.483738 0.238368 0.183004 0.101343 0.0982543 1.62024e-06 7.92879e-07 8.91385e-07 3.9146e-08 1.44423e-07 3.03709e-08
threshold=3.5000000000000004 2.5000000000000004 3.5000000000000004 3.5000000000000004 2.5000000000000004 3.5000000000000004 1.5000000000000002 1.0000000180025095e-35 3.5000000000000004 1.0000000180025095e-35 3.5000000000000004 2.5000000000000004
decision_type=2 2 2 2 2 2 2 2 2 2 2 2
left_child=1 6 -3 -4 5 -2 7 -1 11 -8 -11 -9
right_child=4 2 3 -5 -6 -7 9 8 -10 10 -12 -13
leaf_value=-0.080730989622642108 0.009314657829400495 0.009314657829400495 -0.08169632436449184 -0.0077958039633000444 0.036871399119428674 0.024260224685213591 -0.080305978347350759 -0.080603538221063753 -0.080157674725223602 -0.080038057142978444 -0.080280419945658238 -0.080532871513678661
leaf_weight=0.22231963288504619 2.5788415689021349 3.0845402338309214 0.4669120262842622 1.1869287667796016 2.3980567082762718 2.166477033868432 0.065988930873572826 0.11986278042604681 0.066353201749734581 0.034659544005990028 0.084603907074779272 0.084284929296700284
leaf_count=57 86 112 75 18 24 15 26 83 32 69 27 46
internal_value=0.0107998 -0.00148697 0.00931466 -0.0286594 0.0201163 0.0116491 -0.0804963 -0.0805911 -0.0804761 -0.0802442 -0.08021 -0.0805796
internal_weight=12.5598 5.41645 4.73838 1.65384 7.14338 4.74532 0.678073 0.492821 0.270501 0.185252 0.119263 0.204148
internal_count=670 545 205 93 125 101 340 218 161 122 96 129
is_linear=0
shrinkage=0.1


Tree=265
num_leaves=13
num_cat=0
split_feature=2 3 2 3 3 3 2 2 3 2 3 3
split_gain=0.189178 0.0624713 0.0406284 0.0222277 0.0231341 0.0140294 0.0537969 0.0497448 0.0113208 0.0106305 0.0076313 0.00345099
threshold=1.0000000180025095e-35 1.5000000000000002 1.5000000000000002 1.0000000180025095e-35 3.5000000000000004 1.5000000000000002 3.5000000000000004 3.5000000000000004 2.5000000000000004 3.5000000000000004 1.0000000180025095e-35 3.5000000000000004
decision_type=2 2 2 2 2 2 2 2 2 2 2 2
left_child=1 -1 8 9 5 7 -7 -5 10 -4 -2 -3
right_child=2 11 3 4 -6 6 -8 -9 -10 -11 -12 -13
leaf_value=0.011113183048288625 -0.0042645600882121925 -0.0005656290514835776 -0.016350619874247786 -0.016296595894476823 -0.017505898231983681 -0.0021616692061860155 -0.017923736681390485 -0.00094968518971733941 -0.0072088010138006593 -0.0096874241633073521 0.0024336569483346133 -0.0070704972036331297
leaf_weight=7.3377139046788198 3.5660273730754835 1.2279141892213377 7.4432309977710229 5.8020095461979562 2.7125477525405577 9.9997152769938094 2.7638536230660966 3.3209620122797787 5.3691591545939445 3.5298376344144344 3.2520531918853521 2.428763784468174
leaf_count=40 18 57 68 65 55 133 68 39 39 23 35 30
internal_value=-0.00603474 0.00579188 -0.00875727 -0.0104645 -0.00879492 -0.00771531 -0.00557482 -0.01071 -0.0037743 -0.0142072 -0.00106968 -0.00488616
internal_weight=58.7538 10.9944 47.7594 35.5722 24.5991 21.8865 12.7636 9.12297 12.1872 10.9731 6.81808 3.65668
internal_count=670 127 543 451 360 305 201 104 92 91 53 87
is_linear=0
shrinkage=0.1


Tree=266
num_leaves=11
num_cat=0
split_feature=1 3 3 2 2 0 0 3 2 3
split_gain=0.0946721 0.641099 0.295163 0.123507 0.125671 0.424365 0.0932025 0.00511604 0.0256702 0.00124475
threshold=1.0000000180025095e-35 1.5000000000000002 1.5000000000000002 1.0000000180025095e-35 2.5000000000000004 2.5000000000000004 3.5000000000000004 1.0000000180025095e-35 3.5000000000000004 1.0000000180025095e-35
decision_type=2 2 2 2 2 2 2 2 2 2
left_child=1 9 3 -2 5 -5 -4 -6 -9 -1
right_child=2 -3 6 4 7 -7 -8 8 -10 -11
leaf_value=-0.028027981853705242 0.014796816230332252 -0.0047517403479822159 -0.0047517403479822159 -0.0047517403479822159 0.010685945099362482 0.024942380885012064 0.014681607333820674 0.012066432806354062 0.0015183336003142412 -0.026101499654003903
leaf_weight=7.1230926364660245 10.081952691078184 18.78726515173912 45.89896853081882 8.1497440636158007 5.377071246504781 4.8174652755260459 3.059509544633328 4.6258275657892227 4.6029345970600843 6.3382761776447296
leaf_count=32 36 67 319 47 38 21 27 29 29 25
internal_value=-0.0033002 -0.00792536 -0.00157812 0.00532562 0.00186252 -0.00475174 -0.00475174 0.00823405 0.00680547 -0.0271209
internal_weight=118.862 32.2486 86.6135 37.655 27.573 12.9672 48.9585 14.6058 9.22876 13.4614
internal_count=670 124 546 200 164 68 346 96 58 57
is_linear=0
shrinkage=0.1


Tree=267
num_leaves=20
num_cat=0
split_feature=2 3 0 1 3 1 3 3 3 1 3 2 1 1 3 2 3 0 2
split_gain=0.362366 0.837506 0.718027 1.2766 0.415235 0.357409 0.343842 0.321387 0.44463 0.323798 0.25095 0.183599 0.177969 0.0343287 0.0302494 0.0209427 0.0155278 0.0141396 0.0105084
threshold=3.5000000000000004 2.5000000000000004 1.5000000000000002 3.5000000000000004 1.5000000000000002 1.5000000000000002 3.5000000000000004 1.5000000000000002 2.5000000000000004 2.5000000000000004 1.0000000180025095e-35 1.5000000000000002 1.5000000000000002 1.0000000180025095e-35 1.5000000000000002 1.5000000000000002 3.5000000000000004 1.0000000180025095e-35 2.5000000000000004
decision_type=2 2 2 2 2 2 2 2 2 2 2 2 2 2 2 2 2 2 2
left_child=2 5 3 7 10 -2 15 9 -9 17 12 -10 -4 -8 -7 -6 -3 -1 -17
right_child=1 16 4 -5 6 14 13 8 11 -11 -12 -13 -14 -15 -16 18 -18 -19 -20
leaf_value=-0.054715643892047028 -0.017433563978761783 -0.034349383794598447 0.00039370707308723638 0.00039370707308723638 0.00039370707308723638 0.016636653298554443 0.010899707873814612 -0.011338273754267734 -0.045115653823066509 -0.013466272368996446 0.031831119284128545 -0.019572059864879292 0.020805663165647956 0.02127835515338334 0.0075640751344111775 0.0074432020381651632 -0.026995164339419647 -0.045593283769878569 0.0026311030973323285
leaf_weight=2.9222151003777999 6.0097975879907635 5.144763380289076 7.0513778626918819 8.1091673672199232 14.959593012928961 6.3869539946317646 5.1613179147243491 5.8828255757689503 5.3057686239480955 3.9092946797609329 9.7648109495639819 5.991373598575592 9.047933027148245 8.3312096595764142 8.6549367308616638 10.148041144013405 6.4961974918842316 4.059535276144743 8.2088520675897598
leaf_count=37 34 27 30 27 67 35 17 47 27 16 35 24 35 39 34 42 27 35 35
internal_value=0.000510894 -0.00872164 0.00328376 -0.00822692 0.00901433 0.00318036 0.00339552 -0.0230703 -0.0145509 -0.0365091 0.0191833 -0.0315688 0.0115119 0.0173082 0.0114164 0.000393707 -0.0302454 -0.0494115 0.00529132
internal_weight=141.546 32.6926 108.853 36.1802 72.6731 21.0517 46.809 28.071 17.18 10.891 25.8641 11.2971 16.0993 13.4925 15.0419 33.3165 11.641 6.98175 18.3569
internal_count=670 157 513 213 300 103 200 186 98 88 100 51 65 56 69 144 54 72 77
is_linear=0
shrinkage=0.1


Tree=268
num_leaves=16
num_cat=0
split_feature=1 0 2 3 3 2 1 3 0 2 2 3 0 2 3
split_gain=0.438351 0.705269 1.4685 0.275415 0.256086 0.205919 0.187524 0.122348 0.115454 0.11052 0.0254737 0.00235863 0.00197182 0.000139902 1.55941e-05
threshold=3.5000000000000004 1.5000000000000002 2.5000000000000004 3.5000000000000004 1.5000000000000002 3.5000000000000004 1.5000000000000002 1.5000000000000002 1.0000000180025095e-35 1.0000000180025095e-35 2.5000000000000004 3.5000000000000004 2.5000000000000004 1.0000000180025095e-35 2.5000000000000004
decision_type=2 2 2 2 2 2 2 2 2 2 2 2 2 2 2
left_child=1 2 11 4 -4 6 -3 -8 -2 -10 -11 13 -9 -1 -15
right_child=8 5 3 -5 -6 -7 7 12 9 10 -12 -13 -14 14 -16
leaf_value=-0.083122663909993899 0.0079583367411201391 -0.0056892694540014426 -0.011093070888996564 -0.0056892694540014426 -0.049729757551957944 0.0079583367411201391 -5.6645941564171734e-05 0.00084746737084594463 0.013677090200920106 0.028713624055155342 0.020594402008259908 -0.088688129486413442 0.0079583367411201391 -0.081162426224576742 -0.081880123215485795
leaf_weight=0.78630661312490691 10.127813175320624 5.0850110575556782 4.5427079768851382 2.9610260762274265 2.7563796862959862 11.550764530897139 5.6720167547464397 6.6822988316416723 7.5706254243850735 7.7051570266485196 7.7519223690032959 0.72700635157525528 5.6275591105222702 0.80881146062165477 0.4838607395067811
leaf_count=28 36 120 59 18 43 55 27 64 27 32 30 19 26 64 22
internal_value=0.00661304 0.000472692 -0.0193229 -0.00568927 -0.0256836 0.00794434 -0.00148999 0.00557598 0.015444 0.0193958 0.0246417 -0.0837853 0.00795834 -0.0820709 -0.0814311
internal_weight=80.8393 47.6837 13.0661 10.2601 7.29909 34.6177 23.0669 17.9819 33.1555 23.0277 15.4571 2.80599 12.3099 2.07898 1.29267
internal_count=670 545 253 120 102 292 237 117 125 89 62 133 90 114 86
is_linear=0
shrinkage=0.1


Tree=269
num_leaves=16
num_cat=0
split_feature=1 2 2 0 3 0 2 2 3 2 3 2 2 3 2
split_gain=0.130374 0.22562 0.102886 0.110514 0.0749339 0.0247069 0.0188242 0.131333 2.60407e-07 1.01049e-07 1.98515e-08 1.21773e-08 3.57579e-09 3.97602e-10 3.80571e-10
threshold=2.5000000000000004 3.5000000000000004 2.5000000000000004 2.5000000000000004 3.5000000000000004 3.5000000000000004 1.5000000000000002 1.0000000180025095e-35 3.5000000000000004 1.5000000000000002 2.5000000000000004 2.5000000000000004 2.5000000000000004 1.0000000180025095e-35 1.0000000180025095e-35
decision_type=2 2 2 2 2 2 2 2 2 2 2 2 2 2 2
left_child=1 8 6 4 -4 -3 7 -2 10 -10 12 -12 14 -14 -1
right_child=2 5 3 -5 -6 -7 -8 -9 9 -11 11 -13 13 -15 -16
leaf_value=-0.080058062983202241 0.0034719256540461357 -0.010664596259709875 0.0034719256540461357 0.038254423028910772 0.024473636040611826 0.0034719256540461357 0.0034719256540461357 0.048486943400083027 -0.080179403774760932 -0.080348682713135167 -0.080149389091896533 -0.080071967928626211 -0.080088004231019791 -0.080072135352279472 -0.080043325872219434
leaf_weight=0.024657577494509808 1.3135575233027323 1.2363390087848531 1.3439678603317591 2.8950560996308923 2.3187096565961838 0.86523869121447194 1.4079376105219128 0.74336922820657481 0.080187989748083055 0.062943419732619077 0.055383607104886323 0.032085144659504294 0.027011070982553065 0.038003740250132978 0.060562007973203436
leaf_count=50 53 64 51 30 15 24 49 19 47 17 39 31 25 49 107
internal_value=0.0111895 -0.00932723 0.0162711 0.0236528 0.0121113 0.00347193 0.00347193 0.0131584 -0.0801473 -0.0802538 -0.0800831 -0.080121 -0.0800611 -0.0800787 -0.0800476
internal_weight=12.505 2.48241 10.0226 6.55773 3.66268 2.10158 3.46486 2.05693 0.380835 0.143131 0.237703 0.0874688 0.150234 0.0650148 0.0852196
internal_count=670 453 217 96 66 88 121 72 365 64 301 70 231 74 157
is_linear=0
shrinkage=0.1


Tree=270
num_leaves=16
num_cat=0
split_feature=2 1 3 2 2 3 2 3 2 3 2 3 3 3 2
split_gain=0.177423 0.230983 1.58342 0.312945 0.0971871 0.180648 0.165052 0.109172 0.0724838 0.0535459 0.047054 0.0290266 0.0417063 0.00369781 0.00285786
threshold=1.0000000180025095e-35 3.5000000000000004 1.5000000000000002 1.5000000000000002 1.5000000000000002 2.5000000000000004 3.5000000000000004 2.5000000000000004 2.5000000000000004 1.5000000000000002 2.5000000000000004 3.5000000000000004 1.5000000000000002 3.5000000000000004 2.5000000000000004
decision_type=2 2 2 2 2 2 2 2 2 2 2 2 2 2 2
left_child=9 4 -3 -4 5 -2 7 10 -9 -1 -6 12 -8 -11 -5
right_child=1 2 3 14 6 -7 11 8 -10 13 -12 -13 -14 -15 -16
leaf_value=0.010253960402260304 0.0040326057994383244 0.0040326057994383244 0.05608064822956968 0.14056542706821568 -0.0083390230542502441 -0.017632375652262802 -0.0013157910354124891 -0.044421529100329704 -0.016165814789306503 -8.1532169371342192e-05 -0.018678921988161529 0.0040326057994383244 -0.016134121802683078 -0.0068304292784527503 0.15198516751977781
leaf_weight=7.3564183786511403 6.0050464197993261 1.336477083154022 0.68868590891361214 0.44813017826527357 6.9226673739031002 4.7507698684930801 6.4699073233641649 2.3355077588930717 1.4852338694036009 1.2209107903763654 12.082890139892697 1.9333022609353072 2.6886277790181339 2.4231533482670784 0.42886694148182869
leaf_count=40 39 39 11 14 74 34 50 56 36 57 84 18 54 30 34
internal_value=-0.00610187 -0.00874826 0.0185894 0.106532 -0.0105242 -0.00224151 -0.0131507 -0.0180135 -0.0334377 0.00534356 -0.0149127 -0.00314357 -0.00566594 -0.00456927 0.14615
internal_weight=58.5766 47.5761 2.90216 1.56568 44.674 10.7558 33.9181 22.8263 3.82074 11.0005 19.0056 11.0918 9.15854 3.64406 0.876997
internal_count=670 543 98 59 445 73 372 250 92 127 158 122 104 87 48
is_linear=0
shrinkage=0.1


Tree=271
num_leaves=15
num_cat=0
split_feature=2 3 1 0 2 0 3 2 3 3 2 2 3 3
split_gain=0.0858441 0.0810326 0.3098 0.292415 0.110902 0.0339909 0.0295167 0.0257469 0.150882 0.136832 0.135732 0.0243919 0.00819934 0.0252897
threshold=3.5000000000000004 1.0000000180025095e-35 1.0000000180025095e-35 3.5000000000000004 1.0000000180025095e-35 2.5000000000000004 1.0000000180025095e-35 2.5000000000000004 1.5000000000000002 2.5000000000000004 1.0000000180025095e-35 1.0000000180025095e-35 1.5000000000000002 2.5000000000000004
decision_type=2 2 2 2 2 2 2 2 2 2 2 2 2 2
left_child=1 2 -1 7 -4 -6 -2 8 -3 -9 -10 -5 -8 -14
right_child=6 3 4 11 5 -7 12 9 10 -11 -12 -13 13 -15
leaf_value=-0.027584072667709264 9.0522811574151861e-05 0.0053074143968809958 0.0092980885572796681 0.018353586904202895 -0.011489223222941394 -0.0011660567936200975 -0.013323945485262207 -0.019865073883710494 -0.017341626343159906 0.0029770289396397038 -0.0023377255787657 0.009217582251701233 -0.0039972788295760961 -0.012767649462780282
leaf_weight=5.6998305618762997 3.0861643496900824 8.1147542148828489 6.7372386455535915 6.0804779827594739 6.6749927401542646 6.108542762696743 6.5322125740349319 4.9770217612385732 7.3980137780308715 5.5434528738260269 32.59198048338294 5.6265374049544334 5.7592748776078206 7.6616321830078959
leaf_count=24 23 42 23 21 32 34 39 37 66 36 166 32 41 54
internal_value=-0.00353144 -0.00221033 -0.00707336 -0.00046648 -0.00108448 -0.00655635 -0.00901061 -0.00334788 -0.00236784 -0.0078291 -0.0051134 0.0139627 -0.0104183 -0.00900405
internal_weight=118.592 95.5528 25.2206 70.3322 19.5208 12.7835 23.0393 58.6252 48.1047 10.5205 39.99 11.707 19.9531 13.4209
internal_count=670 513 113 400 89 66 157 347 274 73 232 53 134 95
is_linear=0
shrinkage=0.1


Tree=272
num_leaves=14
num_cat=0
split_feature=1 0 2 3 0 1 2 2 2 3 2 2 0
split_gain=0.370398 0.349283 0.558472 0.313987 0.373267 0.339038 0.271588 0.248209 0.191292 0.140275 0.138455 0.0448993 0.0248485
threshold=1.5000000000000002 3.5000000000000004 1.5000000000000002 2.5000000000000004 1.5000000000000002 3.5000000000000004 1.0000000180025095e-35 2.5000000000000004 3.5000000000000004 1.5000000000000002 3.5000000000000004 1.0000000180025095e-35 3.5000000000000004
decision_type=2 2 2 2 2 2 2 2 2 2 2 2 2
left_child=1 2 -1 4 8 -5 -7 11 9 -2 -4 -6 -9
right_child=3 -3 10 5 7 6 -8 12 -10 -11 -12 -13 -14
leaf_value=-0.042764211559643703 -0.0010503829765990506 -0.0010503829765990506 -0.0074509082494017337 -0.0010503829765990506 0.033034420589385403 0.0078273605471951089 0.033014909197411249 0.008902025358650572 0.008902025358650572 0.008902025358650572 -0.020665869012930171 0.021746800769046611 0.016889548702286806
leaf_weight=5.4581340849399593 11.934840969741346 17.5028176009655 16.435536440461878 28.568964986130595 6.0477673560380962 5.3608145266771299 5.6486656665802002 9.9484935067594034 8.9210376590490359 4.556543067097663 7.9290407598018637 8.4446059763431531 4.1822174787521353
leaf_count=46 57 64 101 136 21 21 23 51 35 23 43 33 16
internal_value=0.000732169 -0.00647791 -0.0138514 0.00437715 0.00939674 -0.00105038 0.0167051 0.0172281 0.000575995 -0.00105038 -0.00745091 0.0264572 0.00890203
internal_weight=140.939 47.3255 29.8227 93.614 54.0355 39.5784 11.0095 28.6231 25.4124 16.4914 24.3646 14.4924 14.1307
internal_count=670 254 190 416 236 180 44 121 115 80 144 54 67
is_linear=0
shrinkage=0.1


Tree=273
num_leaves=14
num_cat=0
split_feature=1 3 3 0 2 1 3 2 2 0 1 3 2
split_gain=0.408645 0.678906 0.607188 0.371145 0.338771 0.151785 0.126202 0.20108 0.0676284 0.361218 0.0657028 0.0638286 0.000473939
threshold=1.5000000000000002 3.5000000000000004 1.0000000180025095e-35 2.5000000000000004 2.5000000000000004 2.5000000000000004 1.0000000180025095e-35 3.5000000000000004 2.5000000000000004 3.5000000000000004 3.5000000000000004 2.5000000000000004 2.5000000000000004
decision_type=2 2 2 2 2 2 2 2 2 2 2 2 2
left_child=1 2 12 4 10 11 -5 -8 9 -4 -2 -6 -1
right_child=3 -3 8 6 5 -7 7 -9 -10 -11 -12 -13 -14
leaf_value=-0.080536980582477879 -0.00073744520347204323 -0.083094975188002629 -0.080963948655662032 0.031848413934282054 -0.00073744520347204323 0.012414522145127546 0.012414522145127546 0.032434963015810114 -0.00073744520347204323 -0.00073744520347204323 0.0076603783575273825 0.0058385384708277525 -0.085451365656412967
leaf_weight=0.29384683445095738 6.1612877212464818 1.1706788372248418 0.71815299312583902 6.5982233732938793 2.0493644922971752 18.670978203415871 10.210803896188734 5.3501074612140647 7.3639500476419926 0.99284264445304871 15.472749173641205 4.83222895860672 0.59076971374452114
leaf_count=38 126 37 66 26 29 66 43 26 76 14 62 38 23
internal_value=0.00672853 -0.0110583 -0.00259084 0.00958337 0.00457001 0.0124145 0.020259 0.0153448 -0.000737445 -0.0250342 -0.000737445 -0.000737445 -0.0838189
internal_weight=80.476 11.1302 9.95956 69.3457 47.1866 25.5526 22.1591 15.5609 9.07495 1.711 21.634 6.88159 0.884617
internal_count=670 254 217 416 321 133 95 69 156 80 188 67 61
is_linear=0
shrinkage=0.1


Tree=274
num_leaves=15
num_cat=0
split_feature=1 3 2 0 3 0 3 2 2 2 2 3 2 3
split_gain=0.115926 0.213666 0.0901797 0.0986493 0.0656129 0.0542066 0.145319 0.0173383 0.11443 3.26154e-06 3.10662e-09 3.28456e-10 2.9708e-10 2.41901e-10
threshold=2.5000000000000004 2.5000000000000004 2.5000000000000004 2.5000000000000004 3.5000000000000004 3.5000000000000004 3.5000000000000004 1.5000000000000002 1.0000000180025095e-35 3.5000000000000004 2.5000000000000004 1.0000000180025095e-35 1.0000000180025095e-35 1.0000000180025095e-35
decision_type=2 2 2 2 2 2 2 2 2 2 2 2 2 2
left_child=1 9 7 4 -4 6 -3 8 -2 10 12 -12 -1 -14
right_child=2 5 3 -5 -6 -7 -8 -9 -10 -11 11 -13 13 -15
leaf_value=-0.080053750448964955 0.0031307062551796244 -0.081093817949425134 0.0031307062551796244 0.035756953095445909 0.022666428526499881 0.0031307062551796244 -0.006868201567616538 0.0031307062551796244 0.044718703681870413 -0.080676355839003983 -0.080082905598766643 -0.080067973773945769 -0.080047985159842225 -0.080034671260130974
leaf_weight=0.022765446003178424 1.3084319755434974 0.28836124698864307 1.3389271718915554 2.9362152367830276 2.3458018004894257 0.75161296385340381 1.0671053530531935 1.397597876377404 0.76381412707269181 0.2181478114798665 0.025348616094561294 0.035172627423889935 0.023364029650110751 0.032811575627420098
leaf_count=50 53 84 51 30 15 21 63 49 19 54 25 49 34 73
internal_value=0.0104776 -0.00896508 0.0152265 0.0220829 0.0111867 0.00313071 -0.0168671 0.00313071 0.0123666 -0.0804349 -0.0800572 -0.0800742 -0.0800441 -0.0800402
internal_weight=12.5555 2.46469 10.0908 6.62094 3.68473 2.10708 1.35547 3.46984 2.07225 0.35761 0.139462 0.0605212 0.0789411 0.0561756
internal_count=670 453 217 96 66 168 147 121 72 285 231 74 157 107
is_linear=0
shrinkage=0.1


Tree=275
num_leaves=13
num_cat=0
split_feature=2 3 2 3 3 3 2 2 3 3 2 3
split_gain=0.172081 0.0457215 0.0335172 0.025021 0.0260726 0.0158656 0.0119386 0.00971106 0.00685238 0.00511234 0.00418114 0.00363566
threshold=1.0000000180025095e-35 1.5000000000000002 1.5000000000000002 1.0000000180025095e-35 3.5000000000000004 2.5000000000000004 3.5000000000000004 2.5000000000000004 2.5000000000000004 1.0000000180025095e-35 3.5000000000000004 3.5000000000000004
decision_type=2 2 2 2 2 2 2 2 2 2 2 2
left_child=1 -1 8 6 5 7 -4 -5 9 -2 -7 -3
right_child=2 11 3 4 -6 10 -8 -9 -10 -11 -12 -13
leaf_value=0.0096714892317875667 -0.0047467940544998312 0.00041280325358326669 -0.016591425602867679 -0.01222300964924539 -0.017776979205315208 -0.0007638101610319989 -0.0094775215440638348 -0.0071149673886331134 -0.006890867558323837 0.00074272461124186371 -0.0062181874849373065 -0.006298291343407425
leaf_weight=7.3597182855010015 3.5285327136516553 1.2137684745248409 7.3502577906474453 5.9382990440353813 2.7140176361426702 3.5281997453421345 3.474028030410409 9.9714967366307956 5.3543350175023079 3.2674530912190676 2.3358877417631447 2.4100748524069786
leaf_count=40 18 57 68 62 55 73 23 143 39 35 27 30
internal_value=-0.00613542 0.00514415 -0.00874569 -0.0103045 -0.00853473 -0.00738273 -0.0143082 -0.00902153 -0.0042154 -0.00210748 -0.00293649 -0.00405048
internal_weight=58.4461 10.9836 47.4625 35.3122 24.4879 21.7739 10.8243 15.9098 12.1503 6.79599 5.86409 3.62384
internal_count=670 127 543 451 360 305 91 205 92 53 100 87
is_linear=0
shrinkage=0.1


Tree=276
num_leaves=11
num_cat=0
split_feature=1 3 3 2 2 0 0 3 2 3
split_gain=0.085763 0.537772 0.260889 0.102275 0.149662 0.366576 0.088562 0.00290072 0.0218038 0.000544031
threshold=1.0000000180025095e-35 1.5000000000000002 1.5000000000000002 1.0000000180025095e-35 2.5000000000000004 2.5000000000000004 3.5000000000000004 1.0000000180025095e-35 3.5000000000000004 1.0000000180025095e-35
decision_type=2 2 2 2 2 2 2 2 2 2
left_child=1 9 3 -2 5 -5 -4 -6 -9 -1
right_child=2 -3 6 4 7 -7 -8 8 -10 -11
leaf_value=-0.026043170167156744 0.013341961607349276 -0.0048437891270309303 -0.0048437891270309303 -0.0048437891270309303 0.010410003804078138 0.022932536434884465 0.013997858743299136 0.012325304263900501 0.0025674959709686253 -0.024765124403526077
leaf_weight=7.078358978033064 9.9900811612606031 18.750101178884506 45.482396475970745 8.1725440919399279 5.3717259559780333 4.7900217771530142 3.0347768235951653 4.6146555244922638 4.5456902198493481 6.2907134294509888
leaf_count=32 36 67 319 47 38 21 27 29 29 25
internal_value=-0.00346255 -0.00787173 -0.00181585 0.0046764 0.00152779 -0.00484379 -0.00484379 0.00856504 0.00748313 -0.0254418
internal_weight=118.121 32.1192 86.0019 37.4847 27.4946 12.9626 48.5172 14.5321 9.16035 13.3691
internal_count=670 124 546 200 164 68 346 96 58 57
is_linear=0
shrinkage=0.1


Tree=277
num_leaves=20
num_cat=0
split_feature=2 3 0 1 3 1 3 3 3 1 1 2 0 1 3 0 3 2 1
split_gain=0.317678 0.711418 0.57162 1.16592 0.377089 0.30872 0.284008 0.264562 0.425713 0.285139 0.224557 0.150299 0.0530522 0.0319651 0.024652 0.0158138 0.0131616 0.00729128 0.0101275
threshold=3.5000000000000004 2.5000000000000004 1.5000000000000002 3.5000000000000004 1.5000000000000002 1.5000000000000002 3.5000000000000004 1.5000000000000002 2.5000000000000004 2.5000000000000004 2.5000000000000004 1.5000000000000002 3.5000000000000004 1.0000000180025095e-35 1.5000000000000002 1.0000000180025095e-35 3.5000000000000004 1.5000000000000002 1.5000000000000002
decision_type=2 2 2 2 2 2 2 2 2 2 2 2 2 2 2 2 2 2 2
left_child=2 5 3 7 10 -2 17 9 -9 15 12 -10 -4 -8 -7 -1 -3 -6 -19
right_child=1 16 4 -5 6 14 13 8 11 -11 -12 -13 -14 -15 -16 -17 -18 18 -20
leaf_value=-0.051980281105876804 -0.016267885565793099 -0.031788479424926033 0.0067584094157747262 0.00070413841484532062 0.00070413841484532062 0.015355095116325601 0.0097462689736852112 -0.010440031990525558 -0.042791159575559762 -0.012189554826608462 0.033210682612182331 -0.01956426640249509 0.017462111905974916 0.019779754056439385 0.0071535562825087717 -0.042188696727983893 -0.024971865406755042 0.0014792879247276329 0.006582719741896545
leaf_weight=2.7562361638993043 5.9561508446931866 5.038957601413129 8.8699100166559255 8.1253786087036115 14.869930371642111 6.3802345544099781 5.1698557138442984 5.8412109687924412 5.2157011330127698 3.8747557401657104 7.1441971212625495 5.9803594648838043 9.6885162442922592 8.2297351062297803 8.6114348471164703 4.1074303928762674 6.4686724990606308 5.6067242622375515 12.687929347157477
leaf_count=37 34 27 36 27 67 35 17 47 27 16 29 24 35 39 34 35 27 21 56
internal_value=0.000695666 -0.00798134 0.00329918 -0.00701466 0.00842294 0.00299208 0.00305614 -0.0215842 -0.013836 -0.0338773 0.0181457 -0.0303845 0.0123463 0.0159086 0.010644 -0.0461207 -0.0279567 0.000704138 0.00501868
internal_weight=140.623 32.4555 108.168 35.9011 72.2668 20.9478 46.5642 27.7757 17.0373 10.7384 25.7026 11.1961 18.5584 13.3996 14.9917 6.86367 11.5076 33.1646 18.2947
internal_count=670 157 513 213 300 103 200 186 98 88 100 51 71 56 69 72 54 144 77
is_linear=0
shrinkage=0.1


Tree=278
num_leaves=16
num_cat=0
split_feature=0 1 2 2 1 3 2 3 2 2 2 3 3 3 3
split_gain=0.398892 1.18656 0.373845 0.315371 0.25731 0.155607 0.133486 0.0876298 0.151201 0.0699171 0.0481942 0.0142887 1.82847e-05 3.52263e-06 8.95682e-07
threshold=1.5000000000000002 2.5000000000000004 2.5000000000000004 3.5000000000000004 3.5000000000000004 2.5000000000000004 1.0000000180025095e-35 1.5000000000000002 3.5000000000000004 3.5000000000000004 2.5000000000000004 1.0000000180025095e-35 2.5000000000000004 1.0000000180025095e-35 1.5000000000000002
decision_type=2 2 2 2 2 2 2 2 2 2 2 2 2 2 2
left_child=1 2 12 4 11 -5 -6 8 -4 -9 -3 -2 13 -1 -15
right_child=3 10 7 5 6 -7 -8 9 -10 -11 -12 -13 -14 14 -16
leaf_value=-0.080698521865525896 0.010588475682556891 -0.0080091517461548488 -0.081774021588719492 0.015976635823147189 0.010588475682556891 0.037194741766459476 0.024358289267557426 -0.018783703436439252 -0.018224908415225487 -0.046471639219830101 0.0040320424373894879 0.0040320424373894879 -0.081695783451936288 -0.081255901688598059 -0.08103403384985014
leaf_weight=0.24342796765268093 4.6434467406943467 7.2306161671876916 0.52317506168037631 8.9877519160509092 6.0528607070446041 5.6160735934972754 10.878766417503355 1.4535371586680415 0.62464093789458275 2.448002316057682 11.957262247800827 18.141149391420186 0.70794924814254045 0.34161868691444397 0.3893153986427933
leaf_count=25 51 39 27 44 21 24 42 19 17 36 43 186 38 20 38
internal_value=0.00670035 -0.00350669 -0.0404819 0.0115708 0.00695037 0.0241363 0.0171449 -0.0268793 -0.0182249 -0.0361564 0.00403204 0.00403204 -0.081309 -0.081028 -0.0811377
internal_weight=80.2396 25.9195 6.73167 54.32 39.7162 14.6038 16.9316 5.04936 1.14782 3.90154 19.1879 22.7846 1.68231 0.974362 0.730934
internal_count=670 302 220 368 300 68 63 99 44 55 82 237 121 83 58
is_linear=0
shrinkage=0.1


Tree=279
num_leaves=16
num_cat=0
split_feature=0 2 3 3 2 1 1 3 2 2 3 3 2 2 2
split_gain=0.107861 0.320571 0.0780456 0.127013 0.0977652 0.0786021 0.0660846 0.0656696 0.00468067 0.000261568 4.21978e-06 6.61843e-07 2.70623e-08 2.77117e-08 3.27112e-10
threshold=1.5000000000000002 3.5000000000000004 2.5000000000000004 3.5000000000000004 1.5000000000000002 2.5000000000000004 3.5000000000000004 1.0000000180025095e-35 1.5000000000000002 3.5000000000000004 2.5000000000000004 3.5000000000000004 1.5000000000000002 2.5000000000000004 1.0000000180025095e-35
decision_type=2 2 2 2 2 2 2 2 2 2 2 2 2 2 2
left_child=1 10 7 4 -4 -6 -3 9 -9 -2 12 -12 14 -14 -1
right_child=2 6 3 -5 5 -7 -8 8 -10 -11 11 -13 13 -15 -16
leaf_value=-0.080052598475601783 0.024397562879408363 -0.016342798218241243 0.0087080177468573418 0.0060261503188069028 0.019856845894912087 0.055990095314462564 0.0060261503188069028 0.044226821518908339 0.0060261503188069028 0.026843695725635015 -0.080906421627532754 -0.080611979499665809 -0.080215739949902942 -0.080114107378676414 -0.080028252666814112
leaf_weight=0.011725340780686877 0.89265053332201028 1.3369438055669889 1.0860755853354933 1.878260185010731 0.8946904349140824 1.840490996837616 1.7087795957922935 0.76490833482239395 0.79526223833090626 0.856663778424263 0.23380957951303571 0.11335003993008286 0.051232911646366119 0.05632206192240119 0.010426191904116422
leaf_count=28 65 67 25 62 51 10 22 42 106 7 46 25 41 43 30
internal_value=0.0105439 -0.00429281 0.0163451 0.0234974 0.0340915 0.0441707 0.00602615 0.00602615 0.00602615 0.0255955 -0.0806285 -0.0808103 -0.0801418 -0.0801625 -0.0800411
internal_weight=12.5316 3.52259 9.009 5.69952 3.82126 2.73518 3.04572 3.30948 1.56017 1.74931 0.476866 0.34716 0.129707 0.107555 0.0221515
internal_count=670 302 368 148 86 61 89 220 148 72 213 71 142 84 58
is_linear=0
shrinkage=0.1


end of trees

feature_importances:
In4=1697
In3=1517
In1=563
In2=520

parameters:
[boosting: gbdt]
[objective: multiclass]
[metric: multi_logloss]
[tree_learner: serial]
[device_type: cpu]
[data_sample_strategy: bagging]
[data: ]
[valid: ]
[num_iterations: 500]
[learning_rate: 0.1]
[num_leaves: 31]
[num_threads: 0]
[seed: 0]
[deterministic: 0]
[force_col_wise: 0]
[force_row_wise: 0]
[histogram_pool_size: -1]
[max_depth: 6]
[min_data_in_leaf: 20]
[min_sum_hessian_in_leaf: 0.001]
[bagging_fraction: 1]
[pos_bagging_fraction: 1]
[neg_bagging_fraction: 1]
[bagging_freq: 0]
[bagging_seed: 3]
[bagging_by_query: 0]
[feature_fraction: 1]
[feature_fraction_bynode: 1]
[feature_fraction_seed: 2]
[extra_trees: 0]
[extra_seed: 6]
[early_stopping_round: 0]
[early_stopping_min_delta: 0]
[first_metric_only: 0]
[max_delta_step: 0]
[lambda_l1: 0]
[lambda_l2: 0]
[linear_lambda: 0]
[min_gain_to_split: 0]
[drop_rate: 0.1]
[max_drop: 50]
[skip_drop: 0.5]
[xgboost_dart_mode: 0]
[uniform_drop: 0]
[drop_seed: 4]
[top_rate: 0.2]
[other_rate: 0.1]
[min_data_per_group: 100]
[max_cat_threshold: 32]
[cat_l2: 10]
[cat_smooth: 10]
[max_cat_to_onehot: 4]
[top_k: 20]
[monotone_constraints: 1,1,0,0]
[monotone_constraints_method: basic]
[monotone_penalty: 0]
[feature_contri: ]
[forcedsplits_filename: ]
[refit_decay_rate: 0.9]
[cegb_tradeoff: 1]
[cegb_penalty_split: 0]
[cegb_penalty_feature_lazy: ]
[cegb_penalty_feature_coupled: ]
[path_smooth: 0]
[interaction_constraints: ]
[verbosity: -1]
[saved_feature_importance_type: 0]
[use_quantized_grad: 0]
[num_grad_quant_bins: 4]
[quant_train_renew_leaf: 0]
[stochastic_rounding: 1]
[linear_tree: 0]
[max_bin: 255]
[max_bin_by_feature: ]
[min_data_in_bin: 3]
[bin_construct_sample_cnt: 200000]
[data_random_seed: 1]
[is_enable_sparse: 1]
[enable_bundle: 1]
[use_missing: 1]
[zero_as_missing: 0]
[feature_pre_filter: 1]
[pre_partition: 0]
[two_round: 0]
[header: 0]
[label_column: ]
[weight_column: ]
[group_column: ]
[ignore_column: ]
[categorical_feature: ]
[forcedbins_filename: ]
[precise_float_parser: 0]
[parser_config_file: ]
[objective_seed: 5]
[num_class: 5]
[is_unbalance: 0]
[scale_pos_weight: 1]
[sigmoid: 1]
[boost_from_average: 1]
[reg_sqrt: 0]
[alpha: 0.9]
[fair_c: 1]
[poisson_max_delta_step: 0.7]
[tweedie_variance_power: 1.5]
[lambdarank_truncation_level: 30]
[lambdarank_norm: 1]
[label_gain: ]
[lambdarank_position_bias_regularization: 0]
[eval_at: ]
[multi_error_top_k: 1]
[auc_mu_weights: ]
[num_machines: 1]
[local_listen_port: 12400]
[time_out: 120]
[machine_list_filename: ]
[machines: ]
[gpu_platform_id: -1]
[gpu_device_id: -1]
[gpu_use_dp: 0]
[num_gpu: 1]

end of parameters

pandas_categorical:[]
