{"learner":{"attributes":{},"feature_names":["RI","Na","Mg","Al","Si","K","Ca","Ba","Fe"],"feature_types":["float","float","float","float","float","float","float","float","float"],"gradient_booster":{"model":{"gbtree_model_param":{"num_parallel_tree":"1","num_trees":"20"},"iteration_indptr":[0,2,4,6,8,10,12,14,16,18,20],"tree_info":[0,1,0,1,0,1,0,1,0,1,0,1,0,1,0,1,0,1,0,1],"trees":[{"base_weights":[2.8947368E-1,-6.363636E-1,6.4285713E-1,9.7402633E-4,2.4893619E-1,-2.1000001E-1,-0E0],"categories":[],"categories_nodes":[],"categories_segments":[],"categories_sizes":[],"default_left":[0,0,0,0,0,0,0],"id":0,"left_children":[1,5,3,-1,-1,-1,-1],"loss_changes":[1.28417635E1,4.4545507E-1,4.5996227E0,0E0,0E0,0E0,0E0],"parents":[2147483647,0,0,2,2,1,1],"right_children":[2,6,4,-1,-1,-1,-1],"split_conditions":[1.5172E0,1.343E1,3.33E0,9.7402633E-4,2.4893619E-1,-2.1000001E-1,-0E0],"split_indices":[0,1,2,0,0,0,0],"split_type":[0,0,0,0,0,0,0],"sum_hessian":[3.7E1,1E1,2.7E1,4.5E0,2.25E1,9E0,1E0],"tree_param":{"num_deleted":"0","num_feature":"9","num_nodes":"7","size_leaf_vector":"1"}},{"base_weights":[-2.8947368E-1,-6.923077E-1,5.3846157E-1,-2.4893619E-1,-2.3076922E-2,3.3333335E-2,2.0526317E-1],"categories":[],"categories_nodes":[],"categories_segments":[],"categories_sizes":[],"default_left":[0,0,0,0,0,0,0],"id":1,"left_children":[1,3,5,-1,-1,-1,-1],"loss_changes":[1.3046557E1,3.4678326E0,7.336936E-1,0E0,0E0,0E0,0E0],"parents":[2147483647,0,0,1,1,2,2],"right_children":[2,4,6,-1,-1,-1,-1],"split_conditions":[1.43E0,1.9E-1,1.285E1,-2.4893619E-1,-2.3076922E-2,3.3333335E-2,2.0526317E-1],"split_indices":[3,8,1,0,0,0,0],"split_type":[0,0,0,0,0,0,0],"sum_hessian":[3.7E1,2.5E1,1.2E1,2.25E1,2.5E0,3.5E0,8.5E0],"tree_param":{"num_deleted":"0","num_feature":"9","num_nodes":"7","size_leaf_vector":"1"}},{"base_weights":[2.0067742E-1,-5.0538963E-1,4.750437E-1,-4.5518875E-3,1.9525485E-1,-1.6668145E-1,-3.3669278E-2],"categories":[],"categories_nodes":[],"categories_segments":[],"categories_sizes":[],"default_left":[0,0,0,0,0,0,0],"id":2,"left_children":[1,5,3,-1,-1,-1,-1],"loss_changes":[7.3081727E0,1.4878678E-1,3.466875E0,0E0,0E0,0E0,0E0],"parents":[2147483647,0,0,2,2,1,1],"right_children":[2,6,4,-1,-1,-1,-1],"split_conditions":[1.5172E0,1.1E-1,3.33E0,-4.5518875E-3,1.9525485E-1,-1.6668145E-1,-3.3669278E-2],"split_indices":[0,8,2,0,0,0,0],"split_type":[0,0,0,0,0,0,0],"sum_hessian":[3.548593E1,9.694815E0,2.5791117E1,4.460962E0,2.1330154E1,8.230424E0,1.4643914E0],"tree_param":{"num_deleted":"0","num_feature":"9","num_nodes":"7","size_leaf_vector":"1"}},{"base_weights":[-2.0067745E-1,-5.16894E-1,4.335454E-1,-1.9527471E-1,-1.2502287E-2,6.24593E-2,2.1072853E-1],"categories":[],"categories_nodes":[],"categories_segments":[],"categories_sizes":[],"default_left":[0,0,0,0,0,0,0],"id":3,"left_children":[1,3,5,-1,-1,-1,-1],"loss_changes":[7.5414157E0,2.6854558E0,6.222415E-1,0E0,0E0,0E0,0E0],"parents":[2147483647,0,0,1,1,2,2],"right_children":[2,4,6,-1,-1,-1,-1],"split_conditions":[1.43E0,1.9E-1,6.5E-1,-1.9527471E-1,-1.2502287E-2,6.24593E-2,2.1072853E-1],"split_indices":[3,8,5,0,0,0,0],"split_type":[0,0,0,0,0,0,0],"sum_hessian":[3.5485935E1,2.380301E1,1.1682923E1,2.1330563E1,2.4724472E0,7.3213177E0,4.361606E0],"tree_param":{"num_deleted":"0","num_feature":"9","num_nodes":"7","size_leaf_vector":"1"}},{"base_weights":[1.4042944E-1,-4.2283875E-1,3.677153E-1,-8.268517E-3,1.6381465E-1,-1.4076692E-1,-2.5415432E-2],"categories":[],"categories_nodes":[],"categories_segments":[],"categories_sizes":[],"default_left":[0,0,0,0,0,0,0],"id":4,"left_children":[1,5,3,-1,-1,-1,-1],"loss_changes":[4.452059E0,1.1887133E-1,2.7843432E0,0E0,0E0,0E0,0E0],"parents":[2147483647,0,0,2,2,1,1],"right_children":[2,6,4,-1,-1,-1,-1],"split_conditions":[1.5172E0,1.1E-1,3.33E0,-8.268517E-3,1.6381465E-1,-1.4076692E-1,-2.5415432E-2],"split_indices":[0,8,2,0,0,0,0],"split_type":[0,0,0,0,0,0,0],"sum_hessian":[3.2560986E1,9.113986E0,2.3446999E1,4.3733964E0,1.9073603E1,7.673567E0,1.4404194E0],"tree_param":{"num_deleted":"0","num_feature":"9","num_nodes":"7","size_leaf_vector":"1"}},{"base_weights":[-1.4042936E-1,-4.0591148E-1,3.6597455E-1,-1.6436289E-1,-5.9905397E-3,5.196662E-2,1.8164183E-1],"categories":[],"categories_nodes":[],"categories_segments":[],"categories_sizes":[],"default_left":[0,0,0,0,0,0,0],"id":5,"left_children":[1,3,5,-1,-1,-1,-1],"loss_changes":[4.660532E0,2.2441316E0,4.5226216E-1,0E0,0E0,0E0,0E0],"parents":[2147483647,0,0,1,1,2,2],"right_children":[2,4,6,-1,-1,-1,-1],"split_conditions":[1.43E0,1.9E-1,6.5E-1,-1.6436289E-1,-5.9905397E-3,5.196662E-2,1.8164183E-1],"split_indices":[3,8,5,0,0,0,0],"split_type":[0,0,0,0,0,0,0],"sum_hessian":[3.256098E1,2.1492165E1,1.1068818E1,1.9075531E1,2.4166334E0,7.087744E0,3.9810743E0],"tree_param":{"num_deleted":"0","num_feature":"9","num_nodes":"7","size_leaf_vector":"1"}},{"base_weights":[9.361514E-2,-3.7670183E-1,3.0148593E-1,-1.1282386E-2,1.6922966E-1,-2.225531E-1,-3.9102457E-2],"categories":[],"categories_nodes":[],"categories_segments":[],"categories_sizes":[],"default_left":[0,0,0,0,0,0,0],"id":6,"left_children":[1,5,3,-1,-1,-1,-1],"loss_changes":[3.0843992E0,7.8115284E-1,2.3485188E0,0E0,0E0,0E0,0E0],"parents":[2147483647,0,0,2,2,1,1],"right_children":[2,6,4,-1,-1,-1,-1],"split_conditions":[3.45E0,4.5E-1,8.38E0,-1.1282386E-2,1.6922966E-1,-2.225531E-1,-3.9102457E-2],"split_indices":[2,5,6,0,0,0,0],"split_type":[0,0,0,0,0,0,0],"sum_hessian":[2.9387396E1,8.758563E0,2.0628832E1,8.269067E0,1.2359766E1,2.7183537E0,6.04021E0],"tree_param":{"num_deleted":"0","num_feature":"9","num_nodes":"7","size_leaf_vector":"1"}},{"base_weights":[-9.361511E-2,-3.2080734E-1,3.158365E-1,-1.427186E-1,-7.4562733E-4,4.377432E-2,1.6202481E-1],"categories":[],"categories_nodes":[],"categories_segments":[],"categories_sizes":[],"default_left":[0,0,0,0,0,0,0],"id":7,"left_children":[1,3,5,-1,-1,-1,-1],"loss_changes":[2.9280863E0,1.9306772E0,3.5360003E-1,0E0,0E0,0E0,0E0],"parents":[2147483647,0,0,1,1,2,2],"right_children":[2,4,6,-1,-1,-1,-1],"split_conditions":[1.43E0,1.9E-1,6.5E-1,-1.427186E-1,-7.4562733E-4,4.377432E-2,1.6202481E-1],"split_indices":[3,8,5,0,0,0,0],"split_type":[0,0,0,0,0,0,0],"sum_hessian":[2.9387396E1,1.9039469E1,1.0347927E1,1.6687424E1,2.3520458E0,6.8261294E0,3.5217972E0],"tree_param":{"num_deleted":"0","num_feature":"9","num_nodes":"7","size_leaf_vector":"1"}},{"base_weights":[5.8318414E-2,-3.576464E-1,2.5629047E-1,-1.5203391E-2,1.5307418E-1,-2.08555E-1,-3.8040444E-2],"categories":[],"categories_nodes":[],"categories_segments":[],"categories_sizes":[],"default_left":[0,0,0,0,0,0,0],"id":8,"left_children":[1,5,3,-1,-1,-1,-1],"loss_changes":[2.3879092E0,6.449928E-1,1.8233875E0,0E0,0E0,0E0,0E0],"parents":[2147483647,0,0,2,2,1,1],"right_children":[2,6,4,-1,-1,-1,-1],"split_conditions":[3.45E0,4.5E-1,8.38E0,-1.5203391E-2,1.5307418E-1,-2.08555E-1,-3.8040444E-2],"split_indices":[2,5,6,0,0,0,0],"split_type":[0,0,0,0,0,0,0],"sum_hessian":[2.6884205E1,8.409084E0,1.847512E1,7.839209E0,1.0635911E1,2.5983522E0,5.810732E0],"tree_param":{"num_deleted":"0","num_feature":"9","num_nodes":"7","size_leaf_vector":"1"}},{"base_weights":[-5.831844E-2,-1.7852136E-1,1.7086902E-1,-9.555784E-2,5.8656305E-2],"categories":[],"categories_nodes":[],"categories_segments":[],"categories_sizes":[],"default_left":[0,0,0,0,0],"id":9,"left_children":[1,3,-1,-1,-1],"loss_changes":[2.2061903E0,1.9800093E0,0E0,0E0,0E0],"parents":[2147483647,0,0,1,1],"right_children":[2,4,-1,-1,-1],"split_conditions":[6.7E-1,2E-1,1.7086902E-1,-9.555784E-2,5.8656305E-2],"split_indices":[5,8,0,0,0],"split_type":[0,0,0,0,0],"sum_hessian":[2.6884205E1,2.3165108E1,3.7190971E0,1.94323E1,3.7328076E0],"tree_param":{"num_deleted":"0","num_feature":"9","num_nodes":"5","size_leaf_vector":"1"}},{"base_weights":[3.1628326E-2,-3.3719376E-1,2.189686E-1,-1.7733775E-2,1.3960725E-1,-1.9655687E-1,-3.4718834E-2],"categories":[],"categories_nodes":[],"categories_segments":[],"categories_sizes":[],"default_left":[0,0,0,0,0,0,0],"id":10,