{"learner":{"attributes":{},"feature_names":["age","anaemia","creatinine_phosphokinase","diabetes","ejection_fraction","high_blood_pressure","platelets","serum_creatinine","serum_sodium","sex","smoking"],"feature_types":["int","int","int","int","int","int","float","float","int","int","int"],"gradient_booster":{"model":{"gbtree_model_param":{"num_parallel_tree":"1","num_trees":"20"},"iteration_indptr":[0,2,4,6,8,10,12,14,16,18,20],"tree_info":[0,1,0,1,0,1,0,1,0,1,0,1,0,1,0,1,0,1,0,1],"trees":[{"base_weights":[3.1753555E-1,-1.9148937E-1,4.5783132E-1,3.9951295E-2,1.8196721E-1,-2.0000002E-1,-3.4883723E-2],"categories":[],"categories_nodes":[],"categories_segments":[],"categories_sizes":[],"default_left":[0,0,0,0,0,0,0],"id":0,"left_children":[1,5,3,-1,-1,-1,-1],"loss_changes":[7.621853E0,7.6232886E-1,4.9034805E0,0E0,0E0,0E0,0E0],"parents":[2147483647,0,0,2,2,1,1],"right_children":[2,6,4,-1,-1,-1,-1],"split_conditions":[3E1,1.3E5,1.36E2,3.9951295E-2,1.8196721E-1,-2.0000002E-1,-3.4883723E-2],"split_indices":[4,6,8,0,0,0,0],"split_type":[0,0,0,0,0,0,0],"sum_hessian":[1.045E2,2.25E1,8.2E1,2.2E1,6E1,2E0,2.05E1],"tree_param":{"num_deleted":"0","num_feature":"11","num_nodes":"7","size_leaf_vector":"1"}},{"base_weights":[-3.1753555E-1,-4.827586E-1,4.3589744E-1,-2.526316E-1,-1.1304348E-1,-7.029176E-3,1.7272727E-1],"categories":[],"categories_nodes":[],"categories_segments":[],"categories_sizes":[],"default_left":[0,0,0,0,0,0,0],"id":1,"left_children":[1,3,5,-1,-1,-1,-1],"loss_changes":[1.334355E1,2.9949207E0,1.8092344E0,0E0,0E0,0E0,0E0],"parents":[2147483647,0,0,1,1,2,2],"right_children":[2,4,6,-1,-1,-1,-1],"split_conditions":[1.83E0,9E-1,6.6E1,-2.526316E-1,-1.1304348E-1,-7.029176E-3,1.7272727E-1],"split_indices":[7,7,2,0,0,0,0],"split_type":[0,0,0,0,0,0,0],"sum_hessian":[1.045E2,8.6E1,1.85E1,1.8E1,6.8E1,3E0,1.55E1],"tree_param":{"num_deleted":"0","num_feature":"11","num_nodes":"7","size_leaf_vector":"1"}},{"base_weights":[2.2627302E-1,-1.9477049E-1,3.4457687E-1,2.2470959E-2,1.3772321E-1,-1.057641E-1,-4.3365015E-3],"categories":[],"categories_nodes":[],"categories_segments":[],"categories_sizes":[],"default_left":[0,0,0,0,0,0,0],"id":2,"left_children":[1,5,3,-1,-1,-1,-1],"loss_changes":[5.2318587E0,6.6011596E-1,3.2976828E0,0E0,0E0,0E0,0E0],"parents":[2147483647,0,0,2,2,1,1],"right_children":[2,6,4,-1,-1,-1,-1],"split_conditions":[3E1,1E0,1.35E2,2.2470959E-2,1.3772321E-1,-1.057641E-1,-4.3365015E-3],"split_indices":[4,1,8,0,0,0,0],"split_type":[0,0,0,0,0,0,0],"sum_hessian":[1.0268674E2,2.238218E1,8.030456E1,1.8860678E1,6.144388E1,1.1427725E1,1.0954455E1],"tree_param":{"num_deleted":"0","num_feature":"11","num_nodes":"7","size_leaf_vector":"1"}},{"base_weights":[-2.2627307E-1,-3.6281273E-1,3.8623697E-1,-1.2559327E-1,3.5136358E-3,3.584163E-2,2.1489803E-1],"categories":[],"categories_nodes":[],"categories_segments":[],"categories_sizes":[],"default_left":[0,0,0,0,0,0,0],"id":3,"left_children":[1,3,5,-1,-1,-1,-1],"loss_changes":[8.811651E0,2.559517E0,1.6213722E0,0E0,0E0,0E0,0E0],"parents":[2147483647,0,0,1,1,2,2],"right_children":[2,4,6,-1,-1,-1,-1],"split_conditions":[1.83E0,7.7E1,6.9E1,-1.2559327E-1,3.5136358E-3,3.584163E-2,2.1489803E-1],"split_indices":[7,0,0,0,0,0,0],"split_type":[0,0,0,0,0,0,0],"sum_hessian":[1.0268674E2,8.4301956E1,1.8384779E1,7.74252E1,6.8767576E0,1.09209E1,7.4638796E0],"tree_param":{"num_deleted":"0","num_feature":"11","num_nodes":"7","size_leaf_vector":"1"}},{"base_weights":[1.5961903E-1,-2.0399986E-1,2.656526E-1,1.1716363E-2,1.2142925E-1,-1.895235E-1,-4.0488362E-2],"categories":[],"categories_nodes":[],"categories_segments":[],"categories_sizes":[],"default_left":[0,0,0,0,0,0,0],"id":4,"left_children":[1,5,3,-1,-1,-1,-1],"loss_changes":[3.9131744E0,5.987519E-1,2.4405947E0,0E0,0E0,0E0,0E0],"parents":[2147483647,0,0,2,2,1,1],"right_children":[2,6,4,-1,-1,-1,-1],"split_conditions":[3E1,1.3E2,1.37E2,1.1716363E-2,1.2142925E-1,-1.895235E-1,-4.0488362E-2],"split_indices":[4,8,8,0,0,0,0],"split_type":[0,0,0,0,0,0,0],"sum_hessian":[9.908817E1,2.2162575E1,7.69256E1,2.974875E1,4.717685E1,1.9472619E0,2.0215313E1],"tree_param":{"num_deleted":"0","num_feature":"11","num_nodes":"7","size_leaf_vector":"1"}},{"base_weights":[-1.5961908E-1,-2.765494E-1,3.4920758E-1,-1.8432672E-1,-5.4904554E-2,3.3326525E-2,1.941211E-1],"categories":[],"categories_nodes":[],"categories_segments":[],"categories_sizes":[],"default_left":[0,0,0,0,0,0,0],"id":5,"left_children":[1,3,5,-1,-1,-1,-1],"loss_changes":[6.051546E0,2.4771886E0,1.2859869E0,0E0,0E0,0E0,0E0],"parents":[2147483647,0,0,1,1,2,2],"right_children":[2,4,6,-1,-1,-1,-1],"split_conditions":[1.83E0,9E-1,6.9E1,-1.8432672E-1,-5.4904554E-2,3.3326525E-2,1.941211E-1],"split_indices":[7,7,0,0,0,0,0],"split_type":[0,0,0,0,0,0,0],"sum_hessian":[9.908818E1,8.0943535E1,1.8144642E1,1.634211E1,6.4601425E1,1.0846566E1,7.2980747E0],"tree_param":{"num_deleted":"0","num_feature":"11","num_nodes":"7","size_leaf_vector":"1"}},{"base_weights":[1.1744552E-1,-1.9510096E-1,2.1229163E-1,6.7376834E-3,1.0010994E-1,-8.586428E-2,2.5785998E-3],"categories":[],"categories_nodes":[],"categories_segments":[],"categories_sizes":[],"default_left":[0,0,0,0,0,0,0],"id":6,"left_children":[1,5,3,-1,-1,-1,-1],"loss_changes":[2.8943086E0,4.8261684E-1,1.7051971E0,0E0,0E0,0E0,0E0],"parents":[2147483647,0,0,2,2,1,1],"right_children":[2,6,4,-1,-1,-1,-1],"split_conditions":[3E1,2.74E5,1.37E2,6.7376834E-3,1.0010994E-1,-8.586428E-2,2.5785998E-3],"split_indices":[4,6,8,0,0,0,0],"split_type":[0,0,0,0,0,0,0],"sum_hessian":[9.523896E1,2.1926737E1,7.3312225E1,2.9059711E1,4.425251E1,1.5498983E1,6.4277544E0],"tree_param":{"num_deleted":"0","num_feature":"11","num_nodes":"7","size_leaf_vector":"1"}},{"base_weights":[-1.1744549E-1,-2.529905E-1,2.151841E-1,-5.670961E-3,1.5477133E-1,-9.5862634E-2,-5.670961E-3],"categories":[],"categories_nodes":[],"categories_segments":[],"categories_sizes":[],"default_left":[0,0,0,0,0,0,0],"id":7,"left_children":[1,5,3,-1,-1,-1,-1],"loss_changes":[4.3934975E0,1.4796062E0,2.9340067E0,0E0,0E0,0E0,0E0],"parents":[2147483647,0,0,2,2,1,1],"right_children":[2,6,4,-1,-1,-1,-1],"split_conditions":[6.9E1,1.83E0,1.2E0,-5.670961E-3,1.5477133E-1,-9.5862634E-2,-5.670961E-3],"split_indices":[0,7,7,0,0,0,0],"split_type":[0,0,0,0,0,0,0],"sum_hessian":[9.523896E1,6.783566E1,2.74033E1,1.270234E1,1.4700958E1,5.710715E1,1.0728511E1],"tree_param":{"num_deleted":"0","num_feature":"11","num_nodes":"7","size_leaf_vector":"1"}},{"base_weights":[8.748373E-2,-1.8042988E-1,1.7193083E-1,3.3126272E-2,1.4640892E-1,-1.7333068E-1,-3.5078444E-2],"categories":[],"categories_nodes":[],"categories_segments":[],"categories_sizes":[],"default_left":[0,0,0,0,0,0,0],"id":8,"left_children":[1,5,3,-1,-1,-1,-1],"loss_changes":[2.12812E0,5.052644E-1,1.326364E0,0E0,0E0,0E0,0E0],"parents":[2147483647,0,0,2,2,1,1],"right_children":[2,6,4,-1,-1,-1,-1],"split_conditions":[3E1,1.3E2,6E1,3.3126272E-2,1.4640892E-1,-1.7333068E-1,-3.5078444E-2],"split_indices":[4,8,4,0,0,0,0],"split_type":[0,0,0,0,0,0,0],"sum_hessian":[9.169137E1,2.1702442E1,6.998893E1,5.971773E1,1.0271196E1,1.8745646E0,1.9827877E1],"tree_param":{"num_deleted":"0","num_feature":"11","num_nodes":"7","size_leaf_vector":"1"}},{"base_weights":[-8.7483734E-2,-1.6918811E-1,3.4441084E-1,-8.364177E-2,2.1924566E-2,2.628341E-2,1.3687752E-1],"categories":[],"categories_nodes":[],"categories_segments":[],"categories_sizes":[],"default_left":[0,0,0,0,0,0,0],"id":9,"left_children":[1,3,5,-1,-1,-1,-1],"loss_changes":[3.3291345E0,2.1081991E0,5.443983E-1,0E0,0E0,0E0,0E0],"parents":[2147483647,0,0,1,1,2,2],"right_children":[2,4,6,-1,-1,-1,-1],"split_conditions":[7.5E1,1.3E0,1.11E2,-8.364177E-2,2.1924566E-2,2.628341E-2,1.3687752E-1],"split_indices":[0,7,2,0,0,0,0],"split_type":[0,0,0,0,0,0,0],"sum_hessian":[9.169137E1,7.761642E1,1.4074951E1,5.3334034E1,2.4282385E1,3.6974707E0,1.0377481E1],"tree_param":{"num_deleted":"0","num_feature":"11","num_nodes":"7",