{"learner":{"attributes":{},"feature_names":[],"feature_types":[],"gradient_booster":{"model":{"gbtree_model_param":{"num_parallel_tree":"1","num_trees":"16"},"iteration_indptr":[0,4,8,12,16],"tree_info":[0,1,2,3,0,1,2,3,0,1,2,3,0,1,2,3],"trees":[{"base_weights":[6.557377E-3,-0E0,3.529412E-2,-2.1818182E-3,1.764706E-2],"categories":[],"categories_nodes":[],"categories_segments":[],"categories_sizes":[],"default_left":[0,0,0,0,0],"id":0,"left_children":[1,3,-1,-1,-1],"loss_changes":[2.7772421E-2,1.8686695E-2,0E0,0E0,0E0],"parents":[2147483647,0,0,1,1],"right_children":[2,4,-1,-1,-1],"split_conditions":[8.2E1,8.6E1,3.529412E-2,-2.1818182E-3,1.764706E-2],"split_indices":[3,2,0,0,0],"split_type":[0,0,0,0,0],"sum_hessian":[3.7125E1,3.6E1,1.125E0,3.3375E1,2.625E0],"tree_param":{"num_deleted":"0","num_feature":"7","num_nodes":"5","size_leaf_vector":"1"}},{"base_weights":[8.196721E-1,3.3663365E-1,1.018868E0,-1.20000005E-1,1.4157304E-1,2.1600002E-1,3.9789474E-1],"categories":[],"categories_nodes":[],"categories_segments":[],"categories_sizes":[],"default_left":[0,0,0,0,0,0,0],"id":1,"left_children":[1,3,5,-1,-1,-1,-1],"loss_changes":[3.3253727E0,1.446835E0,1.4800377E0,0E0,0E0,0E0,0E0],"parents":[2147483647,0,0,1,1,2,2],"right_children":[2,4,6,-1,-1,-1,-1],"split_conditions":[1E0,6E1,1E0,-1.20000005E-1,1.4157304E-1,2.1600002E-1,3.9789474E-1],"split_indices":[0,3,4,0,0,0,0],"split_type":[0,0,0,0,0,0,0],"sum_hessian":[3.7125E1,1.1625E1,2.55E1,1.5E0,1.0125E1,1.4625E1,1.0875E1],"tree_param":{"num_deleted":"0","num_feature":"7","num_nodes":"7","size_leaf_vector":"1"}},{"base_weights":[-3.6065573E-1,-5.5837566E-1,-0E0,-1.9075145E-1,-8.375635E-2,-8.375635E-2,1.01298705E-1],"categories":[],"categories_nodes":[],"categories_segments":[],"categories_sizes":[],"default_left":[0,0,0,0,0,0,0],"id":2,"left_children":[1,3,5,-1,-1,-1,-1],"loss_changes":[2.718648E0,7.5332737E-1,2.4541917E0,0E0,0E0,0E0,0E0],"parents":[2147483647,0,0,1,1,2,2],"right_children":[2,4,6,-1,-1,-1,-1],"split_conditions":[7.3E1,8.2E1,7.4E1,-1.9075145E-1,-8.375635E-2,-8.375635E-2,1.01298705E-1],"split_indices":[2,1,5,0,0,0,0],"split_type":[0,0,0,0,0,0,0],"sum_hessian":[3.7125E1,2.3625E1,1.35E1,2.0625E1,3E0,4.875E0,8.625E0],"tree_param":{"num_deleted":"0","num_feature":"7","num_nodes":"7","size_leaf_vector":"1"}},{"base_weights":[-4.6557376E-1,-5.873606E-1,3.6363637E-1,-1.9295155E-1,-7.2000004E-2,-3.3558637E-2,2.8695655E-1],"categories":[],"categories_nodes":[],"categories_segments":[],"categories_sizes":[],"default_left":[0,0,0,0,0,0,0],"id":3,"left_children":[1,3,5,-1,-1,-1,-1],"loss_changes":[4.063711E0,4.9751377E-1,2.025595E0,0E0,0E0,0E0,0E0],"parents":[2147483647,0,0,1,1,2,2],"right_children":[2,4,6,-1,-1,-1,-1],"split_conditions":[7.76E1,6.694E1,7.35E1,-1.9295155E-1,-7.2000004E-2,-3.3558637E-2,2.8695655E-1],"split_indices":[3,6,2,0,0,0,0],"split_type":[0,0,0,0,0,0,0],"sum_hessian":[3.7125E1,3.2625E1,4.5E0,2.7375E1,5.25E0,2.625E0,1.875E0],"tree_param":{"num_deleted":"0","num_feature":"7","num_nodes":"7","size_leaf_vector":"1"}},{"base_weights":[1.4262285E-2,6.61227E-3,4.2825375E-2,-2.777145E-4,2.240453E-2],"categories":[],"categories_nodes":[],"categories_segments":[],"categories_sizes":[],"default_left":[0,0,0,0,0],"id":4,"left_children":[1,3,-1,-1,-1],"loss_changes":[3.620813E-2,1.9365717E-2,0E0,0E0,0E0],"parents":[2147483647,0,0,1,1],"right_children":[2,4,-1,-1,-1],"split_conditions":[8.2E1,8.6E1,4.2825375E-2,-2.777145E-4,2.240453E-2],"split_indices":[3,2,0,0,0],"split_type":[0,0,0,0,0],"sum_hessian":[3.679676E1,3.5721428E1,1.0753314E0,3.3127617E1,2.5938122E0],"tree_param":{"num_deleted":"0","num_feature":"7","num_nodes":"5","size_leaf_vector":"1"}},{"base_weights":[5.744057E-1,2.3606645E-1,7.046209E-1,-2.6885632E-3,1.411031E-1,1.411031E-1,2.4808139E-1],"categories":[],"categories_nodes":[],"categories_segments":[],"categories_sizes":[],"default_left":[0,0,0,0,0,0,0],"id":5,"left_children":[1,3,5,-1,-1,-1,-1],"loss_changes":[1.7471151E0,1.2470247E0,1.2208652E0,0E0,0E0,0E0,0E0],"parents":[2147483647,0,0,1,1,2,2],"right_children":[2,4,6,-1,-1,-1,-1],"split_conditions":[1E0,7.34E1,5.58E1,-2.6885632E-3,1.411031E-1,1.411031E-1,2.4808139E-1],"split_indices":[0,2,6,0,0,0,0],"split_type":[0,0,0,0,0,0,0],"sum_hessian":[4.2431442E1,1.2573773E1,2.985767E1,8.634001E0,3.939773E0,6.1977825E0,2.3659887E1],"tree_param":{"num_deleted":"0","num_feature":"7","num_nodes":"7","size_leaf_vector":"1"}},{"base_weights":[-3.1638172E-1,-1.8016207E-1,-5.32959E-2,-9.807543E-2,8.542047E-2],"categories":[],"categories_nodes":[],"categories_segments":[],"categories_sizes":[],"default_left":[0,0,0,0,0],"id":6,"left_children":[1,-1,3,-1,-1],"loss_changes":[2.6095471E0,0E0,2.253146E0,0E0,0E0],"parents":[2147483647,0,0,2,2],"right_children":[2,-1,4,-1,-1],"split_conditions":[7.2E1,-1.8016207E-1,7.125E1,-9.807543E-2,8.542047E-2],"split_indices":[5,0,3,0,0],"split_type":[0,0,0,0,0],"sum_hessian":[3.433469E1,1.5889642E1,1.8445047E1,9.245483E0,9.199565E0],"tree_param":{"num_deleted":"0","num_feature":"7","num_nodes":"5","size_leaf_vector":"1"}},{"base_weights":[-4.1642326E-1,-1.8201594E-1,1.2918043E-1,-7.163091E-2,2.0478524E-1],"categories":[],"categories_nodes":[],"categories_segments":[],"categories_sizes":[],"default_left":[0,0,0,0,0],"id":7,"left_children":[1,-1,3,-1,-1],"loss_changes":[3.645553E0,0E0,2.8427684E0,0E0,0E0],"parents":[2147483647,0,0,2,2],"right_children":[2,-1,4,-1,-1],"split_conditions":[6.694E1,-1.8201594E-1,1E0,-7.163091E-2,2.0478524E-1],"split_indices":[6,0,0,0,0],"split_type":[0,0,0,0,0],"sum_hessian":[3.3357082E1,2.4648222E1,8.708862E0,4.74483E0,3.964032E0],"tree_param":{"num_deleted":"0","num_feature":"7","num_nodes":"5","size_leaf_vector":"1"}},{"base_weights":[2.3598365E-2,1.5847072E-2,4.461637E-2,2.5155498E-3,2.459726E-2],"categories":[],"categories_nodes":[],"categories_segments":[],"categories_sizes":[],"default_left":[0,0,0,0,0],"id":8,"left_children":[1,3,-1,-1,-1],"loss_changes":[3.3876713E-2,1.7228305E-2,0E0,0E0,0E0],"parents":[2147483647,0,0,1,1],"right_children":[2,4,-1,-1,-1],"split_conditions":[8.2E1,8.6E1,4.461637E-2,2.5155498E-3,2.459726E-2],"split_indices":[3,2,0,0,0],"split_type":[0,0,0,0,0],"sum_hessian":[3.6359367E1,3.5299248E1,1.0601175E0,3.273327E1,2.56598E0],"tree_param":{"num_deleted":"0","num_feature":"7","num_nodes":"5","size_leaf_vector":"1"}},{"base_weights":[4.2612913E-1,2.5588828E-1,6.27947E-1,1.339412E-2,1.3257529E-1,1.3257529E-1,2.285484E-1],"categories":[],"categories_nodes":[],"categories_segments":[],"categories_sizes":[],"default_left":[0,0,0,0,0,0,0],"id":9,"left_children":[1,3,5,-1,-1,-1,-1],"loss_changes":[1.4329481E0,1.2890114E0,9.558325E-1,0E0,0E0,0E0,0E0],"parents":[2147483647,0,0,1,1,2,2],"right_children":[2,4,6,-1,-1,-1,-1],"split_conditions":[1E0,7.14E1,6.4E1,1.339412E-2,1.3257529E-1,1.3257529E-1,2.285484E-1],"split_indices":[4,2,1,0,0,0,0],"split_type":[0,0,0,0,0,0,0],"sum_hessian":[4.538368E1,2.584792E1,1.9535759E1,1.4291893E1,1.15560255E1,2.3438969E0,1.7191862E1],"tree_param":{"num_deleted":"0","num_feature":"7","num_nodes":"7","size_leaf_vector":"1"}},{"base_weights":[-2.7591068E-1,-1.7134571E-1,-2.637739E-2,-8.962946E-2,8.438826E-2],"categories":[],"categories_nodes":[],"categories_segments":[],"categories_sizes":[],"default_left":[0,0,0,0,0],"id":10,"left_children":[1,-1,3,-1,-1],"loss_changes":[2.3956409E0,0E0,1.9534601E0,0E0,0E0],"parents":[2147483647,0,0,2,2],"right_children":[2,-1,4,-1,-1],"split_conditions":[7.2E1,-1.7134571E-1,7.3E1,-8.962946E-2,8.438826E-2],"split_indices":[5,0,2,0,0],"split_type":[0,0,0,0,0],"sum_hessian":[3.1721884E1,1.3939788E1,1.7782097E1,8.569383E0,9.212714E0],"tree_param":{"num_deleted":"0","num_feature":"7","num_nodes":"5","size_leaf_vector":"1"}},{"base_weights":[-3.747233E-1,-5.144595E-1,3.8452688E-1,-1.6423738E-1,-1.9489892E-2,-1.9489892E-2,2.5726184E-1],"categories":[],"categories_nodes":[],"categories_segments":[],"categories_sizes":[],"default_left":[0,0,0,0,0,0,0],"id":11,"left_children":[1,3,5,-1,-1,-1,-1],