{"learner":{"attributes":{},"feature_names":["Age","SibSp","Parch","Fare","Sex","Embarked_Q","Embarked_S"],"feature_types":["float","int","int","float","float","float","float"],"gradient_booster":{"model":{"gbtree_model_param":{"num_parallel_tree":"1","num_trees":"20"},"iteration_indptr":[0,2,4,6,8,10,12,14,16,18,20],"tree_info":[0,1,0,1,0,1,0,1,0,1,0,1,0,1,0,1,0,1,0,1],"trees":[{"base_weights":[2.576E-1,-4.511628E-1,6.262136E-1,2.6257625E-2,2.0357142E-1,-1.522613E-1,2.6257625E-2],"categories":[],"categories_nodes":[],"categories_segments":[],"categories_sizes":[],"default_left":[0,0,0,0,0,0,0],"id":0,"left_children":[1,5,3,-1,-1,-1,-1],"loss_changes":[8.192615E1,4.0304127E0,8.683983E0,0E0,0E0,0E0,0E0],"parents":[2147483647,0,0,2,2,1,1],"right_children":[2,6,4,-1,-1,-1,-1],"split_conditions":[1E0,3E0,7E0,2.6257625E-2,2.0357142E-1,-1.522613E-1,2.6257625E-2],"split_indices":[4,1,0,0,0,0,0],"split_type":[0,0,0,0,0,0,0],"sum_hessian":[3.115E2,1.065E2,2.05E2,1E1,1.95E2,9.85E1,8E0],"tree_param":{"num_deleted":"0","num_feature":"7","num_nodes":"7","size_leaf_vector":"1"}},{"base_weights":[-2.576E-1,-6.0504204E-1,-4.3701798E-2,-5.5789474E-2,1.018868E-1,-2.0149253E-1,-9.7311586E-2],"categories":[],"categories_nodes":[],"categories_segments":[],"categories_sizes":[],"default_left":[0,0,0,0,0,0,0],"id":1,"left_children":[1,5,3,-1,-1,-1,-1],"loss_changes":[2.3197685E1,2.6404076E0,1.0669811E1,0E0,0E0,0E0,0E0],"parents":[2147483647,0,0,2,2,1,1],"right_children":[2,6,4,-1,-1,-1,-1],"split_conditions":[1.05E1,1E0,5.25542E1,-5.5789474E-2,1.018868E-1,-2.0149253E-1,-9.7311586E-2],"split_indices":[3,5,3,0,0,0,0],"split_type":[0,0,0,0,0,0,0],"sum_hessian":[3.115E2,1.18E2,1.935E2,1.415E2,5.2E1,9.95E1,1.85E1],"tree_param":{"num_deleted":"0","num_feature":"7","num_nodes":"7","size_leaf_vector":"1"}},{"base_weights":[1.8233395E-1,-4.0297437E-1,4.9276692E-1,1.3468883E-2,1.6457726E-1,-1.4860407E-1,-1.2671741E-2],"categories":[],"categories_nodes":[],"categories_segments":[],"categories_sizes":[],"default_left":[0,0,0,0,0,0,0],"id":2,"left_children":[1,5,3,-1,-1,-1,-1],"loss_changes":[5.5975056E1,3.5423927E0,6.8981667E0,0E0,0E0,0E0,0E0],"parents":[2147483647,0,0,2,2,1,1],"right_children":[2,6,4,-1,-1,-1,-1],"split_conditions":[1E0,2E0,1.3E1,1.3468883E-2,1.6457726E-1,-1.4860407E-1,-1.2671741E-2],"split_indices":[4,2,0,0,0,0,0],"split_type":[0,0,0,0,0,0,0],"sum_hessian":[3.059719E2,1.0593597E2,2.0003592E2,1.4894577E1,1.8514134E2,8.404233E1,2.1893642E1],"tree_param":{"num_deleted":"0","num_feature":"7","num_nodes":"7","size_leaf_vector":"1"}},{"base_weights":[-1.823339E-1,-2.8083718E-1,3.002365E-1,-1.3906395E-1,-3.88186E-2,3.208905E-2,1.388836E-1],"categories":[],"categories_nodes":[],"categories_segments":[],"categories_sizes":[],"default_left":[0,0,0,0,0,0,0],"id":3,"left_children":[1,3,5,-1,-1,-1,-1],"loss_changes":[1.4676153E1,7.008301E0,1.6021214E0,0E0,0E0,0E0,0E0],"parents":[2147483647,0,0,1,1,2,2],"right_children":[2,4,6,-1,-1,-1,-1],"split_conditions":[5.25542E1,1.05E1,3E1,-1.3906395E-1,-3.88186E-2,3.208905E-2,1.388836E-1],"split_indices":[3,3,0,0,0,0,0],"split_type":[0,0,0,0,0,0,0],"sum_hessian":[3.059719E2,2.5445088E2,5.1521E1,1.14386566E2,1.4006432E2,2.4306282E1,2.7214716E1],"tree_param":{"num_deleted":"0","num_feature":"7","num_nodes":"7","size_leaf_vector":"1"}},{"base_weights":[1.3243236E-1,-3.615818E-1,4.044475E-1,6.4298543E-3,1.3572073E-1,-1.2336089E-1,6.4298543E-3],"categories":[],"categories_nodes":[],"categories_segments":[],"categories_sizes":[],"default_left":[0,0,0,0,0,0,0],"id":4,"left_children":[1,5,3,-1,-1,-1,-1],"loss_changes":[3.989825E1,2.7810717E0,5.618431E0,0E0,0E0,0E0,0E0],"parents":[2147483647,0,0,2,2,1,1],"right_children":[2,6,4,-1,-1,-1,-1],"split_conditions":[1E0,3E0,7E0,6.4298543E-3,1.3572073E-1,-1.2336089E-1,6.4298543E-3],"split_indices":[4,1,0,0,0,0,0],"split_type":[0,0,0,0,0,0,0],"sum_hessian":[2.948194E2,1.0457272E2,1.9024667E2,9.940761E0,1.8030591E2,9.66049E1,7.967825E0],"tree_param":{"num_deleted":"0","num_feature":"7","num_nodes":"7","size_leaf_vector":"1"}},{"base_weights":[-1.3243237E-1,-2.1573478E-1,2.686622E-1,-1.11469686E-1,-2.7585534E-2,3.198672E-2,1.2188239E-1],"categories":[],"categories_nodes":[],"categories_segments":[],"categories_sizes":[],"default_left":[0,0,0,0,0,0,0],"id":5,"left_children":[1,3,5,-1,-1,-1,-1],"loss_changes":[9.941922E0,4.7013626E0,1.1010022E0,0E0,0E0,0E0,0E0],"parents":[2147483647,0,0,1,1,2,2],"right_children":[2,4,6,-1,-1,-1,-1],"split_conditions":[5.25542E1,1.05E1,3E1,-1.11469686E-1,-2.7585534E-2,3.198672E-2,1.2188239E-1],"split_indices":[3,3,0,0,0,0,0],"split_type":[0,0,0,0,0,0,0],"sum_hessian":[2.948194E2,2.4450157E2,5.0317833E1,1.07352905E2,1.3714867E2,2.3923044E1,2.6394789E1],"tree_param":{"num_deleted":"0","num_feature":"7","num_nodes":"7","size_leaf_vector":"1"}},{"base_weights":[9.704337E-2,-3.2125548E-1,3.368265E-1,2.3356543E-3,1.1724069E-1,-1.2151195E-1,-7.4826676E-4],"categories":[],"categories_nodes":[],"categories_segments":[],"categories_sizes":[],"default_left":[0,0,0,0,0,0,0],"id":6,"left_children":[1,5,3,-1,-1,-1,-1],"loss_changes":[2.8482971E1,2.7655811E0,4.783085E0,0E0,0E0,0E0,0E0],"parents":[2147483647,0,0,2,2,1,1],"right_children":[2,6,4,-1,-1,-1,-1],"split_conditions":[1E0,2E0,1.3E1,2.3356543E-3,1.1724069E-1,-1.2151195E-1,-7.4826676E-4],"split_indices":[4,2,0,0,0,0,0],"split_type":[0,0,0,0,0,0,0],"sum_hessian":[2.818961E2,1.0258973E2,1.7930635E2,1.4633252E1,1.646731E2,8.102276E1,2.1566973E1],"tree_param":{"num_deleted":"0","num_feature":"7","num_nodes":"7","size_leaf_vector":"1"}},{"base_weights":[-9.704342E-2,-1.680815E-1,2.3974928E-1,-9.084519E-2,-1.9793203E-2,3.0381342E-2,1.0776261E-1],"categories":[],"categories_nodes":[],"categories_segments":[],"categories_sizes":[],"default_left":[0,0,0,0,0,0,0],"id":7,"left_children":[1,3,5,-1,-1,-1,-1],"loss_changes":[6.8086176E0,3.202036E0,7.85594E-1,0E0,0E0,0E0,0E0],"parents":[2147483647,0,0,1,1,2,2],"right_children":[2,4,6,-1,-1,-1,-1],"split_conditions":[5.25542E1,1.05E1,3E1,-9.084519E-2,-1.9793203E-2,3.0381342E-2,1.0776261E-1],"split_indices":[3,3,0,0,0,0,0],"split_type":[0,0,0,0,0,0,0],"sum_hessian":[2.818961E2,2.3320763E2,4.868845E1,9.969078E1,1.3351686E2,2.3404982E1,2.5283468E1],"tree_param":{"num_deleted":"0","num_feature":"7","num_nodes":"7","size_leaf_vector":"1"}},{"base_weights":[7.016539E-2,-2.8714573E-1,2.8299123E-1,-6.231755E-4,9.943859E-2,-1.09031424E-1,-9.7255554E-4],"categories":[],"categories_nodes":[],"categories_segments":[],"categories_sizes":[],"default_left":[0,0,0,0,0,0,0],"id":8,"left_children":[1,5,3,-1,-1,-1,-1],"loss_changes":[2.0634075E1,2.1948051E0,3.9953537E0,0E0,0E0,0E0,0E0],"parents":[2147483647,0,0,2,2,1,1],"right_children":[2,6,4,-1,-1,-1,-1],"split_conditions":[1E0,2E0,7E0,-6.231755E-4,9.943859E-2,-1.09031424E-1,-9.7255554E-4],"split_indices":[4,2,0,0,0,0,0],"split_type":[0,0,0,0,0,0,0],"sum_hessian":[2.692716E2,1.00385765E2,1.6888583E2,9.874846E0,1.5901099E2,7.890248E1,2.1483286E1],"tree_param":{"num_deleted":"0","num_feature":"7","num_nodes":"7","size_leaf_vector":"1"}},{"base_weights":[-7.016538E-2,-1.3155557E-1,2.1719159E-1,-7.467117E-2,-1.4028638E-2,2.9346593E-2,9.659374E-2],"categories":[],"categories_nodes":[],"categories_segments":[],"categories_sizes":[],"default_left":[0,0,0,0,0,0,0],"id":9,"left_children":[1,3,5,-1,-1,-1,-1],"loss_changes":[4.7964067E0,2.2104595E0,5.6832457E-1,0E0,0E0,0E0,0E0],"parents":[2147483647,0,0,1,1,2,2],"right_children":[2,4,6,-1,-1,-1,-1],"split_conditions":[5.25542E1,1.05E1,3E1,-7.467117E-2,-1.4028638E-2,2.9346593E-2,9.659374E-2],"split_indices":[3,3,0,0,0,0,0],"split_type":[0,0,0,0,0,0,0],"sum_hessian":[2.692716E2,2.2231828E2,4.695331E1,9.2445145E1,1.2987314E2,2.2853296E1,2.410001E1],"tree_param":{"num_deleted":"0","num_feature":"7","num_nodes":"7","size_leaf_vector":"1"}},{"base_weights":[4.941231E-2,-2.5595856E-1,2.3752293E-1,-2.7653442E-3,8.754582E-2,-1.339131E-1,-4.689728E-2],"categories":[],"categories_nodes":[],"categories_segments":[],"categories_sizes":[],