{"learner":{"attributes":{},"feature_names":["PassengerId","Pclass","Age","SibSp","Parch","Fare","Sex_male","Embarked_MISSING","Embarked_Q","Embarked_S"],"feature_types":["int","int","float","int","int","float","float","float","float","float"],"gradient_booster":{"model":{"gbtree_model_param":{"num_parallel_tree":"1","num_trees":"20"},"iteration_indptr":[0,2,4,6,8,10,12,14,16,18,20],"tree_info":[0,1,0,1,0,1,0,1,0,1,0,1,0,1,0,1,0,1,0,1],"trees":[{"base_weights":[2.576E-1,-4.511628E-1,6.262136E-1,-2.7321428E-1,1.4285715E-2,-1.0909092E-1,2.0357142E-1],"categories":[],"categories_nodes":[],"categories_segments":[],"categories_sizes":[],"default_left":[0,0,0,0,0,0,0],"id":0,"left_children":[1,3,5,-1,-1,-1,-1],"loss_changes":[8.192615E1,2.4684084E1,1.0922989E1,0E0,0E0,0E0,0E0],"parents":[2147483647,0,0,1,1,2,2],"right_children":[2,4,6,-1,-1,-1,-1],"split_conditions":[1E0,3E0,7E0,-2.7321428E-1,1.4285715E-2,-1.0909092E-1,2.0357142E-1],"split_indices":[6,1,2,0,0,0,0],"split_type":[0,0,0,0,0,0,0],"sum_hessian":[3.115E2,1.065E2,2.05E2,5.5E1,5.15E1,1E1,1.95E2],"tree_param":{"num_deleted":"0","num_feature":"10","num_nodes":"7","size_leaf_vector":"1"}},{"base_weights":[-2.576E-1,4.511628E-1,-6.262136E-1,2.7321428E-1,-1.4285715E-2,1.0909092E-1,-2.0357142E-1],"categories":[],"categories_nodes":[],"categories_segments":[],"categories_sizes":[],"default_left":[0,0,0,0,0,0,0],"id":1,"left_children":[1,3,5,-1,-1,-1,-1],"loss_changes":[8.192615E1,2.4684084E1,1.0922989E1,0E0,0E0,0E0,0E0],"parents":[2147483647,0,0,1,1,2,2],"right_children":[2,4,6,-1,-1,-1,-1],"split_conditions":[1E0,3E0,7E0,2.7321428E-1,-1.4285715E-2,1.0909092E-1,-2.0357142E-1],"split_indices":[6,1,2,0,0,0,0],"split_type":[0,0,0,0,0,0,0],"sum_hessian":[3.115E2,1.065E2,2.05E2,5.5E1,5.15E1,1E1,1.95E2],"tree_param":{"num_deleted":"0","num_feature":"10","num_nodes":"7","size_leaf_vector":"1"}},{"base_weights":[1.8748453E-1,-3.3377054E-1,1.377589E-1,-2.0926832E-1,3.3613134E-2,-4.212634E-2,2.361865E-1],"categories":[],"categories_nodes":[],"categories_segments":[],"categories_sizes":[],"default_left":[0,0,0,0,0,0,0],"id":2,"left_children":[1,3,-1,-1,5,-1,-1],"loss_changes":[4.2727436E1,1.3866979E1,0E0,0E0,6.9953513E0,0E0,0E0],"parents":[2147483647,0,0,1,1,4,4],"right_children":[2,4,-1,-1,6,-1,-1],"split_conditions":[1E0,3E0,1.377589E-1,-2.0926832E-1,2.345E1,-4.212634E-2,2.361865E-1],"split_indices":[6,1,0,0,5,0,0],"split_type":[0,0,0,0,0,0,0],"sum_hessian":[2.9959894E2,1.02579956E2,1.97019E2,5.109046E1,5.1489494E1,4.249133E1,8.998164E0],"tree_param":{"num_deleted":"0","num_feature":"10","num_nodes":"7","size_leaf_vector":"1"}},{"base_weights":[-1.8748452E-1,3.3377057E-1,-1.377589E-1,2.0926833E-1,-3.3613134E-2,4.212634E-2,-2.361865E-1],"categories":[],"categories_nodes":[],"categories_segments":[],"categories_sizes":[],"default_left":[0,0,0,0,0,0,0],"id":3,"left_children":[1,3,-1,-1,5,-1,-1],"loss_changes":[4.272744E1,1.38669815E1,0E0,0E0,6.9953513E0,0E0,0E0],"parents":[2147483647,0,0,1,1,4,4],"right_children":[2,4,-1,-1,6,-1,-1],"split_conditions":[1E0,3E0,-1.377589E-1,2.0926833E-1,2.345E1,4.212634E-2,-2.361865E-1],"split_indices":[6,1,0,0,5,0,0],"split_type":[0,0,0,0,0,0,0],"sum_hessian":[2.9959894E2,1.02579956E2,1.97019E2,5.109046E1,5.1489494E1,4.249133E1,8.998164E0],"tree_param":{"num_deleted":"0","num_feature":"10","num_nodes":"7","size_leaf_vector":"1"}},{"base_weights":[1.4206816E-1,-2.5942796E-1,3.4945425E-1,-1.7584468E-1,8.519883E-3,-1.1699466E-1,1.1817534E-1],"categories":[],"categories_nodes":[],"categories_segments":[],"categories_sizes":[],"default_left":[0,0,0,0,0,0,0],"id":4,"left_children":[1,3,5,-1,-1,-1,-1],"loss_changes":[2.338838E1,9.032682E0,6.2336655E0,0E0,0E0,0E0,0E0],"parents":[2147483647,0,0,1,1,2,2],"right_children":[2,4,6,-1,-1,-1,-1],"split_conditions":[1E0,3E0,7E0,-1.7584468E-1,8.519883E-3,-1.1699466E-1,1.1817534E-1],"split_indices":[6,1,2,0,0,0,0],"split_type":[0,0,0,0,0,0,0],"sum_hessian":[2.7880304E2,9.487521E1,1.8392781E2,4.394996E1,5.0925255E1,9.991786E0,1.7393604E2],"tree_param":{"num_deleted":"0","num_feature":"10","num_nodes":"7","size_leaf_vector":"1"}},{"base_weights":[-1.4206818E-1,2.5942793E-1,-3.4945425E-1,1.7584468E-1,-8.519898E-3,1.1699469E-1,-1.1817534E-1],"categories":[],"categories_nodes":[],"categories_segments":[],"categories_sizes":[],"default_left":[0,0,0,0,0,0,0],"id":5,"left_children":[1,3,5,-1,-1,-1,-1],"loss_changes":[2.3388376E1,9.032683E0,6.2336674E0,0E0,0E0,0E0,0E0],"parents":[2147483647,0,0,1,1,2,2],"right_children":[2,4,6,-1,-1,-1,-1],"split_conditions":[1E0,3E0,7E0,1.7584468E-1,-8.519898E-3,1.1699469E-1,-1.1817534E-1],"split_indices":[6,1,2,0,0,0,0],"split_type":[0,0,0,0,0,0,0],"sum_hessian":[2.78803E2,9.4875206E1,1.8392781E2,4.394996E1,5.092525E1,9.991786E0,1.7393604E2],"tree_param":{"num_deleted":"0","num_feature":"10","num_nodes":"7","size_leaf_vector":"1"}},{"base_weights":[1.082824E-1,-2.0558293E-1,2.7126327E-1,-1.5330279E-1,6.01576E-3,1.00414604E-1,-6.427671E-2],"categories":[],"categories_nodes":[],"categories_segments":[],"categories_sizes":[],"default_left":[0,0,0,0,0,0,0],"id":6,"left_children":[1,3,5,-1,-1,-1,-1],"loss_changes":[1.3227927E1,6.1147084E0,5.3064804E0,0E0,0E0,0E0,0E0],"parents":[2147483647,0,0,1,1,2,2],"right_children":[2,4,6,-1,-1,-1,-1],"split_conditions":[1E0,3E0,5.25542E1,-1.5330279E-1,6.01576E-3,1.00414604E-1,-6.427671E-2],"split_indices":[6,1,5,0,0,0,0],"split_type":[0,0,0,0,0,0,0],"sum_hessian":[2.5649988E2,8.7579544E1,1.6892033E2,3.6673088E1,5.0906452E1,1.4967061E2,1.9249723E1],"tree_param":{"num_deleted":"0","num_feature":"10","num_nodes":"7","size_leaf_vector":"1"}},{"base_weights":[-1.0828239E-1,2.0558286E-1,-2.712632E-1,1.5330276E-1,-6.0157627E-3,-1.0041459E-1,6.427674E-2],"categories":[],"categories_nodes":[],"categories_segments":[],"categories_sizes":[],"default_left":[0,0,0,0,0,0,0],"id":7,"left_children":[1,3,5,-1,-1,-1,-1],"loss_changes":[1.3227919E1,6.1147037E0,5.3064823E0,0E0,0E0,0E0,0E0],"parents":[2147483647,0,0,1,1,2,2],"right_children":[2,4,6,-1,-1,-1,-1],"split_conditions":[1E0,3E0,5.25542E1,1.5330276E-1,-6.0157627E-3,-1.0041459E-1,6.427674E-2],"split_indices":[6,1,5,0,0,0,0],"split_type":[0,0,0,0,0,0,0],"sum_hessian":[2.5649988E2,8.757953E1,1.6892033E2,3.667308E1,5.0906452E1,1.4967061E2,1.9249723E1],"tree_param":{"num_deleted":"0","num_feature":"10","num_nodes":"7","size_leaf_vector":"1"}},{"base_weights":[8.168429E-2,-4.8884805E-2,2.080898E-1,-3.1153506E-1,7.783249E-2,-2.8465006E-1,1.7547749E-1],"categories":[],"categories_nodes":[],"categories_segments":[],"categories_sizes":[],"default_left":[0,0,0,0,0,0,0],"id":8,"left_children":[1,-1,3,5,-1,-1,-1],"loss_changes":[7.440859E0,0E0,4.3065915E0,8.951715E0,0E0,0E0,0E0],"parents":[2147483647,0,0,2,2,3,3],"right_children":[2,-1,4,6,-1,-1,-1],"split_conditions":[1E0,-4.8884805E-2,1.3E1,3E0,7.783249E-2,-2.8465006E-1,1.7547749E-1],"split_indices":[6,0,2,3,0,0,0],"split_type":[0,0,0,0,0,0,0],"sum_hessian":[2.3852856E2,8.116335E1,1.573652E2,1.3697242E1,1.4366797E2,7.971696E0,5.725546E0],"tree_param":{"num_deleted":"0","num_feature":"10","num_nodes":"7","size_leaf_vector":"1"}},{"base_weights":[-8.1684224E-2,4.888481E-2,-2.0808971E-1,3.1153506E-1,-7.783246E-2,2.8465006E-1,-1.7547749E-1],"categories":[],"categories_nodes":[],"categories_segments":[],"categories_sizes":[],"default_left":[0,0,0,0,0,0,0],"id":9,"left_children":[1,-1,3,5,-1,-1,-1],"loss_changes":[7.440856E0,0E0,4.306591E0,8.951715E0,0E0,0E0,0E0],"parents":[2147483647,0,0,2,2,3,3],"right_children":[2,-1,4,6,-1,-1,-1],"split_conditions":[1E0,4.888481E-2,1.3E1,3E0,-7.783246E-2,2.8465006E-1,-1.7547749E-1],"split_indices":[6,0,2,3,0,0,0],"split_type":[0,0,0,0,0,0,0],"sum_hessian":[2.3852855E2,8.1163345E1,1.573652E2,1.3697242E1,1.4366795E2,7.9716964E0,5.725546E0],"tree_param":{"num_deleted":"0","num_feature":"10","num_nodes":"7","size_leaf_vector":"1"}},{"base_weights":[6.2225014E-2,-2.5786927E-1,1.4205298E-1,4.1748853E-3,-1.7597911E-1,-9.357018E-2,5.649857E-2],"categories":[],"categories_nodes":[],